type, start, end
read, 0.000000, 107.526882
write, 190.860215, 206.989247
read, 206.989247, 223.118280
write, 306.451613, 322.580645
read, 322.580645, 338.709677
write, 422.043011, 438.172043
