type, start, end
read, 0.000000, 43.010753
write, 74.121864, 117.132616
read, 117.132616, 160.143369
write, 191.254480, 234.265233
read, 234.265233, 277.275986
write, 308.387097, 351.397849
