type, start, end
read, 0.000000, 161.290323
write, 283.512545, 444.802867
read, 444.802867, 606.093190
write, 728.315412, 889.605735
read, 889.605735, 1050.896057
write, 1173.118280, 1334.408602
