type,start,end
read, 0.000197, 45.128055
write, 73.128250, 118.256151
read, 118.256936, 163.384794
write, 191.384989, 236.512891
read, 236.513675, 281.641533
write, 309.641728, 354.769630
