type,start,end
read, 0.000197, 169.221555
write, 279.221750, 448.443158
read, 448.443943, 617.665301
write, 727.665496, 896.886904
read, 896.887689, 1066.109046
write, 1176.109241, 1345.330649
