type, start, end
read, 0.000000, 107.526882
write, 190.860215, 298.387097
read, 298.387097, 405.913978
write, 489.247312, 596.774194
read, 596.774194, 704.301075
write, 787.634409, 895.161290
