type,start,end
read, 0.000197, 112.815383
write, 187.815578, 300.630827
read, 300.631612, 413.446797
write, 488.446993, 601.262241
read, 601.263026, 714.078212
write, 789.078407, 901.893655
