type,start,end
read, 0.000197, 225.627727
write, 380.627922, 606.255489
read, 606.256274, 831.883804
write, 986.883999, 1212.511567
read, 1212.512351, 1438.139881
write, 1593.140076, 1818.767644
