type, start, end
read, 0.000000, 43.010753
write, 71.010753, 75.167029
read, 75.167029, 79.323305
write, 107.323305, 111.479581
read, 111.479581, 115.635857
write, 143.635857, 147.792133
