type, start, end
read, 0.000000, 107.526882
write, 182.526882, 192.917572
read, 192.917572, 203.308262
write, 278.308262, 296.440887
read, 296.440887, 306.831577
write, 381.831577, 403.835170
