{
  "cruise_cortex_extraction": {
    "cputime": 272.45085048675537,
    "read": 0.8456288344086715,
    "write": 1.691257668082926
  },
  "extract_brain_region": {
    "cputime": 75.76031446456909,
    "read": 2.959693350537691,
    "write": 1.9026648773666466
  },
  "mgdm_segmentation": {
    "cputime": 614.2867069244384,
    "read": 0.42281441720408,
    "write": 2.9596933508304346
  },
  "mp2rage_skullstripping": {
    "cputime": 137.20237159729007,
    "read": 0.6342216258067708,
    "write": 0.8456288349680108
  }
}