{
    "workflow_execution": {
        "tasks": [
            {
                "color": "",
                "compute": {
                    "end": 36.65806451612957,
                    "start": 32.25806451612957
                },
                "execution_host": {
                    "cores": 32,
                    "flop_rate": 1000000000.0,
                    "hostname": "host01",
                    "memory": 268000000000.0
                },
                "failed": -1.0,
                "num_cores_allocated": 1,
                "read": [
                    {
                        "end": 32.25806451612957,
                        "id": "file_0_0",
                        "start": 1.1084536082474228e-18
                    }
                ],
                "task_id": "task_0_0",
                "terminated": -1.0,
                "whole_task": {
                    "end": 41.49677419354948,
                    "start": 1.1084536082474228e-18
                },
                "write": [
                    {
                        "end": 41.49677419354948,
                        "id": "file_0_1",
                        "start": 36.65806451612957
                    }
                ]
            },
            {
                "color": "",
                "compute": {
                    "end": 50.73548387096937,
                    "start": 46.33548387096937
                },
                "execution_host": {
                    "cores": 32,
                    "flop_rate": 1000000000.0,
                    "hostname": "host01",
                    "memory": 268000000000.0
                },
                "failed": -1.0,
                "num_cores_allocated": 1,
                "read": [
                    {
                        "end": 46.33548387096937,
                        "id": "file_0_1",
                        "start": 41.49677419354948
                    }
                ],
                "task_id": "task_0_1",
                "terminated": -1.0,
                "whole_task": {
                    "end": 55.57419354838819,
                    "start": 41.49677419354948
                },
                "write": [
                    {
                        "end": 55.57419354838819,
                        "id": "file_0_2",
                        "start": 50.73548387096937
                    }
                ]
            },
            {
                "color": "",
                "compute": {
                    "end": 64.81290322580809,
                    "start": 60.41290322580808
                },
                "execution_host": {
                    "cores": 32,
                    "flop_rate": 1000000000.0,
                    "hostname": "host01",
                    "memory": 268000000000.0
                },
                "failed": -1.0,
                "num_cores_allocated": 1,
                "read": [
                    {
                        "end": 60.41290322580808,
                        "id": "file_0_2",
                        "start": 55.57419354838819
                    }
                ],
                "task_id": "task_0_2",
                "terminated": -1.0,
                "whole_task": {
                    "end": 69.6516129032274,
                    "start": 55.57419354838819
                },
                "write": [
                    {
                        "end": 69.6516129032274,
                        "id": "file_0_3",
                        "start": 64.81290322580809
                    }
                ]
            },
            {
                "color": "",
                "compute": {
                    "end": 36.65806451612957,
                    "start": 32.25806451612957
                },
                "execution_host": {
                    "cores": 32,
                    "flop_rate": 1000000000.0,
                    "hostname": "host01",
                    "memory": 268000000000.0
                },
                "failed": -1.0,
                "num_cores_allocated": 1,
                "read": [
                    {
                        "end": 32.25806451612957,
                        "id": "file_1_0",
                        "start": 5.542268041237114e-18
                    }
                ],
                "task_id": "task_1_0",
                "terminated": -1.0,
                "whole_task": {
                    "end": 41.49677419354948,
                    "start": 5.542268041237114e-18
                },
                "write": [
                    {
                        "end": 41.49677419354948,
                        "id": "file_1_1",
                        "start": 36.65806451612957
                    }
                ]
            },
            {
                "color": "",
                "compute": {
                    "end": 50.73548387096937,
                    "start": 46.33548387096937
                },
                "execution_host": {
                    "cores": 32,
                    "flop_rate": 1000000000.0,
                    "hostname": "host01",
                    "memory": 268000000000.0
                },
                "failed": -1.0,
                "num_cores_allocated": 1,
                "read": [
                    {
                        "end": 46.33548387096937,
                        "id": "file_1_1",
                        "start": 41.49677419354948
                    }
                ],
                "task_id": "task_1_1",
                "terminated": -1.0,
                "whole_task": {
                    "end": 55.57419354838819,
                    "start": 41.49677419354948
                },
                "write": [
                    {
                        "end": 55.57419354838819,
                        "id": "file_1_2",
                        "start": 50.73548387096937
                    }
                ]
            },
            {
                "color": "",
                "compute": {
                    "end": 64.81290322580809,
                    "start": 60.41290322580808
                },
                "execution_host": {
                    "cores": 32,
                    "flop_rate": 1000000000.0,
                    "hostname": "host01",
                    "memory": 268000000000.0
                },
                "failed": -1.0,
                "num_cores_allocated": 1,
                "read": [
                    {
                        "end": 60.41290322580808,
                        "id": "file_1_2",
                        "start": 55.57419354838819
                    }
                ],
                "task_id": "task_1_2",
                "terminated": -1.0,
                "whole_task": {
                    "end": 69.6516129032274,
                    "start": 55.57419354838819
                },
                "write": [
                    {
                        "end": 69.6516129032274,
                        "id": "file_1_3",
                        "start": 64.81290322580809
                    }
                ]
            },
            {
                "color": "",
                "compute": {
                    "end": 36.65806451612957,
                    "start": 32.25806451612957
                },
                "execution_host": {
                    "cores": 32,
                    "flop_rate": 1000000000.0,
                    "hostname": "host01",
                    "memory": 268000000000.0
                },
                "failed": -1.0,
                "num_cores_allocated": 1,
                "read": [
                    {
                        "end": 32.25806451612957,
                        "id": "file_2_0",
                        "start": 9.976082474226805e-18
                    }
                ],
                "task_id": "task_2_0",
                "terminated": -1.0,
                "whole_task": {
                    "end": 41.49677419354948,