{
    "workflow_execution": {
        "tasks": [
            {
                "color": "",
                "compute": {
                    "end": 30.206451612903656,
                    "start": 25.806451612903658
                },
                "execution_host": {
                    "cores": 32,
                    "flop_rate": 1000000000.0,
                    "hostname": "host01",
                    "memory": 268000000000.0
                },
                "failed": -1.0,
                "num_cores_allocated": 1,
                "read": [
                    {
                        "end": 25.806451612903658,
                        "id": "file_0_0",
                        "start": 1.1084536082474228e-18
                    }
                ],
                "task_id": "task_0_0",
                "terminated": -1.0,
                "whole_task": {
                    "end": 34.07741935483871,
                    "start": 1.1084536082474228e-18
                },
                "write": [
                    {
                        "end": 34.07741935483871,
                        "id": "file_0_1",
                        "start": 30.206451612903656
                    }
                ]
            },
            {
                "color": "",
                "compute": {
                    "end": 42.348387096777685,
                    "start": 37.94838709677769
                },
                "execution_host": {
                    "cores": 32,
                    "flop_rate": 1000000000.0,
                    "hostname": "host01",
                    "memory": 268000000000.0
                },
                "failed": -1.0,
                "num_cores_allocated": 1,
                "read": [
                    {
                        "end": 37.94838709677769,
                        "id": "file_0_1",
                        "start": 34.07741935483871
                    }
                ],
                "task_id": "task_0_1",
                "terminated": -1.0,
                "whole_task": {
                    "end": 46.219354838709684,
                    "start": 34.07741935483871
                },
                "write": [
                    {
                        "end": 46.219354838709684,
                        "id": "file_0_2",
                        "start": 42.348387096777685
                    }
                ]
            },
            {
                "color": "",
                "compute": {
                    "end": 54.490322580645596,
                    "start": 50.0903225806456
                },
                "execution_host": {
                    "cores": 32,
                    "flop_rate": 1000000000.0,
                    "hostname": "host01",
                    "memory": 268000000000.0
                },
                "failed": -1.0,
                "num_cores_allocated": 1,
                "read": [
                    {
                        "end": 50.0903225806456,
                        "id": "file_0_2",
                        "start": 46.219354838709684
                    }
                ],
                "task_id": "task_0_2",
                "terminated": -1.0,
                "whole_task": {
                    "end": 58.361290322581084,
                    "start": 46.219354838709684
                },
                "write": [
                    {
                        "end": 58.361290322581084,
                        "id": "file_0_3",
                        "start": 54.490322580645596
                    }
                ]
            },
            {
                "color": "",
                "compute": {
                    "end": 30.206451612903656,
                    "start": 25.806451612903658
                },
                "execution_host": {
                    "cores": 32,
                    "flop_rate": 1000000000.0,
                    "hostname": "host01",
                    "memory": 268000000000.0
                },
                "failed": -1.0,
                "num_cores_allocated": 1,
                "read": [
                    {
                        "end": 25.806451612903658,
                        "id": "file_1_0",
                        "start": 5.542268041237114e-18
                    }
                ],
                "task_id": "task_1_0",
                "terminated": -1.0,
                "whole_task": {
                    "end": 34.07741935483871,
                    "start": 5.542268041237114e-18
                },
                "write": [
                    {
                        "end": 34.07741935483871,
                        "id": "file_1_1",
                        "start": 30.206451612903656
                    }
                ]
            },
            {
                "color": "",
                "compute": {
                    "end": 42.348387096777685,
                    "start": 37.94838709677769
                },
                "execution_host": {
                    "cores": 32,
                    "flop_rate": 1000000000.0,
                    "hostname": "host01",
                    "memory": 268000000000.0
                },
                "failed": -1.0,
                "num_cores_allocated": 1,
                "read": [
                    {
                        "end": 37.94838709677769,
                        "id": "file_1_1",
                        "start": 34.07741935483871
                    }
                ],
                "task_id": "task_1_1",
                "terminated": -1.0,
                "whole_task": {
                    "end": 46.219354838709684,
                    "start": 34.07741935483871
                },
                "write": [
                    {
                        "end": 46.219354838709684,
                        "id": "file_1_2",
                        "start": 42.348387096777685
                    }
                ]
            },
            {
                "color": "",
                "compute": {
                    "end": 54.490322580645596,
                    "start": 50.0903225806456
                },
                "execution_host": {
                    "cores": 32,
                    "flop_rate": 1000000000.0,
                    "hostname": "host01",
                    "memory": 268000000000.0
                },
                "failed": -1.0,
                "num_cores_allocated": 1,
                "read": [
                    {
                        "end": 50.0903225806456,
                        "id": "file_1_2",
                        "start": 46.219354838709684
                    }
                ],
                "task_id": "task_1_2",
                "terminated": -1.0,
                "whole_task": {
                    "end": 58.361290322581084,
                    "start": 46.219354838709684
                },
                "write": [
                    {
                        "end": 58.361290322581084,
                        "id": "file_1_3",
                        "start": 54.490322580645596
                    }
                ]
            },
            {
                "color": "",
                "compute": {
                    "end": 30.206451612903656,
                    "start": 25.806451612903658
                },
                "execution_host": {
                    "cores": 32,
                    "flop_rate": 1000000000.0,
                    "hostname": "host01",
                    "memory": 268000000000.0
                },
                "failed": -1.0,
                "num_cores_allocated": 1,
                "read": [
                    {
                        "end": 25.806451612903658,
                        "id": "file_2_0",
                        "start": 9.976082474226805e-18
                    }
                ],
                "task_id": "task_2_0",
                "terminated": -1.0,