{
    "workflow_execution": {
        "tasks": [
            {
                "color": "",
                "compute": {
                    "end": 36.65806451612957,
                    "start": 32.25806451612957
                },
                "execution_host": {
                    "cores": 32,
                    "flop_rate": 1000000000.0,
                    "hostname": "host01",
                    "memory": 268000000000.0
                },
                "failed": -1.0,
                "num_cores_allocated": 1,
                "read": [
                    {
                        "end": 32.25806451612957,
                        "id": "file_0_0",
                        "start": 1.1084536082474228e-18
                    }
                ],
                "task_id": "task_0_0",
                "terminated": -1.0,
                "whole_task": {
                    "end": 42.083019307414105,
                    "start": 1.1084536082474228e-18
                },
                "write": [
                    {
                        "end": 42.083019307414105,
                        "id": "file_0_1",
                        "start": 36.65806451612957
                    }
                ]
            },
            {
                "color": "",
                "compute": {
                    "end": 51.90797409945912,
                    "start": 47.50797409945912
                },
                "execution_host": {
                    "cores": 32,
                    "flop_rate": 1000000000.0,
                    "hostname": "host01",
                    "memory": 268000000000.0
                },
                "failed": -1.0,
                "num_cores_allocated": 1,
                "read": [
                    {
                        "end": 47.50797409945912,
                        "id": "file_0_1",
                        "start": 42.083019307414105
                    }
                ],
                "task_id": "task_0_1",
                "terminated": -1.0,
                "whole_task": {
                    "end": 57.3329288915009,
                    "start": 42.083019307414105
                },
                "write": [
                    {
                        "end": 57.3329288915009,
                        "id": "file_0_2",
                        "start": 51.90797409945912
                    }
                ]
            },
            {
                "color": "",
                "compute": {
                    "end": 67.157883683547,
                    "start": 62.75788368354699
                },
                "execution_host": {
                    "cores": 32,
                    "flop_rate": 1000000000.0,
                    "hostname": "host01",
                    "memory": 268000000000.0
                },
                "failed": -1.0,
                "num_cores_allocated": 1,
                "read": [
                    {
                        "end": 62.75788368354699,
                        "id": "file_0_2",
                        "start": 57.3329288915009
                    }
                ],
                "task_id": "task_0_2",
                "terminated": -1.0,
                "whole_task": {
                    "end": 72.58283847586877,
                    "start": 57.3329288915009
                },
                "write": [
                    {
                        "end": 72.58283847586877,
                        "id": "file_0_3",
                        "start": 67.157883683547
                    }
                ]
            },
            {
                "color": "",
                "compute": {
                    "end": 36.65806451612957,
                    "start": 32.25806451612957
                },
                "execution_host": {
                    "cores": 32,
                    "flop_rate": 1000000000.0,
                    "hostname": "host01",
                    "memory": 268000000000.0
                },
                "failed": -1.0,
                "num_cores_allocated": 1,
                "read": [
                    {
                        "end": 32.25806451612957,
                        "id": "file_1_0",
                        "start": 5.542268041237114e-18
                    }
                ],
                "task_id": "task_1_0",
                "terminated": -1.0,
                "whole_task": {
                    "end": 42.083019307414105,
                    "start": 5.542268041237114e-18
                },
                "write": [
                    {
                        "end": 42.083019307414105,
                        "id": "file_1_1",
                        "start": 36.65806451612957
                    }
                ]
            },
            {
                "color": "",
                "compute": {
                    "end": 51.90797409945912,
                    "start": 47.50797409945912
                },
                "execution_host": {
                    "cores": 32,
                    "flop_rate": 1000000000.0,
                    "hostname": "host01",
                    "memory": 268000000000.0
                },
                "failed": -1.0,
                "num_cores_allocated": 1,
                "read": [
                    {
                        "end": 47.50797409945912,
                        "id": "file_1_1",
                        "start": 42.083019307414105
                    }
                ],
                "task_id": "task_1_1",
                "terminated": -1.0,
                "whole_task": {
                    "end": 57.3329288915009,
                    "start": 42.083019307414105
                },
                "write": [
                    {
                        "end": 57.3329288915009,
                        "id": "file_1_2",
                        "start": 51.90797409945912
                    }
                ]
            },
            {
                "color": "",
                "compute": {
                    "end": 67.157883683547,
                    "start": 62.75788368354699
                },
                "execution_host": {
                    "cores": 32,
                    "flop_rate": 1000000000.0,
                    "hostname": "host01",
                    "memory": 268000000000.0
                },
                "failed": -1.0,
                "num_cores_allocated": 1,
                "read": [
                    {
                        "end": 62.75788368354699,
                        "id": "file_1_2",
                        "start": 57.3329288915009
                    }
                ],
                "task_id": "task_1_2",
                "terminated": -1.0,
                "whole_task": {
                    "end": 72.58283847586877,
                    "start": 57.3329288915009
                },
                "write": [
                    {
                        "end": 72.58283847586877,
                        "id": "file_1_3",
                        "start": 67.157883683547
                    }
                ]
            },
            {
                "color": "",
                "compute": {
                    "end": 36.65806451612957,
                    "start": 32.25806451612957
                },
                "execution_host": {
                    "cores": 32,
                    "flop_rate": 1000000000.0,
                    "hostname": "host01",
                    "memory": 268000000000.0
                },
                "failed": -1.0,
                "num_cores_allocated": 1,
                "read": [
                    {
                        "end": 32.25806451612957,
                        "id": "file_2_0",
                        "start": 9.976082474226805e-18
                    }
                ],
                "task_id": "task_2_0",
                "terminated": -1.0,
                "whole_task": {
                    "end": 42.083019307414105,