{
    "workflow_execution": {
        "tasks": [
            {
                "color": "",
                "compute": {
                    "end": 30.206451612903656,
                    "start": 25.806451612903658
                },
                "execution_host": {
                    "cores": 32,
                    "flop_rate": 1000000000.0,
                    "hostname": "host01",
                    "memory": 268000000000.0
                },
                "failed": -1.0,
                "num_cores_allocated": 1,
                "read": [
                    {
                        "end": 25.806451612903658,
                        "id": "file_0_0",
                        "start": 1.1084536082474228e-18
                    }
                ],
                "task_id": "task_0_0",
                "terminated": -1.0,
                "whole_task": {
                    "end": 34.54641544593215,
                    "start": 1.1084536082474228e-18
                },
                "write": [
                    {
                        "end": 34.54641544593215,
                        "id": "file_0_1",
                        "start": 30.206451612903656
                    }
                ]
            },
            {
                "color": "",
                "compute": {
                    "end": 43.28637927956903,
                    "start": 38.886379279569034
                },
                "execution_host": {
                    "cores": 32,
                    "flop_rate": 1000000000.0,
                    "hostname": "host01",
                    "memory": 268000000000.0
                },
                "failed": -1.0,
                "num_cores_allocated": 1,
                "read": [
                    {
                        "end": 38.886379279569034,
                        "id": "file_0_1",
                        "start": 34.54641544593215
                    }
                ],
                "task_id": "task_0_1",
                "terminated": -1.0,
                "whole_task": {
                    "end": 47.626343113202026,
                    "start": 34.54641544593215
                },
                "write": [
                    {
                        "end": 47.626343113202026,
                        "id": "file_0_2",
                        "start": 43.28637927956903
                    }
                ]
            },
            {
                "color": "",
                "compute": {
                    "end": 56.36630694683848,
                    "start": 51.96630694683848
                },
                "execution_host": {
                    "cores": 32,
                    "flop_rate": 1000000000.0,
                    "hostname": "host01",
                    "memory": 268000000000.0
                },
                "failed": -1.0,
                "num_cores_allocated": 1,
                "read": [
                    {
                        "end": 51.96630694683848,
                        "id": "file_0_2",
                        "start": 47.626343113202026
                    }
                ],
                "task_id": "task_0_2",
                "terminated": -1.0,
                "whole_task": {
                    "end": 60.70627078047146,
                    "start": 47.626343113202026
                },
                "write": [
                    {
                        "end": 60.70627078047146,
                        "id": "file_0_3",
                        "start": 56.36630694683848
                    }
                ]
            },
            {
                "color": "",
                "compute": {
                    "end": 30.206451612903656,
                    "start": 25.806451612903658
                },
                "execution_host": {
                    "cores": 32,
                    "flop_rate": 1000000000.0,
                    "hostname": "host01",
                    "memory": 268000000000.0
                },
                "failed": -1.0,
                "num_cores_allocated": 1,
                "read": [
                    {
                        "end": 25.806451612903658,
                        "id": "file_1_0",
                        "start": 5.542268041237114e-18
                    }
                ],
                "task_id": "task_1_0",
                "terminated": -1.0,
                "whole_task": {
                    "end": 34.54641544593215,
                    "start": 5.542268041237114e-18
                },
                "write": [
                    {
                        "end": 34.54641544593215,
                        "id": "file_1_1",
                        "start": 30.206451612903656
                    }
                ]
            },
            {
                "color": "",
                "compute": {
                    "end": 43.28637927956903,
                    "start": 38.886379279569034
                },
                "execution_host": {
                    "cores": 32,
                    "flop_rate": 1000000000.0,
                    "hostname": "host01",
                    "memory": 268000000000.0
                },
                "failed": -1.0,
                "num_cores_allocated": 1,
                "read": [
                    {
                        "end": 38.886379279569034,
                        "id": "file_1_1",
                        "start": 34.54641544593215
                    }
                ],
                "task_id": "task_1_1",
                "terminated": -1.0,
                "whole_task": {
                    "end": 47.626343113202026,
                    "start": 34.54641544593215
                },
                "write": [
                    {
                        "end": 47.626343113202026,
                        "id": "file_1_2",
                        "start": 43.28637927956903
                    }
                ]
            },
            {
                "color": "",
                "compute": {
                    "end": 56.36630694683848,
                    "start": 51.96630694683848
                },
                "execution_host": {
                    "cores": 32,
                    "flop_rate": 1000000000.0,
                    "hostname": "host01",
                    "memory": 268000000000.0
                },
                "failed": -1.0,
                "num_cores_allocated": 1,
                "read": [
                    {
                        "end": 51.96630694683848,
                        "id": "file_1_2",
                        "start": 47.626343113202026
                    }
                ],
                "task_id": "task_1_2",
                "terminated": -1.0,
                "whole_task": {
                    "end": 60.70627078047146,
                    "start": 47.626343113202026
                },
                "write": [
                    {
                        "end": 60.70627078047146,
                        "id": "file_1_3",
                        "start": 56.36630694683848
                    }
                ]
            },
            {
                "color": "",
                "compute": {
                    "end": 30.206451612903656,
                    "start": 25.806451612903658
                },
                "execution_host": {
                    "cores": 32,
                    "flop_rate": 1000000000.0,
                    "hostname": "host01",
                    "memory": 268000000000.0
                },
                "failed": -1.0,
                "num_cores_allocated": 1,
                "read": [
                    {
                        "end": 25.806451612903658,
                        "id": "file_2_0",
                        "start": 9.976082474226805e-18
                    }
                ],
                "task_id": "task_2_0",
                "terminated": -1.0,