{
    "workflow_execution": {
        "tasks": [
            {
                "color": "",
                "compute": {
                    "end": 23.754838709677742,
                    "start": 19.354838709677743
                },
                "execution_host": {
                    "cores": 32,
                    "flop_rate": 1000000000.0,
                    "hostname": "host01",
                    "memory": 268000000000.0
                },
                "failed": -1.0,
                "num_cores_allocated": 1,
                "read": [
                    {
                        "end": 19.354838709677743,
                        "id": "file_0_0",
                        "start": 1.1084536082474228e-18
                    }
                ],
                "task_id": "task_0_0",
                "terminated": -1.0,
                "whole_task": {
                    "end": 27.009811584086798,
                    "start": 1.1084536082474228e-18
                },
                "write": [
                    {
                        "end": 27.009811584086798,
                        "id": "file_0_1",
                        "start": 23.754838709677742
                    }
                ]
            },
            {
                "color": "",
                "compute": {
                    "end": 34.66478445822882,
                    "start": 30.26478445822882
                },
                "execution_host": {
                    "cores": 32,
                    "flop_rate": 1000000000.0,
                    "hostname": "host01",
                    "memory": 268000000000.0
                },
                "failed": -1.0,
                "num_cores_allocated": 1,
                "read": [
                    {
                        "end": 30.26478445822882,
                        "id": "file_0_1",
                        "start": 27.009811584086798
                    }
                ],
                "task_id": "task_0_1",
                "terminated": -1.0,
                "whole_task": {
                    "end": 37.919757332732864,
                    "start": 27.009811584086798
                },
                "write": [
                    {
                        "end": 37.919757332732864,
                        "id": "file_0_2",
                        "start": 34.66478445822882
                    }
                ]
            },
            {
                "color": "",
                "compute": {
                    "end": 45.5747302065106,
                    "start": 41.1747302065106
                },
                "execution_host": {
                    "cores": 32,
                    "flop_rate": 1000000000.0,
                    "hostname": "host01",
                    "memory": 268000000000.0
                },
                "failed": -1.0,
                "num_cores_allocated": 1,
                "read": [
                    {
                        "end": 41.1747302065106,
                        "id": "file_0_2",
                        "start": 37.919757332732864
                    }
                ],
                "task_id": "task_0_2",
                "terminated": -1.0,
                "whole_task": {
                    "end": 48.82970308101463,
                    "start": 37.919757332732864
                },
                "write": [
                    {
                        "end": 48.82970308101463,
                        "id": "file_0_3",
                        "start": 45.5747302065106
                    }
                ]
            },
            {
                "color": "",
                "compute": {
                    "end": 23.754838709677742,
                    "start": 19.354838709677743
                },
                "execution_host": {
                    "cores": 32,
                    "flop_rate": 1000000000.0,
                    "hostname": "host01",
                    "memory": 268000000000.0
                },
                "failed": -1.0,
                "num_cores_allocated": 1,
                "read": [
                    {
                        "end": 19.354838709677743,
                        "id": "file_1_0",
                        "start": 5.542268041237114e-18
                    }
                ],
                "task_id": "task_1_0",
                "terminated": -1.0,
                "whole_task": {
                    "end": 27.009811584086798,
                    "start": 5.542268041237114e-18
                },
                "write": [
                    {
                        "end": 27.009811584086798,
                        "id": "file_1_1",
                        "start": 23.754838709677742
                    }
                ]
            },
            {
                "color": "",
                "compute": {
                    "end": 34.66478445822882,
                    "start": 30.26478445822882
                },
                "execution_host": {
                    "cores": 32,
                    "flop_rate": 1000000000.0,
                    "hostname": "host01",
                    "memory": 268000000000.0
                },
                "failed": -1.0,
                "num_cores_allocated": 1,
                "read": [
                    {
                        "end": 30.26478445822882,
                        "id": "file_1_1",
                        "start": 27.009811584086798
                    }
                ],
                "task_id": "task_1_1",
                "terminated": -1.0,
                "whole_task": {
                    "end": 37.919757332732864,
                    "start": 27.009811584086798
                },
                "write": [
                    {
                        "end": 37.919757332732864,
                        "id": "file_1_2",
                        "start": 34.66478445822882
                    }
                ]
            },
            {
                "color": "",
                "compute": {
                    "end": 45.5747302065106,
                    "start": 41.1747302065106
                },
                "execution_host": {
                    "cores": 32,
                    "flop_rate": 1000000000.0,
                    "hostname": "host01",
                    "memory": 268000000000.0
                },
                "failed": -1.0,
                "num_cores_allocated": 1,
                "read": [
                    {
                        "end": 41.1747302065106,
                        "id": "file_1_2",
                        "start": 37.919757332732864
                    }
                ],
                "task_id": "task_1_2",
                "terminated": -1.0,
                "whole_task": {
                    "end": 48.82970308101463,
                    "start": 37.919757332732864
                },
                "write": [
                    {
                        "end": 48.82970308101463,
                        "id": "file_1_3",
                        "start": 45.5747302065106
                    }
                ]
            },
            {
                "color": "",
                "compute": {
                    "end": 23.754838709677742,
                    "start": 19.354838709677743
                },
                "execution_host": {
                    "cores": 32,
                    "flop_rate": 1000000000.0,
                    "hostname": "host01",
                    "memory": 268000000000.0
                },
                "failed": -1.0,
                "num_cores_allocated": 1,
                "read": [
                    {
                        "end": 19.354838709677743,
                        "id": "file_2_0",
                        "start": 9.976082474226805e-18
                    }
                ],
                "task_id": "task_2_0",
                "terminated": -1.0,