{
    "workflow_execution": {
        "tasks": [
            {
                "color": "",
                "compute": {
                    "end": 23.754838709677742,
                    "start": 19.354838709677743
                },
                "execution_host": {
                    "cores": 32,
                    "flop_rate": 1000000000.0,
                    "hostname": "host01",
                    "memory": 268000000000.0
                },
                "failed": -1.0,
                "num_cores_allocated": 1,
                "read": [
                    {
                        "end": 19.354838709677743,
                        "id": "file_0_0",
                        "start": 1.1084536082474228e-18
                    }
                ],
                "task_id": "task_0_0",
                "terminated": -1.0,
                "whole_task": {
                    "end": 43.10967741935484,
                    "start": 1.1084536082474228e-18
                },
                "write": [
                    {
                        "end": 43.10967741935484,
                        "id": "file_0_1",
                        "start": 23.754838709677742
                    }
                ]
            },
            {
                "color": "",
                "compute": {
                    "end": 66.86451612903258,
                    "start": 62.46451612903258
                },
                "execution_host": {
                    "cores": 32,
                    "flop_rate": 1000000000.0,
                    "hostname": "host01",
                    "memory": 268000000000.0
                },
                "failed": -1.0,
                "num_cores_allocated": 1,
                "read": [
                    {
                        "end": 62.46451612903258,
                        "id": "file_0_1",
                        "start": 43.10967741935484
                    }
                ],
                "task_id": "task_0_1",
                "terminated": -1.0,
                "whole_task": {
                    "end": 86.21935483870968,
                    "start": 43.10967741935484
                },
                "write": [
                    {
                        "end": 86.21935483870968,
                        "id": "file_0_2",
                        "start": 66.86451612903258
                    }
                ]
            },
            {
                "color": "",
                "compute": {
                    "end": 109.97419354838743,
                    "start": 105.57419354838743
                },
                "execution_host": {
                    "cores": 32,
                    "flop_rate": 1000000000.0,
                    "hostname": "host01",
                    "memory": 268000000000.0
                },
                "failed": -1.0,
                "num_cores_allocated": 1,
                "read": [
                    {
                        "end": 105.57419354838743,
                        "id": "file_0_2",
                        "start": 86.21935483870968
                    }
                ],
                "task_id": "task_0_2",
                "terminated": -1.0,
                "whole_task": {
                    "end": 129.32903225806453,
                    "start": 86.21935483870968
                },
                "write": [
                    {
                        "end": 129.32903225806453,
                        "id": "file_0_3",
                        "start": 109.97419354838743
                    }
                ]
            },
            {
                "color": "",
                "compute": {
                    "end": 23.754838709677742,
                    "start": 19.354838709677743
                },
                "execution_host": {
                    "cores": 32,
                    "flop_rate": 1000000000.0,
                    "hostname": "host01",
                    "memory": 268000000000.0
                },
                "failed": -1.0,
                "num_cores_allocated": 1,
                "read": [
                    {
                        "end": 19.354838709677743,
                        "id": "file_1_0",
                        "start": 5.542268041237114e-18
                    }
                ],
                "task_id": "task_1_0",
                "terminated": -1.0,
                "whole_task": {
                    "end": 43.10967741935484,
                    "start": 5.542268041237114e-18
                },
                "write": [
                    {
                        "end": 43.10967741935484,
                        "id": "file_1_1",
                        "start": 23.754838709677742
                    }
                ]
            },
            {
                "color": "",
                "compute": {
                    "end": 66.86451612903258,
                    "start": 62.46451612903258
                },
                "execution_host": {
                    "cores": 32,
                    "flop_rate": 1000000000.0,
                    "hostname": "host01",
                    "memory": 268000000000.0
                },
                "failed": -1.0,
                "num_cores_allocated": 1,
                "read": [
                    {
                        "end": 62.46451612903258,
                        "id": "file_1_1",
                        "start": 43.10967741935484
                    }
                ],
                "task_id": "task_1_1",
                "terminated": -1.0,
                "whole_task": {
                    "end": 86.21935483870968,
                    "start": 43.10967741935484
                },
                "write": [
                    {
                        "end": 86.21935483870968,
                        "id": "file_1_2",
                        "start": 66.86451612903258
                    }
                ]
            },
            {
                "color": "",
                "compute": {
                    "end": 109.97419354838743,
                    "start": 105.57419354838743
                },
                "execution_host": {
                    "cores": 32,
                    "flop_rate": 1000000000.0,
                    "hostname": "host01",
                    "memory": 268000000000.0
                },
                "failed": -1.0,
                "num_cores_allocated": 1,
                "read": [
                    {
                        "end": 105.57419354838743,
                        "id": "file_1_2",
                        "start": 86.21935483870968
                    }
                ],
                "task_id": "task_1_2",
                "terminated": -1.0,
                "whole_task": {
                    "end": 129.32903225806453,
                    "start": 86.21935483870968
                },
                "write": [
                    {
                        "end": 129.32903225806453,
                        "id": "file_1_3",
                        "start": 109.97419354838743
                    }
                ]
            },
            {
                "color": "",
                "compute": {
                    "end": 23.754838709677742,
                    "start": 19.354838709677743
                },
                "execution_host": {
                    "cores": 32,
                    "flop_rate": 1000000000.0,
                    "hostname": "host01",
                    "memory": 268000000000.0
                },
                "failed": -1.0,
                "num_cores_allocated": 1,
                "read": [
                    {
                        "end": 19.354838709677743,
                        "id": "file_2_0",
                        "start": 9.976082474226805e-18
                    }
                ],
                "task_id": "task_2_0",
                "terminated": -1.0,