{
    "workflow_execution": {
        "tasks": [
            {
                "color": "",
                "compute": {
                    "end": 17.30322580645226,
                    "start": 12.903225806452262
                },
                "execution_host": {
                    "cores": 32,
                    "flop_rate": 1000000000.0,
                    "hostname": "host01",
                    "memory": 268000000000.0
                },
                "failed": -1.0,
                "num_cores_allocated": 1,
                "read": [
                    {
                        "end": 12.903225806452262,
                        "id": "file_0_0",
                        "start": 1.1084536082474228e-18
                    }
                ],
                "task_id": "task_0_0",
                "terminated": -1.0,
                "whole_task": {
                    "end": 30.206451612903226,
                    "start": 1.1084536082474228e-18
                },
                "write": [
                    {
                        "end": 30.206451612903226,
                        "id": "file_0_1",
                        "start": 17.30322580645226
                    }
                ]
            },
            {
                "color": "",
                "compute": {
                    "end": 47.50967741935505,
                    "start": 43.10967741935505
                },
                "execution_host": {
                    "cores": 32,
                    "flop_rate": 1000000000.0,
                    "hostname": "host01",
                    "memory": 268000000000.0
                },
                "failed": -1.0,
                "num_cores_allocated": 1,
                "read": [
                    {
                        "end": 43.10967741935505,
                        "id": "file_0_1",
                        "start": 30.206451612903226
                    }
                ],
                "task_id": "task_0_1",
                "terminated": -1.0,
                "whole_task": {
                    "end": 60.41290322580645,
                    "start": 30.206451612903226
                },
                "write": [
                    {
                        "end": 60.41290322580645,
                        "id": "file_0_2",
                        "start": 47.50967741935505
                    }
                ]
            },
            {
                "color": "",
                "compute": {
                    "end": 77.71612903225828,
                    "start": 73.31612903225827
                },
                "execution_host": {
                    "cores": 32,
                    "flop_rate": 1000000000.0,
                    "hostname": "host01",
                    "memory": 268000000000.0
                },
                "failed": -1.0,
                "num_cores_allocated": 1,
                "read": [
                    {
                        "end": 73.31612903225827,
                        "id": "file_0_2",
                        "start": 60.41290322580645
                    }
                ],
                "task_id": "task_0_2",
                "terminated": -1.0,
                "whole_task": {
                    "end": 90.61935483870968,
                    "start": 60.41290322580645
                },
                "write": [
                    {
                        "end": 90.61935483870968,
                        "id": "file_0_3",
                        "start": 77.71612903225828
                    }
                ]
            },
            {
                "color": "",
                "compute": {
                    "end": 17.30322580645226,
                    "start": 12.903225806452262
                },
                "execution_host": {
                    "cores": 32,
                    "flop_rate": 1000000000.0,
                    "hostname": "host01",
                    "memory": 268000000000.0
                },
                "failed": -1.0,
                "num_cores_allocated": 1,
                "read": [
                    {
                        "end": 12.903225806452262,
                        "id": "file_1_0",
                        "start": 5.542268041237114e-18
                    }
                ],
                "task_id": "task_1_0",
                "terminated": -1.0,
                "whole_task": {
                    "end": 30.206451612903226,
                    "start": 5.542268041237114e-18
                },
                "write": [
                    {
                        "end": 30.206451612903226,
                        "id": "file_1_1",
                        "start": 17.30322580645226
                    }
                ]
            },
            {
                "color": "",
                "compute": {
                    "end": 47.50967741935505,
                    "start": 43.10967741935505
                },
                "execution_host": {
                    "cores": 32,
                    "flop_rate": 1000000000.0,
                    "hostname": "host01",
                    "memory": 268000000000.0
                },
                "failed": -1.0,
                "num_cores_allocated": 1,
                "read": [
                    {
                        "end": 43.10967741935505,
                        "id": "file_1_1",
                        "start": 30.206451612903226
                    }
                ],
                "task_id": "task_1_1",
                "terminated": -1.0,
                "whole_task": {
                    "end": 60.41290322580645,
                    "start": 30.206451612903226
                },
                "write": [
                    {
                        "end": 60.41290322580645,
                        "id": "file_1_2",
                        "start": 47.50967741935505
                    }
                ]
            },
            {
                "color": "",
                "compute": {
                    "end": 77.71612903225828,
                    "start": 73.31612903225827
                },
                "execution_host": {
                    "cores": 32,
                    "flop_rate": 1000000000.0,
                    "hostname": "host01",
                    "memory": 268000000000.0
                },
                "failed": -1.0,
                "num_cores_allocated": 1,
                "read": [
                    {
                        "end": 73.31612903225827,
                        "id": "file_1_2",
                        "start": 60.41290322580645
                    }
                ],
                "task_id": "task_1_2",
                "terminated": -1.0,
                "whole_task": {
                    "end": 90.61935483870968,
                    "start": 60.41290322580645
                },
                "write": [
                    {
                        "end": 90.61935483870968,
                        "id": "file_1_3",
                        "start": 77.71612903225828
                    }
                ]
            }
        ]
    }
}
