{
    "workflow_execution": {
        "tasks": [
            {
                "color": "",
                "compute": {
                    "end": 30.206451612903656,
                    "start": 25.806451612903658
                },
                "execution_host": {
                    "cores": 32,
                    "flop_rate": 1000000000.0,
                    "hostname": "host01",
                    "memory": 268000000000.0
                },
                "failed": -1.0,
                "num_cores_allocated": 1,
                "read": [
                    {
                        "end": 25.806451612903658,
                        "id": "file_0_0",
                        "start": 1.1084536082474228e-18
                    }
                ],
                "task_id": "task_0_0",
                "terminated": -1.0,
                "whole_task": {
                    "end": 56.012903225806454,
                    "start": 1.1084536082474228e-18
                },
                "write": [
                    {
                        "end": 56.012903225806454,
                        "id": "file_0_1",
                        "start": 30.206451612903656
                    }
                ]
            },
            {
                "color": "",
                "compute": {
                    "end": 86.2193548387101,
                    "start": 81.8193548387101
                },
                "execution_host": {
                    "cores": 32,
                    "flop_rate": 1000000000.0,
                    "hostname": "host01",
                    "memory": 268000000000.0
                },
                "failed": -1.0,
                "num_cores_allocated": 1,
                "read": [
                    {
                        "end": 81.8193548387101,
                        "id": "file_0_1",
                        "start": 56.012903225806454
                    }
                ],
                "task_id": "task_0_1",
                "terminated": -1.0,
                "whole_task": {
                    "end": 112.02580645161291,
                    "start": 56.012903225806454
                },
                "write": [
                    {
                        "end": 112.02580645161291,
                        "id": "file_0_2",
                        "start": 86.2193548387101
                    }
                ]
            },
            {
                "color": "",
                "compute": {
                    "end": 142.23225806451657,
                    "start": 137.83225806451657
                },
                "execution_host": {
                    "cores": 32,
                    "flop_rate": 1000000000.0,
                    "hostname": "host01",
                    "memory": 268000000000.0
                },
                "failed": -1.0,
                "num_cores_allocated": 1,
                "read": [
                    {
                        "end": 137.83225806451657,
                        "id": "file_0_2",
                        "start": 112.02580645161291
                    }
                ],
                "task_id": "task_0_2",
                "terminated": -1.0,
                "whole_task": {
                    "end": 168.03870967741935,
                    "start": 112.02580645161291
                },
                "write": [
                    {
                        "end": 168.03870967741935,
                        "id": "file_0_3",
                        "start": 142.23225806451657
                    }
                ]
            },
            {
                "color": "",
                "compute": {
                    "end": 30.206451612903656,
                    "start": 25.806451612903658
                },
                "execution_host": {
                    "cores": 32,
                    "flop_rate": 1000000000.0,
                    "hostname": "host01",
                    "memory": 268000000000.0
                },
                "failed": -1.0,
                "num_cores_allocated": 1,
                "read": [
                    {
                        "end": 25.806451612903658,
                        "id": "file_1_0",
                        "start": 5.542268041237114e-18
                    }
                ],
                "task_id": "task_1_0",
                "terminated": -1.0,
                "whole_task": {
                    "end": 56.012903225806454,
                    "start": 5.542268041237114e-18
                },
                "write": [
                    {
                        "end": 56.012903225806454,
                        "id": "file_1_1",
                        "start": 30.206451612903656
                    }
                ]
            },
            {
                "color": "",
                "compute": {
                    "end": 86.2193548387101,
                    "start": 81.8193548387101
                },
                "execution_host": {
                    "cores": 32,
                    "flop_rate": 1000000000.0,
                    "hostname": "host01",
                    "memory": 268000000000.0
                },
                "failed": -1.0,
                "num_cores_allocated": 1,
                "read": [
                    {
                        "end": 81.8193548387101,
                        "id": "file_1_1",
                        "start": 56.012903225806454
                    }
                ],
                "task_id": "task_1_1",
                "terminated": -1.0,
                "whole_task": {
                    "end": 112.02580645161291,
                    "start": 56.012903225806454
                },
                "write": [
                    {
                        "end": 112.02580645161291,
                        "id": "file_1_2",
                        "start": 86.2193548387101
                    }
                ]
            },
            {
                "color": "",
                "compute": {
                    "end": 142.23225806451657,
                    "start": 137.83225806451657
                },
                "execution_host": {
                    "cores": 32,
                    "flop_rate": 1000000000.0,
                    "hostname": "host01",
                    "memory": 268000000000.0
                },
                "failed": -1.0,
                "num_cores_allocated": 1,
                "read": [
                    {
                        "end": 137.83225806451657,
                        "id": "file_1_2",
                        "start": 112.02580645161291
                    }
                ],
                "task_id": "task_1_2",
                "terminated": -1.0,
                "whole_task": {
                    "end": 168.03870967741935,
                    "start": 112.02580645161291
                },
                "write": [
                    {
                        "end": 168.03870967741935,
                        "id": "file_1_3",
                        "start": 142.23225806451657
                    }
                ]
            },
            {
                "color": "",
                "compute": {
                    "end": 30.206451612903656,
                    "start": 25.806451612903658
                },
                "execution_host": {
                    "cores": 32,
                    "flop_rate": 1000000000.0,
                    "hostname": "host01",
                    "memory": 268000000000.0
                },
                "failed": -1.0,
                "num_cores_allocated": 1,
                "read": [
                    {
                        "end": 25.806451612903658,
                        "id": "file_2_0",
                        "start": 9.976082474226805e-18
                    }
                ],
                "task_id": "task_2_0",
                "terminated": -1.0,