read_start,read_end,cpu_start,cpu_end,write_start,write_end
1608320843.886000, 1608320900.358000, 1608320900.358000, 1608320905.194000, 1608320905.194000, 1608320906.537000
1608320906.550000, 1608320907.658000, 1608320907.658000, 1608320912.405000, 1608320912.405000, 1608320913.738000
1608320913.751000, 1608320914.716000, 1608320914.716000, 1608320919.450000, 1608320919.450000, 1608320921.681000
