read_start,read_end,cpu_start,cpu_end,write_start,write_end
1608320843.892000, 1608320899.956000, 1608320899.956000, 1608320904.977000, 1608320904.977000, 1608320906.160000
1608320906.172000, 1608320907.183000, 1608320907.183000, 1608320911.933000, 1608320911.933000, 1608320913.218000
1608320913.231000, 1608320914.262000, 1608320914.262000, 1608320919.060000, 1608320919.060000, 1608320920.339000
