read_start,read_end,cpu_start,cpu_end,write_start,write_end
1608322517.255000, 1608322664.934000, 1608322664.934000, 1608322669.779000, 1608322669.779000, 1608322670.809000
1608322670.819000, 1608322671.720000, 1608322671.720000, 1608322676.442000, 1608322676.442000, 1608322677.549000
1608322677.558000, 1608322678.533000, 1608322678.533000, 1608322684.080000, 1608322684.080000, 1608322784.316000
