read_start,read_end,cpu_start,cpu_end,write_start,write_end
1608322517.292000, 1608322677.095000, 1608322677.095000, 1608322682.735000, 1608322682.735000, 1608322685.635000
1608322685.651000, 1608322686.655000, 1608322686.655000, 1608322691.545000, 1608322691.545000, 1608322915.706000
1608322915.725000, 1608322916.832000, 1608322916.832000, 1608322921.580000, 1608322921.580000, 1608323091.231000
