read_start,read_end,cpu_start,cpu_end,write_start,write_end
1608321912.355000, 1608322049.431000, 1608322049.431000, 1608322055.528000, 1608322055.528000, 1608322110.729000
1608322110.744000, 1608322111.833000, 1608322111.833000, 1608322116.333000, 1608322116.333000, 1608322273.436000
1608322273.450000, 1608322274.731000, 1608322274.731000, 1608322279.475000, 1608322279.475000, 1608322374.641000
