read_start,read_end,cpu_start,cpu_end,write_start,write_end
1608322517.296000, 1608322681.670000, 1608322681.670000, 1608322687.521000, 1608322687.521000, 1608322907.522000
1608322907.537000, 1608322908.500000, 1608322908.500000, 1608322913.235000, 1608322913.235000, 1608323084.110000
1608323084.125000, 1608323085.135000, 1608323085.135000, 1608323089.884000, 1608323089.884000, 1608323152.533000
