read_start,read_end,cpu_start,cpu_end,write_start,write_end
1608321912.363000, 1608322050.160000, 1608322050.160000, 1608322056.342000, 1608322056.342000, 1608322161.757000
1608322161.774000, 1608322162.750000, 1608322162.750000, 1608322167.371000, 1608322167.371000, 1608322318.104000
1608322318.127000, 1608322319.137000, 1608322319.137000, 1608322323.759000, 1608322323.759000, 1608322380.298000
