read_start,read_end,cpu_start,cpu_end,write_start,write_end
1608321071.692000, 1608321155.331000, 1608321155.331000, 1608321160.827000, 1608321160.827000, 1608321162.112000
1608321162.124000, 1608321163.196000, 1608321163.196000, 1608321168.497000, 1608321168.497000, 1608321236.916000
1608321236.932000, 1608321238.047000, 1608321238.047000, 1608321242.504000, 1608321242.504000, 1608321292.154000
