read_start,read_end,cpu_start,cpu_end,write_start,write_end
1608322517.257000, 1608322673.414000, 1608322673.414000, 1608322678.765000, 1608322678.765000, 1608322679.975000
1608322679.987000, 1608322681.022000, 1608322681.022000, 1608322686.562000, 1608322686.562000, 1608322891.161000
1608322891.177000, 1608322893.065000, 1608322893.065000, 1608322899.187000, 1608322899.187000, 1608323071.903000
