read_start,read_end,cpu_start,cpu_end,write_start,write_end
1608321425.391000, 1608321533.084000, 1608321533.084000, 1608321538.051000, 1608321538.051000, 1608321539.271000
1608321539.282000, 1608321540.260000, 1608321540.260000, 1608321545.591000, 1608321545.591000, 1608321614.907000
1608321614.923000, 1608321615.889000, 1608321615.889000, 1608321620.787000, 1608321620.787000, 1608321734.455000
