read_start,read_end,cpu_start,cpu_end,write_start,write_end
1608320843.883000, 1608320902.462000, 1608320902.462000, 1608320907.865000, 1608320907.865000, 1608320908.984000
1608320908.993000, 1608320910.076000, 1608320910.076000, 1608320915.012000, 1608320915.012000, 1608320916.096000
1608320916.105000, 1608320917.064000, 1608320917.064000, 1608320921.837000, 1608320921.837000, 1608320942.122000
