read_start,read_end,cpu_start,cpu_end,write_start,write_end
1608320665.650000, 1608320697.488000, 1608320697.488000, 1608320702.101000, 1608320702.101000, 1608320703.278000
1608320703.290000, 1608320704.282000, 1608320704.282000, 1608320709.158000, 1608320709.158000, 1608320710.528000
1608320710.539000, 1608320711.570000, 1608320711.570000, 1608320716.403000, 1608320716.403000, 1608320717.736000
