read_start,read_end,cpu_start,cpu_end,write_start,write_end
1608321425.383000, 1608321532.821000, 1608321532.821000, 1608321538.399000, 1608321538.399000, 1608321539.653000
1608321539.663000, 1608321540.759000, 1608321540.759000, 1608321546.137000, 1608321546.137000, 1608321631.731000
1608321631.747000, 1608321632.690000, 1608321632.690000, 1608321637.177000, 1608321637.177000, 1608321745.799000
