read_start,read_end,cpu_start,cpu_end,write_start,write_end
1608321425.373000, 1608321536.818000, 1608321536.818000, 1608321542.507000, 1608321542.507000, 1608321543.898000
1608321543.911000, 1608321544.920000, 1608321544.920000, 1608321549.908000, 1608321549.908000, 1608321687.067000
1608321687.081000, 1608321688.010000, 1608321688.010000, 1608321692.694000, 1608321692.694000, 1608321777.734000
