read_start,read_end,cpu_start,cpu_end,write_start,write_end
1608322517.283000, 1608322678.407000, 1608322678.407000, 1608322684.475000, 1608322684.475000, 1608322808.272000
1608322808.295000, 1608322809.348000, 1608322809.348000, 1608322814.005000, 1608322814.005000, 1608322998.286000
1608322998.310000, 1608322999.296000, 1608322999.296000, 1608323003.783000, 1608323003.783000, 1608323111.014000
