read_start,read_end,cpu_start,cpu_end,write_start,write_end
1608321071.680000, 1608321154.014000, 1608321154.014000, 1608321159.091000, 1608321159.091000, 1608321160.284000
1608321160.296000, 1608321161.369000, 1608321161.369000, 1608321166.680000, 1608321166.680000, 1608321168.030000
1608321168.043000, 1608321169.162000, 1608321169.162000, 1608321174.357000, 1608321174.357000, 1608321277.477000
