read_start,read_end,cpu_start,cpu_end,write_start,write_end
1608322517.265000, 1608322675.516000, 1608322675.516000, 1608322681.138000, 1608322681.138000, 1608322683.453000
1608322683.466000, 1608322684.639000, 1608322684.639000, 1608322690.432000, 1608322690.432000, 1608322915.264000
1608322915.284000, 1608322916.386000, 1608322916.386000, 1608322921.285000, 1608322921.285000, 1608323091.130000
