read_start,read_end,cpu_start,cpu_end,write_start,write_end
1608320843.893000, 1608320899.864000, 1608320899.864000, 1608320905.051000, 1608320905.051000, 1608320906.234000
1608320906.246000, 1608320907.376000, 1608320907.376000, 1608320912.298000, 1608320912.298000, 1608320913.554000
1608320913.567000, 1608320914.594000, 1608320914.594000, 1608320919.640000, 1608320919.640000, 1608320928.652000
