read_start,read_end,cpu_start,cpu_end,write_start,write_end
1608320843.894000, 1608320900.576000, 1608320900.576000, 1608320905.492000, 1608320905.492000, 1608320906.739000
1608320906.751000, 1608320907.851000, 1608320907.851000, 1608320912.691000, 1608320912.691000, 1608320914.055000
1608320914.067000, 1608320915.125000, 1608320915.125000, 1608320920.028000, 1608320920.028000, 1608320936.849000
