read_start,read_end,cpu_start,cpu_end,write_start,write_end
1608322517.260000, 1608322675.372000, 1608322675.372000, 1608322680.812000, 1608322680.812000, 1608322683.223000
1608322683.237000, 1608322684.405000, 1608322684.405000, 1608322689.599000, 1608322689.599000, 1608322914.757000
1608322914.774000, 1608322915.792000, 1608322915.792000, 1608322920.796000, 1608322920.796000, 1608323090.847000
