read_start,read_end,cpu_start,cpu_end,write_start,write_end
1608321425.387000, 1608321537.054000, 1608321537.054000, 1608321542.558000, 1608321542.558000, 1608321543.860000
1608321543.873000, 1608321544.876000, 1608321544.876000, 1608321550.015000, 1608321550.015000, 1608321687.339000
1608321687.356000, 1608321688.312000, 1608321688.312000, 1608321693.078000, 1608321693.078000, 1608321777.813000
