read_start,read_end,cpu_start,cpu_end,write_start,write_end
1608321071.698000, 1608321155.348000, 1608321155.348000, 1608321160.176000, 1608321160.176000, 1608321161.461000
1608321161.474000, 1608321162.648000, 1608321162.648000, 1608321167.848000, 1608321167.848000, 1608321206.120000
1608321206.137000, 1608321207.103000, 1608321207.103000, 1608321211.547000, 1608321211.547000, 1608321284.789000
