read_start,read_end,cpu_start,cpu_end,write_start,write_end
1608321912.349000, 1608322045.146000, 1608322045.146000, 1608322050.656000, 1608322050.656000, 1608322051.924000
1608322051.936000, 1608322053.128000, 1608322053.128000, 1608322058.645000, 1608322058.645000, 1608322209.301000
1608322209.316000, 1608322210.264000, 1608322210.264000, 1608322214.961000, 1608322214.961000, 1608322358.191000
