read_start,read_end,cpu_start,cpu_end,write_start,write_end
1608321912.371000, 1608322047.407000, 1608322047.407000, 1608322053.006000, 1608322053.006000, 1608322054.294000
1608322054.306000, 1608322055.460000, 1608322055.460000, 1608322060.944000, 1608322060.944000, 1608322224.755000
1608322224.768000, 1608322226.325000, 1608322226.325000, 1608322231.917000, 1608322231.917000, 1608322366.715000
