read_start,read_end,cpu_start,cpu_end,write_start,write_end
1608321912.385000, 1608322045.804000, 1608322045.804000, 1608322051.068000, 1608322051.068000, 1608322052.403000
1608322052.416000, 1608322053.543000, 1608322053.543000, 1608322059.269000, 1608322059.269000, 1608322214.917000
1608322214.931000, 1608322215.851000, 1608322215.851000, 1608322220.273000, 1608322220.273000, 1608322361.126000
