read_start,read_end,cpu_start,cpu_end,write_start,write_end
1608321425.385000, 1608321531.660000, 1608321531.660000, 1608321536.502000, 1608321536.502000, 1608321537.711000
1608321537.721000, 1608321538.727000, 1608321538.727000, 1608321544.054000, 1608321544.054000, 1608321547.548000
1608321547.562000, 1608321548.523000, 1608321548.523000, 1608321553.141000, 1608321553.141000, 1608321689.603000
