read_start,read_end,cpu_start,cpu_end,write_start,write_end
1608320520.115000, 1608320525.992000, 1608320525.992000, 1608320530.349000, 1608320530.349000, 1608320531.304000
1608320531.314000, 1608320532.207000, 1608320532.207000, 1608320536.552000, 1608320536.552000, 1608320537.508000
1608320537.518000, 1608320538.403000, 1608320538.403000, 1608320542.749000, 1608320542.749000, 1608320543.701000
