read_start,read_end,cpu_start,cpu_end,write_start,write_end
1608321912.376000, 1608322050.629000, 1608322050.629000, 1608322056.789000, 1608322056.789000, 1608322175.401000
1608322175.416000, 1608322176.428000, 1608322176.428000, 1608322181.087000, 1608322181.087000, 1608322329.347000
1608322329.368000, 1608322330.417000, 1608322330.417000, 1608322335.000000, 1608322335.000000, 1608322381.449000
