read_start,read_end,cpu_start,cpu_end,write_start,write_end
1608321912.350000, 1608322044.934000, 1608322044.934000, 1608322050.040000, 1608322050.040000, 1608322051.313000
1608322051.326000, 1608322052.389000, 1608322052.389000, 1608322057.993000, 1608322057.993000, 1608322201.008000
1608322201.023000, 1608322201.989000, 1608322201.989000, 1608322206.519000, 1608322206.519000, 1608322351.503000
