read_start,read_end,cpu_start,cpu_end,write_start,write_end
1608321912.360000, 1608322046.889000, 1608322046.889000, 1608322052.493000, 1608322052.493000, 1608322053.730000
1608322053.742000, 1608322054.893000, 1608322054.893000, 1608322060.087000, 1608322060.087000, 1608322221.312000
1608322221.328000, 1608322222.343000, 1608322222.343000, 1608322227.029000, 1608322227.029000, 1608322364.434000
