read_start,read_end,cpu_start,cpu_end,write_start,write_end
1608322517.272000, 1608322682.360000, 1608322682.360000, 1608322688.460000, 1608322688.460000, 1608322912.730000
1608322912.745000, 1608322913.836000, 1608322913.836000, 1608322918.680000, 1608322918.680000, 1608323089.456000
1608323089.478000, 1608323090.421000, 1608323090.421000, 1608323095.134000, 1608323095.134000, 1608323156.602000
