read_start,read_end,cpu_start,cpu_end,write_start,write_end
1608321425.363000, 1608321533.578000, 1608321533.578000, 1608321539.195000, 1608321539.195000, 1608321540.346000
1608321540.356000, 1608321541.345000, 1608321541.345000, 1608321546.790000, 1608321546.790000, 1608321648.917000
1608321648.933000, 1608321649.866000, 1608321649.866000, 1608321654.237000, 1608321654.237000, 1608321757.133000
