read_start,read_end,cpu_start,cpu_end,write_start,write_end
1608321425.363000, 1608321536.301000, 1608321536.301000, 1608321541.723000, 1608321541.723000, 1608321543.032000
1608321543.046000, 1608321544.233000, 1608321544.233000, 1608321549.308000, 1608321549.308000, 1608321684.454000
1608321684.469000, 1608321685.403000, 1608321685.403000, 1608321690.150000, 1608321690.150000, 1608321776.689000
