read_start,read_end,cpu_start,cpu_end,write_start,write_end
1608321071.684000, 1608321154.824000, 1608321154.824000, 1608321159.691000, 1608321159.691000, 1608321160.930000
1608321160.944000, 1608321161.935000, 1608321161.935000, 1608321167.070000, 1608321167.070000, 1608321168.446000
1608321168.458000, 1608321169.423000, 1608321169.423000, 1608321174.093000, 1608321174.093000, 1608321277.601000
