read_start,read_end,cpu_start,cpu_end,write_start,write_end
1606541907.101000, 1606542006.767000, 1606542006.767000, 1606542011.950000, 1606542011.950000, 1606542240.559000
1606542240.606000, 1606542268.324000, 1606542268.324000, 1606542273.780000, 1606542273.780000, 1606542464.972000
1606542465.007000, 1606542498.834000, 1606542498.834000, 1606542504.264000, 1606542504.264000, 1606542717.727000
