read_start,read_end,cpu_start,cpu_end,write_start,write_end
1606550555.055000, 1606550705.090000, 1606550705.090000, 1606550711.272000, 1606550711.272000, 1606550990.972000
1606550990.986000, 1606551008.997000, 1606551008.997000, 1606551014.825000, 1606551014.825000, 1606551157.579000
1606551157.644000, 1606551264.760000, 1606551264.760000, 1606551269.833000, 1606551269.833000, 1606551422.535000
