read_start,read_end,cpu_start,cpu_end,write_start,write_end
1606537150.821000, 1606537206.206000, 1606537206.206000, 1606537211.312000, 1606537211.312000, 1606537315.138000
1606537315.152000, 1606537329.106000, 1606537329.106000, 1606537334.097000, 1606537334.097000, 1606537432.880000
1606537432.898000, 1606537442.908000, 1606537442.908000, 1606537447.779000, 1606537447.779000, 1606537517.860000
