read_start,read_end,cpu_start,cpu_end,write_start,write_end
1606550555.036000, 1606550704.742000, 1606550704.742000, 1606550710.387000, 1606550710.387000, 1606550827.797000
1606550827.813000, 1606550876.555000, 1606550876.555000, 1606550881.703000, 1606550881.703000, 1606550995.181000
1606550995.259000, 1606551016.092000, 1606551016.092000, 1606551022.219000, 1606551022.219000, 1606551189.202000
