read_start,read_end,cpu_start,cpu_end,write_start,write_end
1606536768.022000, 1606536817.873000, 1606536817.873000, 1606536822.611000, 1606536822.611000, 1606536910.518000
1606536910.542000, 1606536921.590000, 1606536921.590000, 1606536926.577000, 1606536926.577000, 1606537022.151000
1606537022.173000, 1606537042.453000, 1606537042.453000, 1606537047.771000, 1606537047.771000, 1606537128.925000
