read_start,read_end,cpu_start,cpu_end,write_start,write_end
1606554823.860000, 1606554996.272000, 1606554996.272000, 1606555002.021000, 1606555002.021000, 1606555302.029000
1606555302.044000, 1606555383.538000, 1606555383.538000, 1606555388.434000, 1606555388.434000, 1606555765.194000
1606555765.506000, 1606555787.876000, 1606555787.876000, 1606555793.187000, 1606555793.187000, 1606555933.924000
