read_start,read_end,cpu_start,cpu_end,write_start,write_end
1606542758.581000, 1606542864.096000, 1606542864.096000, 1606542869.270000, 1606542869.270000, 1606543073.207000
1606543073.221000, 1606543094.873000, 1606543094.873000, 1606543100.621000, 1606543100.621000, 1606543318.395000
1606543318.413000, 1606543331.165000, 1606543331.165000, 1606543337.345000, 1606543337.345000, 1606543465.446000
