read_start,read_end,cpu_start,cpu_end,write_start,write_end
1606550555.060000, 1606550705.092000, 1606550705.092000, 1606550710.668000, 1606550710.668000, 1606551001.983000
1606551001.993000, 1606551024.750000, 1606551024.750000, 1606551029.945000, 1606551029.945000, 1606551232.026000
1606551232.126000, 1606551303.375000, 1606551303.375000, 1606551308.207000, 1606551308.207000, 1606551523.026000
