read_start,read_end,cpu_start,cpu_end,write_start,write_end
1606546440.147000, 1606546567.758000, 1606546567.758000, 1606546573.191000, 1606546573.191000, 1606546817.083000
1606546817.115000, 1606546847.003000, 1606546847.003000, 1606546852.763000, 1606546852.763000, 1606547253.824000
1606547253.907000, 1606547272.761000, 1606547272.761000, 1606547277.637000, 1606547277.637000, 1606547392.569000
