read_start,read_end,cpu_start,cpu_end,write_start,write_end
1606539154.467000, 1606539232.083000, 1606539232.083000, 1606539237.022000, 1606539237.022000, 1606539378.325000
1606539378.339000, 1606539389.996000, 1606539389.996000, 1606539395.272000, 1606539395.272000, 1606539533.891000
1606539533.930000, 1606539553.046000, 1606539553.046000, 1606539558.430000, 1606539558.430000, 1606539659.759000
