read_start,read_end,cpu_start,cpu_end,write_start,write_end
1606545485.612000, 1606545607.762000, 1606545607.762000, 1606545613.549000, 1606545613.549000, 1606545875.836000
1606545875.867000, 1606545907.459000, 1606545907.459000, 1606545913.120000, 1606545913.120000, 1606546147.148000
1606546147.926000, 1606546178.477000, 1606546178.477000, 1606546184.450000, 1606546184.450000, 1606546406.931000
