read_start,read_end,cpu_start,cpu_end,write_start,write_end
1606539727.838000, 1606539811.172000, 1606539811.172000, 1606539815.938000, 1606539815.938000, 1606539982.417000
1606539982.437000, 1606540002.727000, 1606540002.727000, 1606540007.939000, 1606540007.939000, 1606540229.183000
1606540229.204000, 1606540244.310000, 1606540244.310000, 1606540249.207000, 1606540249.207000, 1606540372.046000
