read_start,read_end,cpu_start,cpu_end,write_start,write_end
1606543613.555000, 1606543724.319000, 1606543724.319000, 1606543729.846000, 1606543729.846000, 1606544346.431000
1606544346.449000, 1606544359.052000, 1606544359.052000, 1606544364.586000, 1606544364.586000, 1606544466.964000
1606544466.983000, 1606544469.500000, 1606544469.500000, 1606544474.309000, 1606544474.309000, 1606544496.069000
