read_start,read_end,cpu_start,cpu_end,write_start,write_end
1606544525.616000, 1606544642.234000, 1606544642.234000, 1606544647.391000, 1606544647.391000, 1606544911.806000
1606544911.821000, 1606544942.903000, 1606544942.903000, 1606544948.417000, 1606544948.417000, 1606545201.575000
1606545202.107000, 1606545231.501000, 1606545231.501000, 1606545237.340000, 1606545237.340000, 1606545459.808000
