read_start,read_end,cpu_start,cpu_end,write_start,write_end
1606555985.206000, 1606556163.332000, 1606556163.332000, 1606556169.216000, 1606556169.216000, 1606556458.388000
1606556458.402000, 1606556489.119000, 1606556489.119000, 1606556494.337000, 1606556494.337000, 1606556810.337000
1606556810.455000, 1606556844.481000, 1606556844.481000, 1606556850.185000, 1606556850.185000, 1606557092.938000
