read_start,read_end,cpu_start,cpu_end,write_start,write_end
1606550555.046000, 1606550705.087000, 1606550705.087000, 1606550711.266000, 1606550711.266000, 1606550987.497000
1606550987.512000, 1606551005.707000, 1606551005.707000, 1606551011.156000, 1606551011.156000, 1606551138.134000
1606551138.186000, 1606551261.628000, 1606551261.628000, 1606551266.570000, 1606551266.570000, 1606551422.612000
