read_start,read_end,cpu_start,cpu_end,write_start,write_end
1606540391.653000, 1606540480.436000, 1606540480.436000, 1606540485.261000, 1606540485.261000, 1606540650.806000
1606540650.822000, 1606540682.879000, 1606540682.879000, 1606540688.618000, 1606540688.618000, 1606540867.692000
1606540867.725000, 1606540891.757000, 1606540891.757000, 1606540897.508000, 1606540897.508000, 1606541071.176000
