read_start,read_end,cpu_start,cpu_end,write_start,write_end
1606548502.498000, 1606548641.221000, 1606548641.221000, 1606548646.461000, 1606548646.461000, 1606548894.140000
1606548894.173000, 1606548927.727000, 1606548927.727000, 1606548933.541000, 1606548933.541000, 1606549197.556000
1606549197.783000, 1606549213.847000, 1606549213.847000, 1606549219.053000, 1606549219.053000, 1606549345.002000
