read_start,read_end,cpu_start,cpu_end,write_start,write_end
1606542758.560000, 1606542863.819000, 1606542863.819000, 1606542869.039000, 1606542869.039000, 1606543056.338000
1606543056.358000, 1606543093.259000, 1606543093.259000, 1606543099.073000, 1606543099.073000, 1606543465.446000
1606543465.469000, 1606543467.975000, 1606543467.975000, 1606543473.986000, 1606543473.986000, 1606543559.429000
