read_start,read_end,cpu_start,cpu_end,write_start,write_end
1606542758.569000, 1606542864.093000, 1606542864.093000, 1606542869.546000, 1606542869.546000, 1606543061.556000
1606543061.586000, 1606543093.271000, 1606543093.271000, 1606543099.021000, 1606543099.021000, 1606543356.618000
1606543356.639000, 1606543464.651000, 1606543464.651000, 1606543469.461000, 1606543469.461000, 1606543557.234000
