read_start,read_end,cpu_start,cpu_end,write_start,write_end
1606546440.176000, 1606546568.022000, 1606546568.022000, 1606546574.232000, 1606546574.232000, 1606546846.049000
1606546846.063000, 1606546855.413000, 1606546855.413000, 1606546861.471000, 1606546861.471000, 1606547393.066000
1606547393.187000, 1606547396.188000, 1606547396.188000, 1606547400.593000, 1606547400.593000, 1606547433.405000
