read_start,read_end,cpu_start,cpu_end,write_start,write_end
1606548502.499000, 1606548641.183000, 1606548641.183000, 1606548646.371000, 1606548646.371000, 1606548894.140000
1606548894.176000, 1606548927.736000, 1606548927.736000, 1606548934.851000, 1606548934.851000, 1606549197.507000
1606549197.754000, 1606549213.611000, 1606549213.611000, 1606549218.825000, 1606549218.825000, 1606549345.010000
