read_start,read_end,cpu_start,cpu_end,write_start,write_end
1606555985.195000, 1606556163.178000, 1606556163.178000, 1606556169.524000, 1606556169.524000, 1606556462.838000
1606556462.852000, 1606556502.294000, 1606556502.294000, 1606556508.576000, 1606556508.576000, 1606556869.748000
1606556869.812000, 1606556973.996000, 1606556973.996000, 1606556979.340000, 1606556979.340000, 1606557092.938000
