read_start,read_end,cpu_start,cpu_end,write_start,write_end
1606542758.560000, 1606542863.838000, 1606542863.838000, 1606542869.443000, 1606542869.443000, 1606543057.211000
1606543057.240000, 1606543093.257000, 1606543093.257000, 1606543099.116000, 1606543099.116000, 1606543309.371000
1606543309.391000, 1606543326.500000, 1606543326.500000, 1606543331.857000, 1606543331.857000, 1606543414.223000
