read_start,read_end,cpu_start,cpu_end,write_start,write_end
1606549493.099000, 1606549637.502000, 1606549637.502000, 1606549643.245000, 1606549643.245000, 1606549908.663000
1606549908.677000, 1606549951.389000, 1606549951.389000, 1606549956.495000, 1606549956.495000, 1606550208.212000
1606550208.295000, 1606550245.708000, 1606550245.708000, 1606550250.795000, 1606550250.795000, 1606550527.083000
