read_start,read_end,cpu_start,cpu_end,write_start,write_end
1606539154.476000, 1606539232.190000, 1606539232.190000, 1606539237.350000, 1606539237.350000, 1606539373.458000
1606539373.476000, 1606539388.211000, 1606539388.211000, 1606539393.730000, 1606539393.730000, 1606539534.039000
1606539534.066000, 1606539553.541000, 1606539553.541000, 1606539558.778000, 1606539558.778000, 1606539686.526000
