read_start,read_end,cpu_start,cpu_end,write_start,write_end
1606536414.763000, 1606536459.142000, 1606536459.142000, 1606536464.375000, 1606536464.375000, 1606536558.745000
1606536558.763000, 1606536570.531000, 1606536570.531000, 1606536575.637000, 1606536575.637000, 1606536666.614000
1606536666.625000, 1606536676.117000, 1606536676.117000, 1606536681.134000, 1606536681.134000, 1606536756.100000
