read_start,read_end,cpu_start,cpu_end,write_start,write_end
1606545485.618000, 1606545607.923000, 1606545607.923000, 1606545613.549000, 1606545613.549000, 1606545875.683000
1606545875.707000, 1606545907.408000, 1606545907.408000, 1606545913.349000, 1606545913.349000, 1606546147.143000
1606546147.919000, 1606546178.474000, 1606546178.474000, 1606546184.108000, 1606546184.108000, 1606546406.896000
