read_start,read_end,cpu_start,cpu_end,write_start,write_end
1606543613.581000, 1606543724.622000, 1606543724.622000, 1606543730.010000, 1606543730.010000, 1606543969.232000
1606543969.246000, 1606543999.592000, 1606543999.592000, 1606544005.278000, 1606544005.278000, 1606544346.437000
1606544346.531000, 1606544359.052000, 1606544359.052000, 1606544364.563000, 1606544364.563000, 1606544461.466000
