read_start,read_end,cpu_start,cpu_end,write_start,write_end
1606543613.567000, 1606543724.620000, 1606543724.620000, 1606543730.408000, 1606543730.408000, 1606543969.915000
1606543969.930000, 1606543999.585000, 1606543999.585000, 1606544005.308000, 1606544005.308000, 1606544346.430000
1606544346.527000, 1606544359.052000, 1606544359.052000, 1606544364.701000, 1606544364.701000, 1606544464.205000
