read_start,read_end,cpu_start,cpu_end,write_start,write_end
1606536414.770000, 1606536459.194000, 1606536459.194000, 1606536463.928000, 1606536463.928000, 1606536557.993000
1606536558.011000, 1606536570.078000, 1606536570.078000, 1606536574.911000, 1606536574.911000, 1606536669.505000
1606536669.519000, 1606536676.538000, 1606536676.538000, 1606536682.568000, 1606536682.568000, 1606536756.506000
