read_start,read_end,cpu_start,cpu_end,write_start,write_end
1606539727.832000, 1606539811.166000, 1606539811.166000, 1606539815.934000, 1606539815.934000, 1606539982.416000
1606539982.436000, 1606540002.716000, 1606540002.716000, 1606540008.029000, 1606540008.029000, 1606540229.178000
1606540229.195000, 1606540244.337000, 1606540244.337000, 1606540249.612000, 1606540249.612000, 1606540372.042000
