read_start,read_end,cpu_start,cpu_end,write_start,write_end
1606546440.165000, 1606546568.024000, 1606546568.024000, 1606546573.574000, 1606546573.574000, 1606546825.321000
1606546825.335000, 1606546850.836000, 1606546850.836000, 1606546857.047000, 1606546857.047000, 1606547253.960000
1606547254.148000, 1606547272.813000, 1606547272.813000, 1606547277.778000, 1606547277.778000, 1606547392.467000
