read_start,read_end,cpu_start,cpu_end,write_start,write_end
1606536768.022000, 1606536817.886000, 1606536817.886000, 1606536823.174000, 1606536823.174000, 1606536910.518000
1606536910.542000, 1606536921.079000, 1606536921.079000, 1606536925.933000, 1606536925.933000, 1606537009.804000
1606537009.821000, 1606537042.268000, 1606537042.268000, 1606537047.349000, 1606537047.349000, 1606537130.444000
