read_start,read_end,cpu_start,cpu_end,write_start,write_end
1606549493.099000, 1606549637.509000, 1606549637.509000, 1606549643.321000, 1606549643.321000, 1606549895.469000
1606549895.485000, 1606549925.916000, 1606549925.916000, 1606549931.146000, 1606549931.146000, 1606550208.215000
1606550208.479000, 1606550245.862000, 1606550245.862000, 1606550252.252000, 1606550252.252000, 1606550521.918000
