read_start,read_end,cpu_start,cpu_end,write_start,write_end
1606554823.855000, 1606554996.272000, 1606554996.272000, 1606555002.525000, 1606555002.525000, 1606555299.274000
1606555299.292000, 1606555378.227000, 1606555378.227000, 1606555384.396000, 1606555384.396000, 1606555907.715000
1606555907.777000, 1606555918.299000, 1606555918.299000, 1606555923.334000, 1606555923.334000, 1606555954.730000
