read_start,read_end,cpu_start,cpu_end,write_start,write_end
1606535866.307000, 1606535899.638000, 1606535899.638000, 1606535904.888000, 1606535904.888000, 1606535977.247000
1606535977.261000, 1606535979.159000, 1606535979.159000, 1606535983.950000, 1606535983.950000, 1606536002.032000
1606536002.046000, 1606536003.799000, 1606536003.799000, 1606536008.142000, 1606536008.142000, 1606536055.574000
