read_start,read_end,cpu_start,cpu_end,write_start,write_end
1606553727.818000, 1606553894.638000, 1606553894.638000, 1606553900.915000, 1606553900.915000, 1606554389.964000
1606554389.980000, 1606554436.368000, 1606554436.368000, 1606554442.991000, 1606554442.991000, 1606554563.618000
1606554563.755000, 1606554684.516000, 1606554684.516000, 1606554689.353000, 1606554689.353000, 1606554759.701000
