read_start,read_end,cpu_start,cpu_end,write_start,write_end
1606552720.178000, 1606552881.409000, 1606552881.409000, 1606552887.222000, 1606552887.222000, 1606553137.450000
1606553137.465000, 1606553148.697000, 1606553148.697000, 1606553154.401000, 1606553154.401000, 1606553270.746000
1606553270.821000, 1606553315.853000, 1606553315.853000, 1606553320.386000, 1606553320.386000, 1606553411.712000
