read_start,read_end,cpu_start,cpu_end,write_start,write_end
1606544525.632000, 1606544642.239000, 1606544642.239000, 1606544647.601000, 1606544647.601000, 1606544911.849000
1606544911.880000, 1606544943.194000, 1606544943.194000, 1606544949.031000, 1606544949.031000, 1606545201.581000
1606545202.165000, 1606545231.529000, 1606545231.529000, 1606545236.901000, 1606545236.901000, 1606545459.563000
