read_start,read_end,cpu_start,cpu_end,write_start,write_end
1606538578.834000, 1606538651.030000, 1606538651.030000, 1606538655.887000, 1606538655.887000, 1606538773.893000
1606538773.913000, 1606538827.701000, 1606538827.701000, 1606538833.222000, 1606538833.222000, 1606538936.823000
1606538936.838000, 1606538964.459000, 1606538964.459000, 1606538969.677000, 1606538969.677000, 1606539110.970000
