read_start,read_end,cpu_start,cpu_end,write_start,write_end
1606544525.607000, 1606544641.946000, 1606544641.946000, 1606544647.474000, 1606544647.474000, 1606544912.037000
1606544912.058000, 1606544943.098000, 1606544943.098000, 1606544948.631000, 1606544948.631000, 1606545201.575000
1606545202.151000, 1606545231.593000, 1606545231.593000, 1606545237.122000, 1606545237.122000, 1606545459.803000
