read_start,read_end,cpu_start,cpu_end,write_start,write_end
1606552720.170000, 1606552881.409000, 1606552881.409000, 1606552886.733000, 1606552886.733000, 1606553131.462000
1606553131.476000, 1606553139.492000, 1606553139.492000, 1606553144.614000, 1606553144.614000, 1606553181.085000
1606553181.273000, 1606553236.192000, 1606553236.192000, 1606553242.436000, 1606553242.436000, 1606553693.764000
