read_start,read_end,cpu_start,cpu_end,write_start,write_end
1606547461.312000, 1606547594.391000, 1606547594.391000, 1606547600.177000, 1606547600.177000, 1606547900.671000
1606547900.685000, 1606547926.476000, 1606547926.476000, 1606547931.945000, 1606547931.945000, 1606548217.988000
1606548218.370000, 1606548253.369000, 1606548253.369000, 1606548258.827000, 1606548258.827000, 1606548465.876000
