read_start,read_end,cpu_start,cpu_end,write_start,write_end
1606552720.186000, 1606552881.409000, 1606552881.409000, 1606552888.397000, 1606552888.397000, 1606553156.872000
1606553156.905000, 1606553191.719000, 1606553191.719000, 1606553197.728000, 1606553197.728000, 1606553497.711000
1606553497.801000, 1606553504.255000, 1606553504.255000, 1606553510.635000, 1606553510.635000, 1606553697.214000
