read_start,read_end,cpu_start,cpu_end,write_start,write_end
1606539727.822000, 1606539811.008000, 1606539811.008000, 1606539815.776000, 1606539815.776000, 1606539982.303000
1606539982.317000, 1606540000.897000, 1606540000.897000, 1606540006.010000, 1606540006.010000, 1606540144.239000
1606540144.256000, 1606540151.341000, 1606540151.341000, 1606540155.998000, 1606540155.998000, 1606540210.620000
