read_start,read_end,cpu_start,cpu_end,write_start,write_end
1606548502.515000, 1606548641.481000, 1606548641.481000, 1606548647.565000, 1606548647.565000, 1606548896.297000
1606548896.314000, 1606548928.620000, 1606548928.620000, 1606548935.696000, 1606548935.696000, 1606549362.124000
1606549362.179000, 1606549376.087000, 1606549376.087000, 1606549380.926000, 1606549380.926000, 1606549463.583000
