read_start,read_end,cpu_start,cpu_end,write_start,write_end
1606552720.172000, 1606552881.409000, 1606552881.409000, 1606552887.606000, 1606552887.606000, 1606553159.307000
1606553159.334000, 1606553193.049000, 1606553193.049000, 1606553198.570000, 1606553198.570000, 1606553480.487000
1606553480.640000, 1606553499.141000, 1606553499.141000, 1606553505.546000, 1606553505.546000, 1606553693.759000
