read_start,read_end,cpu_start,cpu_end,write_start,write_end
1606536768.029000, 1606536818.012000, 1606536818.012000, 1606536822.802000, 1606536822.802000, 1606536915.599000
1606536915.611000, 1606536923.096000, 1606536923.096000, 1606536928.453000, 1606536928.453000, 1606537022.621000
1606537022.638000, 1606537042.481000, 1606537042.481000, 1606537047.575000, 1606537047.575000, 1606537129.443000
