read_start,read_end,cpu_start,cpu_end,write_start,write_end
1606536414.761000, 1606536459.124000, 1606536459.124000, 1606536463.860000, 1606536463.860000, 1606536561.176000
1606536561.190000, 1606536570.889000, 1606536570.889000, 1606536575.619000, 1606536575.619000, 1606536666.275000
1606536666.289000, 1606536675.995000, 1606536675.995000, 1606536680.998000, 1606536680.998000, 1606536756.112000
