read_start,read_end,cpu_start,cpu_end,write_start,write_end
1606552720.192000, 1606552881.410000, 1606552881.410000, 1606552888.554000, 1606552888.554000, 1606553154.776000
1606553154.822000, 1606553189.936000, 1606553189.936000, 1606553196.181000, 1606553196.181000, 1606553632.848000
1606553633.028000, 1606553641.821000, 1606553641.821000, 1606553646.523000, 1606553646.523000, 1606553693.583000
