read_start,read_end,cpu_start,cpu_end,write_start,write_end
1606553727.785000, 1606553894.455000, 1606553894.455000, 1606553900.498000, 1606553900.498000, 1606554194.349000
1606554194.362000, 1606554261.433000, 1606554261.433000, 1606554267.153000, 1606554267.153000, 1606554433.514000
1606554433.703000, 1606554463.464000, 1606554463.464000, 1606554468.832000, 1606554468.832000, 1606554725.078000
