read_start,read_end,cpu_start,cpu_end,write_start,write_end
1606546440.152000, 1606546568.020000, 1606546568.020000, 1606546573.521000, 1606546573.521000, 1606546816.558000
1606546816.586000, 1606546846.994000, 1606546846.994000, 1606546852.744000, 1606546852.744000, 1606547145.180000
1606547145.307000, 1606547156.718000, 1606547156.718000, 1606547161.842000, 1606547161.842000, 1606547392.471000
