read_start,read_end,cpu_start,cpu_end,write_start,write_end
1606539154.466000, 1606539232.039000, 1606539232.039000, 1606539236.788000, 1606539236.788000, 1606539401.462000
1606539401.475000, 1606539522.437000, 1606539522.437000, 1606539526.862000, 1606539526.862000, 1606539605.650000
1606539605.679000, 1606539674.034000, 1606539674.034000, 1606539678.571000, 1606539678.571000, 1606539709.214000
