read_start,read_end,cpu_start,cpu_end,write_start,write_end
1606535670.261000, 1606535698.044000, 1606535698.044000, 1606535702.805000, 1606535702.805000, 1606535746.811000
1606535746.826000, 1606535752.803000, 1606535752.803000, 1606535757.675000, 1606535757.675000, 1606535806.290000
1606535806.304000, 1606535808.866000, 1606535808.866000, 1606535813.391000, 1606535813.391000, 1606535848.721000
