read_start,read_end,cpu_start,cpu_end,write_start,write_end
1606545485.625000, 1606545607.926000, 1606545607.926000, 1606545613.950000, 1606545613.950000, 1606545875.737000
1606545875.764000, 1606545907.627000, 1606545907.627000, 1606545913.698000, 1606545913.698000, 1606546147.132000
1606546147.867000, 1606546178.189000, 1606546178.189000, 1606546183.771000, 1606546183.771000, 1606546410.618000
