read_start,read_end,cpu_start,cpu_end,write_start,write_end
1606540391.658000, 1606540480.493000, 1606540480.493000, 1606540485.275000, 1606540485.275000, 1606540650.802000
1606540650.820000, 1606540682.879000, 1606540682.879000, 1606540688.580000, 1606540688.580000, 1606540867.692000
1606540867.725000, 1606540891.757000, 1606540891.757000, 1606540897.512000, 1606540897.512000, 1606541071.176000
