read_start,read_end,cpu_start,cpu_end,write_start,write_end
1606555985.232000, 1606556163.332000, 1606556163.332000, 1606556169.791000, 1606556169.791000, 1606556464.416000
1606556464.445000, 1606556504.643000, 1606556504.643000, 1606556511.166000, 1606556511.166000, 1606556810.648000
1606556811.052000, 1606556844.577000, 1606556844.577000, 1606556850.550000, 1606556850.550000, 1606557056.427000
