read_start,read_end,cpu_start,cpu_end,write_start,write_end
1606543613.580000, 1606543724.626000, 1606543724.626000, 1606543730.363000, 1606543730.363000, 1606543969.618000
1606543969.634000, 1606543999.486000, 1606543999.486000, 1606544005.171000, 1606544005.171000, 1606544346.435000
1606544346.525000, 1606544359.052000, 1606544359.052000, 1606544364.372000, 1606544364.372000, 1606544462.965000
