read_start,read_end,cpu_start,cpu_end,write_start,write_end
1606552720.167000, 1606552881.409000, 1606552881.409000, 1606552887.925000, 1606552887.925000, 1606553156.338000
1606553156.365000, 1606553191.360000, 1606553191.360000, 1606553197.467000, 1606553197.467000, 1606553478.937000
1606553479.029000, 1606553497.774000, 1606553497.774000, 1606553503.448000, 1606553503.448000, 1606553693.759000
