read_start,read_end,cpu_start,cpu_end,write_start,write_end
1606540391.660000, 1606540480.495000, 1606540480.495000, 1606540485.486000, 1606540485.486000, 1606540683.667000
1606540683.699000, 1606540727.151000, 1606540727.151000, 1606540732.007000, 1606540732.007000, 1606540874.585000
1606540874.602000, 1606540893.056000, 1606540893.056000, 1606540899.070000, 1606540899.070000, 1606541071.176000
