read_start,read_end,cpu_start,cpu_end,write_start,write_end
1606550555.069000, 1606550705.092000, 1606550705.092000, 1606550710.619000, 1606550710.619000, 1606550997.331000
1606550997.345000, 1606551018.884000, 1606551018.884000, 1606551024.924000, 1606551024.924000, 1606551422.483000
1606551422.590000, 1606551496.851000, 1606551496.851000, 1606551501.389000, 1606551501.389000, 1606551569.808000
