read_start,read_end,cpu_start,cpu_end,write_start,write_end
1606552720.159000, 1606552881.389000, 1606552881.389000, 1606552887.568000, 1606552887.568000, 1606553154.521000
1606553154.549000, 1606553189.458000, 1606553189.458000, 1606553195.486000, 1606553195.486000, 1606553484.702000
1606553484.780000, 1606553501.878000, 1606553501.878000, 1606553508.001000, 1606553508.001000, 1606553693.759000
