read_start,read_end,cpu_start,cpu_end,write_start,write_end
1606550555.066000, 1606550705.091000, 1606550705.091000, 1606550710.671000, 1606550710.671000, 1606551003.407000
1606551003.425000, 1606551026.761000, 1606551026.761000, 1606551031.694000, 1606551031.694000, 1606551222.977000
1606551223.073000, 1606551303.379000, 1606551303.379000, 1606551308.277000, 1606551308.277000, 1606551523.022000
