read_start,read_end,cpu_start,cpu_end,write_start,write_end
1606538032.914000, 1606538099.587000, 1606538099.587000, 1606538104.412000, 1606538104.412000, 1606538246.661000
1606538246.675000, 1606538248.637000, 1606538248.637000, 1606538254.164000, 1606538254.164000, 1606538410.267000
1606538410.280000, 1606538416.220000, 1606538416.220000, 1606538421.950000, 1606538421.950000, 1606538551.974000
