read_start,read_end,cpu_start,cpu_end,write_start,write_end
1606551606.365000, 1606551761.990000, 1606551761.990000, 1606551768.602000, 1606551768.602000, 1606552071.788000
1606552071.806000, 1606552106.808000, 1606552106.808000, 1606552113.745000, 1606552113.745000, 1606552567.283000
1606552567.444000, 1606552571.074000, 1606552571.074000, 1606552575.906000, 1606552575.906000, 1606552623.804000
