read_start,read_end,cpu_start,cpu_end,write_start,write_end
1606548502.498000, 1606548641.187000, 1606548641.187000, 1606548646.383000, 1606548646.383000, 1606548894.140000
1606548894.173000, 1606548927.733000, 1606548927.733000, 1606548933.523000, 1606548933.523000, 1606549197.507000
1606549197.755000, 1606549213.843000, 1606549213.843000, 1606549219.054000, 1606549219.054000, 1606549344.994000
