read_start,read_end,cpu_start,cpu_end,write_start,write_end
1606554823.832000, 1606554996.178000, 1606554996.178000, 1606555002.736000, 1606555002.736000, 1606555299.131000
1606555299.147000, 1606555376.971000, 1606555376.971000, 1606555382.868000, 1606555382.868000, 1606555636.969000
1606555637.035000, 1606555688.867000, 1606555688.867000, 1606555695.449000, 1606555695.449000, 1606555909.804000
