read_start,read_end,cpu_start,cpu_end,write_start,write_end
1606554823.842000, 1606554996.270000, 1606554996.270000, 1606555002.496000, 1606555002.496000, 1606555300.103000
1606555300.125000, 1606555380.850000, 1606555380.850000, 1606555386.753000, 1606555386.753000, 1606555689.700000
1606555689.750000, 1606555705.206000, 1606555705.206000, 1606555710.398000, 1606555710.398000, 1606555909.822000
