read_start,read_end,cpu_start,cpu_end,write_start,write_end
1606553727.785000, 1606553894.432000, 1606553894.432000, 1606553900.058000, 1606553900.058000, 1606553964.787000
1606553964.805000, 1606554001.613000, 1606554001.613000, 1606554006.326000, 1606554006.326000, 1606554409.640000
1606554409.751000, 1606554446.406000, 1606554446.406000, 1606554451.524000, 1606554451.524000, 1606554715.341000
