read_start,read_end,cpu_start,cpu_end,write_start,write_end
1606542758.567000, 1606542864.020000, 1606542864.020000, 1606542869.217000, 1606542869.217000, 1606543057.210000
1606543057.240000, 1606543093.266000, 1606543093.266000, 1606543099.026000, 1606543099.026000, 1606543380.595000
1606543380.616000, 1606543465.186000, 1606543465.186000, 1606543470.345000, 1606543470.345000, 1606543559.242000
