read_start,read_end,cpu_start,cpu_end,write_start,write_end
1606535519.164000, 1606535541.327000, 1606535541.327000, 1606535545.921000, 1606535545.921000, 1606535584.297000
1606535584.311000, 1606535586.356000, 1606535586.356000, 1606535591.528000, 1606535591.528000, 1606535623.183000
1606535623.195000, 1606535628.406000, 1606535628.406000, 1606535632.999000, 1606535632.999000, 1606535664.839000
