read_start,read_end,cpu_start,cpu_end,write_start,write_end
1606548502.518000, 1606548641.481000, 1606548641.481000, 1606548646.901000, 1606548646.901000, 1606548896.547000
1606548896.564000, 1606548928.756000, 1606548928.756000, 1606548934.853000, 1606548934.853000, 1606549197.503000
1606549197.752000, 1606549213.622000, 1606549213.622000, 1606549218.847000, 1606549218.847000, 1606549345.534000
