read_start,read_end,cpu_start,cpu_end,write_start,write_end
1606539727.842000, 1606539811.172000, 1606539811.172000, 1606539816.599000, 1606539816.599000, 1606539982.553000
1606539982.573000, 1606540002.825000, 1606540002.825000, 1606540007.991000, 1606540007.991000, 1606540229.244000
1606540229.272000, 1606540244.370000, 1606540244.370000, 1606540249.295000, 1606540249.295000, 1606540372.042000
