read_start,read_end,cpu_start,cpu_end,write_start,write_end
1606554823.861000, 1606554996.274000, 1606554996.274000, 1606555002.024000, 1606555002.024000, 1606555288.088000
1606555288.106000, 1606555297.754000, 1606555297.754000, 1606555303.613000, 1606555303.613000, 1606555637.076000
1606555637.203000, 1606555688.889000, 1606555688.889000, 1606555695.603000, 1606555695.603000, 1606555909.806000
