read_start,read_end,cpu_start,cpu_end,write_start,write_end
1606548502.506000, 1606548641.371000, 1606548641.371000, 1606548646.613000, 1606548646.613000, 1606548894.140000
1606548894.173000, 1606548927.739000, 1606548927.739000, 1606548933.572000, 1606548933.572000, 1606549197.556000
1606549197.785000, 1606549213.845000, 1606549213.845000, 1606549219.072000, 1606549219.072000, 1606549345.026000
