read_start,read_end,cpu_start,cpu_end,write_start,write_end
1606546440.161000, 1606546568.022000, 1606546568.022000, 1606546573.489000, 1606546573.489000, 1606546830.188000
1606546830.198000, 1606546852.885000, 1606546852.885000, 1606546859.127000, 1606546859.127000, 1606547253.820000
1606547253.993000, 1606547272.596000, 1606547272.596000, 1606547277.571000, 1606547277.571000, 1606547392.747000
