read_start,read_end,cpu_start,cpu_end,write_start,write_end
1606549493.081000, 1606549637.502000, 1606549637.502000, 1606549643.836000, 1606549643.836000, 1606549885.596000
1606549885.607000, 1606549896.951000, 1606549896.951000, 1606549902.751000, 1606549902.751000, 1606549954.170000
1606549954.277000, 1606550203.236000, 1606550203.236000, 1606550208.127000, 1606550208.127000, 1606550331.936000
