read_start,read_end,cpu_start,cpu_end,write_start,write_end
1606551606.359000, 1606551761.989000, 1606551761.989000, 1606551768.238000, 1606551768.238000, 1606552071.480000
1606552071.494000, 1606552106.636000, 1606552106.636000, 1606552113.728000, 1606552113.728000, 1606552466.799000
1606552466.891000, 1606552469.135000, 1606552469.135000, 1606552473.744000, 1606552473.744000, 1606552486.694000
