read_start,read_end,cpu_start,cpu_end,write_start,write_end
1606548502.498000, 1606548641.134000, 1606548641.134000, 1606548647.431000, 1606548647.431000, 1606548895.423000
1606548895.440000, 1606548928.093000, 1606548928.093000, 1606548934.177000, 1606548934.177000, 1606549362.575000
1606549362.749000, 1606549376.529000, 1606549376.529000, 1606549381.377000, 1606549381.377000, 1606549463.476000
