read_start,read_end,cpu_start,cpu_end,write_start,write_end
1606535399.401000, 1606535416.084000, 1606535416.084000, 1606535420.665000, 1606535420.665000, 1606535451.117000
1606535451.130000, 1606535452.950000, 1606535452.950000, 1606535458.083000, 1606535458.083000, 1606535483.297000
1606535483.310000, 1606535486.774000, 1606535486.774000, 1606535491.174000, 1606535491.174000, 1606535514.957000
