read_start,read_end,cpu_start,cpu_end,write_start,write_end
1606548502.525000, 1606548641.481000, 1606548641.481000, 1606548647.273000, 1606548647.273000, 1606548895.235000
1606548895.251000, 1606548927.968000, 1606548927.968000, 1606548935.764000, 1606548935.764000, 1606549219.296000
1606549219.359000, 1606549282.472000, 1606549282.472000, 1606549286.918000, 1606549286.918000, 1606549345.154000
