read_start,read_end,cpu_start,cpu_end,write_start,write_end
1606552720.188000, 1606552881.412000, 1606552881.412000, 1606552887.625000, 1606552887.625000, 1606553155.039000
1606553155.070000, 1606553190.206000, 1606553190.206000, 1606553196.295000, 1606553196.295000, 1606553476.691000
1606553476.776000, 1606553495.612000, 1606553495.612000, 1606553500.808000, 1606553500.808000, 1606553561.556000
