read_start,read_end,cpu_start,cpu_end,write_start,write_end
1606547461.314000, 1606547594.465000, 1606547594.465000, 1606547600.341000, 1606547600.341000, 1606547909.592000
1606547909.604000, 1606547937.143000, 1606547937.143000, 1606547943.061000, 1606547943.061000, 1606548218.046000
1606548219.577000, 1606548253.468000, 1606548253.468000, 1606548258.998000, 1606548258.998000, 1606548467.765000
