read_start,read_end,cpu_start,cpu_end,write_start,write_end
1606550555.062000, 1606550705.092000, 1606550705.092000, 1606550711.154000, 1606550711.154000, 1606551025.989000
1606551026.002000, 1606551187.416000, 1606551187.416000, 1606551192.390000, 1606551192.390000, 1606551282.275000
1606551282.368000, 1606551395.197000, 1606551395.197000, 1606551400.576000, 1606551400.576000, 1606551564.481000
