read_start,read_end,cpu_start,cpu_end,write_start,write_end
1606550555.040000, 1606550704.910000, 1606550704.910000, 1606550710.765000, 1606550710.765000, 1606551008.424000
1606551008.437000, 1606551101.079000, 1606551101.079000, 1606551106.820000, 1606551106.820000, 1606551278.226000
1606551278.409000, 1606551391.078000, 1606551391.078000, 1606551396.390000, 1606551396.390000, 1606551564.487000
