read_start,read_end,cpu_start,cpu_end,write_start,write_end
1606544525.609000, 1606544642.060000, 1606544642.060000, 1606544647.720000, 1606544647.720000, 1606544911.972000
1606544912.005000, 1606544943.212000, 1606544943.212000, 1606544949.285000, 1606544949.285000, 1606545201.575000
1606545202.189000, 1606545231.569000, 1606545231.569000, 1606545237.108000, 1606545237.108000, 1606545459.806000
