read_start,read_end,cpu_start,cpu_end,write_start,write_end
1606555985.215000, 1606556163.332000, 1606556163.332000, 1606556168.916000, 1606556168.916000, 1606556471.557000
1606556471.572000, 1606556507.173000, 1606556507.173000, 1606556513.417000, 1606556513.417000, 1606556875.177000
1606556875.305000, 1606556974.105000, 1606556974.105000, 1606556979.290000, 1606556979.290000, 1606557086.865000
