read_start,read_end,cpu_start,cpu_end,write_start,write_end
1606542758.585000, 1606542864.100000, 1606542864.100000, 1606542869.276000, 1606542869.276000, 1606543092.722000
1606543092.736000, 1606543096.286000, 1606543096.286000, 1606543102.428000, 1606543102.428000, 1606543320.969000
1606543321.030000, 1606543332.224000, 1606543332.224000, 1606543338.569000, 1606543338.569000, 1606543465.447000
