read_start,read_end,cpu_start,cpu_end,write_start,write_end
1606551606.346000, 1606551761.657000, 1606551761.657000, 1606551767.337000, 1606551767.337000, 1606552012.113000
1606552012.129000, 1606552024.027000, 1606552024.027000, 1606552028.405000, 1606552028.405000, 1606552079.181000
1606552079.209000, 1606552109.818000, 1606552109.818000, 1606552115.111000, 1606552115.111000, 1606552572.990000
