read_start,read_end,cpu_start,cpu_end,write_start,write_end
1606552720.174000, 1606552881.409000, 1606552881.409000, 1606552888.627000, 1606552888.627000, 1606553144.882000
1606553144.909000, 1606553155.496000, 1606553155.496000, 1606553162.344000, 1606553162.344000, 1606553216.581000
1606553216.912000, 1606553265.689000, 1606553265.689000, 1606553270.209000, 1606553270.209000, 1606553616.930000
