read_start,read_end,cpu_start,cpu_end,write_start,write_end
1606547461.339000, 1606547594.673000, 1606547594.673000, 1606547600.670000, 1606547600.670000, 1606547908.386000
1606547908.401000, 1606547936.718000, 1606547936.718000, 1606547942.523000, 1606547942.523000, 1606548218.273000
1606548219.337000, 1606548253.544000, 1606548253.544000, 1606548259.380000, 1606548259.380000, 1606548475.073000
