read_start,read_end,cpu_start,cpu_end,write_start,write_end
1606552720.157000, 1606552881.180000, 1606552881.180000, 1606552887.639000, 1606552887.639000, 1606553154.338000
1606553154.365000, 1606553189.116000, 1606553189.116000, 1606553195.377000, 1606553195.377000, 1606553485.150000
1606553485.226000, 1606553502.016000, 1606553502.016000, 1606553508.206000, 1606553508.206000, 1606553693.758000
