read_start,read_end,cpu_start,cpu_end,write_start,write_end
1606541125.402000, 1606541219.788000, 1606541219.788000, 1606541224.959000, 1606541224.959000, 1606541491.917000
1606541491.931000, 1606541510.043000, 1606541510.043000, 1606541514.593000, 1606541514.593000, 1606541700.123000
1606541700.137000, 1606541775.959000, 1606541775.959000, 1606541780.861000, 1606541780.861000, 1606541872.480000
