read_start,read_end,cpu_start,cpu_end,write_start,write_end
1606542758.574000, 1606542864.095000, 1606542864.095000, 1606542869.917000, 1606542869.917000, 1606543069.547000
1606543069.560000, 1606543094.367000, 1606543094.367000, 1606543100.232000, 1606543100.232000, 1606543319.038000
1606543319.073000, 1606543331.449000, 1606543331.449000, 1606543337.327000, 1606543337.327000, 1606543465.446000
