read_start,read_end,cpu_start,cpu_end,write_start,write_end
1606548502.516000, 1606548641.481000, 1606548641.481000, 1606548647.222000, 1606548647.222000, 1606548913.208000
1606548913.224000, 1606548932.434000, 1606548932.434000, 1606548939.027000, 1606548939.027000, 1606549361.516000
1606549361.608000, 1606549375.333000, 1606549375.333000, 1606549380.230000, 1606549380.230000, 1606549463.476000
