read_start,read_end,cpu_start,cpu_end,write_start,write_end
1606539154.470000, 1606539232.110000, 1606539232.110000, 1606539237.581000, 1606539237.581000, 1606539391.070000
1606539391.083000, 1606539394.514000, 1606539394.514000, 1606539400.194000, 1606539400.194000, 1606539533.900000
1606539533.924000, 1606539548.987000, 1606539548.987000, 1606539554.210000, 1606539554.210000, 1606539600.857000
