read_start,read_end,cpu_start,cpu_end,write_start,write_end
1606539727.828000, 1606539811.090000, 1606539811.090000, 1606539816.125000, 1606539816.125000, 1606539982.895000
1606539982.915000, 1606540002.999000, 1606540002.999000, 1606540008.600000, 1606540008.600000, 1606540229.152000
1606540229.174000, 1606540244.310000, 1606540244.310000, 1606540249.478000, 1606540249.478000, 1606540372.029000
