read_start,read_end,cpu_start,cpu_end,write_start,write_end
1606538032.903000, 1606538099.448000, 1606538099.448000, 1606538104.873000, 1606538104.873000, 1606538226.788000
1606538226.801000, 1606538242.438000, 1606538242.438000, 1606538247.904000, 1606538247.904000, 1606538372.961000
1606538372.976000, 1606538411.415000, 1606538411.415000, 1606538416.989000, 1606538416.989000, 1606538526.576000
