read_start,read_end,cpu_start,cpu_end,write_start,write_end
1606555985.223000, 1606556163.332000, 1606556163.332000, 1606556168.954000, 1606556168.954000, 1606556484.059000
1606556484.074000, 1606556525.971000, 1606556525.971000, 1606556530.662000, 1606556530.662000, 1606556757.322000
1606556757.455000, 1606556766.206000, 1606556766.206000, 1606556771.236000, 1606556771.236000, 1606556832.424000
