read_start,read_end,cpu_start,cpu_end,write_start,write_end
1606547461.309000, 1606547594.391000, 1606547594.391000, 1606547600.049000, 1606547600.049000, 1606547907.842000
1606547907.857000, 1606547936.514000, 1606547936.514000, 1606547942.521000, 1606547942.521000, 1606548218.065000
1606548219.563000, 1606548253.065000, 1606548253.065000, 1606548258.771000, 1606548258.771000, 1606548463.941000
