read_start,read_end,cpu_start,cpu_end,write_start,write_end
1606535254.263000, 1606535259.875000, 1606535259.875000, 1606535264.226000, 1606535264.226000, 1606535274.132000
1606535274.146000, 1606535275.925000, 1606535275.925000, 1606535280.268000, 1606535280.268000, 1606535290.244000
1606535290.258000, 1606535292.006000, 1606535292.006000, 1606535296.345000, 1606535296.345000, 1606535307.412000
