read_start,read_end,cpu_start,cpu_end,write_start,write_end
1606549493.099000, 1606549637.502000, 1606549637.502000, 1606549643.297000, 1606549643.297000, 1606549895.319000
1606549895.333000, 1606549925.344000, 1606549925.344000, 1606549931.345000, 1606549931.345000, 1606550208.215000
1606550208.260000, 1606550245.837000, 1606550245.837000, 1606550251.404000, 1606550251.404000, 1606550521.923000
