read_start,read_end,cpu_start,cpu_end,write_start,write_end
1606535519.166000, 1606535541.337000, 1606535541.337000, 1606535545.929000, 1606535545.929000, 1606535580.224000
1606535580.238000, 1606535584.672000, 1606535584.672000, 1606535589.547000, 1606535589.547000, 1606535623.218000
1606535623.233000, 1606535628.432000, 1606535628.432000, 1606535633.373000, 1606535633.373000, 1606535664.659000
