read_start,read_end,cpu_start,cpu_end,write_start,write_end
1606551606.371000, 1606551761.990000, 1606551761.990000, 1606551768.312000, 1606551768.312000, 1606552061.562000
1606552061.578000, 1606552076.838000, 1606552076.838000, 1606552082.477000, 1606552082.477000, 1606552158.317000
1606552158.375000, 1606552262.544000, 1606552262.544000, 1606552267.290000, 1606552267.290000, 1606552572.713000
