read_start,read_end,cpu_start,cpu_end,write_start,write_end
1606549493.072000, 1606549637.270000, 1606549637.270000, 1606549643.553000, 1606549643.553000, 1606549898.476000
1606549898.495000, 1606549930.005000, 1606549930.005000, 1606549935.564000, 1606549935.564000, 1606550208.216000
1606550208.486000, 1606550245.610000, 1606550245.610000, 1606550251.197000, 1606550251.197000, 1606550527.254000
