read_start,read_end,cpu_start,cpu_end,write_start,write_end
1606552720.153000, 1606552881.118000, 1606552881.118000, 1606552887.436000, 1606552887.436000, 1606553158.484000
1606553158.509000, 1606553192.649000, 1606553192.649000, 1606553198.326000, 1606553198.326000, 1606553480.504000
1606553480.636000, 1606553499.209000, 1606553499.209000, 1606553504.955000, 1606553504.955000, 1606553693.760000
