read_start,read_end,cpu_start,cpu_end,write_start,write_end
1606553727.802000, 1606553894.634000, 1606553894.634000, 1606553900.504000, 1606553900.504000, 1606554195.520000
1606554195.537000, 1606554262.599000, 1606554262.599000, 1606554268.238000, 1606554268.238000, 1606554429.125000
1606554429.333000, 1606554460.065000, 1606554460.065000, 1606554466.110000, 1606554466.110000, 1606554725.076000
