read_start,read_end,cpu_start,cpu_end,write_start,write_end
1606541125.386000, 1606541219.624000, 1606541219.624000, 1606541225.308000, 1606541225.308000, 1606541429.115000
1606541429.141000, 1606541454.787000, 1606541454.787000, 1606541460.512000, 1606541460.512000, 1606541645.752000
1606541645.766000, 1606541661.342000, 1606541661.342000, 1606541667.754000, 1606541667.754000, 1606541885.160000
