read_start,read_end,cpu_start,cpu_end,write_start,write_end
1606554823.843000, 1606554996.270000, 1606554996.270000, 1606555002.057000, 1606555002.057000, 1606555378.480000
1606555378.494000, 1606555509.581000, 1606555509.581000, 1606555514.764000, 1606555514.764000, 1606555765.161000
1606555765.447000, 1606555788.012000, 1606555788.012000, 1606555793.301000, 1606555793.301000, 1606555932.106000
