read_start,read_end,cpu_start,cpu_end,write_start,write_end
1606553727.785000, 1606553894.318000, 1606553894.318000, 1606553899.893000, 1606553899.893000, 1606554164.397000
1606554164.414000, 1606554175.070000, 1606554175.070000, 1606554180.367000, 1606554180.367000, 1606554242.790000
1606554242.905000, 1606554308.222000, 1606554308.222000, 1606554313.011000, 1606554313.011000, 1606554726.831000
