read_start,read_end,cpu_start,cpu_end,write_start,write_end
1606535866.309000, 1606535899.638000, 1606535899.638000, 1606535904.814000, 1606535904.814000, 1606535978.863000
1606535978.878000, 1606535984.795000, 1606535984.795000, 1606535989.971000, 1606535989.971000, 1606536051.754000
1606536051.764000, 1606536057.831000, 1606536057.831000, 1606536063.287000, 1606536063.287000, 1606536106.904000
