read_start,read_end,cpu_start,cpu_end,write_start,write_end
1606555985.228000, 1606556163.336000, 1606556163.336000, 1606556170.088000, 1606556170.088000, 1606556464.143000
1606556464.162000, 1606556504.481000, 1606556504.481000, 1606556510.586000, 1606556510.586000, 1606556846.168000
1606556846.244000, 1606556885.098000, 1606556885.098000, 1606556890.087000, 1606556890.087000, 1606557092.606000
