read_start,read_end,cpu_start,cpu_end,write_start,write_end
1606541125.400000, 1606541219.777000, 1606541219.777000, 1606541224.996000, 1606541224.996000, 1606541428.819000
1606541428.842000, 1606541454.703000, 1606541454.703000, 1606541460.435000, 1606541460.435000, 1606541662.594000
1606541662.617000, 1606541707.415000, 1606541707.415000, 1606541712.304000, 1606541712.304000, 1606541835.294000
