read_start,read_end,cpu_start,cpu_end,write_start,write_end
1606554823.859000, 1606554996.272000, 1606554996.272000, 1606555002.635000, 1606555002.635000, 1606555300.287000
1606555300.309000, 1606555381.202000, 1606555381.202000, 1606555386.968000, 1606555386.968000, 1606555689.720000
1606555689.792000, 1606555705.787000, 1606555705.787000, 1606555710.434000, 1606555710.434000, 1606555933.831000
