read_start,read_end,cpu_start,cpu_end,write_start,write_end
1606552720.153000, 1606552880.951000, 1606552880.951000, 1606552887.737000, 1606552887.737000, 1606553160.433000
1606553160.482000, 1606553193.558000, 1606553193.558000, 1606553198.621000, 1606553198.621000, 1606553480.820000
1606553480.974000, 1606553499.586000, 1606553499.586000, 1606553505.383000, 1606553505.383000, 1606553693.759000
