read_start,read_end,cpu_start,cpu_end,write_start,write_end
1606542758.568000, 1606542864.084000, 1606542864.084000, 1606542869.280000, 1606542869.280000, 1606543061.554000
1606543061.581000, 1606543093.282000, 1606543093.282000, 1606543099.107000, 1606543099.107000, 1606543311.427000
1606543311.447000, 1606543326.656000, 1606543326.656000, 1606543332.021000, 1606543332.021000, 1606543443.270000
