read_start,read_end,cpu_start,cpu_end,write_start,write_end
1606553727.815000, 1606553894.638000, 1606553894.638000, 1606553900.255000, 1606553900.255000, 1606554182.512000
1606554182.525000, 1606554194.080000, 1606554194.080000, 1606554199.571000, 1606554199.571000, 1606554429.069000
1606554429.186000, 1606554460.068000, 1606554460.068000, 1606554465.677000, 1606554465.677000, 1606554726.829000
