read_start,read_end,cpu_start,cpu_end,write_start,write_end
1606536768.024000, 1606536817.940000, 1606536817.940000, 1606536822.682000, 1606536822.682000, 1606536910.111000
1606536910.124000, 1606536921.518000, 1606536921.518000, 1606536926.414000, 1606536926.414000, 1606537025.416000
1606537025.431000, 1606537042.631000, 1606537042.631000, 1606537047.685000, 1606537047.685000, 1606537128.927000
