read_start,read_end,cpu_start,cpu_end,write_start,write_end
1606541125.408000, 1606541219.791000, 1606541219.791000, 1606541225.699000, 1606541225.699000, 1606541429.928000
1606541429.939000, 1606541454.884000, 1606541454.884000, 1606541460.570000, 1606541460.570000, 1606541661.226000
1606541661.240000, 1606541705.921000, 1606541705.921000, 1606541711.131000, 1606541711.131000, 1606541809.268000
