read_start,read_end,cpu_start,cpu_end,write_start,write_end
1606537585.502000, 1606537646.569000, 1606537646.569000, 1606537651.251000, 1606537651.251000, 1606537774.969000
1606537774.986000, 1606537779.577000, 1606537779.577000, 1606537784.802000, 1606537784.802000, 1606537920.888000
1606537920.909000, 1606537963.424000, 1606537963.424000, 1606537968.077000, 1606537968.077000, 1606538018.878000
