read_start,read_end,cpu_start,cpu_end,write_start,write_end
1606555985.225000, 1606556163.332000, 1606556163.332000, 1606556170.386000, 1606556170.386000, 1606556464.385000
1606556464.415000, 1606556504.638000, 1606556504.638000, 1606556510.489000, 1606556510.489000, 1606556850.135000
1606556850.261000, 1606556946.499000, 1606556946.499000, 1606556951.139000, 1606556951.139000, 1606557092.606000
