read_start,read_end,cpu_start,cpu_end,write_start,write_end
1606554823.851000, 1606554996.272000, 1606554996.272000, 1606555002.589000, 1606555002.589000, 1606555299.769000
1606555299.782000, 1606555379.973000, 1606555379.973000, 1606555386.025000, 1606555386.025000, 1606555689.667000
1606555689.768000, 1606555703.916000, 1606555703.916000, 1606555708.876000, 1606555708.876000, 1606555909.803000
