read_start,read_end,cpu_start,cpu_end,write_start,write_end
1606541125.402000, 1606541219.788000, 1606541219.788000, 1606541225.215000, 1606541225.215000, 1606541428.822000
1606541428.844000, 1606541454.763000, 1606541454.763000, 1606541460.527000, 1606541460.527000, 1606541655.196000
1606541655.210000, 1606541671.126000, 1606541671.126000, 1606541676.929000, 1606541676.929000, 1606541809.259000
