read_start,read_end,cpu_start,cpu_end,write_start,write_end
1606546440.169000, 1606546568.026000, 1606546568.026000, 1606546573.554000, 1606546573.554000, 1606546816.557000
1606546816.585000, 1606546846.990000, 1606546846.990000, 1606546852.761000, 1606546852.761000, 1606547253.813000
1606547253.905000, 1606547272.770000, 1606547272.770000, 1606547277.953000, 1606547277.953000, 1606547392.523000
