read_start,read_end,cpu_start,cpu_end,write_start,write_end
1606551606.361000, 1606551761.989000, 1606551761.989000, 1606551767.801000, 1606551767.801000, 1606552069.156000
1606552069.176000, 1606552103.498000, 1606552103.498000, 1606552109.953000, 1606552109.953000, 1606552509.830000
1606552509.966000, 1606552515.303000, 1606552515.303000, 1606552520.396000, 1606552520.396000, 1606552556.385000
