read_start,read_end,cpu_start,cpu_end,write_start,write_end
1606541125.405000, 1606541219.791000, 1606541219.791000, 1606541225.562000, 1606541225.562000, 1606541429.418000
1606541429.434000, 1606541454.796000, 1606541454.796000, 1606541460.622000, 1606541460.622000, 1606541665.556000
1606541665.565000, 1606541755.072000, 1606541755.072000, 1606541761.003000, 1606541761.003000, 1606541857.591000
