read_start,read_end,cpu_start,cpu_end,write_start,write_end
1606551606.349000, 1606551761.689000, 1606551761.689000, 1606551767.428000, 1606551767.428000, 1606552073.789000
1606552073.804000, 1606552107.776000, 1606552107.776000, 1606552114.216000, 1606552114.216000, 1606552572.982000
1606552573.685000, 1606552588.574000, 1606552588.574000, 1606552593.424000, 1606552593.424000, 1606552686.624000
