read_start,read_end,cpu_start,cpu_end,write_start,write_end
1606539727.823000, 1606539810.894000, 1606539810.894000, 1606539816.062000, 1606539816.062000, 1606539982.721000
1606539982.742000, 1606540002.906000, 1606540002.906000, 1606540008.314000, 1606540008.314000, 1606540229.244000
1606540229.272000, 1606540244.363000, 1606540244.363000, 1606540249.263000, 1606540249.263000, 1606540372.043000
