read_start,read_end,cpu_start,cpu_end,write_start,write_end
1606555985.189000, 1606556162.964000, 1606556162.964000, 1606556168.689000, 1606556168.689000, 1606556464.035000
1606556464.056000, 1606556504.347000, 1606556504.347000, 1606556510.169000, 1606556510.169000, 1606557010.411000
1606557010.476000, 1606557016.253000, 1606557016.253000, 1606557021.009000, 1606557021.009000, 1606557033.274000
