read_start,read_end,cpu_start,cpu_end,write_start,write_end
1606545485.627000, 1606545607.926000, 1606545607.926000, 1606545613.384000, 1606545613.384000, 1606545875.655000
1606545875.686000, 1606545907.625000, 1606545907.625000, 1606545914.626000, 1606545914.626000, 1606546147.138000
1606546147.342000, 1606546177.517000, 1606546177.517000, 1606546183.057000, 1606546183.057000, 1606546396.055000
