read_start,read_end,cpu_start,cpu_end,write_start,write_end
1606546440.158000, 1606546568.022000, 1606546568.022000, 1606546573.625000, 1606546573.625000, 1606546822.694000
1606546822.714000, 1606546849.295000, 1606546849.295000, 1606546855.360000, 1606546855.360000, 1606547145.188000
1606547145.350000, 1606547156.729000, 1606547156.729000, 1606547162.760000, 1606547162.760000, 1606547377.259000
