read_start,read_end,cpu_start,cpu_end,write_start,write_end
1606548502.532000, 1606548641.487000, 1606548641.487000, 1606548647.263000, 1606548647.263000, 1606548894.182000
1606548894.201000, 1606548926.370000, 1606548926.370000, 1606548933.492000, 1606548933.492000, 1606549362.329000
1606549362.377000, 1606549376.409000, 1606549376.409000, 1606549381.221000, 1606549381.221000, 1606549463.476000
