read_start,read_end,cpu_start,cpu_end,write_start,write_end
1606551606.382000, 1606551761.997000, 1606551761.997000, 1606551768.020000, 1606551768.020000, 1606552069.739000
1606552069.753000, 1606552104.453000, 1606552104.453000, 1606552111.770000, 1606552111.770000, 1606552387.753000
1606552387.880000, 1606552406.825000, 1606552406.825000, 1606552411.666000, 1606552411.666000, 1606552502.660000
