read_start,read_end,cpu_start,cpu_end,write_start,write_end
1606552720.155000, 1606552881.066000, 1606552881.066000, 1606552886.988000, 1606552886.988000, 1606553131.479000
1606553131.501000, 1606553139.493000, 1606553139.493000, 1606553144.493000, 1606553144.493000, 1606553180.646000
1606553180.876000, 1606553235.393000, 1606553235.393000, 1606553241.963000, 1606553241.963000, 1606553502.158000
