read_start,read_end,cpu_start,cpu_end,write_start,write_end
1606539154.480000, 1606539232.195000, 1606539232.195000, 1606539236.935000, 1606539236.935000, 1606539372.653000
1606539372.677000, 1606539388.283000, 1606539388.283000, 1606539393.661000, 1606539393.661000, 1606539534.028000
1606539534.061000, 1606539553.541000, 1606539553.541000, 1606539558.745000, 1606539558.745000, 1606539664.819000
