read_start,read_end,cpu_start,cpu_end,write_start,write_end
1606549493.079000, 1606549637.497000, 1606549637.497000, 1606549643.107000, 1606549643.107000, 1606549900.308000
1606549900.323000, 1606549931.997000, 1606549931.997000, 1606549937.630000, 1606549937.630000, 1606550208.214000
1606550208.889000, 1606550245.615000, 1606550245.615000, 1606550251.331000, 1606550251.331000, 1606550527.261000
