read_start,read_end,cpu_start,cpu_end,write_start,write_end
1606536122.910000, 1606536161.765000, 1606536161.765000, 1606536166.457000, 1606536166.457000, 1606536239.863000
1606536239.880000, 1606536249.051000, 1606536249.051000, 1606536254.078000, 1606536254.078000, 1606536335.186000
1606536335.200000, 1606536339.863000, 1606536339.863000, 1606536344.821000, 1606536344.821000, 1606536404.563000
