read_start,read_end,cpu_start,cpu_end,write_start,write_end
1606537585.496000, 1606537646.566000, 1606537646.566000, 1606537651.409000, 1606537651.409000, 1606537774.932000
1606537774.944000, 1606537779.460000, 1606537779.460000, 1606537784.683000, 1606537784.683000, 1606537920.889000
1606537920.910000, 1606537963.428000, 1606537963.428000, 1606537968.286000, 1606537968.286000, 1606538017.328000
