read_start,read_end,cpu_start,cpu_end,write_start,write_end
1606551606.347000, 1606551761.622000, 1606551761.622000, 1606551767.268000, 1606551767.268000, 1606552071.571000
1606552071.585000, 1606552106.684000, 1606552106.684000, 1606552113.489000, 1606552113.489000, 1606552572.980000
1606552573.652000, 1606552588.659000, 1606552588.659000, 1606552593.748000, 1606552593.748000, 1606552686.882000
