read_start,read_end,cpu_start,cpu_end,write_start,write_end
1606540391.652000, 1606540480.363000, 1606540480.363000, 1606540485.175000, 1606540485.175000, 1606540632.331000
1606540632.356000, 1606540682.879000, 1606540682.879000, 1606540688.330000, 1606540688.330000, 1606540867.692000
1606540867.726000, 1606540891.753000, 1606540891.753000, 1606540897.517000, 1606540897.517000, 1606541071.176000
