read_start,read_end,cpu_start,cpu_end,write_start,write_end
1606546440.168000, 1606546568.027000, 1606546568.027000, 1606546573.803000, 1606546573.803000, 1606546830.481000
1606546830.496000, 1606546852.952000, 1606546852.952000, 1606546859.106000, 1606546859.106000, 1606547244.984000
1606547245.076000, 1606547250.335000, 1606547250.335000, 1606547255.161000, 1606547255.161000, 1606547287.601000
