read_start,read_end,cpu_start,cpu_end,write_start,write_end
1606540391.667000, 1606540480.526000, 1606540480.526000, 1606540485.276000, 1606540485.276000, 1606540650.810000
1606540650.827000, 1606540682.879000, 1606540682.879000, 1606540688.485000, 1606540688.485000, 1606540867.634000
1606540867.647000, 1606540891.327000, 1606540891.327000, 1606540897.007000, 1606540897.007000, 1606540935.161000
