read_start,read_end,cpu_start,cpu_end,write_start,write_end
1606554823.824000, 1606554995.915000, 1606554995.915000, 1606555001.623000, 1606555001.623000, 1606555291.984000
1606555292.001000, 1606555301.710000, 1606555301.710000, 1606555307.616000, 1606555307.616000, 1606555637.115000
1606555637.219000, 1606555688.888000, 1606555688.888000, 1606555695.010000, 1606555695.010000, 1606555909.800000
