read_start,read_end,cpu_start,cpu_end,write_start,write_end
1606552720.180000, 1606552881.410000, 1606552881.410000, 1606552888.557000, 1606552888.557000, 1606553155.406000
1606553155.435000, 1606553190.480000, 1606553190.480000, 1606553196.204000, 1606553196.204000, 1606553489.385000
1606553489.430000, 1606553502.799000, 1606553502.799000, 1606553509.118000, 1606553509.118000, 1606553697.457000
