read_start,read_end,cpu_start,cpu_end,write_start,write_end
1606541125.387000, 1606541219.633000, 1606541219.633000, 1606541225.511000, 1606541225.511000, 1606541429.421000
1606541429.442000, 1606541454.817000, 1606541454.817000, 1606541460.600000, 1606541460.600000, 1606541664.529000
1606541664.543000, 1606541708.268000, 1606541708.268000, 1606541713.481000, 1606541713.481000, 1606541846.581000
