read_start,read_end,cpu_start,cpu_end,write_start,write_end
1606544525.615000, 1606544642.234000, 1606544642.234000, 1606544648.004000, 1606544648.004000, 1606544911.997000
1606544912.031000, 1606544943.212000, 1606544943.212000, 1606544948.863000, 1606544948.863000, 1606545201.386000
1606545201.598000, 1606545231.210000, 1606545231.210000, 1606545236.796000, 1606545236.796000, 1606545459.570000
