read_start,read_end,cpu_start,cpu_end,write_start,write_end
1606537585.494000, 1606537646.524000, 1606537646.524000, 1606537651.905000, 1606537651.905000, 1606537750.736000
1606537750.752000, 1606537772.333000, 1606537772.333000, 1606537777.618000, 1606537777.618000, 1606537862.838000
1606537862.860000, 1606537883.466000, 1606537883.466000, 1606537888.479000, 1606537888.479000, 1606537977.499000
