read_start,read_end,cpu_start,cpu_end,write_start,write_end
1606542758.574000, 1606542864.095000, 1606542864.095000, 1606542869.595000, 1606542869.595000, 1606543061.756000
1606543061.781000, 1606543092.522000, 1606543092.522000, 1606543098.205000, 1606543098.205000, 1606543352.154000
1606543352.171000, 1606543463.421000, 1606543463.421000, 1606543468.268000, 1606543468.268000, 1606543541.833000
