read_start,read_end,cpu_start,cpu_end,write_start,write_end
1606541125.406000, 1606541219.794000, 1606541219.794000, 1606541224.985000, 1606541224.985000, 1606541418.298000
1606541418.313000, 1606541454.555000, 1606541454.555000, 1606541460.312000, 1606541460.312000, 1606541556.428000
1606541556.441000, 1606541647.012000, 1606541647.012000, 1606541651.930000, 1606541651.930000, 1606541755.657000
