read_start,read_end,cpu_start,cpu_end,write_start,write_end
1606536414.765000, 1606536459.176000, 1606536459.176000, 1606536464.422000, 1606536464.422000, 1606536558.664000
1606536558.679000, 1606536570.484000, 1606536570.484000, 1606536575.421000, 1606536575.421000, 1606536665.227000
1606536665.241000, 1606536674.990000, 1606536674.990000, 1606536679.919000, 1606536679.919000, 1606536753.706000
