read_start,read_end,cpu_start,cpu_end,write_start,write_end
1606551606.346000, 1606551761.633000, 1606551761.633000, 1606551767.371000, 1606551767.371000, 1606552049.733000
1606552049.747000, 1606552062.196000, 1606552062.196000, 1606552066.814000, 1606552066.814000, 1606552108.810000
1606552108.831000, 1606552213.217000, 1606552213.217000, 1606552217.701000, 1606552217.701000, 1606552573.008000
