read_start,read_end,cpu_start,cpu_end,write_start,write_end
1606535670.265000, 1606535698.056000, 1606535698.056000, 1606535702.625000, 1606535702.625000, 1606535750.805000
1606535750.819000, 1606535753.943000, 1606535753.943000, 1606535759.496000, 1606535759.496000, 1606535807.456000
1606535807.474000, 1606535811.054000, 1606535811.054000, 1606535815.894000, 1606535815.894000, 1606535859.698000
