read_start,read_end,cpu_start,cpu_end,write_start,write_end
1606555985.197000, 1606556163.308000, 1606556163.308000, 1606556170.137000, 1606556170.137000, 1606556464.277000
1606556464.298000, 1606556504.569000, 1606556504.569000, 1606556511.419000, 1606556511.419000, 1606556801.020000
1606556801.108000, 1606556836.455000, 1606556836.455000, 1606556841.458000, 1606556841.458000, 1606557010.508000
