read_start,read_end,cpu_start,cpu_end,write_start,write_end
1606544525.633000, 1606544642.240000, 1606544642.240000, 1606544647.655000, 1606544647.655000, 1606544912.092000
1606544912.132000, 1606544943.215000, 1606544943.215000, 1606544948.509000, 1606544948.509000, 1606545201.575000
1606545202.177000, 1606545231.594000, 1606545231.594000, 1606545237.104000, 1606545237.104000, 1606545459.809000
