read_start,read_end,cpu_start,cpu_end,write_start,write_end
1606555985.226000, 1606556163.334000, 1606556163.334000, 1606556170.504000, 1606556170.504000, 1606556463.264000
1606556463.279000, 1606556502.986000, 1606556502.986000, 1606556509.068000, 1606556509.068000, 1606556875.184000
1606556875.301000, 1606556974.060000, 1606556974.060000, 1606556979.177000, 1606556979.177000, 1606557092.943000
