read_start,read_end,cpu_start,cpu_end,write_start,write_end
1606554823.848000, 1606554996.272000, 1606554996.272000, 1606555002.636000, 1606555002.636000, 1606555300.306000
1606555300.324000, 1606555381.180000, 1606555381.180000, 1606555386.948000, 1606555386.948000, 1606555765.161000
1606555765.320000, 1606555787.641000, 1606555787.641000, 1606555793.039000, 1606555793.039000, 1606555934.015000
