read_start,read_end,cpu_start,cpu_end,write_start,write_end
1606550555.038000, 1606550704.699000, 1606550704.699000, 1606550710.337000, 1606550710.337000, 1606550840.259000
1606550840.274000, 1606550879.346000, 1606550879.346000, 1606550884.237000, 1606550884.237000, 1606550949.411000
1606550949.497000, 1606550964.181000, 1606550964.181000, 1606550969.181000, 1606550969.181000, 1606551011.507000
