read_start,read_end,cpu_start,cpu_end,write_start,write_end
1606555985.212000, 1606556163.332000, 1606556163.332000, 1606556170.013000, 1606556170.013000, 1606556463.732000
1606556463.751000, 1606556503.995000, 1606556503.995000, 1606556510.602000, 1606556510.602000, 1606556836.455000
1606556836.556000, 1606556850.357000, 1606556850.357000, 1606556855.753000, 1606556855.753000, 1606557074.390000
