read_start,read_end,cpu_start,cpu_end,write_start,write_end
1606545485.611000, 1606545607.675000, 1606545607.675000, 1606545613.111000, 1606545613.111000, 1606545875.495000
1606545875.516000, 1606545907.008000, 1606545907.008000, 1606545912.585000, 1606545912.585000, 1606546147.018000
1606546147.441000, 1606546177.137000, 1606546177.137000, 1606546182.674000, 1606546182.674000, 1606546396.094000
