read_start,read_end,cpu_start,cpu_end,write_start,write_end
1606554823.831000, 1606554996.139000, 1606554996.139000, 1606555001.869000, 1606555001.869000, 1606555282.059000
1606555282.078000, 1606555293.605000, 1606555293.605000, 1606555298.766000, 1606555298.766000, 1606555395.067000
1606555395.245000, 1606555534.180000, 1606555534.180000, 1606555538.907000, 1606555538.907000, 1606555909.802000
