read_start,read_end,cpu_start,cpu_end,write_start,write_end
1606536768.022000, 1606536817.868000, 1606536817.868000, 1606536822.605000, 1606536822.605000, 1606536912.782000
1606536912.796000, 1606536922.667000, 1606536922.667000, 1606536928.019000, 1606536928.019000, 1606537022.151000
1606537022.173000, 1606537042.451000, 1606537042.451000, 1606537047.528000, 1606537047.528000, 1606537129.175000
