read_start,read_end,cpu_start,cpu_end,write_start,write_end
1606539727.827000, 1606539811.102000, 1606539811.102000, 1606539816.048000, 1606539816.048000, 1606539982.568000
1606539982.585000, 1606540002.729000, 1606540002.729000, 1606540007.976000, 1606540007.976000, 1606540229.244000
1606540229.272000, 1606540244.353000, 1606540244.353000, 1606540249.238000, 1606540249.238000, 1606540372.040000
