read_start,read_end,cpu_start,cpu_end,write_start,write_end
1606542758.563000, 1606542863.874000, 1606542863.874000, 1606542869.098000, 1606542869.098000, 1606543056.339000
1606543056.359000, 1606543093.269000, 1606543093.269000, 1606543099.040000, 1606543099.040000, 1606543385.290000
1606543385.311000, 1606543465.236000, 1606543465.236000, 1606543470.199000, 1606543470.199000, 1606543559.049000
