read_start,read_end,cpu_start,cpu_end,write_start,write_end
1606538032.914000, 1606538099.582000, 1606538099.582000, 1606538104.913000, 1606538104.913000, 1606538223.442000
1606538223.469000, 1606538241.928000, 1606538241.928000, 1606538247.462000, 1606538247.462000, 1606538368.067000
1606538368.083000, 1606538410.685000, 1606538410.685000, 1606538415.891000, 1606538415.891000, 1606538509.307000
