read_start,read_end,cpu_start,cpu_end,write_start,write_end
1606543613.579000, 1606543724.620000, 1606543724.620000, 1606543729.989000, 1606543729.989000, 1606543955.675000
1606543955.697000, 1606543999.592000, 1606543999.592000, 1606544005.356000, 1606544005.356000, 1606544346.349000
1606544346.389000, 1606544359.233000, 1606544359.233000, 1606544364.547000, 1606544364.547000, 1606544461.864000
