read_start,read_end,cpu_start,cpu_end,write_start,write_end
1606536414.761000, 1606536459.134000, 1606536459.134000, 1606536464.407000, 1606536464.407000, 1606536558.402000
1606536558.427000, 1606536570.382000, 1606536570.382000, 1606536575.221000, 1606536575.221000, 1606536663.842000
1606536663.857000, 1606536672.284000, 1606536672.284000, 1606536677.453000, 1606536677.453000, 1606536740.987000
