read_start,read_end,cpu_start,cpu_end,write_start,write_end
1606554823.828000, 1606554996.124000, 1606554996.124000, 1606555002.660000, 1606555002.660000, 1606555299.556000
1606555299.580000, 1606555379.533000, 1606555379.533000, 1606555385.704000, 1606555385.704000, 1606555784.348000
1606555784.419000, 1606555794.191000, 1606555794.191000, 1606555799.919000, 1606555799.919000, 1606555933.893000
