read_start,read_end,cpu_start,cpu_end,write_start,write_end
1606549493.084000, 1606549637.502000, 1606549637.502000, 1606549643.121000, 1606549643.121000, 1606549901.239000
1606549901.254000, 1606549932.737000, 1606549932.737000, 1606549938.358000, 1606549938.358000, 1606550208.214000
1606550208.940000, 1606550245.832000, 1606550245.832000, 1606550251.988000, 1606550251.988000, 1606550522.116000
