read_start,read_end,cpu_start,cpu_end,write_start,write_end
1606546440.160000, 1606546568.022000, 1606546568.022000, 1606546573.301000, 1606546573.301000, 1606546747.546000
1606546747.561000, 1606546761.993000, 1606546761.993000, 1606546766.420000, 1606546766.420000, 1606546807.763000
1606546807.884000, 1606546816.467000, 1606546816.467000, 1606546822.072000, 1606546822.072000, 1606546907.185000
