read_start,read_end,cpu_start,cpu_end,write_start,write_end
1606543613.562000, 1606543724.533000, 1606543724.533000, 1606543729.925000, 1606543729.925000, 1606543951.128000
1606543951.149000, 1606543999.585000, 1606543999.585000, 1606544005.756000, 1606544005.756000, 1606544205.994000
1606544206.046000, 1606544217.839000, 1606544217.839000, 1606544222.961000, 1606544222.961000, 1606544346.480000
