read_start,read_end,cpu_start,cpu_end,write_start,write_end
1606552720.153000, 1606552881.024000, 1606552881.024000, 1606552887.738000, 1606552887.738000, 1606553154.059000
1606553154.085000, 1606553188.332000, 1606553188.332000, 1606553194.351000, 1606553194.351000, 1606553425.164000
1606553425.241000, 1606553433.059000, 1606553433.059000, 1606553438.516000, 1606553438.516000, 1606553489.625000
