read_start,read_end,cpu_start,cpu_end,write_start,write_end
1606552720.166000, 1606552881.409000, 1606552881.409000, 1606552887.483000, 1606552887.483000, 1606553157.723000
1606553157.750000, 1606553192.246000, 1606553192.246000, 1606553198.041000, 1606553198.041000, 1606553478.419000
1606553478.502000, 1606553496.823000, 1606553496.823000, 1606553502.216000, 1606553502.216000, 1606553648.719000
