read_start,read_end,cpu_start,cpu_end,write_start,write_end
1606535399.401000, 1606535416.093000, 1606535416.093000, 1606535420.675000, 1606535420.675000, 1606535447.821000
1606535447.835000, 1606535450.776000, 1606535450.776000, 1606535455.719000, 1606535455.719000, 1606535482.149000
1606535482.163000, 1606535485.097000, 1606535485.097000, 1606535489.565000, 1606535489.565000, 1606535508.528000
