read_start,read_end,cpu_start,cpu_end,write_start,write_end
1606543613.555000, 1606543724.325000, 1606543724.325000, 1606543729.389000, 1606543729.389000, 1606543856.505000
1606543856.520000, 1606543986.736000, 1606543986.736000, 1606543991.612000, 1606543991.612000, 1606544026.773000
1606544026.792000, 1606544206.245000, 1606544206.245000, 1606544211.159000, 1606544211.159000, 1606544260.991000
