read_start,read_end,cpu_start,cpu_end,write_start,write_end
1606539727.831000, 1606539811.166000, 1606539811.166000, 1606539816.352000, 1606539816.352000, 1606539982.442000
1606539982.459000, 1606540001.850000, 1606540001.850000, 1606540006.950000, 1606540006.950000, 1606540229.146000
1606540229.168000, 1606540243.306000, 1606540243.306000, 1606540248.674000, 1606540248.674000, 1606540372.261000
