read_start,read_end,cpu_start,cpu_end,write_start,write_end
1606538032.912000, 1606538099.582000, 1606538099.582000, 1606538104.809000, 1606538104.809000, 1606538226.863000
1606538226.879000, 1606538242.484000, 1606538242.484000, 1606538247.972000, 1606538247.972000, 1606538373.186000
1606538373.201000, 1606538411.597000, 1606538411.597000, 1606538417.028000, 1606538417.028000, 1606538509.413000
