read_start,read_end,cpu_start,cpu_end,write_start,write_end
1606550555.043000, 1606550704.932000, 1606550704.932000, 1606550710.649000, 1606550710.649000, 1606550999.066000
1606550999.079000, 1606551021.165000, 1606551021.165000, 1606551027.137000, 1606551027.137000, 1606551422.623000
1606551422.867000, 1606551496.868000, 1606551496.868000, 1606551501.558000, 1606551501.558000, 1606551564.486000
