read_start,read_end,cpu_start,cpu_end,write_start,write_end
1606551606.380000, 1606551761.992000, 1606551761.992000, 1606551767.787000, 1606551767.787000, 1606552068.533000
1606552068.546000, 1606552101.983000, 1606552101.983000, 1606552107.862000, 1606552107.862000, 1606552387.746000
1606552387.864000, 1606552406.825000, 1606552406.825000, 1606552411.721000, 1606552411.721000, 1606552573.197000
