read_start,read_end,cpu_start,cpu_end,write_start,write_end
1606545485.636000, 1606545607.930000, 1606545607.930000, 1606545613.324000, 1606545613.324000, 1606545875.589000
1606545875.617000, 1606545907.611000, 1606545907.611000, 1606545913.166000, 1606545913.166000, 1606546147.137000
1606546147.939000, 1606546178.287000, 1606546178.287000, 1606546184.497000, 1606546184.497000, 1606546406.926000
