read_start,read_end,cpu_start,cpu_end,write_start,write_end
1606549493.094000, 1606549637.502000, 1606549637.502000, 1606549643.285000, 1606549643.285000, 1606549914.949000
1606549914.964000, 1606550003.021000, 1606550003.021000, 1606550008.350000, 1606550008.350000, 1606550210.979000
1606550211.087000, 1606550246.058000, 1606550246.058000, 1606550252.376000, 1606550252.376000, 1606550522.092000
