read_start,read_end,cpu_start,cpu_end,write_start,write_end
1606537150.831000, 1606537206.308000, 1606537206.308000, 1606537211.573000, 1606537211.573000, 1606537314.128000
1606537314.157000, 1606537328.801000, 1606537328.801000, 1606537333.840000, 1606537333.840000, 1606537433.115000
1606537433.130000, 1606537443.016000, 1606537443.016000, 1606537447.927000, 1606537447.927000, 1606537517.859000
