read_start,read_end,cpu_start,cpu_end,write_start,write_end
1606547461.337000, 1606547594.666000, 1606547594.666000, 1606547599.909000, 1606547599.909000, 1606547895.382000
1606547895.404000, 1606547919.256000, 1606547919.256000, 1606547924.651000, 1606547924.651000, 1606548217.988000
1606548218.024000, 1606548253.101000, 1606548253.101000, 1606548258.814000, 1606548258.814000, 1606548465.689000
