read_start,read_end,cpu_start,cpu_end,write_start,write_end
1606546440.173000, 1606546568.022000, 1606546568.022000, 1606546573.470000, 1606546573.470000, 1606546816.555000
1606546816.579000, 1606546846.990000, 1606546846.990000, 1606546852.715000, 1606546852.715000, 1606547145.178000
1606547145.300000, 1606547156.716000, 1606547156.716000, 1606547161.893000, 1606547161.893000, 1606547377.505000
