read_start,read_end,cpu_start,cpu_end,write_start,write_end
1606550555.047000, 1606550705.089000, 1606550705.089000, 1606550711.165000, 1606550711.165000, 1606550981.440000
1606550981.454000, 1606550998.106000, 1606550998.106000, 1606551003.006000, 1606551003.006000, 1606551159.387000
1606551159.401000, 1606551264.786000, 1606551264.786000, 1606551269.995000, 1606551269.995000, 1606551422.538000
