read_start,read_end,cpu_start,cpu_end,write_start,write_end
1606535866.310000, 1606535899.638000, 1606535899.638000, 1606535904.243000, 1606535904.243000, 1606535978.859000
1606535978.876000, 1606535984.859000, 1606535984.859000, 1606535989.958000, 1606535989.958000, 1606536057.444000
1606536057.459000, 1606536059.473000, 1606536059.473000, 1606536064.774000, 1606536064.774000, 1606536107.077000
