read_start,read_end,cpu_start,cpu_end,write_start,write_end
1606544525.613000, 1606544642.227000, 1606544642.227000, 1606544647.328000, 1606544647.328000, 1606544911.779000
1606544911.800000, 1606544942.869000, 1606544942.869000, 1606544948.382000, 1606544948.382000, 1606545201.575000
1606545202.130000, 1606545231.593000, 1606545231.593000, 1606545237.980000, 1606545237.980000, 1606545459.586000
