read_start,read_end,cpu_start,cpu_end,write_start,write_end
1606549493.082000, 1606549637.501000, 1606549637.501000, 1606549643.145000, 1606549643.145000, 1606549902.430000
1606549902.446000, 1606549934.515000, 1606549934.515000, 1606549939.842000, 1606549939.842000, 1606550208.215000
1606550208.782000, 1606550244.873000, 1606550244.873000, 1606550250.627000, 1606550250.627000, 1606550522.105000
