read_start,read_end,cpu_start,cpu_end,write_start,write_end
1606540391.655000, 1606540480.461000, 1606540480.461000, 1606540485.242000, 1606540485.242000, 1606540683.667000
1606540683.695000, 1606540727.147000, 1606540727.147000, 1606540732.569000, 1606540732.569000, 1606540879.707000
1606540879.721000, 1606540893.710000, 1606540893.710000, 1606540899.956000, 1606540899.956000, 1606541071.176000
