read_start,read_end,cpu_start,cpu_end,write_start,write_end
1606555985.203000, 1606556163.331000, 1606556163.331000, 1606556169.515000, 1606556169.515000, 1606556460.140000
1606556460.156000, 1606556494.820000, 1606556494.820000, 1606556500.354000, 1606556500.354000, 1606556810.344000
1606556810.539000, 1606556844.507000, 1606556844.507000, 1606556850.506000, 1606556850.506000, 1606557087.847000
