read_start,read_end,cpu_start,cpu_end,write_start,write_end
1606554823.839000, 1606554996.269000, 1606554996.269000, 1606555002.755000, 1606555002.755000, 1606555299.585000
1606555299.608000, 1606555379.664000, 1606555379.664000, 1606555385.820000, 1606555385.820000, 1606555689.663000
1606555689.759000, 1606555702.242000, 1606555702.242000, 1606555707.257000, 1606555707.257000, 1606555909.804000
