read_start,read_end,cpu_start,cpu_end,write_start,write_end
1606542758.561000, 1606542863.838000, 1606542863.838000, 1606542869.759000, 1606542869.759000, 1606543067.957000
1606543067.971000, 1606543093.960000, 1606543093.960000, 1606543099.765000, 1606543099.765000, 1606543314.357000
1606543314.381000, 1606543329.729000, 1606543329.729000, 1606543335.696000, 1606543335.696000, 1606543465.466000
