read_start,read_end,cpu_start,cpu_end,write_start,write_end
1606547461.321000, 1606547594.664000, 1606547594.664000, 1606547600.392000, 1606547600.392000, 1606547895.418000
1606547895.435000, 1606547919.049000, 1606547919.049000, 1606547924.363000, 1606547924.363000, 1606548208.710000
1606548208.733000, 1606548215.517000, 1606548215.517000, 1606548222.165000, 1606548222.165000, 1606548282.002000
