read_start,read_end,cpu_start,cpu_end,write_start,write_end
1606551606.370000, 1606551761.990000, 1606551761.990000, 1606551768.306000, 1606551768.306000, 1606552072.279000
1606552072.293000, 1606552107.085000, 1606552107.085000, 1606552112.874000, 1606552112.874000, 1606552387.076000
1606552387.179000, 1606552406.179000, 1606552406.179000, 1606552411.108000, 1606552411.108000, 1606552502.438000
