read_start,read_end,cpu_start,cpu_end,write_start,write_end
1606535670.261000, 1606535698.044000, 1606535698.044000, 1606535702.648000, 1606535702.648000, 1606535746.729000
1606535746.743000, 1606535752.674000, 1606535752.674000, 1606535757.578000, 1606535757.578000, 1606535813.273000
1606535813.285000, 1606535815.140000, 1606535815.140000, 1606535819.714000, 1606535819.714000, 1606535857.454000
