read_start,read_end,cpu_start,cpu_end,write_start,write_end
1606546440.154000, 1606546568.022000, 1606546568.022000, 1606546573.880000, 1606546573.880000, 1606546836.552000
1606546836.567000, 1606546854.171000, 1606546854.171000, 1606546860.535000, 1606546860.535000, 1606547249.584000
1606547249.725000, 1606547252.620000, 1606547252.620000, 1606547259.649000, 1606547259.649000, 1606547392.462000
