read_start,read_end,cpu_start,cpu_end,write_start,write_end
1606539727.822000, 1606539810.966000, 1606539810.966000, 1606539815.782000, 1606539815.782000, 1606539987.749000
1606539987.763000, 1606540004.935000, 1606540004.935000, 1606540010.165000, 1606540010.165000, 1606540231.116000
1606540231.130000, 1606540244.663000, 1606540244.663000, 1606540249.871000, 1606540249.871000, 1606540372.052000
