read_start,read_end,cpu_start,cpu_end,write_start,write_end
1606541125.394000, 1606541219.720000, 1606541219.720000, 1606541225.437000, 1606541225.437000, 1606541431.431000
1606541431.446000, 1606541455.019000, 1606541455.019000, 1606541461.241000, 1606541461.241000, 1606541670.752000
1606541670.767000, 1606541755.662000, 1606541755.662000, 1606541761.780000, 1606541761.780000, 1606541843.202000
