read_start,read_end,cpu_start,cpu_end,write_start,write_end
1606539727.830000, 1606539811.159000, 1606539811.159000, 1606539816.339000, 1606539816.339000, 1606539982.415000
1606539982.436000, 1606540002.659000, 1606540002.659000, 1606540008.066000, 1606540008.066000, 1606540229.138000
1606540229.156000, 1606540244.198000, 1606540244.198000, 1606540249.064000, 1606540249.064000, 1606540372.179000
