read_start,read_end,cpu_start,cpu_end,write_start,write_end
1606550555.056000, 1606550705.090000, 1606550705.090000, 1606550710.913000, 1606550710.913000, 1606551014.999000
1606551015.016000, 1606551134.538000, 1606551134.538000, 1606551139.609000, 1606551139.609000, 1606551280.179000
1606551280.424000, 1606551392.141000, 1606551392.141000, 1606551397.703000, 1606551397.703000, 1606551564.726000
