read_start,read_end,cpu_start,cpu_end,write_start,write_end
1606551606.383000, 1606551761.990000, 1606551761.990000, 1606551768.147000, 1606551768.147000, 1606552070.914000
1606552070.929000, 1606552106.083000, 1606552106.083000, 1606552112.994000, 1606552112.994000, 1606552573.023000
1606552573.636000, 1606552588.264000, 1606552588.264000, 1606552594.056000, 1606552594.056000, 1606552666.250000
