read_start,read_end,cpu_start,cpu_end,write_start,write_end
1606552720.161000, 1606552881.409000, 1606552881.409000, 1606552886.707000, 1606552886.707000, 1606553131.484000
1606553131.498000, 1606553139.490000, 1606553139.490000, 1606553144.176000, 1606553144.176000, 1606553180.709000
1606553180.802000, 1606553235.369000, 1606553235.369000, 1606553241.863000, 1606553241.863000, 1606553498.110000
