read_start,read_end,cpu_start,cpu_end,write_start,write_end
1606546440.150000, 1606546567.905000, 1606546567.905000, 1606546573.548000, 1606546573.548000, 1606546816.558000
1606546816.586000, 1606546846.994000, 1606546846.994000, 1606546852.702000, 1606546852.702000, 1606547253.917000
1606547254.023000, 1606547272.813000, 1606547272.813000, 1606547277.701000, 1606547277.701000, 1606547392.468000
