read_start,read_end,cpu_start,cpu_end,write_start,write_end
1606553727.821000, 1606553894.638000, 1606553894.638000, 1606553900.386000, 1606553900.386000, 1606554184.418000
1606554184.432000, 1606554200.582000, 1606554200.582000, 1606554205.211000, 1606554205.211000, 1606554430.298000
1606554430.317000, 1606554460.935000, 1606554460.935000, 1606554466.893000, 1606554466.893000, 1606554725.077000
