read_start,read_end,cpu_start,cpu_end,write_start,write_end
1606537150.823000, 1606537206.243000, 1606537206.243000, 1606537211.295000, 1606537211.295000, 1606537321.473000
1606537321.486000, 1606537329.855000, 1606537329.855000, 1606537335.058000, 1606537335.058000, 1606537540.136000
1606537540.149000, 1606537542.266000, 1606537542.266000, 1606537546.797000, 1606537546.797000, 1606537572.453000
