read_start,read_end,cpu_start,cpu_end,write_start,write_end
1606535670.263000, 1606535698.048000, 1606535698.048000, 1606535703.275000, 1606535703.275000, 1606535746.109000
1606535746.124000, 1606535750.299000, 1606535750.299000, 1606535755.207000, 1606535755.207000, 1606535782.091000
1606535782.105000, 1606535783.863000, 1606535783.863000, 1606535788.208000, 1606535788.208000, 1606535815.967000
