read_start,read_end,cpu_start,cpu_end,write_start,write_end
1606542758.560000, 1606542863.862000, 1606542863.862000, 1606542869.067000, 1606542869.067000, 1606543057.210000
1606543057.240000, 1606543093.259000, 1606543093.259000, 1606543099.205000, 1606543099.205000, 1606543312.093000
1606543312.113000, 1606543327.062000, 1606543327.062000, 1606543332.710000, 1606543332.710000, 1606543407.759000
