read_start,read_end,cpu_start,cpu_end,write_start,write_end
1606552720.156000, 1606552881.209000, 1606552881.209000, 1606552887.949000, 1606552887.949000, 1606553160.178000
1606553160.213000, 1606553193.496000, 1606553193.496000, 1606553199.327000, 1606553199.327000, 1606553632.852000
1606553633.063000, 1606553641.834000, 1606553641.834000, 1606553646.440000, 1606553646.440000, 1606553693.379000
