read_start,read_end,cpu_start,cpu_end,write_start,write_end
1606545485.638000, 1606545607.931000, 1606545607.931000, 1606545613.309000, 1606545613.309000, 1606545875.771000
1606545875.806000, 1606545907.628000, 1606545907.628000, 1606545913.318000, 1606545913.318000, 1606546147.138000
1606546147.948000, 1606546178.277000, 1606546178.277000, 1606546183.841000, 1606546183.841000, 1606546414.780000
