read_start,read_end,cpu_start,cpu_end,write_start,write_end
1606538032.909000, 1606538099.503000, 1606538099.503000, 1606538104.306000, 1606538104.306000, 1606538244.865000
1606538244.879000, 1606538246.728000, 1606538246.728000, 1606538252.468000, 1606538252.468000, 1606538407.099000
1606538407.113000, 1606538415.536000, 1606538415.536000, 1606538421.146000, 1606538421.146000, 1606538548.060000
