read_start,read_end,cpu_start,cpu_end,write_start,write_end
1606553727.814000, 1606553894.638000, 1606553894.638000, 1606553900.628000, 1606553900.628000, 1606554360.911000
1606554360.928000, 1606554429.059000, 1606554429.059000, 1606554436.000000, 1606554436.000000, 1606554570.745000
1606554570.860000, 1606554684.811000, 1606554684.811000, 1606554690.637000, 1606554690.637000, 1606554794.070000
