read_start,read_end,cpu_start,cpu_end,write_start,write_end
1606540391.667000, 1606540480.525000, 1606540480.525000, 1606540485.273000, 1606540485.273000, 1606540633.865000
1606540633.885000, 1606540682.878000, 1606540682.878000, 1606540688.458000, 1606540688.458000, 1606540867.692000
1606540867.725000, 1606540891.757000, 1606540891.757000, 1606540897.504000, 1606540897.504000, 1606541071.176000
