read_start,read_end,cpu_start,cpu_end,write_start,write_end
1606536414.761000, 1606536459.146000, 1606536459.146000, 1606536464.446000, 1606536464.446000, 1606536557.994000
1606536558.012000, 1606536570.361000, 1606536570.361000, 1606536575.430000, 1606536575.430000, 1606536664.620000
1606536664.634000, 1606536673.987000, 1606536673.987000, 1606536678.937000, 1606536678.937000, 1606536752.150000
