read_start,read_end,cpu_start,cpu_end,write_start,write_end
1606551606.376000, 1606551761.990000, 1606551761.990000, 1606551768.190000, 1606551768.190000, 1606552070.688000
1606552070.702000, 1606552105.901000, 1606552105.901000, 1606552112.548000, 1606552112.548000, 1606552572.729000
1606552572.794000, 1606552584.130000, 1606552584.130000, 1606552589.353000, 1606552589.353000, 1606552619.964000
