read_start,read_end,cpu_start,cpu_end,write_start,write_end
1606538032.905000, 1606538099.436000, 1606538099.436000, 1606538104.238000, 1606538104.238000, 1606538232.612000
1606538232.626000, 1606538243.983000, 1606538243.983000, 1606538249.612000, 1606538249.612000, 1606538399.651000
1606538399.667000, 1606538413.143000, 1606538413.143000, 1606538418.663000, 1606538418.663000, 1606538538.727000
