read_start,read_end,cpu_start,cpu_end,write_start,write_end
1606544525.605000, 1606544641.968000, 1606544641.968000, 1606544647.058000, 1606544647.058000, 1606544911.761000
1606544911.786000, 1606544942.807000, 1606544942.807000, 1606544948.315000, 1606544948.315000, 1606545201.575000
1606545202.104000, 1606545231.483000, 1606545231.483000, 1606545237.003000, 1606545237.003000, 1606545459.570000
