read_start,read_end,cpu_start,cpu_end,write_start,write_end
1606554823.824000, 1606554996.081000, 1606554996.081000, 1606555001.885000, 1606555001.885000, 1606555282.797000
1606555282.816000, 1606555294.091000, 1606555294.091000, 1606555299.351000, 1606555299.351000, 1606555399.401000
1606555399.512000, 1606555535.645000, 1606555535.645000, 1606555540.863000, 1606555540.863000, 1606555765.203000
