read_start,read_end,cpu_start,cpu_end,write_start,write_end
1606552720.188000, 1606552881.410000, 1606552881.410000, 1606552888.617000, 1606552888.617000, 1606553155.859000
1606553155.891000, 1606553190.943000, 1606553190.943000, 1606553197.046000, 1606553197.046000, 1606553476.698000
1606553476.787000, 1606553495.616000, 1606553495.616000, 1606553500.769000, 1606553500.769000, 1606553562.154000
