read_start,read_end,cpu_start,cpu_end,write_start,write_end
1606541125.390000, 1606541219.633000, 1606541219.633000, 1606541224.890000, 1606541224.890000, 1606541371.821000
1606541371.838000, 1606541449.363000, 1606541449.363000, 1606541454.742000, 1606541454.742000, 1606541544.437000
1606541544.451000, 1606541646.411000, 1606541646.411000, 1606541651.181000, 1606541651.181000, 1606541744.016000
