read_start,read_end,cpu_start,cpu_end,write_start,write_end
1606546440.143000, 1606546567.728000, 1606546567.728000, 1606546572.928000, 1606546572.928000, 1606546817.083000
1606546817.107000, 1606546846.975000, 1606546846.975000, 1606546852.957000, 1606546852.957000, 1606547142.945000
1606547143.013000, 1606547153.656000, 1606547153.656000, 1606547158.903000, 1606547158.903000, 1606547350.261000
