read_start,read_end,cpu_start,cpu_end,write_start,write_end
1606535309.456000, 1606535320.597000, 1606535320.597000, 1606535324.954000, 1606535324.954000, 1606535343.288000
1606535343.302000, 1606535345.602000, 1606535345.602000, 1606535350.172000, 1606535350.172000, 1606535368.839000
1606535368.852000, 1606535370.734000, 1606535370.734000, 1606535375.466000, 1606535375.466000, 1606535393.831000
