read_start,read_end,cpu_start,cpu_end,write_start,write_end
1606551606.346000, 1606551761.568000, 1606551761.568000, 1606551767.475000, 1606551767.475000, 1606552076.816000
1606552076.830000, 1606552108.975000, 1606552108.975000, 1606552115.138000, 1606552115.138000, 1606552572.994000
1606552573.607000, 1606552588.640000, 1606552588.640000, 1606552593.468000, 1606552593.468000, 1606552689.778000
