read_start,read_end,cpu_start,cpu_end,write_start,write_end
1606553727.803000, 1606553894.634000, 1606553894.634000, 1606553900.406000, 1606553900.406000, 1606554186.355000
1606554186.369000, 1606554231.430000, 1606554231.430000, 1606554235.925000, 1606554235.925000, 1606554429.067000
1606554429.128000, 1606554460.064000, 1606554460.064000, 1606554466.150000, 1606554466.150000, 1606554725.076000
