read_start,read_end,cpu_start,cpu_end,write_start,write_end
1606551606.374000, 1606551761.990000, 1606551761.990000, 1606551767.639000, 1606551767.639000, 1606552084.099000
1606552084.117000, 1606552110.974000, 1606552110.974000, 1606552116.317000, 1606552116.317000, 1606552572.975000
1606552573.822000, 1606552588.619000, 1606552588.619000, 1606552593.757000, 1606552593.757000, 1606552687.347000
