read_start,read_end,cpu_start,cpu_end,write_start,write_end
1606552720.168000, 1606552881.409000, 1606552881.409000, 1606552887.677000, 1606552887.677000, 1606553144.701000
1606553144.729000, 1606553155.005000, 1606553155.005000, 1606553161.712000, 1606553161.712000, 1606553236.669000
1606553236.782000, 1606553290.615000, 1606553290.615000, 1606553295.705000, 1606553295.705000, 1606553409.093000
