read_start,read_end,cpu_start,cpu_end,write_start,write_end
1606537585.501000, 1606537646.573000, 1606537646.573000, 1606537651.897000, 1606537651.897000, 1606537750.142000
1606537750.158000, 1606537772.197000, 1606537772.197000, 1606537777.625000, 1606537777.625000, 1606537862.831000
1606537862.849000, 1606537883.464000, 1606537883.464000, 1606537888.709000, 1606537888.709000, 1606537977.269000
