read_start,read_end,cpu_start,cpu_end,write_start,write_end
1606549493.100000, 1606549637.507000, 1606549637.507000, 1606549643.281000, 1606549643.281000, 1606549912.022000
1606549912.035000, 1606549955.268000, 1606549955.268000, 1606549960.216000, 1606549960.216000, 1606550208.221000
1606550209.142000, 1606550245.845000, 1606550245.845000, 1606550251.422000, 1606550251.422000, 1606550521.918000
