read_start,read_end,cpu_start,cpu_end,write_start,write_end
1606544525.624000, 1606544642.234000, 1606544642.234000, 1606544647.575000, 1606544647.575000, 1606544912.059000
1606544912.095000, 1606544943.214000, 1606544943.214000, 1606544948.946000, 1606544948.946000, 1606545201.386000
1606545201.599000, 1606545231.171000, 1606545231.171000, 1606545236.677000, 1606545236.677000, 1606545459.563000
