read_start,read_end,cpu_start,cpu_end,write_start,write_end
1606544525.611000, 1606544642.094000, 1606544642.094000, 1606544647.920000, 1606544647.920000, 1606544909.092000
1606544909.108000, 1606544941.468000, 1606544941.468000, 1606544946.948000, 1606544946.948000, 1606545184.690000
1606545184.725000, 1606545187.459000, 1606545187.459000, 1606545191.819000, 1606545191.819000, 1606545235.942000
