read_start,read_end,cpu_start,cpu_end,write_start,write_end
1606541907.101000, 1606542006.801000, 1606542006.801000, 1606542012.062000, 1606542012.062000, 1606542240.559000
1606542240.610000, 1606542268.545000, 1606542268.545000, 1606542273.530000, 1606542273.530000, 1606542464.972000
1606542465.006000, 1606542497.932000, 1606542497.932000, 1606542503.194000, 1606542503.194000, 1606542596.443000
