read_start,read_end,cpu_start,cpu_end,write_start,write_end
1606549493.098000, 1606549637.502000, 1606549637.502000, 1606549643.455000, 1606549643.455000, 1606549898.679000
1606549898.697000, 1606549930.338000, 1606549930.338000, 1606549935.972000, 1606549935.972000, 1606550208.213000
1606550208.788000, 1606550245.594000, 1606550245.594000, 1606550250.669000, 1606550250.669000, 1606550524.355000
