read_start,read_end,cpu_start,cpu_end,write_start,write_end
1606547461.330000, 1606547594.666000, 1606547594.666000, 1606547599.893000, 1606547599.893000, 1606547895.386000
1606547895.407000, 1606547919.269000, 1606547919.269000, 1606547924.623000, 1606547924.623000, 1606548208.710000
1606548208.733000, 1606548215.517000, 1606548215.517000, 1606548222.717000, 1606548222.717000, 1606548353.501000
