read_start,read_end,cpu_start,cpu_end,write_start,write_end
1606544525.621000, 1606544642.234000, 1606544642.234000, 1606544647.611000, 1606544647.611000, 1606544911.871000
1606544911.906000, 1606544943.196000, 1606544943.196000, 1606544948.639000, 1606544948.639000, 1606545201.381000
1606545201.589000, 1606545231.140000, 1606545231.140000, 1606545236.620000, 1606545236.620000, 1606545459.803000
