read_start,read_end,cpu_start,cpu_end,write_start,write_end
1606539727.836000, 1606539811.166000, 1606539811.166000, 1606539816.264000, 1606539816.264000, 1606539983.049000
1606539983.069000, 1606540003.055000, 1606540003.055000, 1606540008.335000, 1606540008.335000, 1606540229.153000
1606540229.174000, 1606540244.337000, 1606540244.337000, 1606540249.815000, 1606540249.815000, 1606540372.049000
