read_start,read_end,cpu_start,cpu_end,write_start,write_end
1606549493.078000, 1606549637.494000, 1606549637.494000, 1606549643.089000, 1606549643.089000, 1606549899.986000
1606549900.003000, 1606549931.691000, 1606549931.691000, 1606549937.427000, 1606549937.427000, 1606550208.215000
1606550208.784000, 1606550245.576000, 1606550245.576000, 1606550251.642000, 1606550251.642000, 1606550522.105000
