read_start,read_end,cpu_start,cpu_end,write_start,write_end
1606555985.201000, 1606556163.331000, 1606556163.331000, 1606556169.650000, 1606556169.650000, 1606556462.389000
1606556462.400000, 1606556501.748000, 1606556501.748000, 1606556507.991000, 1606556507.991000, 1606556810.348000
1606556810.621000, 1606556844.343000, 1606556844.343000, 1606556850.228000, 1606556850.228000, 1606557074.047000
