read_start,read_end,cpu_start,cpu_end,write_start,write_end
1606535866.312000, 1606535899.648000, 1606535899.648000, 1606535904.244000, 1606535904.244000, 1606535986.663000
1606535986.677000, 1606535988.485000, 1606535988.485000, 1606535993.854000, 1606535993.854000, 1606536052.134000
1606536052.147000, 1606536057.988000, 1606536057.988000, 1606536062.844000, 1606536062.844000, 1606536112.004000
