read_start,read_end,cpu_start,cpu_end,write_start,write_end
1606541125.386000, 1606541219.606000, 1606541219.606000, 1606541225.030000, 1606541225.030000, 1606541428.756000
1606541428.771000, 1606541454.735000, 1606541454.735000, 1606541460.446000, 1606541460.446000, 1606541662.597000
1606541662.618000, 1606541707.427000, 1606541707.427000, 1606541712.337000, 1606541712.337000, 1606541829.278000
