read_start,read_end,cpu_start,cpu_end,write_start,write_end
1606555985.189000, 1606556163.007000, 1606556163.007000, 1606556168.788000, 1606556168.788000, 1606556464.451000
1606556464.464000, 1606556504.618000, 1606556504.618000, 1606556511.034000, 1606556511.034000, 1606556809.896000
1606556809.978000, 1606556843.556000, 1606556843.556000, 1606556849.381000, 1606556849.381000, 1606557092.953000
