read_start,read_end,cpu_start,cpu_end,write_start,write_end
1606551606.368000, 1606551761.990000, 1606551761.990000, 1606551767.447000, 1606551767.447000, 1606552071.304000
1606552071.321000, 1606552106.478000, 1606552106.478000, 1606552113.142000, 1606552113.142000, 1606552504.447000
1606552504.533000, 1606552506.606000, 1606552506.606000, 1606552511.152000, 1606552511.152000, 1606552526.098000
