read_start,read_end,cpu_start,cpu_end,write_start,write_end
1606550555.049000, 1606550705.089000, 1606550705.089000, 1606550710.848000, 1606550710.848000, 1606551010.570000
1606551010.588000, 1606551104.787000, 1606551104.787000, 1606551109.611000, 1606551109.611000, 1606551278.326000
1606551278.462000, 1606551389.981000, 1606551389.981000, 1606551395.053000, 1606551395.053000, 1606551523.023000
