read_start,read_end,cpu_start,cpu_end,write_start,write_end
1606543613.579000, 1606543724.620000, 1606543724.620000, 1606543729.997000, 1606543729.997000, 1606543969.076000
1606543969.091000, 1606543999.592000, 1606543999.592000, 1606544005.359000, 1606544005.359000, 1606544353.781000
1606544353.823000, 1606544360.652000, 1606544360.652000, 1606544366.261000, 1606544366.261000, 1606544462.526000
