read_start,read_end,cpu_start,cpu_end,write_start,write_end
1606555985.193000, 1606556163.149000, 1606556163.149000, 1606556168.810000, 1606556168.810000, 1606556464.207000
1606556464.230000, 1606556504.553000, 1606556504.553000, 1606556511.120000, 1606556511.120000, 1606556877.992000
1606556878.079000, 1606556974.291000, 1606556974.291000, 1606556979.483000, 1606556979.483000, 1606557092.158000
