read_start,read_end,cpu_start,cpu_end,write_start,write_end
1606539154.466000, 1606539232.083000, 1606539232.083000, 1606539236.827000, 1606539236.827000, 1606539449.832000
1606539449.846000, 1606539533.584000, 1606539533.584000, 1606539539.237000, 1606539539.237000, 1606539600.855000
1606539600.904000, 1606539673.854000, 1606539673.854000, 1606539678.796000, 1606539678.796000, 1606539709.526000
