read_start,read_end,cpu_start,cpu_end,write_start,write_end
1606538578.819000, 1606538650.784000, 1606538650.784000, 1606538655.741000, 1606538655.741000, 1606538811.023000
1606538811.036000, 1606538828.395000, 1606538828.395000, 1606538833.543000, 1606538833.543000, 1606538939.010000
1606538939.027000, 1606538963.745000, 1606538963.745000, 1606538968.970000, 1606538968.970000, 1606539084.634000
