read_start,read_end,cpu_start,cpu_end,write_start,write_end
1606548502.530000, 1606548641.485000, 1606548641.485000, 1606548647.195000, 1606548647.195000, 1606548904.373000
1606548904.388000, 1606548931.043000, 1606548931.043000, 1606548938.509000, 1606548938.509000, 1606549362.285000
1606549362.357000, 1606549376.390000, 1606549376.390000, 1606549381.414000, 1606549381.414000, 1606549463.476000
