read_start,read_end,cpu_start,cpu_end,write_start,write_end
1606545485.631000, 1606545607.926000, 1606545607.926000, 1606545613.409000, 1606545613.409000, 1606545875.807000
1606545875.847000, 1606545907.628000, 1606545907.628000, 1606545914.389000, 1606545914.389000, 1606546147.123000
1606546147.463000, 1606546177.949000, 1606546177.949000, 1606546183.416000, 1606546183.416000, 1606546406.951000
