read_start,read_end,cpu_start,cpu_end,write_start,write_end
1606549493.075000, 1606549637.360000, 1606549637.360000, 1606549643.775000, 1606549643.775000, 1606549898.954000
1606549898.972000, 1606549930.633000, 1606549930.633000, 1606549936.247000, 1606549936.247000, 1606550208.215000
1606550208.709000, 1606550245.579000, 1606550245.579000, 1606550251.191000, 1606550251.191000, 1606550523.790000
