read_start,read_end,cpu_start,cpu_end,write_start,write_end
1606548502.524000, 1606548641.481000, 1606548641.481000, 1606548647.220000, 1606548647.220000, 1606548907.239000
1606548907.256000, 1606548931.636000, 1606548931.636000, 1606548938.904000, 1606548938.904000, 1606549347.216000
1606549347.383000, 1606549354.065000, 1606549354.065000, 1606549360.390000, 1606549360.390000, 1606549404.374000
