read_start,read_end,cpu_start,cpu_end,write_start,write_end
1606543613.572000, 1606543724.620000, 1606543724.620000, 1606543730.587000, 1606543730.587000, 1606543970.678000
1606543970.708000, 1606543999.604000, 1606543999.604000, 1606544005.418000, 1606544005.418000, 1606544202.308000
1606544202.352000, 1606544217.786000, 1606544217.786000, 1606544223.020000, 1606544223.020000, 1606544330.243000
