read_start,read_end,cpu_start,cpu_end,write_start,write_end
1606551606.360000, 1606551761.990000, 1606551761.990000, 1606551768.366000, 1606551768.366000, 1606552062.205000
1606552062.221000, 1606552081.481000, 1606552081.481000, 1606552087.379000, 1606552087.379000, 1606552168.922000
1606552168.970000, 1606552266.873000, 1606552266.873000, 1606552271.649000, 1606552271.649000, 1606552571.810000
