read_start,read_end,cpu_start,cpu_end,write_start,write_end
1606546440.159000, 1606546568.022000, 1606546568.022000, 1606546573.702000, 1606546573.702000, 1606546817.107000
1606546817.129000, 1606546846.990000, 1606546846.990000, 1606546852.959000, 1606546852.959000, 1606547253.916000
1606547254.023000, 1606547272.819000, 1606547272.819000, 1606547278.021000, 1606547278.021000, 1606547393.021000
