read_start,read_end,cpu_start,cpu_end,write_start,write_end
1606554823.853000, 1606554996.272000, 1606554996.272000, 1606555002.045000, 1606555002.045000, 1606555302.061000
1606555302.079000, 1606555383.570000, 1606555383.570000, 1606555388.681000, 1606555388.681000, 1606555765.229000
1606555765.547000, 1606555787.882000, 1606555787.882000, 1606555793.161000, 1606555793.161000, 1606555934.048000
