read_start,read_end,cpu_start,cpu_end,write_start,write_end
1606544525.629000, 1606544642.234000, 1606544642.234000, 1606544648.160000, 1606544648.160000, 1606544912.111000
1606544912.137000, 1606544943.122000, 1606544943.122000, 1606544948.967000, 1606544948.967000, 1606545201.383000
1606545201.584000, 1606545231.517000, 1606545231.517000, 1606545236.577000, 1606545236.577000, 1606545459.802000
