read_start,read_end,cpu_start,cpu_end,write_start,write_end
1606553727.810000, 1606553894.638000, 1606553894.638000, 1606553901.427000, 1606553901.427000, 1606554170.044000
1606554170.055000, 1606554175.934000, 1606554175.934000, 1606554181.068000, 1606554181.068000, 1606554243.327000
1606554243.437000, 1606554309.104000, 1606554309.104000, 1606554313.997000, 1606554313.997000, 1606554726.404000
