read_start,read_end,cpu_start,cpu_end,write_start,write_end
1606541125.393000, 1606541219.718000, 1606541219.718000, 1606541225.226000, 1606541225.226000, 1606541428.822000
1606541428.844000, 1606541454.764000, 1606541454.764000, 1606541460.533000, 1606541460.533000, 1606541809.261000
1606541809.275000, 1606541836.820000, 1606541836.820000, 1606541841.165000, 1606541841.165000, 1606541879.525000
