read_start,read_end,cpu_start,cpu_end,write_start,write_end
1606545485.616000, 1606545607.838000, 1606545607.838000, 1606545613.609000, 1606545613.609000, 1606545875.566000
1606545875.590000, 1606545907.576000, 1606545907.576000, 1606545913.238000, 1606545913.238000, 1606546147.137000
1606546147.951000, 1606546178.479000, 1606546178.479000, 1606546184.083000, 1606546184.083000, 1606546406.950000
