read_start,read_end,cpu_start,cpu_end,write_start,write_end
1606548502.525000, 1606548641.481000, 1606548641.481000, 1606548647.226000, 1606548647.226000, 1606548892.701000
1606548892.716000, 1606548923.038000, 1606548923.038000, 1606548928.333000, 1606548928.333000, 1606548993.869000
1606548993.899000, 1606549094.685000, 1606549094.685000, 1606549099.313000, 1606549099.313000, 1606549356.883000
