read_start,read_end,cpu_start,cpu_end,write_start,write_end
1606554823.843000, 1606554996.270000, 1606554996.270000, 1606555002.129000, 1606555002.129000, 1606555379.101000
1606555379.116000, 1606555510.168000, 1606555510.168000, 1606555515.133000, 1606555515.133000, 1606555765.161000
1606555765.270000, 1606555787.878000, 1606555787.878000, 1606555793.150000, 1606555793.150000, 1606555934.016000
