read_start,read_end,cpu_start,cpu_end,write_start,write_end
1606543613.579000, 1606543724.624000, 1606543724.624000, 1606543730.380000, 1606543730.380000, 1606543973.431000
1606543973.447000, 1606543999.852000, 1606543999.852000, 1606544005.693000, 1606544005.693000, 1606544205.776000
1606544205.829000, 1606544217.829000, 1606544217.829000, 1606544223.153000, 1606544223.153000, 1606544339.883000
