read_start,read_end,cpu_start,cpu_end,write_start,write_end
1606551606.356000, 1606551761.990000, 1606551761.990000, 1606551767.880000, 1606551767.880000, 1606552069.092000
1606552069.108000, 1606552103.399000, 1606552103.399000, 1606552109.842000, 1606552109.842000, 1606552515.849000
1606552515.931000, 1606552529.887000, 1606552529.887000, 1606552534.571000, 1606552534.571000, 1606552567.003000
