read_start,read_end,cpu_start,cpu_end,write_start,write_end
1606544525.631000, 1606544642.237000, 1606544642.237000, 1606544647.558000, 1606544647.558000, 1606544911.752000
1606544911.782000, 1606544942.996000, 1606544942.996000, 1606544948.592000, 1606544948.592000, 1606545201.575000
1606545202.139000, 1606545231.592000, 1606545231.592000, 1606545237.089000, 1606545237.089000, 1606545459.563000
