read_start,read_end,cpu_start,cpu_end,write_start,write_end
1606548502.515000, 1606548641.481000, 1606548641.481000, 1606548647.223000, 1606548647.223000, 1606548892.001000
1606548892.018000, 1606548920.802000, 1606548920.802000, 1606548926.066000, 1606548926.066000, 1606549006.969000
1606549006.984000, 1606549100.034000, 1606549100.034000, 1606549104.730000, 1606549104.730000, 1606549362.771000
