read_start,read_end,cpu_start,cpu_end,write_start,write_end
1606536122.915000, 1606536161.772000, 1606536161.772000, 1606536166.611000, 1606536166.611000, 1606536239.279000
1606536239.293000, 1606536247.868000, 1606536247.868000, 1606536252.773000, 1606536252.773000, 1606536317.505000
1606536317.521000, 1606536319.293000, 1606536319.293000, 1606536323.635000, 1606536323.635000, 1606536350.366000
