read_start,read_end,cpu_start,cpu_end,write_start,write_end
1606549493.088000, 1606549637.502000, 1606549637.502000, 1606549643.410000, 1606549643.410000, 1606549897.805000
1606549897.821000, 1606549928.925000, 1606549928.925000, 1606549934.548000, 1606549934.548000, 1606550208.212000
1606550208.652000, 1606550245.779000, 1606550245.779000, 1606550251.733000, 1606550251.733000, 1606550521.918000
