read_start,read_end,cpu_start,cpu_end,write_start,write_end
1606549493.069000, 1606549637.321000, 1606549637.321000, 1606549642.938000, 1606549642.938000, 1606549841.439000
1606549841.456000, 1606549849.942000, 1606549849.942000, 1606549854.877000, 1606549854.877000, 1606549908.135000
1606549908.253000, 1606549950.673000, 1606549950.673000, 1606549956.097000, 1606549956.097000, 1606550208.215000
