read_start,read_end,cpu_start,cpu_end,write_start,write_end
1606539154.471000, 1606539232.130000, 1606539232.130000, 1606539237.432000, 1606539237.432000, 1606539385.979000
1606539385.993000, 1606539390.879000, 1606539390.879000, 1606539396.163000, 1606539396.163000, 1606539533.893000
1606539533.929000, 1606539553.062000, 1606539553.062000, 1606539558.676000, 1606539558.676000, 1606539647.278000
