read_start,read_end,cpu_start,cpu_end,write_start,write_end
1606543613.555000, 1606543724.397000, 1606543724.397000, 1606543730.265000, 1606543730.265000, 1606543969.696000
1606543969.711000, 1606543999.458000, 1606543999.458000, 1606544005.321000, 1606544005.321000, 1606544354.916000
1606544354.955000, 1606544361.042000, 1606544361.042000, 1606544366.528000, 1606544366.528000, 1606544461.680000
