read_start,read_end,cpu_start,cpu_end,write_start,write_end
1606545485.610000, 1606545607.715000, 1606545607.715000, 1606545612.767000, 1606545612.767000, 1606545869.805000
1606545869.821000, 1606545906.511000, 1606545906.511000, 1606545911.939000, 1606545911.939000, 1606546147.106000
1606546147.727000, 1606546178.474000, 1606546178.474000, 1606546185.691000, 1606546185.691000, 1606546395.949000
