read_start,read_end,cpu_start,cpu_end,write_start,write_end
1606541125.397000, 1606541219.788000, 1606541219.788000, 1606541224.941000, 1606541224.941000, 1606541371.953000
1606541371.968000, 1606541449.398000, 1606541449.398000, 1606541454.336000, 1606541454.336000, 1606541509.426000
1606541509.442000, 1606541645.939000, 1606541645.939000, 1606541650.890000, 1606541650.890000, 1606541755.569000
