read_start,read_end,cpu_start,cpu_end,write_start,write_end
1606539154.468000, 1606539232.100000, 1606539232.100000, 1606539236.842000, 1606539236.842000, 1606539372.653000
1606539372.677000, 1606539388.286000, 1606539388.286000, 1606539393.509000, 1606539393.509000, 1606539534.030000
1606539534.064000, 1606539553.543000, 1606539553.543000, 1606539558.752000, 1606539558.752000, 1606539706.134000
