read_start,read_end,cpu_start,cpu_end,write_start,write_end
1606552720.179000, 1606552881.410000, 1606552881.410000, 1606552887.527000, 1606552887.527000, 1606553159.871000
1606553159.898000, 1606553193.351000, 1606553193.351000, 1606553199.250000, 1606553199.250000, 1606553482.907000
1606553483.026000, 1606553501.132000, 1606553501.132000, 1606553507.196000, 1606553507.196000, 1606553693.758000
