read_start,read_end,cpu_start,cpu_end,write_start,write_end
1606550555.049000, 1606550705.089000, 1606550705.089000, 1606550710.835000, 1606550710.835000, 1606551009.105000
1606551009.121000, 1606551103.035000, 1606551103.035000, 1606551108.269000, 1606551108.269000, 1606551278.230000
1606551278.426000, 1606551390.553000, 1606551390.553000, 1606551395.686000, 1606551395.686000, 1606551523.030000
