read_start,read_end,cpu_start,cpu_end,write_start,write_end
1606544525.606000, 1606544641.936000, 1606544641.936000, 1606544647.410000, 1606544647.410000, 1606544911.827000
1606544911.857000, 1606544943.151000, 1606544943.151000, 1606544948.605000, 1606544948.605000, 1606545201.575000
1606545202.147000, 1606545231.511000, 1606545231.511000, 1606545236.957000, 1606545236.957000, 1606545459.563000
