read_start,read_end,cpu_start,cpu_end,write_start,write_end
1606553727.819000, 1606553894.638000, 1606553894.638000, 1606553901.515000, 1606553901.515000, 1606554430.340000
1606554430.358000, 1606554460.905000, 1606554460.905000, 1606554466.811000, 1606554466.811000, 1606554725.086000
1606554725.587000, 1606554729.602000, 1606554729.602000, 1606554734.024000, 1606554734.024000, 1606554749.882000
