read_start,read_end,cpu_start,cpu_end,write_start,write_end
1606555985.199000, 1606556163.331000, 1606556163.331000, 1606556169.101000, 1606556169.101000, 1606556497.308000
1606556497.324000, 1606556538.818000, 1606556538.818000, 1606556544.050000, 1606556544.050000, 1606556755.453000
1606556755.532000, 1606556765.584000, 1606556765.584000, 1606556770.635000, 1606556770.635000, 1606556826.263000
