read_start,read_end,cpu_start,cpu_end,write_start,write_end
1606545485.621000, 1606545607.926000, 1606545607.926000, 1606545613.820000, 1606545613.820000, 1606545875.560000
1606545875.579000, 1606545907.278000, 1606545907.278000, 1606545912.791000, 1606545912.791000, 1606546147.177000
1606546147.942000, 1606546178.478000, 1606546178.478000, 1606546184.002000, 1606546184.002000, 1606546406.888000
