read_start,read_end,cpu_start,cpu_end,write_start,write_end
1606538578.824000, 1606538650.911000, 1606538650.911000, 1606538655.746000, 1606538655.746000, 1606538823.258000
1606538823.274000, 1606538831.375000, 1606538831.375000, 1606538837.203000, 1606538837.203000, 1606538953.167000
1606538953.181000, 1606538967.332000, 1606538967.332000, 1606538972.725000, 1606538972.725000, 1606539093.487000
