read_start,read_end,cpu_start,cpu_end,write_start,write_end
1606547461.316000, 1606547594.537000, 1606547594.537000, 1606547600.459000, 1606547600.459000, 1606547908.499000
1606547908.517000, 1606547936.758000, 1606547936.758000, 1606547942.340000, 1606547942.340000, 1606548218.064000
1606548219.161000, 1606548253.529000, 1606548253.529000, 1606548259.179000, 1606548259.179000, 1606548475.007000
