read_start,read_end,cpu_start,cpu_end,write_start,write_end
1606544525.605000, 1606544641.936000, 1606544641.936000, 1606544647.339000, 1606544647.339000, 1606544912.018000
1606544912.053000, 1606544943.212000, 1606544943.212000, 1606544948.723000, 1606544948.723000, 1606545201.575000
1606545202.167000, 1606545231.530000, 1606545231.530000, 1606545237.026000, 1606545237.026000, 1606545459.563000
