read_start,read_end,cpu_start,cpu_end,write_start,write_end
1606553727.823000, 1606553894.639000, 1606553894.639000, 1606553900.447000, 1606553900.447000, 1606554190.395000
1606554190.408000, 1606554256.179000, 1606554256.179000, 1606554262.101000, 1606554262.101000, 1606554440.876000
1606554440.981000, 1606554510.627000, 1606554510.627000, 1606554515.346000, 1606554515.346000, 1606554725.082000
