read_start,read_end,cpu_start,cpu_end,write_start,write_end
1606542758.582000, 1606542864.096000, 1606542864.096000, 1606542869.525000, 1606542869.525000, 1606543061.556000
1606543061.587000, 1606543092.291000, 1606543092.291000, 1606543097.992000, 1606543097.992000, 1606543331.918000
1606543331.931000, 1606543336.946000, 1606543336.946000, 1606543342.591000, 1606543342.591000, 1606543465.481000
