read_start,read_end,cpu_start,cpu_end,write_start,write_end
1606555985.204000, 1606556163.332000, 1606556163.332000, 1606556169.089000, 1606556169.089000, 1606556490.248000
1606556490.268000, 1606556535.948000, 1606556535.948000, 1606556540.847000, 1606556540.847000, 1606556755.055000
1606556755.147000, 1606556765.132000, 1606556765.132000, 1606556769.915000, 1606556769.915000, 1606556844.422000
