read_start,read_end,cpu_start,cpu_end,write_start,write_end
1606543613.557000, 1606543724.342000, 1606543724.342000, 1606543729.407000, 1606543729.407000, 1606543901.852000
1606543901.865000, 1606543992.547000, 1606543992.547000, 1606543997.426000, 1606543997.426000, 1606544033.879000
1606544033.898000, 1606544208.085000, 1606544208.085000, 1606544212.991000, 1606544212.991000, 1606544313.712000
