read_start,read_end,cpu_start,cpu_end,write_start,write_end
1606553727.805000, 1606553894.635000, 1606553894.635000, 1606553900.245000, 1606553900.245000, 1606554177.033000
1606554177.048000, 1606554187.867000, 1606554187.867000, 1606554194.291000, 1606554194.291000, 1606554429.067000
1606554429.349000, 1606554460.065000, 1606554460.065000, 1606554466.101000, 1606554466.101000, 1606554789.982000
