read_start,read_end,cpu_start,cpu_end,write_start,write_end
1606551606.377000, 1606551761.990000, 1606551761.990000, 1606551768.547000, 1606551768.547000, 1606552062.208000
1606552062.226000, 1606552081.483000, 1606552081.483000, 1606552087.253000, 1606552087.253000, 1606552175.648000
1606552175.693000, 1606552296.729000, 1606552296.729000, 1606552301.384000, 1606552301.384000, 1606552572.977000
