read_start,read_end,cpu_start,cpu_end,write_start,write_end
1606546440.171000, 1606546568.022000, 1606546568.022000, 1606546573.884000, 1606546573.884000, 1606546841.622000
1606546841.637000, 1606546854.885000, 1606546854.885000, 1606546861.584000, 1606546861.584000, 1606547393.342000
1606547393.463000, 1606547396.427000, 1606547396.427000, 1606547401.332000, 1606547401.332000, 1606547433.728000
