read_start,read_end,cpu_start,cpu_end,write_start,write_end
1606540391.664000, 1606540480.521000, 1606540480.521000, 1606540485.271000, 1606540485.271000, 1606540633.865000
1606540633.885000, 1606540682.879000, 1606540682.879000, 1606540688.203000, 1606540688.203000, 1606540867.545000
1606540867.559000, 1606540891.403000, 1606540891.403000, 1606540897.134000, 1606540897.134000, 1606541071.186000
