read_start,read_end,cpu_start,cpu_end,write_start,write_end
1606555985.219000, 1606556163.332000, 1606556163.332000, 1606556169.700000, 1606556169.700000, 1606556464.068000
1606556464.096000, 1606556504.445000, 1606556504.445000, 1606556510.772000, 1606556510.772000, 1606556823.383000
1606556823.465000, 1606556846.832000, 1606556846.832000, 1606556852.821000, 1606556852.821000, 1606557074.388000
