read_start,read_end,cpu_start,cpu_end,write_start,write_end
1606539727.825000, 1606539811.030000, 1606539811.030000, 1606539815.759000, 1606539815.759000, 1606539893.118000
1606539893.132000, 1606539981.140000, 1606539981.140000, 1606539986.121000, 1606539986.121000, 1606540089.955000
1606540089.971000, 1606540149.663000, 1606540149.663000, 1606540154.549000, 1606540154.549000, 1606540210.127000
