read_start,read_end,cpu_start,cpu_end,write_start,write_end
1606553727.789000, 1606553894.457000, 1606553894.457000, 1606553900.580000, 1606553900.580000, 1606554226.836000
1606554226.850000, 1606554306.207000, 1606554306.207000, 1606554311.653000, 1606554311.653000, 1606554563.765000
1606554563.846000, 1606554684.522000, 1606554684.522000, 1606554690.198000, 1606554690.198000, 1606554793.814000
