read_start,read_end,cpu_start,cpu_end,write_start,write_end
1606544525.619000, 1606544642.232000, 1606544642.232000, 1606544647.334000, 1606544647.334000, 1606544911.768000
1606544911.789000, 1606544942.874000, 1606544942.874000, 1606544948.610000, 1606544948.610000, 1606545201.378000
1606545201.563000, 1606545231.569000, 1606545231.569000, 1606545237.517000, 1606545237.517000, 1606545459.684000
