read_start,read_end,cpu_start,cpu_end,write_start,write_end
1606548502.513000, 1606548641.481000, 1606548641.481000, 1606548646.738000, 1606548646.738000, 1606548894.140000
1606548894.173000, 1606548927.719000, 1606548927.719000, 1606548933.490000, 1606548933.490000, 1606549347.213000
1606549347.315000, 1606549354.065000, 1606549354.065000, 1606549358.768000, 1606549358.768000, 1606549403.769000
