read_start,read_end,cpu_start,cpu_end,write_start,write_end
1606544525.605000, 1606544641.969000, 1606544641.969000, 1606544647.056000, 1606544647.056000, 1606544911.749000
1606544911.770000, 1606544942.509000, 1606544942.509000, 1606544947.980000, 1606544947.980000, 1606545201.337000
1606545201.386000, 1606545229.299000, 1606545229.299000, 1606545234.478000, 1606545234.478000, 1606545263.584000
