read_start,read_end,cpu_start,cpu_end,write_start,write_end
1606536122.911000, 1606536161.757000, 1606536161.757000, 1606536166.364000, 1606536166.364000, 1606536240.275000
1606536240.289000, 1606536249.239000, 1606536249.239000, 1606536254.283000, 1606536254.283000, 1606536333.154000
1606536333.168000, 1606536336.938000, 1606536336.938000, 1606536341.924000, 1606536341.924000, 1606536405.777000
