read_start,read_end,cpu_start,cpu_end,write_start,write_end
1606552720.190000, 1606552881.409000, 1606552881.409000, 1606552887.693000, 1606552887.693000, 1606553161.788000
1606553161.812000, 1606553193.884000, 1606553193.884000, 1606553199.040000, 1606553199.040000, 1606553482.659000
1606553482.774000, 1606553500.993000, 1606553500.993000, 1606553507.084000, 1606553507.084000, 1606553693.763000
