read_start,read_end,cpu_start,cpu_end,write_start,write_end
1606549493.070000, 1606549637.094000, 1606549637.094000, 1606549642.626000, 1606549642.626000, 1606549895.442000
1606549895.466000, 1606549925.926000, 1606549925.926000, 1606549931.296000, 1606549931.296000, 1606550208.216000
1606550208.465000, 1606550245.866000, 1606550245.866000, 1606550251.586000, 1606550251.586000, 1606550522.092000
