read_start,read_end,cpu_start,cpu_end,write_start,write_end
1606541125.401000, 1606541219.788000, 1606541219.788000, 1606541224.962000, 1606541224.962000, 1606541424.219000
1606541424.234000, 1606541454.581000, 1606541454.581000, 1606541460.380000, 1606541460.380000, 1606541662.593000
1606541662.610000, 1606541707.413000, 1606541707.413000, 1606541712.346000, 1606541712.346000, 1606541813.183000
