read_start,read_end,cpu_start,cpu_end,write_start,write_end
1606539727.836000, 1606539811.166000, 1606539811.166000, 1606539815.913000, 1606539815.913000, 1606539931.754000
1606539931.770000, 1606539981.663000, 1606539981.663000, 1606539986.738000, 1606539986.738000, 1606540067.499000
1606540067.515000, 1606540149.660000, 1606540149.660000, 1606540154.443000, 1606540154.443000, 1606540210.127000
