read_start,read_end,cpu_start,cpu_end,write_start,write_end
1606538578.820000, 1606538650.883000, 1606538650.883000, 1606538655.751000, 1606538655.751000, 1606538838.325000
1606538838.338000, 1606538949.385000, 1606538949.385000, 1606538954.202000, 1606538954.202000, 1606539058.617000
1606539058.633000, 1606539087.883000, 1606539087.883000, 1606539092.697000, 1606539092.697000, 1606539131.611000
