read_start,read_end,cpu_start,cpu_end,write_start,write_end
1606546440.165000, 1606546568.022000, 1606546568.022000, 1606546573.836000, 1606546573.836000, 1606546831.358000
1606546831.372000, 1606546853.205000, 1606546853.205000, 1606546859.612000, 1606546859.612000, 1606547253.207000
1606547253.307000, 1606547271.258000, 1606547271.258000, 1606547276.692000, 1606547276.692000, 1606547392.669000
