read_start,read_end,cpu_start,cpu_end,write_start,write_end
1606539727.838000, 1606539811.168000, 1606539811.168000, 1606539815.918000, 1606539815.918000, 1606539928.520000
1606539928.536000, 1606539981.661000, 1606539981.661000, 1606539986.688000, 1606539986.688000, 1606540070.223000
1606540070.238000, 1606540149.659000, 1606540149.659000, 1606540154.438000, 1606540154.438000, 1606540229.126000
