read_start,read_end,cpu_start,cpu_end,write_start,write_end
1606547461.339000, 1606547594.672000, 1606547594.672000, 1606547600.798000, 1606547600.798000, 1606547899.660000
1606547899.675000, 1606547924.462000, 1606547924.462000, 1606547930.059000, 1606547930.059000, 1606548217.988000
1606548218.230000, 1606548253.314000, 1606548253.314000, 1606548258.799000, 1606548258.799000, 1606548464.004000
