read_start,read_end,cpu_start,cpu_end,write_start,write_end
1606537150.824000, 1606537206.269000, 1606537206.269000, 1606537211.007000, 1606537211.007000, 1606537314.338000
1606537314.357000, 1606537328.932000, 1606537328.932000, 1606537334.236000, 1606537334.236000, 1606537454.535000
1606537454.549000, 1606537540.341000, 1606537540.341000, 1606537544.748000, 1606537544.748000, 1606537571.725000
