read_start,read_end,cpu_start,cpu_end,write_start,write_end
1606537150.819000, 1606537206.177000, 1606537206.177000, 1606537211.545000, 1606537211.545000, 1606537314.129000
1606537314.157000, 1606537328.785000, 1606537328.785000, 1606537333.810000, 1606537333.810000, 1606537436.857000
1606537436.871000, 1606537443.652000, 1606537443.652000, 1606537448.855000, 1606537448.855000, 1606537539.095000
