read_start,read_end,cpu_start,cpu_end,write_start,write_end
1606547461.332000, 1606547594.666000, 1606547594.666000, 1606547600.589000, 1606547600.589000, 1606547905.786000
1606547905.801000, 1606547934.227000, 1606547934.227000, 1606547940.294000, 1606547940.294000, 1606548217.988000
1606548218.887000, 1606548253.510000, 1606548253.510000, 1606548259.008000, 1606548259.008000, 1606548468.627000
