read_start,read_end,cpu_start,cpu_end,write_start,write_end
1606538032.911000, 1606538099.580000, 1606538099.580000, 1606538104.426000, 1606538104.426000, 1606538223.439000
1606538223.466000, 1606538241.929000, 1606538241.929000, 1606538247.283000, 1606538247.283000, 1606538335.925000
1606538335.943000, 1606538410.050000, 1606538410.050000, 1606538415.655000, 1606538415.655000, 1606538532.533000
