read_start,read_end,cpu_start,cpu_end,write_start,write_end
1606548502.511000, 1606548641.479000, 1606548641.479000, 1606548646.950000, 1606548646.950000, 1606548898.785000
1606548898.799000, 1606548929.522000, 1606548929.522000, 1606548935.627000, 1606548935.627000, 1606549347.206000
1606549347.312000, 1606549354.059000, 1606549354.059000, 1606549358.770000, 1606549358.770000, 1606549399.502000
