read_start,read_end,cpu_start,cpu_end,write_start,write_end
1606543613.564000, 1606543724.618000, 1606543724.618000, 1606543729.696000, 1606543729.696000, 1606544281.776000
1606544281.786000, 1606544325.613000, 1606544325.613000, 1606544330.735000, 1606544330.735000, 1606544373.914000
1606544373.927000, 1606544462.056000, 1606544462.056000, 1606544466.420000, 1606544466.420000, 1606544489.666000
