read_start,read_end,cpu_start,cpu_end,write_start,write_end
1606555985.233000, 1606556163.332000, 1606556163.332000, 1606556170.404000, 1606556170.404000, 1606556445.325000
1606556445.341000, 1606556454.029000, 1606556454.029000, 1606556458.942000, 1606556458.942000, 1606556503.253000
1606556503.352000, 1606556574.737000, 1606556574.737000, 1606556579.260000, 1606556579.260000, 1606556754.695000
