read_start,read_end,cpu_start,cpu_end,write_start,write_end
1606548502.523000, 1606548641.481000, 1606548641.481000, 1606548647.480000, 1606548647.480000, 1606548895.959000
1606548895.973000, 1606548928.452000, 1606548928.452000, 1606548934.433000, 1606548934.433000, 1606549362.429000
1606549362.492000, 1606549376.447000, 1606549376.447000, 1606549381.317000, 1606549381.317000, 1606549464.133000
