read_start,read_end,cpu_start,cpu_end,write_start,write_end
1606543613.560000, 1606543724.441000, 1606543724.441000, 1606543729.860000, 1606543729.860000, 1606543955.673000
1606543955.697000, 1606543999.589000, 1606543999.589000, 1606544005.183000, 1606544005.183000, 1606544244.056000
1606544244.094000, 1606544317.769000, 1606544317.769000, 1606544322.652000, 1606544322.652000, 1606544350.712000
