read_start,read_end,cpu_start,cpu_end,write_start,write_end
1606548502.529000, 1606548641.484000, 1606548641.484000, 1606548647.192000, 1606548647.192000, 1606548901.870000
1606548901.885000, 1606548930.424000, 1606548930.424000, 1606548936.358000, 1606548936.358000, 1606549197.578000
1606549197.814000, 1606549213.844000, 1606549213.844000, 1606549219.049000, 1606549219.049000, 1606549344.977000
