read_start,read_end,cpu_start,cpu_end,write_start,write_end
1606550555.036000, 1606550704.944000, 1606550704.944000, 1606550711.220000, 1606550711.220000, 1606550985.368000
1606550985.383000, 1606551003.712000, 1606551003.712000, 1606551009.666000, 1606551009.666000, 1606551132.220000
1606551132.234000, 1606551253.509000, 1606551253.509000, 1606551258.026000, 1606551258.026000, 1606551422.601000
