read_start,read_end,cpu_start,cpu_end,write_start,write_end
1606553727.809000, 1606553894.638000, 1606553894.638000, 1606553900.528000, 1606553900.528000, 1606554198.547000
1606554198.561000, 1606554264.803000, 1606554264.803000, 1606554270.620000, 1606554270.620000, 1606554440.927000
1606554441.333000, 1606554510.742000, 1606554510.742000, 1606554516.003000, 1606554516.003000, 1606554793.789000
