read_start,read_end,cpu_start,cpu_end,write_start,write_end
1606541907.101000, 1606542006.821000, 1606542006.821000, 1606542012.035000, 1606542012.035000, 1606542240.559000
1606542240.610000, 1606542268.544000, 1606542268.544000, 1606542274.031000, 1606542274.031000, 1606542474.029000
1606542474.071000, 1606542498.947000, 1606542498.947000, 1606542504.566000, 1606542504.566000, 1606542720.526000
