read_start,read_end,cpu_start,cpu_end,write_start,write_end
1606545485.633000, 1606545607.926000, 1606545607.926000, 1606545613.583000, 1606545613.583000, 1606545875.532000
1606545875.547000, 1606545907.256000, 1606545907.256000, 1606545913.719000, 1606545913.719000, 1606546147.157000
1606546147.334000, 1606546177.885000, 1606546177.885000, 1606546183.476000, 1606546183.476000, 1606546406.951000
