read_start,read_end,cpu_start,cpu_end,write_start,write_end
1606554823.824000, 1606554995.887000, 1606554995.887000, 1606555001.853000, 1606555001.853000, 1606555282.033000
1606555282.051000, 1606555293.550000, 1606555293.550000, 1606555298.991000, 1606555298.991000, 1606555394.968000
1606555395.034000, 1606555534.004000, 1606555534.004000, 1606555539.258000, 1606555539.258000, 1606555907.724000
