read_start,read_end,cpu_start,cpu_end,write_start,write_end
1606553727.796000, 1606553894.548000, 1606553894.548000, 1606553900.852000, 1606553900.852000, 1606554336.497000
1606554336.513000, 1606554422.925000, 1606554422.925000, 1606554427.631000, 1606554427.631000, 1606554503.484000
1606554503.557000, 1606554643.445000, 1606554643.445000, 1606554648.113000, 1606554648.113000, 1606554726.857000
