read_start,read_end,cpu_start,cpu_end,write_start,write_end
1606537585.489000, 1606537646.387000, 1606537646.387000, 1606537651.753000, 1606537651.753000, 1606537749.703000
1606537749.719000, 1606537772.198000, 1606537772.198000, 1606537777.473000, 1606537777.473000, 1606537876.139000
1606537876.154000, 1606537884.655000, 1606537884.655000, 1606537889.491000, 1606537889.491000, 1606537977.270000
