read_start,read_end,cpu_start,cpu_end,write_start,write_end
1606541125.402000, 1606541219.788000, 1606541219.788000, 1606541224.959000, 1606541224.959000, 1606541509.509000
1606541509.525000, 1606541645.987000, 1606541645.987000, 1606541652.066000, 1606541652.066000, 1606541755.649000
1606541755.716000, 1606541813.588000, 1606541813.588000, 1606541819.492000, 1606541819.492000, 1606541878.983000
