read_start,read_end,cpu_start,cpu_end,write_start,write_end
1606535519.164000, 1606535541.327000, 1606535541.327000, 1606535546.324000, 1606535546.324000, 1606535579.975000
1606535579.988000, 1606535584.064000, 1606535584.064000, 1606535588.943000, 1606535588.943000, 1606535617.649000
1606535617.662000, 1606535619.453000, 1606535619.453000, 1606535623.939000, 1606535623.939000, 1606535645.236000
