read_start,read_end,cpu_start,cpu_end,write_start,write_end
1606539154.466000, 1606539232.036000, 1606539232.036000, 1606539236.785000, 1606539236.785000, 1606539328.321000
1606539328.335000, 1606539384.772000, 1606539384.772000, 1606539389.995000, 1606539389.995000, 1606539449.631000
1606539449.647000, 1606539533.564000, 1606539533.564000, 1606539539.188000, 1606539539.188000, 1606539600.577000
