read_start,read_end,cpu_start,cpu_end,write_start,write_end
1606540391.660000, 1606540480.493000, 1606540480.493000, 1606540485.278000, 1606540485.278000, 1606540665.767000
1606540665.781000, 1606540682.930000, 1606540682.930000, 1606540688.269000, 1606540688.269000, 1606541074.225000
1606541074.237000, 1606541077.428000, 1606541077.428000, 1606541082.402000, 1606541082.402000, 1606541104.456000
