read_start,read_end,cpu_start,cpu_end,write_start,write_end
1606555985.225000, 1606556163.332000, 1606556163.332000, 1606556169.519000, 1606556169.519000, 1606556460.013000
1606556460.030000, 1606556494.090000, 1606556494.090000, 1606556499.721000, 1606556499.721000, 1606556810.342000
1606556810.498000, 1606556844.499000, 1606556844.499000, 1606556850.239000, 1606556850.239000, 1606557070.320000
