read_start,read_end,cpu_start,cpu_end,write_start,write_end
1606548502.505000, 1606548641.346000, 1606548641.346000, 1606548646.644000, 1606548646.644000, 1606548894.140000
1606548894.175000, 1606548927.729000, 1606548927.729000, 1606548934.892000, 1606548934.892000, 1606549197.512000
1606549197.754000, 1606549213.470000, 1606549213.470000, 1606549218.661000, 1606549218.661000, 1606549344.992000
