read_start,read_end,cpu_start,cpu_end,write_start,write_end
1606538578.828000, 1606538651.029000, 1606538651.029000, 1606538655.863000, 1606538655.863000, 1606538809.672000
1606538809.689000, 1606538827.916000, 1606538827.916000, 1606538833.102000, 1606538833.102000, 1606538935.250000
1606538935.267000, 1606538964.489000, 1606538964.489000, 1606538969.708000, 1606538969.708000, 1606539136.476000
