read_start,read_end,cpu_start,cpu_end,write_start,write_end
1606547461.334000, 1606547594.666000, 1606547594.666000, 1606547599.866000, 1606547599.866000, 1606547907.802000
1606547907.818000, 1606547936.533000, 1606547936.533000, 1606547942.282000, 1606547942.282000, 1606548218.275000
1606548219.927000, 1606548253.575000, 1606548253.575000, 1606548259.102000, 1606548259.102000, 1606548474.311000
