read_start,read_end,cpu_start,cpu_end,write_start,write_end
1606539154.475000, 1606539232.190000, 1606539232.190000, 1606539237.138000, 1606539237.138000, 1606539373.593000
1606539373.610000, 1606539388.357000, 1606539388.357000, 1606539393.597000, 1606539393.597000, 1606539534.023000
1606539534.059000, 1606539553.538000, 1606539553.538000, 1606539558.934000, 1606539558.934000, 1606539673.553000
