read_start,read_end,cpu_start,cpu_end,write_start,write_end
1606535399.401000, 1606535416.093000, 1606535416.093000, 1606535421.065000, 1606535421.065000, 1606535448.056000
1606535448.070000, 1606535451.045000, 1606535451.045000, 1606535456.004000, 1606535456.004000, 1606535483.036000
1606535483.045000, 1606535486.796000, 1606535486.796000, 1606535491.302000, 1606535491.302000, 1606535514.721000
