read_start,read_end,cpu_start,cpu_end,write_start,write_end
1606543613.570000, 1606543724.620000, 1606543724.620000, 1606543729.696000, 1606543729.696000, 1606543904.034000
1606543904.048000, 1606543993.613000, 1606543993.613000, 1606543998.609000, 1606543998.609000, 1606544070.952000
1606544070.966000, 1606544211.529000, 1606544211.529000, 1606544216.411000, 1606544216.411000, 1606544310.365000
