read_start,read_end,cpu_start,cpu_end,write_start,write_end
1606549493.086000, 1606549637.500000, 1606549637.500000, 1606549644.009000, 1606549644.009000, 1606549884.585000
1606549884.599000, 1606549893.648000, 1606549893.648000, 1606549900.152000, 1606549900.152000, 1606550014.673000
1606550014.783000, 1606550205.953000, 1606550205.953000, 1606550212.234000, 1606550212.234000, 1606550297.514000
