read_start,read_end,cpu_start,cpu_end,write_start,write_end
1606545485.623000, 1606545607.926000, 1606545607.926000, 1606545613.566000, 1606545613.566000, 1606545875.537000
1606545875.559000, 1606545907.522000, 1606545907.522000, 1606545912.949000, 1606545912.949000, 1606546147.137000
1606546147.940000, 1606546178.479000, 1606546178.479000, 1606546184.241000, 1606546184.241000, 1606546406.925000
