read_start,read_end,cpu_start,cpu_end,write_start,write_end
1606545485.609000, 1606545607.667000, 1606545607.667000, 1606545613.277000, 1606545613.277000, 1606545875.705000
1606545875.733000, 1606545907.418000, 1606545907.418000, 1606545912.942000, 1606545912.942000, 1606546147.048000
1606546147.679000, 1606546178.474000, 1606546178.474000, 1606546184.376000, 1606546184.376000, 1606546406.931000
