read_start,read_end,cpu_start,cpu_end,write_start,write_end
1606537150.819000, 1606537206.144000, 1606537206.144000, 1606537211.558000, 1606537211.558000, 1606537314.129000
1606537314.157000, 1606537328.785000, 1606537328.785000, 1606537334.079000, 1606537334.079000, 1606537429.715000
1606537429.739000, 1606537442.945000, 1606537442.945000, 1606537448.198000, 1606537448.198000, 1606537517.859000
