read_start,read_end,cpu_start,cpu_end,write_start,write_end
1606543613.573000, 1606543724.620000, 1606543724.620000, 1606543730.029000, 1606543730.029000, 1606543955.673000
1606543955.697000, 1606543999.585000, 1606543999.585000, 1606544005.316000, 1606544005.316000, 1606544361.848000
1606544361.890000, 1606544364.959000, 1606544364.959000, 1606544370.426000, 1606544370.426000, 1606544499.656000
