read_start,read_end,cpu_start,cpu_end,write_start,write_end
1606550555.036000, 1606550704.721000, 1606550704.721000, 1606550710.448000, 1606550710.448000, 1606550999.193000
1606550999.210000, 1606551021.307000, 1606551021.307000, 1606551027.394000, 1606551027.394000, 1606551523.023000
1606551523.278000, 1606551552.246000, 1606551552.246000, 1606551556.602000, 1606551556.602000, 1606551577.203000
