read_start,read_end,cpu_start,cpu_end,write_start,write_end
1606543613.573000, 1606543724.620000, 1606543724.620000, 1606543729.905000, 1606543729.905000, 1606543951.128000
1606543951.149000, 1606543999.585000, 1606543999.585000, 1606544005.383000, 1606544005.383000, 1606544361.277000
1606544361.312000, 1606544363.745000, 1606544363.745000, 1606544368.921000, 1606544368.921000, 1606544462.773000
