read_start,read_end,cpu_start,cpu_end,write_start,write_end
1606549493.091000, 1606549637.502000, 1606549637.502000, 1606549643.290000, 1606549643.290000, 1606549917.827000
1606549917.842000, 1606550005.902000, 1606550005.902000, 1606550010.913000, 1606550010.913000, 1606550213.041000
1606550213.172000, 1606550246.280000, 1606550246.280000, 1606550252.081000, 1606550252.081000, 1606550522.104000
