read_start,read_end,cpu_start,cpu_end,write_start,write_end
1606537150.828000, 1606537206.306000, 1606537206.306000, 1606537211.445000, 1606537211.445000, 1606537314.129000
1606537314.157000, 1606537328.015000, 1606537328.015000, 1606537333.034000, 1606537333.034000, 1606537429.038000
1606537429.055000, 1606537441.631000, 1606537441.631000, 1606537446.632000, 1606537446.632000, 1606537516.714000
