read_start,read_end,cpu_start,cpu_end,write_start,write_end
1606536768.027000, 1606536818.009000, 1606536818.009000, 1606536823.042000, 1606536823.042000, 1606536912.061000
1606536912.075000, 1606536922.452000, 1606536922.452000, 1606536927.702000, 1606536927.702000, 1606537022.328000
1606537022.347000, 1606537042.458000, 1606537042.458000, 1606537047.558000, 1606537047.558000, 1606537130.460000
