read_start,read_end,cpu_start,cpu_end,write_start,write_end
1606548502.503000, 1606548641.333000, 1606548641.333000, 1606548646.552000, 1606548646.552000, 1606548894.140000
1606548894.173000, 1606548927.739000, 1606548927.739000, 1606548933.595000, 1606548933.595000, 1606549197.507000
1606549197.755000, 1606549213.844000, 1606549213.844000, 1606549219.059000, 1606549219.059000, 1606549344.994000
