read_start,read_end,cpu_start,cpu_end,write_start,write_end
1606549493.092000, 1606549637.502000, 1606549637.502000, 1606549643.244000, 1606549643.244000, 1606549905.031000
1606549905.047000, 1606549945.501000, 1606549945.501000, 1606549950.643000, 1606549950.643000, 1606550208.216000
1606550208.968000, 1606550245.600000, 1606550245.600000, 1606550252.180000, 1606550252.180000, 1606550522.166000
