read_start,read_end,cpu_start,cpu_end,write_start,write_end
1606552720.177000, 1606552881.409000, 1606552881.409000, 1606552888.304000, 1606552888.304000, 1606553160.171000
1606553160.198000, 1606553193.480000, 1606553193.480000, 1606553198.936000, 1606553198.936000, 1606553481.341000
1606553481.426000, 1606553500.025000, 1606553500.025000, 1606553505.883000, 1606553505.883000, 1606553693.760000
