read_start,read_end,cpu_start,cpu_end,write_start,write_end
1606537585.492000, 1606537646.482000, 1606537646.482000, 1606537651.416000, 1606537651.416000, 1606537749.700000
1606537749.718000, 1606537772.197000, 1606537772.197000, 1606537777.443000, 1606537777.443000, 1606537862.691000
1606537862.706000, 1606537883.457000, 1606537883.457000, 1606537888.510000, 1606537888.510000, 1606537977.266000
