read_start,read_end,cpu_start,cpu_end,write_start,write_end
1606539154.481000, 1606539232.194000, 1606539232.194000, 1606539237.280000, 1606539237.280000, 1606539375.300000
1606539375.314000, 1606539389.220000, 1606539389.220000, 1606539394.452000, 1606539394.452000, 1606539534.003000
1606539534.018000, 1606539553.478000, 1606539553.478000, 1606539558.686000, 1606539558.686000, 1606539652.320000
