read_start,read_end,cpu_start,cpu_end,write_start,write_end
1606541907.110000, 1606542007.068000, 1606542007.068000, 1606542012.750000, 1606542012.750000, 1606542240.559000
1606542240.606000, 1606542268.236000, 1606542268.236000, 1606542273.976000, 1606542273.976000, 1606542474.025000
1606542474.055000, 1606542498.940000, 1606542498.940000, 1606542504.332000, 1606542504.332000, 1606542721.368000
