read_start,read_end,cpu_start,cpu_end,write_start,write_end
1606690863.357000, 1606690974.280000, 1606690974.280000, 1606690979.352000, 1606690979.352000, 1606691082.973000
1606691082.989000, 1606691084.047000, 1606691084.047000, 1606691088.787000, 1606691088.787000, 1606691175.672000
1606691175.685000, 1606691176.723000, 1606691176.723000, 1606691181.815000, 1606691181.815000, 1606691283.765000
