read_start,read_end,cpu_start,cpu_end,write_start,write_end
1606688535.287000, 1606688622.106000, 1606688622.106000, 1606688627.185000, 1606688627.185000, 1606688713.138000
1606688713.152000, 1606688714.151000, 1606688714.151000, 1606688718.702000, 1606688718.702000, 1606688807.139000
1606688807.152000, 1606688808.947000, 1606688808.947000, 1606688814.996000, 1606688814.996000, 1606688897.386000
