read_start,read_end,cpu_start,cpu_end,write_start,write_end
1606695740.894000, 1606695890.696000, 1606695890.696000, 1606695895.722000, 1606695895.722000, 1606695976.913000
1606695976.940000, 1606695978.519000, 1606695978.519000, 1606695983.975000, 1606695983.975000, 1606696089.706000
1606696089.731000, 1606696090.724000, 1606696090.724000, 1606696095.460000, 1606696095.460000, 1606696274.268000
