read_start,read_end,cpu_start,cpu_end,write_start,write_end
1606695057.395000, 1606695211.967000, 1606695211.967000, 1606695217.536000, 1606695217.536000, 1606695342.077000
1606695342.095000, 1606695343.885000, 1606695343.885000, 1606695349.244000, 1606695349.244000, 1606695487.866000
1606695487.957000, 1606695489.410000, 1606695489.410000, 1606695494.176000, 1606695494.176000, 1606695708.049000
