read_start,read_end,cpu_start,cpu_end,write_start,write_end
1606689399.559000, 1606689499.949000, 1606689499.949000, 1606689505.534000, 1606689505.534000, 1606689608.668000
1606689608.683000, 1606689609.764000, 1606689609.764000, 1606689614.638000, 1606689614.638000, 1606689725.274000
1606689725.290000, 1606689726.630000, 1606689726.630000, 1606689731.536000, 1606689731.536000, 1606689818.302000
