read_start,read_end,cpu_start,cpu_end,write_start,write_end
1606687777.543000, 1606687856.129000, 1606687856.129000, 1606687861.441000, 1606687861.441000, 1606687937.151000
1606687937.166000, 1606687938.307000, 1606687938.307000, 1606687943.060000, 1606687943.060000, 1606688025.559000
1606688025.573000, 1606688026.555000, 1606688026.555000, 1606688031.329000, 1606688031.329000, 1606688102.843000
