read_start,read_end,cpu_start,cpu_end,write_start,write_end
1606693759.119000, 1606693903.258000, 1606693903.258000, 1606693908.785000, 1606693908.785000, 1606694064.557000
1606694064.588000, 1606694066.253000, 1606694066.253000, 1606694071.821000, 1606694071.821000, 1606694211.190000
1606694211.376000, 1606694212.970000, 1606694212.970000, 1606694218.078000, 1606694218.078000, 1606694354.291000
