read_start,read_end,cpu_start,cpu_end,write_start,write_end
1606694393.167000, 1606694540.990000, 1606694540.990000, 1606694546.324000, 1606694546.324000, 1606694696.001000
1606694696.016000, 1606694697.557000, 1606694697.557000, 1606694703.140000, 1606694703.140000, 1606694850.908000
1606694850.949000, 1606694851.966000, 1606694851.966000, 1606694856.511000, 1606694856.511000, 1606695005.745000
