read_start,read_end,cpu_start,cpu_end,write_start,write_end
1606695057.388000, 1606695211.228000, 1606695211.228000, 1606695216.705000, 1606695216.705000, 1606695335.393000
1606695335.412000, 1606695336.399000, 1606695336.399000, 1606695340.914000, 1606695340.914000, 1606695476.824000
1606695476.840000, 1606695478.022000, 1606695478.022000, 1606695482.817000, 1606695482.817000, 1606695700.429000
