read_start,read_end,cpu_start,cpu_end,write_start,write_end
1606694393.153000, 1606694538.828000, 1606694538.828000, 1606694544.445000, 1606694544.445000, 1606694630.558000
1606694630.574000, 1606694631.642000, 1606694631.642000, 1606694636.612000, 1606694636.612000, 1606694780.707000
1606694780.725000, 1606694781.853000, 1606694781.853000, 1606694786.960000, 1606694786.960000, 1606694936.492000
