read_start,read_end,cpu_start,cpu_end,write_start,write_end
1606689399.554000, 1606689497.711000, 1606689497.711000, 1606689503.082000, 1606689503.082000, 1606689604.680000
1606689604.694000, 1606689605.772000, 1606689605.772000, 1606689610.805000, 1606689610.805000, 1606689715.907000
1606689715.923000, 1606689716.883000, 1606689716.883000, 1606689721.341000, 1606689721.341000, 1606689804.291000
