read_start,read_end,cpu_start,cpu_end,write_start,write_end
1606691945.391000, 1606692071.832000, 1606692071.832000, 1606692077.400000, 1606692077.400000, 1606692178.556000
1606692178.572000, 1606692179.728000, 1606692179.728000, 1606692184.568000, 1606692184.568000, 1606692335.795000
1606692335.829000, 1606692336.988000, 1606692336.988000, 1606692342.334000, 1606692342.334000, 1606692436.580000
