read_start,read_end,cpu_start,cpu_end,write_start,write_end
1606689867.851000, 1606689971.781000, 1606689971.781000, 1606689976.953000, 1606689976.953000, 1606690078.802000
1606690078.820000, 1606690079.777000, 1606690079.777000, 1606690084.407000, 1606690084.407000, 1606690155.702000
1606690155.717000, 1606690156.672000, 1606690156.672000, 1606690161.098000, 1606690161.098000, 1606690272.330000
