read_start,read_end,cpu_start,cpu_end,write_start,write_end
1606689399.550000, 1606689495.892000, 1606689495.892000, 1606689500.807000, 1606689500.807000, 1606689591.361000
1606689591.376000, 1606689592.326000, 1606689592.326000, 1606689596.718000, 1606689596.718000, 1606689691.624000
1606689691.639000, 1606689692.595000, 1606689692.595000, 1606689697.053000, 1606689697.053000, 1606689784.383000
