read_start,read_end,cpu_start,cpu_end,write_start,write_end
1606695057.398000, 1606695166.802000, 1606695166.802000, 1606695171.279000, 1606695171.279000, 1606695382.370000
1606695382.385000, 1606695383.541000, 1606695383.541000, 1606695388.683000, 1606695388.683000, 1606695553.938000
1606695554.004000, 1606695555.193000, 1606695555.193000, 1606695559.916000, 1606695559.916000, 1606695707.940000
