read_start,read_end,cpu_start,cpu_end,write_start,write_end
1606696336.392000, 1606696503.948000, 1606696503.948000, 1606696509.126000, 1606696509.126000, 1606696705.898000
1606696705.928000, 1606696707.771000, 1606696707.771000, 1606696713.531000, 1606696713.531000, 1606696888.869000
1606696888.896000, 1606696889.960000, 1606696889.960000, 1606696894.647000, 1606696894.647000, 1606697012.520000
