read_start,read_end,cpu_start,cpu_end,write_start,write_end
1606696336.392000, 1606696507.190000, 1606696507.190000, 1606696513.121000, 1606696513.121000, 1606696706.293000
1606696706.487000, 1606696708.620000, 1606696708.620000, 1606696714.114000, 1606696714.114000, 1606696896.925000
1606696896.938000, 1606696898.753000, 1606696898.753000, 1606696905.007000, 1606696905.007000, 1606697015.757000
