read_start,read_end,cpu_start,cpu_end,write_start,write_end
1606690863.354000, 1606690979.422000, 1606690979.422000, 1606690984.825000, 1606690984.825000, 1606691095.714000
1606691095.730000, 1606691096.856000, 1606691096.856000, 1606691102.050000, 1606691102.050000, 1606691271.284000
1606691271.300000, 1606691273.313000, 1606691273.313000, 1606691280.338000, 1606691280.338000, 1606691343.577000
