read_start,read_end,cpu_start,cpu_end,write_start,write_end
1606697037.443000, 1606697198.918000, 1606697198.918000, 1606697203.711000, 1606697203.711000, 1606697227.854000
1606697227.930000, 1606697229.332000, 1606697229.332000, 1606697235.498000, 1606697235.498000, 1606697427.197000
1606697428.306000, 1606697431.319000, 1606697431.319000, 1606697438.294000, 1606697438.294000, 1606697632.707000
