read_start,read_end,cpu_start,cpu_end,write_start,write_end
1606694393.156000, 1606694536.235000, 1606694536.235000, 1606694541.572000, 1606694541.572000, 1606694628.213000
1606694628.227000, 1606694629.351000, 1606694629.351000, 1606694634.474000, 1606694634.474000, 1606694775.298000
1606694775.315000, 1606694777.379000, 1606694777.379000, 1606694782.817000, 1606694782.817000, 1606694917.115000
