read_start,read_end,cpu_start,cpu_end,write_start,write_end
1606692522.114000, 1606692653.827000, 1606692653.827000, 1606692659.244000, 1606692659.244000, 1606692757.279000
1606692757.293000, 1606692758.389000, 1606692758.389000, 1606692763.108000, 1606692763.108000, 1606692912.228000
1606692912.243000, 1606692913.843000, 1606692913.843000, 1606692919.948000, 1606692919.948000, 1606693075.273000
