read_start,read_end,cpu_start,cpu_end,write_start,write_end
1606687131.504000, 1606687198.866000, 1606687198.866000, 1606687203.713000, 1606687203.713000, 1606687205.052000
1606687205.068000, 1606687206.009000, 1606687206.009000, 1606687210.454000, 1606687210.454000, 1606687211.431000
1606687211.440000, 1606687212.372000, 1606687212.372000, 1606687216.782000, 1606687216.782000, 1606687217.762000
