read_start,read_end,cpu_start,cpu_end,write_start,write_end
1606693128.064000, 1606693266.463000, 1606693266.463000, 1606693271.912000, 1606693271.912000, 1606693445.328000
1606693445.344000, 1606693446.392000, 1606693446.392000, 1606693451.394000, 1606693451.394000, 1606693596.364000
1606693596.378000, 1606693597.367000, 1606693597.367000, 1606693601.885000, 1606693601.885000, 1606693699.685000
