read_start,read_end,cpu_start,cpu_end,write_start,write_end
1606697037.442000, 1606697214.046000, 1606697214.046000, 1606697219.635000, 1606697219.635000, 1606697427.029000
1606697428.132000, 1606697431.294000, 1606697431.294000, 1606697438.055000, 1606697438.055000, 1606697632.502000
1606697632.731000, 1606697634.481000, 1606697634.481000, 1606697639.844000, 1606697639.844000, 1606697767.818000
