read_start,read_end,cpu_start,cpu_end,write_start,write_end
1606688140.953000, 1606688220.915000, 1606688220.915000, 1606688225.593000, 1606688225.593000, 1606688494.025000
1606688494.040000, 1606688494.992000, 1606688494.992000, 1606688499.353000, 1606688499.353000, 1606688512.385000
1606688512.399000, 1606688513.343000, 1606688513.343000, 1606688517.703000, 1606688517.703000, 1606688524.785000
