read_start,read_end,cpu_start,cpu_end,write_start,write_end
1606685315.829000, 1606685333.343000, 1606685333.343000, 1606685338.344000, 1606685338.344000, 1606685355.209000
1606685355.224000, 1606685356.315000, 1606685356.315000, 1606685360.650000, 1606685360.650000, 1606685373.540000
1606685373.555000, 1606685374.519000, 1606685374.519000, 1606685379.400000, 1606685379.400000, 1606685395.220000
