read_start,read_end,cpu_start,cpu_end,write_start,write_end
1606687777.539000, 1606687856.661000, 1606687856.661000, 1606687861.929000, 1606687861.929000, 1606687937.528000
1606687937.545000, 1606687938.684000, 1606687938.684000, 1606687943.414000, 1606687943.414000, 1606688025.966000
1606688025.980000, 1606688026.952000, 1606688026.952000, 1606688031.981000, 1606688031.981000, 1606688103.302000
