read_start,read_end,cpu_start,cpu_end,write_start,write_end
1606691392.965000, 1606691515.868000, 1606691515.868000, 1606691521.153000, 1606691521.153000, 1606691683.626000
1606691683.645000, 1606691684.589000, 1606691684.589000, 1606691689.046000, 1606691689.046000, 1606691784.122000
1606691784.136000, 1606691785.554000, 1606691785.554000, 1606691790.253000, 1606691790.253000, 1606691887.357000
