read_start,read_end,cpu_start,cpu_end,write_start,write_end
1606692522.130000, 1606692652.567000, 1606692652.567000, 1606692657.892000, 1606692657.892000, 1606692754.425000
1606692754.446000, 1606692755.559000, 1606692755.559000, 1606692760.397000, 1606692760.397000, 1606692852.055000
1606692852.071000, 1606692853.503000, 1606692853.503000, 1606692858.684000, 1606692858.684000, 1606692987.483000
