read_start,read_end,cpu_start,cpu_end,write_start,write_end
1606685504.470000, 1606685531.069000, 1606685531.069000, 1606685535.688000, 1606685535.688000, 1606685536.846000
1606685536.856000, 1606685537.812000, 1606685537.812000, 1606685542.155000, 1606685542.155000, 1606685543.189000
1606685543.197000, 1606685544.121000, 1606685544.121000, 1606685548.524000, 1606685548.524000, 1606685549.521000
