read_start,read_end,cpu_start,cpu_end,write_start,write_end
1606695057.388000, 1606695213.516000, 1606695213.516000, 1606695218.805000, 1606695218.805000, 1606695378.858000
1606695378.874000, 1606695379.879000, 1606695379.879000, 1606695384.413000, 1606695384.413000, 1606695709.373000
1606695709.388000, 1606695710.366000, 1606695710.366000, 1606695714.718000, 1606695714.718000, 1606695725.504000
