read_start,read_end,cpu_start,cpu_end,write_start,write_end
1606691392.948000, 1606691500.350000, 1606691500.350000, 1606691504.970000, 1606691504.970000, 1606691896.865000
1606691896.881000, 1606691898.748000, 1606691898.748000, 1606691903.179000, 1606691903.179000, 1606691919.907000
1606691919.923000, 1606691921.107000, 1606691921.107000, 1606691925.446000, 1606691925.446000, 1606691932.243000
