read_start,read_end,cpu_start,cpu_end,write_start,write_end
1606692522.114000, 1606692646.453000, 1606692646.453000, 1606692651.571000, 1606692651.571000, 1606692746.203000
1606692746.217000, 1606692747.293000, 1606692747.293000, 1606692751.979000, 1606692751.979000, 1606692844.173000
1606692844.189000, 1606692845.868000, 1606692845.868000, 1606692851.209000, 1606692851.209000, 1606692983.882000
