read_start,read_end,cpu_start,cpu_end,write_start,write_end
1606694393.154000, 1606694534.818000, 1606694534.818000, 1606694539.726000, 1606694539.726000, 1606694627.884000
1606694627.897000, 1606694628.895000, 1606694628.895000, 1606694634.018000, 1606694634.018000, 1606694781.336000
1606694781.353000, 1606694783.678000, 1606694783.678000, 1606694789.052000, 1606694789.052000, 1606694942.073000
