read_start,read_end,cpu_start,cpu_end,write_start,write_end
1606693128.070000, 1606693265.154000, 1606693265.154000, 1606693270.511000, 1606693270.511000, 1606693367.999000
1606693368.014000, 1606693370.178000, 1606693370.178000, 1606693375.694000, 1606693375.694000, 1606693523.081000
1606693523.569000, 1606693525.430000, 1606693525.430000, 1606693530.637000, 1606693530.637000, 1606693700.493000
