read_start,read_end,cpu_start,cpu_end,write_start,write_end
1606690351.665000, 1606690461.798000, 1606690461.798000, 1606690466.964000, 1606690466.964000, 1606690575.501000
1606690575.515000, 1606690576.494000, 1606690576.494000, 1606690581.440000, 1606690581.440000, 1606690664.592000
1606690664.609000, 1606690666.283000, 1606690666.283000, 1606690671.115000, 1606690671.115000, 1606690782.239000
