read_start,read_end,cpu_start,cpu_end,write_start,write_end
1606697037.442000, 1606697199.999000, 1606697199.999000, 1606697204.655000, 1606697204.655000, 1606697229.443000
1606697229.518000, 1606697231.306000, 1606697231.306000, 1606697237.586000, 1606697237.586000, 1606697427.206000
1606697427.677000, 1606697431.002000, 1606697431.002000, 1606697439.189000, 1606697439.189000, 1606697633.006000
