read_start,read_end,cpu_start,cpu_end,write_start,write_end
1606689867.851000, 1606689974.055000, 1606689974.055000, 1606689979.569000, 1606689979.569000, 1606690084.963000
1606690084.977000, 1606690086.242000, 1606690086.242000, 1606690091.658000, 1606690091.658000, 1606690233.313000
1606690233.329000, 1606690235.304000, 1606690235.304000, 1606690240.421000, 1606690240.421000, 1606690305.334000
