read_start,read_end,cpu_start,cpu_end,write_start,write_end
1606685777.453000, 1606685814.686000, 1606685814.686000, 1606685819.423000, 1606685819.423000, 1606685851.834000
1606685851.847000, 1606685852.821000, 1606685852.821000, 1606685857.533000, 1606685857.533000, 1606685893.437000
1606685893.451000, 1606685894.410000, 1606685894.410000, 1606685898.956000, 1606685898.956000, 1606685932.891000
