read_start,read_end,cpu_start,cpu_end,write_start,write_end
1606692522.135000, 1606692653.632000, 1606692653.632000, 1606692659.114000, 1606692659.114000, 1606692756.203000
1606692756.219000, 1606692757.177000, 1606692757.177000, 1606692761.927000, 1606692761.927000, 1606692911.723000
1606692911.739000, 1606692912.778000, 1606692912.778000, 1606692917.527000, 1606692917.527000, 1606693067.028000
