read_start,read_end,cpu_start,cpu_end,write_start,write_end
1606688535.287000, 1606688625.791000, 1606688625.791000, 1606688630.932000, 1606688630.932000, 1606688717.950000
1606688717.965000, 1606688718.974000, 1606688718.974000, 1606688723.803000, 1606688723.803000, 1606688820.891000
1606688820.905000, 1606688822.351000, 1606688822.351000, 1606688828.547000, 1606688828.547000, 1606688911.249000
