read_start,read_end,cpu_start,cpu_end,write_start,write_end
1606685629.648000, 1606685661.549000, 1606685661.549000, 1606685666.171000, 1606685666.171000, 1606685697.754000
1606685697.767000, 1606685698.714000, 1606685698.714000, 1606685703.584000, 1606685703.584000, 1606685733.434000
1606685733.449000, 1606685734.541000, 1606685734.541000, 1606685739.211000, 1606685739.211000, 1606685770.708000
