read_start,read_end,cpu_start,cpu_end,write_start,write_end
1606687777.539000, 1606687856.609000, 1606687856.609000, 1606687861.848000, 1606687861.848000, 1606687937.389000
1606687937.404000, 1606687938.543000, 1606687938.543000, 1606687943.249000, 1606687943.249000, 1606688025.734000
1606688025.749000, 1606688026.765000, 1606688026.765000, 1606688031.695000, 1606688031.695000, 1606688103.132000
