read_start,read_end,cpu_start,cpu_end,write_start,write_end
1606695057.400000, 1606695199.373000, 1606695199.373000, 1606695204.278000, 1606695204.278000, 1606695284.679000
1606695284.696000, 1606695285.638000, 1606695285.638000, 1606695290.524000, 1606695290.524000, 1606695413.729000
1606695413.744000, 1606695414.756000, 1606695414.756000, 1606695419.333000, 1606695419.333000, 1606695595.128000
