read_start,read_end,cpu_start,cpu_end,write_start,write_end
1606691392.955000, 1606691506.512000, 1606691506.512000, 1606691511.584000, 1606691511.584000, 1606691599.457000
1606691599.473000, 1606691600.579000, 1606691600.579000, 1606691605.321000, 1606691605.321000, 1606691691.508000
1606691691.524000, 1606691692.827000, 1606691692.827000, 1606691698.151000, 1606691698.151000, 1606691800.214000
