read_start,read_end,cpu_start,cpu_end,write_start,write_end
1606693759.129000, 1606693903.838000, 1606693903.838000, 1606693908.906000, 1606693908.906000, 1606694066.932000
1606694066.946000, 1606694068.057000, 1606694068.057000, 1606694072.888000, 1606694072.888000, 1606694211.544000
1606694211.590000, 1606694212.937000, 1606694212.937000, 1606694217.702000, 1606694217.702000, 1606694354.710000
