read_start,read_end,cpu_start,cpu_end,write_start,write_end
1606688535.287000, 1606688619.421000, 1606688619.421000, 1606688624.163000, 1606688624.163000, 1606688915.525000
1606688915.541000, 1606688916.488000, 1606688916.488000, 1606688920.968000, 1606688920.968000, 1606688933.653000
1606688933.668000, 1606688934.616000, 1606688934.616000, 1606688939.165000, 1606688939.165000, 1606688946.884000
