read_start,read_end,cpu_start,cpu_end,write_start,write_end
1606693759.114000, 1606693901.113000, 1606693901.113000, 1606693906.596000, 1606693906.596000, 1606694003.829000
1606694003.854000, 1606694005.037000, 1606694005.037000, 1606694009.973000, 1606694009.973000, 1606694148.252000
1606694148.266000, 1606694149.583000, 1606694149.583000, 1606694154.746000, 1606694154.746000, 1606694349.921000
