read_start,read_end,cpu_start,cpu_end,write_start,write_end
1606688535.296000, 1606688624.523000, 1606688624.523000, 1606688629.639000, 1606688629.639000, 1606688630.958000
1606688630.970000, 1606688631.918000, 1606688631.918000, 1606688636.325000, 1606688636.325000, 1606688637.314000
1606688637.323000, 1606688638.255000, 1606688638.255000, 1606688642.656000, 1606688642.656000, 1606688643.641000
