read_start,read_end,cpu_start,cpu_end,write_start,write_end
1606688140.953000, 1606688221.224000, 1606688221.224000, 1606688226.258000, 1606688226.258000, 1606688302.587000
1606688302.601000, 1606688303.685000, 1606688303.685000, 1606688308.316000, 1606688308.316000, 1606688373.823000
1606688373.836000, 1606688374.886000, 1606688374.886000, 1606688379.446000, 1606688379.446000, 1606688453.953000
