read_start,read_end,cpu_start,cpu_end,write_start,write_end
1606688958.126000, 1606689054.203000, 1606689054.203000, 1606689059.515000, 1606689059.515000, 1606689151.917000
1606689151.932000, 1606689152.927000, 1606689152.927000, 1606689157.935000, 1606689157.935000, 1606689250.742000
1606689250.765000, 1606689252.141000, 1606689252.141000, 1606689258.210000, 1606689258.210000, 1606689349.880000
