read_start,read_end,cpu_start,cpu_end,write_start,write_end
1606687777.539000, 1606687856.717000, 1606687856.717000, 1606687861.586000, 1606687861.586000, 1606687937.107000
1606687937.123000, 1606687938.154000, 1606687938.154000, 1606687943.268000, 1606687943.268000, 1606688026.063000
1606688026.078000, 1606688027.067000, 1606688027.067000, 1606688031.710000, 1606688031.710000, 1606688103.028000
