read_start,read_end,cpu_start,cpu_end,write_start,write_end
1606688140.953000, 1606688225.844000, 1606688225.844000, 1606688230.935000, 1606688230.935000, 1606688313.519000
1606688313.537000, 1606688314.653000, 1606688314.653000, 1606688319.862000, 1606688319.862000, 1606688400.354000
1606688400.368000, 1606688401.476000, 1606688401.476000, 1606688406.641000, 1606688406.641000, 1606688486.712000
