read_start,read_end,cpu_start,cpu_end,write_start,write_end
1606690351.665000, 1606690462.002000, 1606690462.002000, 1606690467.253000, 1606690467.253000, 1606690575.948000
1606690575.960000, 1606690577.076000, 1606690577.076000, 1606690582.001000, 1606690582.001000, 1606690667.010000
1606690667.025000, 1606690668.485000, 1606690668.485000, 1606690673.987000, 1606690673.987000, 1606690784.561000
