read_start,read_end,cpu_start,cpu_end,write_start,write_end
1606692522.120000, 1606692652.159000, 1606692652.159000, 1606692657.417000, 1606692657.417000, 1606692753.377000
1606692753.392000, 1606692754.477000, 1606692754.477000, 1606692759.362000, 1606692759.362000, 1606692849.153000
1606692849.169000, 1606692850.501000, 1606692850.501000, 1606692855.680000, 1606692855.680000, 1606692995.476000
