read_start,read_end,cpu_start,cpu_end,write_start,write_end
1606695740.919000, 1606695898.117000, 1606695898.117000, 1606695903.472000, 1606695903.472000, 1606696041.018000
1606696041.033000, 1606696042.984000, 1606696042.984000, 1606696048.535000, 1606696048.535000, 1606696190.264000
1606696190.380000, 1606696191.758000, 1606696191.758000, 1606696196.264000, 1606696196.264000, 1606696293.088000
