read_start,read_end,cpu_start,cpu_end,write_start,write_end
1606694393.169000, 1606694529.567000, 1606694529.567000, 1606694534.401000, 1606694534.401000, 1606694826.233000
1606694826.248000, 1606694830.902000, 1606694830.902000, 1606694835.841000, 1606694835.841000, 1606695001.889000
1606695001.943000, 1606695002.917000, 1606695002.917000, 1606695007.268000, 1606695007.268000, 1606695024.231000
