read_start,read_end,cpu_start,cpu_end,write_start,write_end
1606697037.442000, 1606697212.469000, 1606697212.469000, 1606697218.528000, 1606697218.528000, 1606697427.063000
1606697428.221000, 1606697431.144000, 1606697431.144000, 1606697436.953000, 1606697436.953000, 1606697630.958000
1606697631.119000, 1606697632.559000, 1606697632.559000, 1606697638.772000, 1606697638.772000, 1606697767.218000
