read_start,read_end,cpu_start,cpu_end,write_start,write_end
1606688958.125000, 1606689052.859000, 1606689052.859000, 1606689057.998000, 1606689057.998000, 1606689150.906000
1606689150.921000, 1606689151.943000, 1606689151.943000, 1606689157.043000, 1606689157.043000, 1606689250.027000
1606689250.042000, 1606689251.054000, 1606689251.054000, 1606689255.974000, 1606689255.974000, 1606689348.024000
