read_start,read_end,cpu_start,cpu_end,write_start,write_end
1606691945.404000, 1606692072.722000, 1606692072.722000, 1606692078.121000, 1606692078.121000, 1606692179.181000
1606692179.198000, 1606692180.347000, 1606692180.347000, 1606692185.222000, 1606692185.222000, 1606692336.026000
1606692336.040000, 1606692337.151000, 1606692337.151000, 1606692341.828000, 1606692341.828000, 1606692433.684000
