read_start,read_end,cpu_start,cpu_end,write_start,write_end
1606693128.062000, 1606693265.400000, 1606693265.400000, 1606693270.778000, 1606693270.778000, 1606693368.178000
1606693368.198000, 1606693370.396000, 1606693370.396000, 1606693375.912000, 1606693375.912000, 1606693524.004000
1606693524.169000, 1606693526.017000, 1606693526.017000, 1606693531.344000, 1606693531.344000, 1606693700.822000
