read_start,read_end,cpu_start,cpu_end,write_start,write_end
1606697037.442000, 1606697214.743000, 1606697214.743000, 1606697221.216000, 1606697221.216000, 1606697427.069000
1606697427.588000, 1606697430.381000, 1606697430.381000, 1606697437.904000, 1606697437.904000, 1606697632.417000
1606697632.562000, 1606697634.221000, 1606697634.221000, 1606697640.110000, 1606697640.110000, 1606697767.898000
