read_start,read_end,cpu_start,cpu_end,write_start,write_end
1606691945.391000, 1606692065.847000, 1606692065.847000, 1606692070.862000, 1606692070.862000, 1606692162.118000
1606692162.135000, 1606692163.233000, 1606692163.233000, 1606692167.843000, 1606692167.843000, 1606692254.919000
1606692254.946000, 1606692256.729000, 1606692256.729000, 1606692261.768000, 1606692261.768000, 1606692420.350000
