read_start,read_end,cpu_start,cpu_end,write_start,write_end
1606690863.370000, 1606690974.100000, 1606690974.100000, 1606690979.144000, 1606690979.144000, 1606690980.801000
1606690980.812000, 1606690981.957000, 1606690981.957000, 1606690987.276000, 1606690987.276000, 1606691089.366000
1606691089.379000, 1606691090.430000, 1606691090.430000, 1606691094.857000, 1606691094.857000, 1606691096.333000
