read_start,read_end,cpu_start,cpu_end,write_start,write_end
1606687435.467000, 1606687506.210000, 1606687506.210000, 1606687511.100000, 1606687511.100000, 1606687512.458000
1606687512.470000, 1606687513.432000, 1606687513.432000, 1606687517.978000, 1606687517.978000, 1606687518.951000
1606687518.963000, 1606687519.869000, 1606687519.869000, 1606687524.277000, 1606687524.277000, 1606687525.277000
