read_start,read_end,cpu_start,cpu_end,write_start,write_end
1606689399.556000, 1606689494.189000, 1606689494.189000, 1606689498.858000, 1606689498.858000, 1606689581.705000
1606689581.720000, 1606689582.659000, 1606689582.659000, 1606689587.062000, 1606689587.062000, 1606689682.523000
1606689682.538000, 1606689683.473000, 1606689683.473000, 1606689687.865000, 1606689687.865000, 1606689777.661000
