read_start,read_end,cpu_start,cpu_end,write_start,write_end
1606693128.062000, 1606693266.976000, 1606693266.976000, 1606693272.526000, 1606693272.526000, 1606693445.901000
1606693445.931000, 1606693447.801000, 1606693447.801000, 1606693452.711000, 1606693452.711000, 1606693604.383000
1606693604.446000, 1606693605.970000, 1606693605.970000, 1606693610.993000, 1606693610.993000, 1606693701.746000
