read_start,read_end,cpu_start,cpu_end,write_start,write_end
1606697037.442000, 1606697213.712000, 1606697213.712000, 1606697220.018000, 1606697220.018000, 1606697427.062000
1606697427.671000, 1606697430.656000, 1606697430.656000, 1606697438.913000, 1606697438.913000, 1606697633.009000
1606697633.333000, 1606697635.271000, 1606697635.271000, 1606697642.099000, 1606697642.099000, 1606697768.192000
