read_start,read_end,cpu_start,cpu_end,write_start,write_end
1606689399.550000, 1606689498.894000, 1606689498.894000, 1606689504.325000, 1606689504.325000, 1606689607.591000
1606689607.609000, 1606689608.649000, 1606689608.649000, 1606689613.490000, 1606689613.490000, 1606689723.442000
1606689723.458000, 1606689724.855000, 1606689724.855000, 1606689730.512000, 1606689730.512000, 1606689818.528000
