read_start,read_end,cpu_start,cpu_end,write_start,write_end
1606691392.960000, 1606691515.732000, 1606691515.732000, 1606691521.472000, 1606691521.472000, 1606691687.504000
1606691687.518000, 1606691688.442000, 1606691688.442000, 1606691693.283000, 1606691693.283000, 1606691789.436000
1606691789.453000, 1606691790.976000, 1606691790.976000, 1606691795.988000, 1606691795.988000, 1606691888.448000
