read_start,read_end,cpu_start,cpu_end,write_start,write_end
1606689399.550000, 1606689500.854000, 1606689500.854000, 1606689506.154000, 1606689506.154000, 1606689608.863000
1606689608.881000, 1606689609.835000, 1606689609.835000, 1606689614.606000, 1606689614.606000, 1606689724.926000
1606689724.946000, 1606689726.326000, 1606689726.326000, 1606689731.776000, 1606689731.776000, 1606689820.462000
