read_start,read_end,cpu_start,cpu_end,write_start,write_end
1606697037.441000, 1606697204.787000, 1606697204.787000, 1606697209.566000, 1606697209.566000, 1606697426.286000
1606697426.316000, 1606697427.424000, 1606697427.424000, 1606697434.099000, 1606697434.099000, 1606697577.391000
1606697577.408000, 1606697578.559000, 1606697578.559000, 1606697583.233000, 1606697583.233000, 1606697724.634000
