read_start,read_end,cpu_start,cpu_end,write_start,write_end
1606692522.125000, 1606692652.440000, 1606692652.440000, 1606692657.890000, 1606692657.890000, 1606692754.382000
1606692754.397000, 1606692755.375000, 1606692755.375000, 1606692760.299000, 1606692760.299000, 1606692852.495000
1606692852.509000, 1606692854.167000, 1606692854.167000, 1606692860.987000, 1606692860.987000, 1606692989.917000
