read_start,read_end,cpu_start,cpu_end,write_start,write_end
1606696336.393000, 1606696505.608000, 1606696505.608000, 1606696511.480000, 1606696511.480000, 1606696706.189000
1606696706.241000, 1606696709.313000, 1606696709.313000, 1606696717.560000, 1606696717.560000, 1606696907.869000
1606696908.067000, 1606696909.951000, 1606696909.951000, 1606696914.713000, 1606696914.713000, 1606697021.390000
