read_start,read_end,cpu_start,cpu_end,write_start,write_end
1606689399.554000, 1606689498.974000, 1606689498.974000, 1606689504.137000, 1606689504.137000, 1606689607.182000
1606689607.194000, 1606689608.166000, 1606689608.166000, 1606689613.204000, 1606689613.204000, 1606689722.805000
1606689722.818000, 1606689723.762000, 1606689723.762000, 1606689728.609000, 1606689728.609000, 1606689816.972000
