read_start,read_end,cpu_start,cpu_end,write_start,write_end
1606695057.388000, 1606695212.929000, 1606695212.929000, 1606695218.205000, 1606695218.205000, 1606695352.548000
1606695352.563000, 1606695353.798000, 1606695353.798000, 1606695358.693000, 1606695358.693000, 1606695510.755000
1606695510.796000, 1606695511.880000, 1606695511.880000, 1606695516.484000, 1606695516.484000, 1606695704.444000
