read_start,read_end,cpu_start,cpu_end,write_start,write_end
1606695740.912000, 1606695898.600000, 1606695898.600000, 1606695904.060000, 1606695904.060000, 1606696046.817000
1606696046.831000, 1606696048.437000, 1606696048.437000, 1606696053.076000, 1606696053.076000, 1606696208.549000
1606696208.642000, 1606696209.959000, 1606696209.959000, 1606696214.469000, 1606696214.469000, 1606696295.748000
