read_start,read_end,cpu_start,cpu_end,write_start,write_end
1606689399.550000, 1606689499.391000, 1606689499.391000, 1606689505.086000, 1606689505.086000, 1606689608.460000
1606689608.477000, 1606689609.638000, 1606689609.638000, 1606689614.483000, 1606689614.483000, 1606689724.926000
1606689724.945000, 1606689726.137000, 1606689726.137000, 1606689731.354000, 1606689731.354000, 1606689819.813000
