read_start,read_end,cpu_start,cpu_end,write_start,write_end
1606687131.501000, 1606687198.951000, 1606687198.951000, 1606687204.230000, 1606687204.230000, 1606687270.991000
1606687271.005000, 1606687272.057000, 1606687272.057000, 1606687276.873000, 1606687276.873000, 1606687347.653000
1606687347.671000, 1606687348.810000, 1606687348.810000, 1606687354.028000, 1606687354.028000, 1606687422.068000
