read_start,read_end,cpu_start,cpu_end,write_start,write_end
1606693128.063000, 1606693264.093000, 1606693264.093000, 1606693269.627000, 1606693269.627000, 1606693367.253000
1606693367.269000, 1606693368.910000, 1606693368.910000, 1606693374.388000, 1606693374.388000, 1606693524.289000
1606693524.468000, 1606693526.422000, 1606693526.422000, 1606693533.700000, 1606693533.700000, 1606693702.409000
