read_start,read_end,cpu_start,cpu_end,write_start,write_end
1606693128.083000, 1606693263.486000, 1606693263.486000, 1606693268.853000, 1606693268.853000, 1606693366.511000
1606693366.526000, 1606693367.538000, 1606693367.538000, 1606693372.461000, 1606693372.461000, 1606693521.042000
1606693521.059000, 1606693522.014000, 1606693522.014000, 1606693526.915000, 1606693526.915000, 1606693617.030000
