read_start,read_end,cpu_start,cpu_end,write_start,write_end
1606694393.183000, 1606694539.591000, 1606694539.591000, 1606694544.772000, 1606694544.772000, 1606694546.025000
1606694546.036000, 1606694547.032000, 1606694547.032000, 1606694551.580000, 1606694551.580000, 1606694632.526000
1606694632.536000, 1606694634.340000, 1606694634.340000, 1606694639.466000, 1606694639.466000, 1606694781.412000
