read_start,read_end,cpu_start,cpu_end,write_start,write_end
1608324735.199000, 1608324873.545000, 1608324873.545000, 1608324879.233000, 1608324879.233000, 1608325015.063000
1608325015.078000, 1608325016.427000, 1608325016.427000, 1608325021.114000, 1608325021.114000, 1608325166.212000
1608325166.316000, 1608325167.645000, 1608325167.645000, 1608325172.524000, 1608325172.524000, 1608325223.168000
