read_start,read_end,cpu_start,cpu_end,write_start,write_end
1608323846.489000, 1608323930.466000, 1608323930.466000, 1608323935.766000, 1608323935.766000, 1608323937.003000
1608323937.015000, 1608323938.204000, 1608323938.204000, 1608323943.440000, 1608323943.440000, 1608324009.207000
1608324009.223000, 1608324010.232000, 1608324010.232000, 1608324015.145000, 1608324015.145000, 1608324079.177000
