read_start,read_end,cpu_start,cpu_end,write_start,write_end
1608325362.650000, 1608325521.387000, 1608325521.387000, 1608325526.686000, 1608325526.686000, 1608325528.041000
1608325528.054000, 1608325529.209000, 1608325529.209000, 1608325534.787000, 1608325534.787000, 1608325734.186000
