read_start,read_end,cpu_start,cpu_end,write_start,write_end
1608324735.181000, 1608324870.177000, 1608324870.177000, 1608324875.971000, 1608324875.971000, 1608324877.332000
1608324877.345000, 1608324878.573000, 1608324878.573000, 1608324883.806000, 1608324883.806000, 1608325068.953000
1608325068.968000, 1608325070.353000, 1608325070.353000, 1608325075.824000, 1608325075.824000, 1608325207.748000
