read_start,read_end,cpu_start,cpu_end,write_start,write_end
1608324216.864000, 1608324327.659000, 1608324327.659000, 1608324333.529000, 1608324333.529000, 1608324335.086000
1608324335.100000, 1608324336.231000, 1608324336.231000, 1608324341.163000, 1608324341.163000, 1608324498.782000
1608324498.799000, 1608324499.731000, 1608324499.731000, 1608324504.409000, 1608324504.409000, 1608324599.363000
