read_start,read_end,cpu_start,cpu_end,write_start,write_end
1608323846.507000, 1608323930.489000, 1608323930.489000, 1608323935.897000, 1608323935.897000, 1608323937.122000
1608323937.134000, 1608323938.229000, 1608323938.229000, 1608323943.480000, 1608323943.480000, 1608324009.544000
1608324009.558000, 1608324010.652000, 1608324010.652000, 1608324015.133000, 1608324015.133000, 1608324079.167000
