read_start,read_end,cpu_start,cpu_end,write_start,write_end
1608323619.572000, 1608323676.710000, 1608323676.710000, 1608323681.808000, 1608323681.808000, 1608323683.032000
1608323683.044000, 1608323684.037000, 1608323684.037000, 1608323689.012000, 1608323689.012000, 1608323690.256000
1608323690.268000, 1608323691.251000, 1608323691.251000, 1608323696.294000, 1608323696.294000, 1608323713.356000
