read_start,read_end,cpu_start,cpu_end,write_start,write_end
1608324735.189000, 1608324871.965000, 1608324871.965000, 1608324877.536000, 1608324877.536000, 1608324879.528000
1608324879.542000, 1608324880.639000, 1608324880.639000, 1608324885.577000, 1608324885.577000, 1608325070.312000
1608325070.329000, 1608325071.686000, 1608325071.686000, 1608325076.593000, 1608325076.593000, 1608325208.081000
