read_start,read_end,cpu_start,cpu_end,write_start,write_end
1608325362.629000, 1608325525.671000, 1608325525.671000, 1608325531.449000, 1608325531.449000, 1608325733.602000
