read_start,read_end,cpu_start,cpu_end,write_start,write_end
1608324735.167000, 1608324871.075000, 1608324871.075000, 1608324876.844000, 1608324876.844000, 1608324878.182000
1608324878.199000, 1608324879.232000, 1608324879.232000, 1608324884.274000, 1608324884.274000, 1608325069.576000
1608325069.590000, 1608325071.014000, 1608325071.014000, 1608325076.551000, 1608325076.551000, 1608325208.050000
