read_start,read_end,cpu_start,cpu_end,write_start,write_end
1608324216.856000, 1608324325.411000, 1608324325.411000, 1608324330.983000, 1608324330.983000, 1608324332.406000
1608324332.419000, 1608324333.469000, 1608324333.469000, 1608324338.908000, 1608324338.908000, 1608324480.142000
1608324480.156000, 1608324481.179000, 1608324481.179000, 1608324486.021000, 1608324486.021000, 1608324590.362000
