read_start,read_end,cpu_start,cpu_end,write_start,write_end
1608325362.634000, 1608325528.798000, 1608325528.798000, 1608325534.240000, 1608325534.240000, 1608325734.139000
