read_start,read_end,cpu_start,cpu_end,write_start,write_end
1608325362.646000, 1608325518.064000, 1608325518.064000, 1608325523.355000, 1608325523.355000, 1608325524.548000
1608325524.559000, 1608325525.900000, 1608325525.900000, 1608325531.849000, 1608325531.849000, 1608325733.949000
