read_start,read_end,cpu_start,cpu_end,write_start,write_end
1608323441.238000, 1608323473.128000, 1608323473.128000, 1608323477.835000, 1608323477.835000, 1608323479.118000
1608323479.129000, 1608323480.108000, 1608323480.108000, 1608323484.757000, 1608323484.757000, 1608323485.984000
1608323485.995000, 1608323486.991000, 1608323486.991000, 1608323492.097000, 1608323492.097000, 1608323493.416000
