read_start,read_end,cpu_start,cpu_end,write_start,write_end
1608324735.177000, 1608324871.953000, 1608324871.953000, 1608324877.676000, 1608324877.676000, 1608324880.424000
1608324880.439000, 1608324881.438000, 1608324881.438000, 1608324886.109000, 1608324886.109000, 1608325070.462000
1608325070.477000, 1608325072.084000, 1608325072.084000, 1608325077.369000, 1608325077.369000, 1608325208.290000
