read_start,read_end,cpu_start,cpu_end,write_start,write_end
1608324216.847000, 1608324322.169000, 1608324322.169000, 1608324327.411000, 1608324327.411000, 1608324328.634000
1608324328.645000, 1608324329.787000, 1608324329.787000, 1608324335.569000, 1608324335.569000, 1608324398.303000
1608324398.320000, 1608324399.434000, 1608324399.434000, 1608324403.920000, 1608324403.920000, 1608324535.758000
