read_start,read_end,cpu_start,cpu_end,write_start,write_end
1608325362.621000, 1608325513.427000, 1608325513.427000, 1608325518.402000, 1608325518.402000, 1608325519.565000
1608325519.575000, 1608325520.524000, 1608325520.524000, 1608325525.701000, 1608325525.701000, 1608325526.969000
1608325526.980000, 1608325527.976000, 1608325527.976000, 1608325533.333000, 1608325533.333000, 1608325734.065000
