read_start,read_end,cpu_start,cpu_end,write_start,write_end
1608324216.848000, 1608324326.115000, 1608324326.115000, 1608324331.559000, 1608324331.559000, 1608324332.916000
1608324332.931000, 1608324334.063000, 1608324334.063000, 1608324339.442000, 1608324339.442000, 1608324487.265000
1608324487.280000, 1608324488.945000, 1608324488.945000, 1608324494.226000, 1608324494.226000, 1608324594.164000
