read_start,read_end,cpu_start,cpu_end,write_start,write_end
1608325362.662000, 1608325526.105000, 1608325526.105000, 1608325531.824000, 1608325531.824000, 1608325733.785000
