read_start,read_end,cpu_start,cpu_end,write_start,write_end
1608325362.645000, 1608325520.310000, 1608325520.310000, 1608325525.489000, 1608325525.489000, 1608325526.785000
1608325526.796000, 1608325528.071000, 1608325528.071000, 1608325534.149000, 1608325534.149000, 1608325734.143000
