read_start,read_end,cpu_start,cpu_end,write_start,write_end
1608325362.659000, 1608325525.089000, 1608325525.089000, 1608325531.166000, 1608325531.166000, 1608325733.469000
