read_start,read_end,cpu_start,cpu_end,write_start,write_end
1608325362.632000, 1608325528.499000, 1608325528.499000, 1608325533.960000, 1608325533.960000, 1608325734.141000
