read_start,read_end,cpu_start,cpu_end,write_start,write_end
1608325362.636000, 1608325527.281000, 1608325527.281000, 1608325532.805000, 1608325532.805000, 1608325734.105000
