read_start,read_end,cpu_start,cpu_end,write_start,write_end
1608323846.503000, 1608323930.313000, 1608323930.313000, 1608323935.743000, 1608323935.743000, 1608323936.993000
1608323937.005000, 1608323938.200000, 1608323938.200000, 1608323943.819000, 1608323943.819000, 1608324029.681000
1608324029.694000, 1608324030.779000, 1608324030.779000, 1608324035.312000, 1608324035.312000, 1608324082.377000
