read_start,read_end,cpu_start,cpu_end,write_start,write_end
1608324216.842000, 1608324324.941000, 1608324324.941000, 1608324330.523000, 1608324330.523000, 1608324331.768000
1608324331.779000, 1608324332.931000, 1608324332.931000, 1608324338.455000, 1608324338.455000, 1608324473.351000
1608324473.366000, 1608324474.373000, 1608324474.373000, 1608324478.756000, 1608324478.756000, 1608324586.660000
