read_start,read_end,cpu_start,cpu_end,write_start,write_end
1608323619.583000, 1608323675.865000, 1608323675.865000, 1608323680.723000, 1608323680.723000, 1608323681.948000
1608323681.960000, 1608323683.019000, 1608323683.019000, 1608323687.934000, 1608323687.934000, 1608323689.263000
1608323689.274000, 1608323690.335000, 1608323690.335000, 1608323695.079000, 1608323695.079000, 1608323697.474000
