read_start,read_end,cpu_start,cpu_end,write_start,write_end
1608325362.648000, 1608325528.313000, 1608325528.313000, 1608325533.882000, 1608325533.882000, 1608325734.104000
