read_start,read_end,cpu_start,cpu_end,write_start,write_end
1608324735.194000, 1608324874.574000, 1608324874.574000, 1608324880.187000, 1608324880.187000, 1608325040.956000
1608325040.973000, 1608325041.921000, 1608325041.921000, 1608325046.340000, 1608325046.340000, 1608325185.937000
1608325185.954000, 1608325187.011000, 1608325187.011000, 1608325191.626000, 1608325191.626000, 1608325225.562000
