read_start,read_end,cpu_start,cpu_end,write_start,write_end
1608324216.858000, 1608324327.853000, 1608324327.853000, 1608324333.490000, 1608324333.490000, 1608324335.039000
1608324335.052000, 1608324336.226000, 1608324336.226000, 1608324341.658000, 1608324341.658000, 1608324499.827000
1608324499.843000, 1608324500.847000, 1608324500.847000, 1608324505.520000, 1608324505.520000, 1608324599.644000
