read_start,read_end,cpu_start,cpu_end,write_start,write_end
1608323846.499000, 1608323929.852000, 1608323929.852000, 1608323935.309000, 1608323935.309000, 1608323936.610000
1608323936.623000, 1608323937.798000, 1608323937.798000, 1608323943.047000, 1608323943.047000, 1608323968.284000
1608323968.300000, 1608323969.296000, 1608323969.296000, 1608323973.705000, 1608323973.705000, 1608324070.895000
