read_start,read_end,cpu_start,cpu_end,write_start,write_end
1608324216.837000, 1608324322.453000, 1608324322.453000, 1608324327.650000, 1608324327.650000, 1608324328.884000
1608324328.894000, 1608324330.039000, 1608324330.039000, 1608324335.664000, 1608324335.664000, 1608324402.123000
1608324402.137000, 1608324403.184000, 1608324403.184000, 1608324407.555000, 1608324407.555000, 1608324537.708000
