read_start,read_end,cpu_start,cpu_end,write_start,write_end
1608325362.656000, 1608325525.200000, 1608325525.200000, 1608325530.769000, 1608325530.769000, 1608325733.787000
