read_start,read_end,cpu_start,cpu_end,write_start,write_end
1608324735.199000, 1608324866.779000, 1608324866.779000, 1608324871.759000, 1608324871.759000, 1608324873.000000
1608324873.011000, 1608324874.166000, 1608324874.166000, 1608324879.715000, 1608324879.715000, 1608325030.855000
1608325030.872000, 1608325031.840000, 1608325031.840000, 1608325036.247000, 1608325036.247000, 1608325177.537000
