read_start,read_end,cpu_start,cpu_end,write_start,write_end
1608325362.627000, 1608325527.609000, 1608325527.609000, 1608325533.506000, 1608325533.506000, 1608325734.110000
