read_start,read_end,cpu_start,cpu_end,write_start,write_end
1608323441.234000, 1608323473.131000, 1608323473.131000, 1608323478.224000, 1608323478.224000, 1608323479.412000
1608323479.423000, 1608323480.539000, 1608323480.539000, 1608323485.608000, 1608323485.608000, 1608323486.877000
1608323486.887000, 1608323487.971000, 1608323487.971000, 1608323492.701000, 1608323492.701000, 1608323493.905000
