read_start,read_end,cpu_start,cpu_end,write_start,write_end
1606622330.633000, 1606622497.515000, 1606622497.515000, 1606622503.997000, 1606622503.997000, 1606622814.434000
1606622814.455000, 1606622850.669000, 1606622850.669000, 1606622856.695000, 1606622856.695000, 1606623354.317000
1606623354.434000, 1606623372.205000, 1606623372.205000, 1606623377.420000, 1606623377.420000, 1606623451.543000
