read_start,read_end,cpu_start,cpu_end,write_start,write_end
1606614177.072000, 1606614299.015000, 1606614299.015000, 1606614304.478000, 1606614304.478000, 1606614559.078000
1606614559.149000, 1606614590.716000, 1606614590.716000, 1606614596.323000, 1606614596.323000, 1606614844.261000
1606614844.753000, 1606614875.096000, 1606614875.096000, 1606614881.013000, 1606614881.013000, 1606615093.670000
