read_start,read_end,cpu_start,cpu_end,write_start,write_end
1606607936.408000, 1606608014.109000, 1606608014.109000, 1606608018.852000, 1606608018.852000, 1606608215.086000
1606608215.097000, 1606608231.809000, 1606608231.809000, 1606608237.092000, 1606608237.092000, 1606608382.143000
1606608382.160000, 1606608390.625000, 1606608390.625000, 1606608395.945000, 1606608395.945000, 1606608537.883000
