read_start,read_end,cpu_start,cpu_end,write_start,write_end
1606620220.675000, 1606620376.302000, 1606620376.302000, 1606620382.579000, 1606620382.579000, 1606620625.284000
1606620625.296000, 1606620637.740000, 1606620637.740000, 1606620643.703000, 1606620643.703000, 1606620749.942000
1606620750.120000, 1606620777.721000, 1606620777.721000, 1606620782.555000, 1606620782.555000, 1606621046.868000
