read_start,read_end,cpu_start,cpu_end,write_start,write_end
1606615122.390000, 1606615250.001000, 1606615250.001000, 1606615255.685000, 1606615255.685000, 1606615473.663000
1606615473.697000, 1606615509.296000, 1606615509.296000, 1606615515.234000, 1606615515.234000, 1606615770.874000
1606615770.980000, 1606615794.473000, 1606615794.473000, 1606615801.300000, 1606615801.300000, 1606615988.881000
