read_start,read_end,cpu_start,cpu_end,write_start,write_end
1606605720.823000, 1606605776.286000, 1606605776.286000, 1606605781.252000, 1606605781.252000, 1606605875.556000
1606605875.570000, 1606605884.598000, 1606605884.598000, 1606605889.879000, 1606605889.879000, 1606606003.853000
1606606003.870000, 1606606041.370000, 1606606041.370000, 1606606046.663000, 1606606046.663000, 1606606178.768000
