read_start,read_end,cpu_start,cpu_end,write_start,write_end
1606616016.602000, 1606616149.852000, 1606616149.852000, 1606616155.511000, 1606616155.511000, 1606616299.444000
1606616299.474000, 1606616315.210000, 1606616315.210000, 1606616320.992000, 1606616320.992000, 1606616527.481000
1606616527.527000, 1606616571.285000, 1606616571.285000, 1606616576.397000, 1606616576.397000, 1606616737.846000
