read_start,read_end,cpu_start,cpu_end,write_start,write_end
1606618089.441000, 1606618233.681000, 1606618233.681000, 1606618239.951000, 1606618239.951000, 1606618548.014000
1606618548.031000, 1606618581.615000, 1606618581.615000, 1606618588.077000, 1606618588.077000, 1606619017.799000
1606619018.566000, 1606619023.816000, 1606619023.816000, 1606619029.464000, 1606619029.464000, 1606619079.770000
