read_start,read_end,cpu_start,cpu_end,write_start,write_end
1606615122.399000, 1606615250.172000, 1606615250.172000, 1606615256.047000, 1606615256.047000, 1606615476.479000
1606615476.506000, 1606615509.466000, 1606615509.466000, 1606615516.133000, 1606615516.133000, 1606615767.337000
1606615767.474000, 1606615792.454000, 1606615792.454000, 1606615798.898000, 1606615798.898000, 1606615988.965000
