read_start,read_end,cpu_start,cpu_end,write_start,write_end
1606620220.701000, 1606620376.385000, 1606620376.385000, 1606620382.132000, 1606620382.132000, 1606620740.911000
1606620740.928000, 1606620771.165000, 1606620771.165000, 1606620777.518000, 1606620777.518000, 1606621068.266000
1606621068.390000, 1606621159.454000, 1606621159.454000, 1606621164.675000, 1606621164.675000, 1606621234.334000
