read_start,read_end,cpu_start,cpu_end,write_start,write_end
1606616016.621000, 1606616150.127000, 1606616150.127000, 1606616156.008000, 1606616156.008000, 1606616537.021000
1606616537.038000, 1606616585.843000, 1606616585.843000, 1606616590.936000, 1606616590.936000, 1606616911.066000
1606616911.331000, 1606616920.592000, 1606616920.592000, 1606616925.277000, 1606616925.277000, 1606617000.757000
