read_start,read_end,cpu_start,cpu_end,write_start,write_end
1606611592.118000, 1606611697.526000, 1606611697.526000, 1606611702.717000, 1606611702.717000, 1606611893.913000
1606611893.936000, 1606611922.702000, 1606611922.702000, 1606611928.249000, 1606611928.249000, 1606612086.025000
1606612086.044000, 1606612115.067000, 1606612115.067000, 1606612120.761000, 1606612120.761000, 1606612300.365000
