read_start,read_end,cpu_start,cpu_end,write_start,write_end
1606606195.327000, 1606606256.252000, 1606606256.252000, 1606606260.992000, 1606606260.992000, 1606606373.265000
1606606373.304000, 1606606390.311000, 1606606390.311000, 1606606395.203000, 1606606395.203000, 1606606520.162000
1606606520.177000, 1606606546.549000, 1606606546.549000, 1606606551.514000, 1606606551.514000, 1606606684.372000
