read_start,read_end,cpu_start,cpu_end,write_start,write_end
1606618089.448000, 1606618233.850000, 1606618233.850000, 1606618239.630000, 1606618239.630000, 1606618493.519000
1606618493.538000, 1606618498.524000, 1606618498.524000, 1606618503.535000, 1606618503.535000, 1606618540.572000
1606618540.599000, 1606618564.270000, 1606618564.270000, 1606618569.888000, 1606618569.888000, 1606618809.022000
