read_start,read_end,cpu_start,cpu_end,write_start,write_end
1606624657.078000, 1606624834.888000, 1606624834.888000, 1606624840.904000, 1606624840.904000, 1606625169.583000
1606625169.600000, 1606625320.219000, 1606625320.219000, 1606625324.942000, 1606625324.942000, 1606625728.993000
1606625729.062000, 1606625734.742000, 1606625734.742000, 1606625740.737000, 1606625740.737000, 1606625788.735000
