read_start,read_end,cpu_start,cpu_end,write_start,write_end
1606620220.684000, 1606620376.384000, 1606620376.384000, 1606620382.200000, 1606620382.200000, 1606620730.018000
1606620730.029000, 1606620761.156000, 1606620761.156000, 1606620766.451000, 1606620766.451000, 1606621048.256000
1606621048.376000, 1606621064.167000, 1606621064.167000, 1606621069.078000, 1606621069.078000, 1606621193.406000
