read_start,read_end,cpu_start,cpu_end,write_start,write_end
1606614177.086000, 1606614299.315000, 1606614299.315000, 1606614305.550000, 1606614305.550000, 1606614560.368000
1606614560.399000, 1606614591.039000, 1606614591.039000, 1606614597.944000, 1606614597.944000, 1606614844.172000
1606614844.303000, 1606614873.426000, 1606614873.426000, 1606614879.014000, 1606614879.014000, 1606614904.341000
