read_start,read_end,cpu_start,cpu_end,write_start,write_end
1606615122.397000, 1606615250.161000, 1606615250.161000, 1606615255.898000, 1606615255.898000, 1606615472.132000
1606615472.147000, 1606615504.489000, 1606615504.489000, 1606615510.099000, 1606615510.099000, 1606615542.788000
1606615542.849000, 1606615653.644000, 1606615653.644000, 1606615658.432000, 1606615658.432000, 1606615768.613000
