read_start,read_end,cpu_start,cpu_end,write_start,write_end
1606612393.517000, 1606612504.318000, 1606612504.318000, 1606612509.521000, 1606612509.521000, 1606612649.405000
1606612649.419000, 1606612700.420000, 1606612700.420000, 1606612705.542000, 1606612705.542000, 1606612771.548000
1606612771.563000, 1606612898.171000, 1606612898.171000, 1606612903.339000, 1606612903.339000, 1606613160.321000
