read_start,read_end,cpu_start,cpu_end,write_start,write_end
1606621267.247000, 1606621428.510000, 1606621428.510000, 1606621434.706000, 1606621434.706000, 1606622012.626000
1606622012.649000, 1606622032.632000, 1606622032.632000, 1606622039.896000, 1606622039.896000, 1606622283.168000
1606622283.689000, 1606622285.692000, 1606622285.692000, 1606622290.047000, 1606622290.047000, 1606622301.412000
