read_start,read_end,cpu_start,cpu_end,write_start,write_end
1606614177.098000, 1606614299.316000, 1606614299.316000, 1606614304.332000, 1606614304.332000, 1606614559.077000
1606614559.123000, 1606614591.025000, 1606614591.025000, 1606614597.033000, 1606614597.033000, 1606614844.120000
1606614844.164000, 1606614874.121000, 1606614874.121000, 1606614879.670000, 1606614879.670000, 1606615068.134000
