read_start,read_end,cpu_start,cpu_end,write_start,write_end
1606607936.413000, 1606608014.167000, 1606608014.167000, 1606608018.936000, 1606608018.936000, 1606608211.331000
1606608211.365000, 1606608229.573000, 1606608229.573000, 1606608234.728000, 1606608234.728000, 1606608502.189000
1606608502.209000, 1606608539.431000, 1606608539.431000, 1606608544.336000, 1606608544.336000, 1606608600.667000
