read_start,read_end,cpu_start,cpu_end,write_start,write_end
1606609290.711000, 1606609379.629000, 1606609379.629000, 1606609384.371000, 1606609384.371000, 1606609626.341000
1606609626.356000, 1606609749.539000, 1606609749.539000, 1606609754.020000, 1606609754.020000, 1606609829.738000
1606609829.752000, 1606609963.475000, 1606609963.475000, 1606609967.886000, 1606609967.886000, 1606609997.996000
