read_start,read_end,cpu_start,cpu_end,write_start,write_end
1606611592.121000, 1606611697.528000, 1606611697.528000, 1606611703.305000, 1606611703.305000, 1606611893.604000
1606611893.622000, 1606611922.601000, 1606611922.601000, 1606611928.415000, 1606611928.415000, 1606612288.315000
1606612288.352000, 1606612297.573000, 1606612297.573000, 1606612302.186000, 1606612302.186000, 1606612369.809000
