read_start,read_end,cpu_start,cpu_end,write_start,write_end
1606614177.099000, 1606614299.316000, 1606614299.316000, 1606614305.123000, 1606614305.123000, 1606614559.077000
1606614559.125000, 1606614591.028000, 1606614591.028000, 1606614596.653000, 1606614596.653000, 1606614844.928000
1606614845.868000, 1606614875.363000, 1606614875.363000, 1606614880.481000, 1606614880.481000, 1606615096.923000
