read_start,read_end,cpu_start,cpu_end,write_start,write_end
1606622330.628000, 1606622497.515000, 1606622497.515000, 1606622504.162000, 1606622504.162000, 1606622813.423000
1606622813.442000, 1606622850.111000, 1606622850.111000, 1606622856.370000, 1606622856.370000, 1606623353.015000
1606623353.194000, 1606623372.001000, 1606623372.001000, 1606623377.992000, 1606623377.992000, 1606623451.043000
