read_start,read_end,cpu_start,cpu_end,write_start,write_end
1606605333.102000, 1606605382.970000, 1606605382.970000, 1606605387.708000, 1606605387.708000, 1606605500.166000
1606605500.179000, 1606605504.511000, 1606605504.511000, 1606605508.994000, 1606605508.994000, 1606605595.107000
1606605595.123000, 1606605604.334000, 1606605604.334000, 1606605609.837000, 1606605609.837000, 1606605709.321000
