read_start,read_end,cpu_start,cpu_end,write_start,write_end
1606624657.089000, 1606624835.223000, 1606624835.223000, 1606624841.553000, 1606624841.553000, 1606625117.512000
1606625117.532000, 1606625148.722000, 1606625148.722000, 1606625154.770000, 1606625154.770000, 1606625440.045000
1606625440.174000, 1606625449.273000, 1606625449.273000, 1606625454.649000, 1606625454.649000, 1606625680.323000
