read_start,read_end,cpu_start,cpu_end,write_start,write_end
1606616016.601000, 1606616149.882000, 1606616149.882000, 1606616155.548000, 1606616155.548000, 1606616301.123000
1606616301.136000, 1606616315.314000, 1606616315.314000, 1606616321.227000, 1606616321.227000, 1606616530.851000
1606616530.900000, 1606616580.775000, 1606616580.775000, 1606616586.218000, 1606616586.218000, 1606616738.301000
