read_start,read_end,cpu_start,cpu_end,write_start,write_end
1606604221.269000, 1606604249.057000, 1606604249.057000, 1606604253.556000, 1606604253.556000, 1606604305.544000
1606604305.558000, 1606604310.988000, 1606604310.988000, 1606604315.917000, 1606604315.917000, 1606604372.828000
1606604372.841000, 1606604377.538000, 1606604377.538000, 1606604382.246000, 1606604382.246000, 1606604430.722000
