read_start,read_end,cpu_start,cpu_end,write_start,write_end
1606609290.690000, 1606609379.421000, 1606609379.421000, 1606609384.181000, 1606609384.181000, 1606609536.724000
1606609536.741000, 1606609605.892000, 1606609605.892000, 1606609611.265000, 1606609611.265000, 1606609772.972000
1606609773.001000, 1606609796.229000, 1606609796.229000, 1606609801.400000, 1606609801.400000, 1606609959.443000
