read_start,read_end,cpu_start,cpu_end,write_start,write_end
1606619155.471000, 1606619305.556000, 1606619305.556000, 1606619311.443000, 1606619311.443000, 1606619599.198000
1606619599.216000, 1606619743.735000, 1606619743.735000, 1606619748.717000, 1606619748.717000, 1606619888.823000
1606619888.937000, 1606620022.344000, 1606620022.344000, 1606620027.348000, 1606620027.348000, 1606620182.423000
