read_start,read_end,cpu_start,cpu_end,write_start,write_end
1606604688.148000, 1606604727.007000, 1606604727.007000, 1606604731.744000, 1606604731.744000, 1606604802.654000
1606604802.669000, 1606604808.383000, 1606604808.383000, 1606604813.413000, 1606604813.413000, 1606604879.451000
1606604879.464000, 1606604881.247000, 1606604881.247000, 1606604885.590000, 1606604885.590000, 1606604905.861000
