read_start,read_end,cpu_start,cpu_end,write_start,write_end
1606623484.438000, 1606623656.914000, 1606623656.914000, 1606623662.638000, 1606623662.638000, 1606623958.224000
1606623958.235000, 1606623982.119000, 1606623982.119000, 1606623987.626000, 1606623987.626000, 1606624304.799000
1606624304.883000, 1606624307.184000, 1606624307.184000, 1606624313.058000, 1606624313.058000, 1606624342.860000
