read_start,read_end,cpu_start,cpu_end,write_start,write_end
1606610027.095000, 1606610121.449000, 1606610121.449000, 1606610126.391000, 1606610126.391000, 1606610303.385000
1606610303.399000, 1606610343.316000, 1606610343.316000, 1606610348.659000, 1606610348.659000, 1606610550.033000
1606610550.068000, 1606610578.688000, 1606610578.688000, 1606610583.883000, 1606610583.883000, 1606610749.427000
