read_start,read_end,cpu_start,cpu_end,write_start,write_end
1606624657.106000, 1606624835.226000, 1606624835.226000, 1606624842.112000, 1606624842.112000, 1606625118.800000
1606625118.835000, 1606625151.245000, 1606625151.245000, 1606625157.580000, 1606625157.580000, 1606625577.638000
1606625577.838000, 1606625599.589000, 1606625599.589000, 1606625604.427000, 1606625604.427000, 1606625695.825000
