read_start,read_end,cpu_start,cpu_end,write_start,write_end
1606611592.097000, 1606611697.347000, 1606611697.347000, 1606611703.044000, 1606611703.044000, 1606611893.849000
1606611893.872000, 1606611922.678000, 1606611922.678000, 1606611927.896000, 1606611927.896000, 1606612073.726000
1606612073.742000, 1606612113.119000, 1606612113.119000, 1606612118.764000, 1606612118.764000, 1606612300.567000
