read_start,read_end,cpu_start,cpu_end,write_start,write_end
1606619155.480000, 1606619305.556000, 1606619305.556000, 1606619311.908000, 1606619311.908000, 1606619573.136000
1606619573.151000, 1606619594.962000, 1606619594.962000, 1606619601.533000, 1606619601.533000, 1606619764.183000
1606619764.258000, 1606619891.541000, 1606619891.541000, 1606619896.649000, 1606619896.649000, 1606620055.896000
