read_start,read_end,cpu_start,cpu_end,write_start,write_end
1606619155.457000, 1606619305.258000, 1606619305.258000, 1606619311.325000, 1606619311.325000, 1606619582.056000
1606619582.070000, 1606619606.213000, 1606619606.213000, 1606619611.913000, 1606619611.913000, 1606620016.500000
1606620016.593000, 1606620123.523000, 1606620123.523000, 1606620128.298000, 1606620128.298000, 1606620190.312000
