read_start,read_end,cpu_start,cpu_end,write_start,write_end
1606611592.107000, 1606611697.522000, 1606611697.522000, 1606611702.710000, 1606611702.710000, 1606611900.937000
1606611900.951000, 1606611923.272000, 1606611923.272000, 1606611929.085000, 1606611929.085000, 1606612288.316000
1606612288.372000, 1606612297.575000, 1606612297.575000, 1606612302.774000, 1606612302.774000, 1606612363.335000
