read_start,read_end,cpu_start,cpu_end,write_start,write_end
1606617030.855000, 1606617169.791000, 1606617169.791000, 1606617175.565000, 1606617175.565000, 1606617479.991000
1606617480.009000, 1606617509.026000, 1606617509.026000, 1606617514.728000, 1606617514.728000, 1606617997.232000
1606617997.596000, 1606618006.358000, 1606618006.358000, 1606618011.072000, 1606618011.072000, 1606618061.416000
