read_start,read_end,cpu_start,cpu_end,write_start,write_end
1606607336.427000, 1606607408.410000, 1606607408.410000, 1606607413.234000, 1606607413.234000, 1606607543.587000
1606607543.599000, 1606607557.301000, 1606607557.301000, 1606607562.581000, 1606607562.581000, 1606607707.437000
1606607707.452000, 1606607720.784000, 1606607720.784000, 1606607726.076000, 1606607726.076000, 1606607882.607000
