read_start,read_end,cpu_start,cpu_end,write_start,write_end
1606619155.496000, 1606619305.557000, 1606619305.557000, 1606619311.379000, 1606619311.379000, 1606619590.958000
1606619590.969000, 1606619669.804000, 1606619669.804000, 1606619674.536000, 1606619674.536000, 1606619854.927000
1606619855.029000, 1606619972.884000, 1606619972.884000, 1606619978.250000, 1606619978.250000, 1606620182.422000
