read_start,read_end,cpu_start,cpu_end,write_start,write_end
1606619155.484000, 1606619305.556000, 1606619305.556000, 1606619311.485000, 1606619311.485000, 1606619595.456000
1606619595.475000, 1606619720.623000, 1606619720.623000, 1606619725.961000, 1606619725.961000, 1606619871.489000
1606619871.557000, 1606620016.556000, 1606620016.556000, 1606620021.463000, 1606620021.463000, 1606620189.040000
