read_start,read_end,cpu_start,cpu_end,write_start,write_end
1606621267.259000, 1606621428.510000, 1606621428.510000, 1606621434.601000, 1606621434.601000, 1606621667.177000
1606621667.194000, 1606621690.237000, 1606621690.237000, 1606621695.425000, 1606621695.425000, 1606622015.743000
1606622015.850000, 1606622033.081000, 1606622033.081000, 1606622040.902000, 1606622040.902000, 1606622283.126000
