read_start,read_end,cpu_start,cpu_end,write_start,write_end
1606607936.410000, 1606608014.167000, 1606608014.167000, 1606608019.216000, 1606608019.216000, 1606608211.331000
1606608211.373000, 1606608231.053000, 1606608231.053000, 1606608236.284000, 1606608236.284000, 1606608535.621000
1606608535.642000, 1606608540.563000, 1606608540.563000, 1606608545.202000, 1606608545.202000, 1606608598.539000
