read_start,read_end,cpu_start,cpu_end,write_start,write_end
1606620220.673000, 1606620376.216000, 1606620376.216000, 1606620382.244000, 1606620382.244000, 1606620730.986000
1606620730.999000, 1606620763.532000, 1606620763.532000, 1606620768.901000, 1606620768.901000, 1606621048.257000
1606621048.394000, 1606621064.169000, 1606621064.169000, 1606621069.206000, 1606621069.206000, 1606621190.618000
