read_start,read_end,cpu_start,cpu_end,write_start,write_end
1606615122.409000, 1606615250.172000, 1606615250.172000, 1606615255.561000, 1606615255.561000, 1606615473.662000
1606615473.695000, 1606615509.385000, 1606615509.385000, 1606615515.096000, 1606615515.096000, 1606615769.754000
1606615769.830000, 1606615794.035000, 1606615794.035000, 1606615801.010000, 1606615801.010000, 1606615989.118000
