read_start,read_end,cpu_start,cpu_end,write_start,write_end
1606603828.049000, 1606603839.198000, 1606603839.198000, 1606603843.530000, 1606603843.530000, 1606603863.579000
1606603863.593000, 1606603866.134000, 1606603866.134000, 1606603870.638000, 1606603870.638000, 1606603887.245000
1606603887.258000, 1606603889.008000, 1606603889.008000, 1606603893.776000, 1606603893.776000, 1606603912.106000
