read_start,read_end,cpu_start,cpu_end,write_start,write_end
1606613250.007000, 1606613366.693000, 1606613366.693000, 1606613372.143000, 1606613372.143000, 1606613606.857000
1606613606.876000, 1606613636.201000, 1606613636.201000, 1606613642.326000, 1606613642.326000, 1606614108.958000
1606614109.001000, 1606614114.398000, 1606614114.398000, 1606614119.152000, 1606614119.152000, 1606614144.562000
