read_start,read_end,cpu_start,cpu_end,write_start,write_end
1606604049.255000, 1606604071.498000, 1606604071.498000, 1606604076.050000, 1606604076.050000, 1606604121.729000
1606604121.742000, 1606604123.835000, 1606604123.835000, 1606604129.016000, 1606604129.016000, 1606604168.755000
1606604168.769000, 1606604173.048000, 1606604173.048000, 1606604178.276000, 1606604178.276000, 1606604215.750000
