read_start,read_end,cpu_start,cpu_end,write_start,write_end
1606608618.644000, 1606608701.807000, 1606608701.807000, 1606608706.703000, 1606608706.703000, 1606608832.921000
1606608832.934000, 1606608874.488000, 1606608874.488000, 1606608879.964000, 1606608879.964000, 1606608983.479000
1606608983.495000, 1606609039.606000, 1606609039.606000, 1606609044.461000, 1606609044.461000, 1606609134.583000
