read_start,read_end,cpu_start,cpu_end,write_start,write_end
1606608618.642000, 1606608701.754000, 1606608701.754000, 1606608706.946000, 1606608706.946000, 1606608845.945000
1606608845.959000, 1606608874.701000, 1606608874.701000, 1606608880.259000, 1606608880.259000, 1606609186.028000
1606609186.043000, 1606609210.267000, 1606609210.267000, 1606609214.709000, 1606609214.709000, 1606609267.689000
