read_start,read_end,cpu_start,cpu_end,write_start,write_end
1606605333.111000, 1606605383.046000, 1606605383.046000, 1606605388.295000, 1606605388.295000, 1606605490.549000
1606605490.563000, 1606605496.121000, 1606605496.121000, 1606605500.945000, 1606605500.945000, 1606605585.577000
1606605585.596000, 1606605603.664000, 1606605603.664000, 1606605608.639000, 1606605608.639000, 1606605690.330000
