read_start,read_end,cpu_start,cpu_end,write_start,write_end
1606624657.085000, 1606624835.084000, 1606624835.084000, 1606624840.545000, 1606624840.545000, 1606625118.966000
1606625118.993000, 1606625151.422000, 1606625151.422000, 1606625157.052000, 1606625157.052000, 1606625577.557000
1606625577.783000, 1606625599.590000, 1606625599.590000, 1606625604.561000, 1606625604.561000, 1606625697.612000
