read_start,read_end,cpu_start,cpu_end,write_start,write_end
1606621267.268000, 1606621428.510000, 1606621428.510000, 1606621433.909000, 1606621433.909000, 1606621665.421000
1606621665.443000, 1606621689.031000, 1606621689.031000, 1606621694.211000, 1606621694.211000, 1606622012.624000
1606622012.945000, 1606622032.640000, 1606622032.640000, 1606622040.203000, 1606622040.203000, 1606622283.125000
