read_start,read_end,cpu_start,cpu_end,write_start,write_end
1606624657.100000, 1606624835.225000, 1606624835.225000, 1606624842.003000, 1606624842.003000, 1606625118.620000
1606625118.656000, 1606625151.139000, 1606625151.139000, 1606625157.027000, 1606625157.027000, 1606625523.614000
1606625523.739000, 1606625526.656000, 1606625526.656000, 1606625531.741000, 1606625531.741000, 1606625565.628000
