read_start,read_end,cpu_start,cpu_end,write_start,write_end
1606609290.694000, 1606609379.452000, 1606609379.452000, 1606609384.251000, 1606609384.251000, 1606609620.025000
1606609620.038000, 1606609748.498000, 1606609748.498000, 1606609753.115000, 1606609753.115000, 1606609826.047000
1606609826.063000, 1606609963.256000, 1606609963.256000, 1606609967.837000, 1606609967.837000, 1606609998.579000
