read_start,read_end,cpu_start,cpu_end,write_start,write_end
1606624657.083000, 1606624835.027000, 1606624835.027000, 1606624841.525000, 1606624841.525000, 1606625117.552000
1606625117.572000, 1606625148.743000, 1606625148.743000, 1606625154.617000, 1606625154.617000, 1606625438.223000
1606625438.307000, 1606625445.817000, 1606625445.817000, 1606625452.629000, 1606625452.629000, 1606625515.051000
