read_start,read_end,cpu_start,cpu_end,write_start,write_end
1606611592.108000, 1606611697.526000, 1606611697.526000, 1606611702.866000, 1606611702.866000, 1606611893.771000
1606611893.795000, 1606611922.614000, 1606611922.614000, 1606611928.201000, 1606611928.201000, 1606612086.370000
1606612086.387000, 1606612115.240000, 1606612115.240000, 1606612120.943000, 1606612120.943000, 1606612300.366000
