read_start,read_end,cpu_start,cpu_end,write_start,write_end
1606624657.110000, 1606624835.226000, 1606624835.226000, 1606624842.184000, 1606624842.184000, 1606625119.182000
1606625119.209000, 1606625151.402000, 1606625151.402000, 1606625157.527000, 1606625157.527000, 1606625572.423000
1606625572.537000, 1606625577.271000, 1606625577.271000, 1606625583.214000, 1606625583.214000, 1606625630.629000
