read_start,read_end,cpu_start,cpu_end,write_start,write_end
1606613250.020000, 1606613366.849000, 1606613366.849000, 1606613372.042000, 1606613372.042000, 1606613603.575000
1606613603.600000, 1606613636.080000, 1606613636.080000, 1606613642.427000, 1606613642.427000, 1606614108.499000
1606614108.535000, 1606614114.396000, 1606614114.396000, 1606614119.052000, 1606614119.052000, 1606614144.158000
