read_start,read_end,cpu_start,cpu_end,write_start,write_end
1606610796.050000, 1606610895.923000, 1606610895.923000, 1606610901.474000, 1606610901.474000, 1606611098.914000
1606611098.962000, 1606611126.712000, 1606611126.712000, 1606611132.163000, 1606611132.163000, 1606611314.722000
1606611314.745000, 1606611339.093000, 1606611339.093000, 1606611344.935000, 1606611344.935000, 1606611516.969000
