read_start,read_end,cpu_start,cpu_end,write_start,write_end
1606614177.081000, 1606614299.316000, 1606614299.316000, 1606614304.794000, 1606614304.794000, 1606614559.082000
1606614559.150000, 1606614590.814000, 1606614590.814000, 1606614597.331000, 1606614597.331000, 1606614844.777000
1606614845.188000, 1606614875.205000, 1606614875.205000, 1606614880.948000, 1606614880.948000, 1606615080.389000
