read_start,read_end,cpu_start,cpu_end,write_start,write_end
1606622330.617000, 1606622497.513000, 1606622497.513000, 1606622503.751000, 1606622503.751000, 1606622803.816000
1606622803.831000, 1606622838.002000, 1606622838.002000, 1606622843.550000, 1606622843.550000, 1606623130.463000
1606623130.773000, 1606623156.227000, 1606623156.227000, 1606623161.673000, 1606623161.673000, 1606623324.303000
