read_start,read_end,cpu_start,cpu_end,write_start,write_end
1606610027.101000, 1606610121.539000, 1606610121.539000, 1606610127.068000, 1606610127.068000, 1606610323.854000
1606610323.876000, 1606610346.170000, 1606610346.170000, 1606610352.143000, 1606610352.143000, 1606610553.577000
1606610553.620000, 1606610579.132000, 1606610579.132000, 1606610584.411000, 1606610584.411000, 1606610749.431000
