read_start,read_end,cpu_start,cpu_end,write_start,write_end
1606614177.095000, 1606614299.316000, 1606614299.316000, 1606614305.288000, 1606614305.288000, 1606614559.076000
1606614559.130000, 1606614591.025000, 1606614591.025000, 1606614596.481000, 1606614596.481000, 1606614844.586000
1606614845.517000, 1606614875.295000, 1606614875.295000, 1606614881.112000, 1606614881.112000, 1606615094.569000
