read_start,read_end,cpu_start,cpu_end,write_start,write_end
1606612393.517000, 1606612504.312000, 1606612504.312000, 1606612509.519000, 1606612509.519000, 1606612630.826000
1606612630.842000, 1606612700.416000, 1606612700.416000, 1606612705.020000, 1606612705.020000, 1606612810.914000
1606612810.928000, 1606612898.360000, 1606612898.360000, 1606612903.704000, 1606612903.704000, 1606613164.028000
