read_start,read_end,cpu_start,cpu_end,write_start,write_end
1606604688.154000, 1606604727.036000, 1606604727.036000, 1606604731.743000, 1606604731.743000, 1606604803.943000
1606604803.956000, 1606604811.096000, 1606604811.096000, 1606604816.268000, 1606604816.268000, 1606604891.303000
1606604891.317000, 1606604893.207000, 1606604893.207000, 1606604898.051000, 1606604898.051000, 1606604982.315000
