read_start,read_end,cpu_start,cpu_end,write_start,write_end
1606620220.693000, 1606620376.384000, 1606620376.384000, 1606620382.127000, 1606620382.127000, 1606620738.519000
1606620738.537000, 1606620769.833000, 1606620769.833000, 1606620776.085000, 1606620776.085000, 1606621068.192000
1606621068.281000, 1606621158.824000, 1606621158.824000, 1606621164.050000, 1606621164.050000, 1606621236.439000
