read_start,read_end,cpu_start,cpu_end,write_start,write_end
1606623484.421000, 1606623656.913000, 1606623656.913000, 1606623662.704000, 1606623662.704000, 1606623984.497000
1606623984.512000, 1606624118.410000, 1606624118.410000, 1606624123.712000, 1606624123.712000, 1606624514.670000
1606624514.763000, 1606624528.771000, 1606624528.771000, 1606624534.305000, 1606624534.305000, 1606624621.592000
