read_start,read_end,cpu_start,cpu_end,write_start,write_end
1606607336.439000, 1606607408.619000, 1606607408.619000, 1606607413.831000, 1606607413.831000, 1606607538.702000
1606607538.716000, 1606607556.467000, 1606607556.467000, 1606607561.790000, 1606607561.790000, 1606607701.256000
1606607701.272000, 1606607719.036000, 1606607719.036000, 1606607724.354000, 1606607724.354000, 1606607864.867000
