read_start,read_end,cpu_start,cpu_end,write_start,write_end
1606609290.692000, 1606609379.415000, 1606609379.415000, 1606609384.182000, 1606609384.182000, 1606609543.480000
1606609543.495000, 1606609605.905000, 1606609605.905000, 1606609611.435000, 1606609611.435000, 1606609772.791000
1606609772.825000, 1606609796.065000, 1606609796.065000, 1606609802.093000, 1606609802.093000, 1606609974.506000
