read_start,read_end,cpu_start,cpu_end,write_start,write_end
1606606736.857000, 1606606803.393000, 1606606803.393000, 1606606808.527000, 1606606808.527000, 1606606955.950000
1606606955.966000, 1606606974.926000, 1606606974.926000, 1606606980.123000, 1606606980.123000, 1606607121.037000
1606607121.051000, 1606607166.647000, 1606607166.647000, 1606607171.724000, 1606607171.724000, 1606607307.552000
