read_start,read_end,cpu_start,cpu_end,write_start,write_end
1606603828.049000, 1606603839.209000, 1606603839.209000, 1606603844.183000, 1606603844.183000, 1606603864.213000
1606603864.227000, 1606603866.846000, 1606603866.846000, 1606603871.702000, 1606603871.702000, 1606603888.923000
1606603888.936000, 1606603890.813000, 1606603890.813000, 1606603895.865000, 1606603895.865000, 1606603914.039000
