read_start,read_end,cpu_start,cpu_end,write_start,write_end
1606624657.078000, 1606624834.962000, 1606624834.962000, 1606624840.369000, 1606624840.369000, 1606625118.913000
1606625118.937000, 1606625151.411000, 1606625151.411000, 1606625157.761000, 1606625157.761000, 1606625577.558000
1606625577.784000, 1606625599.589000, 1606625599.589000, 1606625604.394000, 1606625604.394000, 1606625697.735000
