read_start,read_end,cpu_start,cpu_end,write_start,write_end
1606616016.628000, 1606616150.129000, 1606616150.129000, 1606616155.876000, 1606616155.876000, 1606616556.911000
1606616556.926000, 1606616631.905000, 1606616631.905000, 1606616636.799000, 1606616636.799000, 1606616911.057000
1606616911.333000, 1606616920.123000, 1606616920.123000, 1606616924.967000, 1606616924.967000, 1606617001.890000
