read_start,read_end,cpu_start,cpu_end,write_start,write_end
1606607936.412000, 1606608014.168000, 1606608014.168000, 1606608018.906000, 1606608018.906000, 1606608211.331000
1606608211.365000, 1606608229.571000, 1606608229.571000, 1606608234.581000, 1606608234.581000, 1606608502.189000
1606608502.214000, 1606608539.439000, 1606608539.439000, 1606608544.153000, 1606608544.153000, 1606608599.473000
