read_start,read_end,cpu_start,cpu_end,write_start,write_end
1606611592.110000, 1606611697.526000, 1606611697.526000, 1606611703.270000, 1606611703.270000, 1606611893.477000
1606611893.497000, 1606611920.731000, 1606611920.731000, 1606611926.450000, 1606611926.450000, 1606611999.946000
1606611999.962000, 1606612105.002000, 1606612105.002000, 1606612110.238000, 1606612110.238000, 1606612288.318000
