read_start,read_end,cpu_start,cpu_end,write_start,write_end
1606604688.148000, 1606604727.011000, 1606604727.011000, 1606604731.749000, 1606604731.749000, 1606604804.933000
1606604804.948000, 1606604811.852000, 1606604811.852000, 1606604817.144000, 1606604817.144000, 1606604893.272000
1606604893.286000, 1606604898.919000, 1606604898.919000, 1606604903.649000, 1606604903.649000, 1606604981.283000
