read_start,read_end,cpu_start,cpu_end,write_start,write_end
1606610796.051000, 1606610895.963000, 1606610895.963000, 1606610901.157000, 1606610901.157000, 1606611098.822000
1606611098.853000, 1606611126.260000, 1606611126.260000, 1606611131.709000, 1606611131.709000, 1606611339.864000
1606611339.878000, 1606611343.991000, 1606611343.991000, 1606611349.101000, 1606611349.101000, 1606611517.209000
