read_start,read_end,cpu_start,cpu_end,write_start,write_end
1606611592.096000, 1606611697.317000, 1606611697.317000, 1606611703.115000, 1606611703.115000, 1606611893.476000
1606611893.497000, 1606611920.957000, 1606611920.957000, 1606611926.459000, 1606611926.459000, 1606611967.442000
1606611967.456000, 1606612104.792000, 1606612104.792000, 1606612109.768000, 1606612109.768000, 1606612288.317000
