read_start,read_end,cpu_start,cpu_end,write_start,write_end
1606623484.396000, 1606623656.473000, 1606623656.473000, 1606623662.299000, 1606623662.299000, 1606623948.661000
1606623948.675000, 1606623975.280000, 1606623975.280000, 1606623981.510000, 1606623981.510000, 1606624325.290000
1606624325.397000, 1606624350.168000, 1606624350.168000, 1606624355.156000, 1606624355.156000, 1606624418.217000
