read_start,read_end,cpu_start,cpu_end,write_start,write_end
1606604688.148000, 1606604727.014000, 1606604727.014000, 1606604731.656000, 1606604731.656000, 1606604811.345000
1606604811.357000, 1606604813.431000, 1606604813.431000, 1606604818.355000, 1606604818.355000, 1606604894.115000
1606604894.129000, 1606604900.021000, 1606604900.021000, 1606604904.923000, 1606604904.923000, 1606604981.979000
