read_start,read_end,cpu_start,cpu_end,write_start,write_end
1606620220.683000, 1606620376.384000, 1606620376.384000, 1606620382.619000, 1606620382.619000, 1606620625.732000
1606620625.751000, 1606620638.149000, 1606620638.149000, 1606620643.652000, 1606620643.652000, 1606621048.154000
1606621048.244000, 1606621063.828000, 1606621063.828000, 1606621069.063000, 1606621069.063000, 1606621191.152000
