read_start,read_end,cpu_start,cpu_end,write_start,write_end
1606622330.633000, 1606622497.515000, 1606622497.515000, 1606622504.140000, 1606622504.140000, 1606622813.258000
1606622813.278000, 1606622850.060000, 1606622850.060000, 1606622856.166000, 1606622856.166000, 1606623319.513000
1606623319.640000, 1606623322.363000, 1606623322.363000, 1606623326.902000, 1606623326.902000, 1606623351.045000
