read_start,read_end,cpu_start,cpu_end,write_start,write_end
1606607336.435000, 1606607408.617000, 1606607408.617000, 1606607413.544000, 1606607413.544000, 1606607540.043000
1606607540.057000, 1606607556.901000, 1606607556.901000, 1606607562.026000, 1606607562.026000, 1606607714.325000
1606607714.341000, 1606607724.340000, 1606607724.340000, 1606607729.846000, 1606607729.846000, 1606607880.419000
