read_start,read_end,cpu_start,cpu_end,write_start,write_end
1606606736.861000, 1606606803.435000, 1606606803.435000, 1606606808.425000, 1606606808.425000, 1606606937.238000
1606606937.252000, 1606606974.689000, 1606606974.689000, 1606606979.922000, 1606606979.922000, 1606607110.222000
1606607110.237000, 1606607166.646000, 1606607166.646000, 1606607171.808000, 1606607171.808000, 1606607307.562000
