read_start,read_end,cpu_start,cpu_end,write_start,write_end
1606612393.540000, 1606612504.557000, 1606612504.557000, 1606612509.750000, 1606612509.750000, 1606612703.654000
1606612703.704000, 1606612733.344000, 1606612733.344000, 1606612738.815000, 1606612738.815000, 1606613164.052000
1606613164.083000, 1606613169.223000, 1606613169.223000, 1606613173.890000, 1606613173.890000, 1606613221.538000
