read_start,read_end,cpu_start,cpu_end,write_start,write_end
1606618089.467000, 1606618233.964000, 1606618233.964000, 1606618240.345000, 1606618240.345000, 1606618548.206000
1606618548.236000, 1606618581.983000, 1606618581.983000, 1606618587.770000, 1606618587.770000, 1606618816.861000
1606618817.031000, 1606618835.282000, 1606618835.282000, 1606618840.953000, 1606618840.953000, 1606619017.774000
