read_start,read_end,cpu_start,cpu_end,write_start,write_end
1606605720.829000, 1606605776.297000, 1606605776.297000, 1606605781.439000, 1606605781.439000, 1606605867.255000
1606605867.272000, 1606605882.081000, 1606605882.081000, 1606605887.902000, 1606605887.902000, 1606606003.766000
1606606003.784000, 1606606041.370000, 1606606041.370000, 1606606046.629000, 1606606046.629000, 1606606176.506000
