read_start,read_end,cpu_start,cpu_end,write_start,write_end
1606610027.087000, 1606610121.180000, 1606610121.180000, 1606610126.420000, 1606610126.420000, 1606610339.048000
1606610339.065000, 1606610349.874000, 1606610349.874000, 1606610355.398000, 1606610355.398000, 1606610553.428000
1606610553.465000, 1606610579.062000, 1606610579.062000, 1606610585.434000, 1606610585.434000, 1606610749.426000
