read_start,read_end,cpu_start,cpu_end,write_start,write_end
1606605333.113000, 1606605383.046000, 1606605383.046000, 1606605387.796000, 1606605387.796000, 1606605478.089000
1606605478.103000, 1606605487.332000, 1606605487.332000, 1606605492.173000, 1606605492.173000, 1606605578.151000
1606605578.164000, 1606605603.666000, 1606605603.666000, 1606605608.605000, 1606605608.605000, 1606605704.592000
