read_start,read_end,cpu_start,cpu_end,write_start,write_end
1606615122.404000, 1606615250.172000, 1606615250.172000, 1606615255.391000, 1606615255.391000, 1606615473.661000
1606615473.694000, 1606615509.389000, 1606615509.389000, 1606615514.599000, 1606615514.599000, 1606615762.859000
1606615763.076000, 1606615787.119000, 1606615787.119000, 1606615792.898000, 1606615792.898000, 1606615988.881000
