read_start,read_end,cpu_start,cpu_end,write_start,write_end
1606616016.634000, 1606616150.131000, 1606616150.131000, 1606616155.853000, 1606616155.853000, 1606616570.819000
1606616570.836000, 1606616636.688000, 1606616636.688000, 1606616642.227000, 1606616642.227000, 1606616911.061000
1606616911.380000, 1606616920.666000, 1606616920.666000, 1606616925.293000, 1606616925.293000, 1606617000.400000
