read_start,read_end,cpu_start,cpu_end,write_start,write_end
1606607336.442000, 1606607408.617000, 1606607408.617000, 1606607414.078000, 1606607414.078000, 1606607539.512000
1606607539.526000, 1606607556.780000, 1606607556.780000, 1606607562.054000, 1606607562.054000, 1606607706.467000
1606607706.482000, 1606607720.018000, 1606607720.018000, 1606607725.290000, 1606607725.290000, 1606607863.668000
