read_start,read_end,cpu_start,cpu_end,write_start,write_end
1606621267.224000, 1606621428.182000, 1606621428.182000, 1606621434.229000, 1606621434.229000, 1606621652.343000
1606621652.371000, 1606621659.930000, 1606621659.930000, 1606621665.141000, 1606621665.141000, 1606621743.367000
1606621743.490000, 1606621813.786000, 1606621813.786000, 1606621818.845000, 1606621818.845000, 1606622033.419000
