read_start,read_end,cpu_start,cpu_end,write_start,write_end
1606623484.415000, 1606623656.912000, 1606623656.912000, 1606623662.644000, 1606623662.644000, 1606623962.905000
1606623962.918000, 1606623988.139000, 1606623988.139000, 1606623993.541000, 1606623993.541000, 1606624425.041000
1606624425.151000, 1606624430.266000, 1606624430.266000, 1606624435.018000, 1606624435.018000, 1606624458.767000
