read_start,read_end,cpu_start,cpu_end,write_start,write_end
1606624657.101000, 1606624835.227000, 1606624835.227000, 1606624841.452000, 1606624841.452000, 1606625155.913000
1606625155.933000, 1606625275.545000, 1606625275.545000, 1606625280.590000, 1606625280.590000, 1606625711.392000
1606625711.522000, 1606625733.047000, 1606625733.047000, 1606625738.274000, 1606625738.274000, 1606625788.311000
