read_start,read_end,cpu_start,cpu_end,write_start,write_end
1606616016.608000, 1606616149.985000, 1606616149.985000, 1606616155.920000, 1606616155.920000, 1606616545.983000
1606616546.000000, 1606616617.789000, 1606616617.789000, 1606616622.821000, 1606616622.821000, 1606616879.483000
1606616879.564000, 1606616881.973000, 1606616881.973000, 1606616886.683000, 1606616886.683000, 1606616907.343000
