read_start,read_end,cpu_start,cpu_end,write_start,write_end
1606622330.604000, 1606622497.352000, 1606622497.352000, 1606622503.008000, 1606622503.008000, 1606622812.245000
1606622812.259000, 1606622849.096000, 1606622849.096000, 1606622855.149000, 1606622855.149000, 1606623133.286000
1606623133.387000, 1606623156.843000, 1606623156.843000, 1606623162.131000, 1606623162.131000, 1606623358.837000
