read_start,read_end,cpu_start,cpu_end,write_start,write_end
1606618089.439000, 1606618233.653000, 1606618233.653000, 1606618239.457000, 1606618239.457000, 1606618523.936000
1606618523.963000, 1606618561.784000, 1606618561.784000, 1606618567.377000, 1606618567.377000, 1606618809.019000
1606618809.053000, 1606618831.855000, 1606618831.855000, 1606618837.302000, 1606618837.302000, 1606619017.776000
