read_start,read_end,cpu_start,cpu_end,write_start,write_end
1606623484.410000, 1606623656.912000, 1606623656.912000, 1606623662.656000, 1606623662.656000, 1606623965.071000
1606623965.086000, 1606623990.227000, 1606623990.227000, 1606623995.001000, 1606623995.001000, 1606624425.016000
1606624425.156000, 1606624430.258000, 1606624430.258000, 1606624435.013000, 1606624435.013000, 1606624458.232000
