read_start,read_end,cpu_start,cpu_end,write_start,write_end
1606619155.475000, 1606619305.556000, 1606619305.556000, 1606619311.159000, 1606619311.159000, 1606619574.795000
1606619574.813000, 1606619597.882000, 1606619597.882000, 1606619604.542000, 1606619604.542000, 1606619799.068000
1606619799.167000, 1606619897.393000, 1606619897.393000, 1606619902.535000, 1606619902.535000, 1606620190.570000
