read_start,read_end,cpu_start,cpu_end,write_start,write_end
1606604442.253000, 1606604475.585000, 1606604475.585000, 1606604480.582000, 1606604480.582000, 1606604533.873000
1606604533.887000, 1606604536.880000, 1606604536.880000, 1606604541.657000, 1606604541.657000, 1606604576.043000
1606604576.056000, 1606604577.778000, 1606604577.778000, 1606604582.122000, 1606604582.122000, 1606604621.729000
