read_start,read_end,cpu_start,cpu_end,write_start,write_end
1606621267.226000, 1606621427.806000, 1606621427.806000, 1606621433.482000, 1606621433.482000, 1606621651.961000
1606621651.986000, 1606621659.743000, 1606621659.743000, 1606621664.377000, 1606621664.377000, 1606621780.167000
1606621780.272000, 1606621830.020000, 1606621830.020000, 1606621835.706000, 1606621835.706000, 1606622033.447000
