read_start,read_end,cpu_start,cpu_end,write_start,write_end
1606624657.093000, 1606624835.223000, 1606624835.223000, 1606624842.013000, 1606624842.013000, 1606625119.018000
1606625119.076000, 1606625151.420000, 1606625151.420000, 1606625157.668000, 1606625157.668000, 1606625571.583000
1606625571.678000, 1606625576.120000, 1606625576.120000, 1606625581.081000, 1606625581.081000, 1606625629.443000
