read_start,read_end,cpu_start,cpu_end,write_start,write_end
1606616016.617000, 1606616150.124000, 1606616150.124000, 1606616155.627000, 1606616155.627000, 1606616575.356000
1606616575.371000, 1606616637.422000, 1606616637.422000, 1606616643.122000, 1606616643.122000, 1606616911.054000
1606616911.432000, 1606616920.682000, 1606616920.682000, 1606616925.780000, 1606616925.780000, 1606616999.391000
