read_start,read_end,cpu_start,cpu_end,write_start,write_end
1606603917.224000, 1606603933.894000, 1606603933.894000, 1606603938.892000, 1606603938.892000, 1606603966.255000
1606603966.268000, 1606603969.018000, 1606603969.018000, 1606603974.003000, 1606603974.003000, 1606604006.600000
1606604006.616000, 1606604009.741000, 1606604009.741000, 1606604014.628000, 1606604014.628000, 1606604044.944000
