read_start,read_end,cpu_start,cpu_end,write_start,write_end
1606619155.486000, 1606619305.556000, 1606619305.556000, 1606619311.517000, 1606619311.517000, 1606619597.704000
1606619597.718000, 1606619728.233000, 1606619728.233000, 1606619733.153000, 1606619733.153000, 1606619880.033000
1606619880.095000, 1606620020.179000, 1606620020.179000, 1606620025.494000, 1606620025.494000, 1606620169.811000
