read_start,read_end,cpu_start,cpu_end,write_start,write_end
1606610796.068000, 1606610896.080000, 1606610896.080000, 1606610901.219000, 1606610901.219000, 1606611105.558000
1606611105.574000, 1606611127.131000, 1606611127.131000, 1606611132.635000, 1606611132.635000, 1606611319.891000
1606611319.905000, 1606611339.397000, 1606611339.397000, 1606611345.407000, 1606611345.407000, 1606611546.444000
