read_start,read_end,cpu_start,cpu_end,write_start,write_end
1606615122.388000, 1606615249.819000, 1606615249.819000, 1606615255.528000, 1606615255.528000, 1606615473.662000
1606615473.697000, 1606615509.263000, 1606615509.263000, 1606615515.589000, 1606615515.589000, 1606615772.375000
1606615772.461000, 1606615794.745000, 1606615794.745000, 1606615801.476000, 1606615801.476000, 1606615989.104000
