read_start,read_end,cpu_start,cpu_end,write_start,write_end
1606613250.028000, 1606613366.851000, 1606613366.851000, 1606613372.088000, 1606613372.088000, 1606613606.692000
1606613606.706000, 1606613636.201000, 1606613636.201000, 1606613642.255000, 1606613642.255000, 1606614036.184000
1606614036.218000, 1606614050.759000, 1606614050.759000, 1606614055.999000, 1606614055.999000, 1606614097.776000
