read_start,read_end,cpu_start,cpu_end,write_start,write_end
1606623484.435000, 1606623656.913000, 1606623656.913000, 1606623663.051000, 1606623663.051000, 1606623947.586000
1606623947.602000, 1606623974.411000, 1606623974.411000, 1606623980.721000, 1606623980.721000, 1606624499.148000
1606624499.206000, 1606624512.966000, 1606624512.966000, 1606624517.983000, 1606624517.983000, 1606624591.504000
