read_start,read_end,cpu_start,cpu_end,write_start,write_end
1606619155.462000, 1606619305.393000, 1606619305.393000, 1606619311.694000, 1606619311.694000, 1606619568.599000
1606619568.613000, 1606619587.333000, 1606619587.333000, 1606619592.614000, 1606619592.614000, 1606619720.033000
1606619720.062000, 1606619860.982000, 1606619860.982000, 1606619865.931000, 1606619865.931000, 1606620015.554000
