read_start,read_end,cpu_start,cpu_end,write_start,write_end
1606614177.081000, 1606614299.316000, 1606614299.316000, 1606614305.082000, 1606614305.082000, 1606614559.077000
1606614559.124000, 1606614591.025000, 1606614591.025000, 1606614596.902000, 1606614596.902000, 1606614844.250000
1606614844.810000, 1606614875.137000, 1606614875.137000, 1606614881.056000, 1606614881.056000, 1606615094.615000
