read_start,read_end,cpu_start,cpu_end,write_start,write_end
1606620220.696000, 1606620376.385000, 1606620376.385000, 1606620382.648000, 1606620382.648000, 1606620625.181000
1606620625.195000, 1606620637.618000, 1606620637.618000, 1606620643.547000, 1606620643.547000, 1606620775.630000
1606620775.756000, 1606620943.316000, 1606620943.316000, 1606620947.846000, 1606620947.846000, 1606621058.716000
