read_start,read_end,cpu_start,cpu_end,write_start,write_end
1606618089.468000, 1606618233.964000, 1606618233.964000, 1606618239.740000, 1606618239.740000, 1606618528.155000
1606618528.171000, 1606618562.063000, 1606618562.063000, 1606618567.622000, 1606618567.622000, 1606618809.019000
1606618809.051000, 1606618831.853000, 1606618831.853000, 1606618837.139000, 1606618837.139000, 1606619017.801000
