read_start,read_end,cpu_start,cpu_end,write_start,write_end
1606605720.826000, 1606605776.287000, 1606605776.287000, 1606605781.228000, 1606605781.228000, 1606605877.073000
1606605877.083000, 1606605885.229000, 1606605885.229000, 1606605890.461000, 1606605890.461000, 1606606003.742000
1606606003.758000, 1606606041.370000, 1606606041.370000, 1606606046.676000, 1606606046.676000, 1606606178.792000
