read_start,read_end,cpu_start,cpu_end,write_start,write_end
1606612393.525000, 1606612504.549000, 1606612504.549000, 1606612510.154000, 1606612510.154000, 1606612703.653000
1606612703.696000, 1606612732.218000, 1606612732.218000, 1606612737.785000, 1606612737.785000, 1606612970.100000
1606612970.119000, 1606612992.584000, 1606612992.584000, 1606612998.338000, 1606612998.338000, 1606613164.110000
