read_start,read_end,cpu_start,cpu_end,write_start,write_end
1606619155.475000, 1606619305.556000, 1606619305.556000, 1606619311.334000, 1606619311.334000, 1606619587.344000
1606619587.361000, 1606619612.531000, 1606619612.531000, 1606619617.184000, 1606619617.184000, 1606619833.820000
1606619833.925000, 1606619921.986000, 1606619921.986000, 1606619927.609000, 1606619927.609000, 1606620190.446000
