read_start,read_end,cpu_start,cpu_end,write_start,write_end
1606613250.016000, 1606613366.849000, 1606613366.849000, 1606613372.044000, 1606613372.044000, 1606613588.874000
1606613588.901000, 1606613636.060000, 1606613636.060000, 1606613642.159000, 1606613642.159000, 1606613833.495000
1606613833.528000, 1606613870.532000, 1606613870.532000, 1606613876.406000, 1606613876.406000, 1606614063.930000
