read_start,read_end,cpu_start,cpu_end,write_start,write_end
1606606195.339000, 1606606256.402000, 1606606256.402000, 1606606261.190000, 1606606261.190000, 1606606373.265000
1606606373.304000, 1606606390.312000, 1606606390.312000, 1606606395.628000, 1606606395.628000, 1606606521.974000
1606606521.984000, 1606606547.764000, 1606606547.764000, 1606606552.790000, 1606606552.790000, 1606606672.509000
