read_start,read_end,cpu_start,cpu_end,write_start,write_end
1606623484.432000, 1606623656.913000, 1606623656.913000, 1606623663.123000, 1606623663.123000, 1606623947.717000
1606623947.732000, 1606623974.507000, 1606623974.507000, 1606623981.097000, 1606623981.097000, 1606624514.105000
1606624514.182000, 1606624524.288000, 1606624524.288000, 1606624529.546000, 1606624529.546000, 1606624585.139000
