read_start,read_end,cpu_start,cpu_end,write_start,write_end
1606612393.529000, 1606612504.551000, 1606612504.551000, 1606612509.746000, 1606612509.746000, 1606612703.654000
1606612703.699000, 1606612732.278000, 1606612732.278000, 1606612737.850000, 1606612737.850000, 1606613164.023000
1606613164.038000, 1606613169.224000, 1606613169.224000, 1606613174.057000, 1606613174.057000, 1606613221.302000
