read_start,read_end,cpu_start,cpu_end,write_start,write_end
1606617030.848000, 1606617169.790000, 1606617169.790000, 1606617175.703000, 1606617175.703000, 1606617475.103000
1606617475.119000, 1606617501.126000, 1606617501.126000, 1606617506.998000, 1606617506.998000, 1606617813.212000
1606617813.651000, 1606617835.353000, 1606617835.353000, 1606617840.534000, 1606617840.534000, 1606618006.396000
