read_start,read_end,cpu_start,cpu_end,write_start,write_end
1606623484.411000, 1606623656.912000, 1606623656.912000, 1606623662.665000, 1606623662.665000, 1606623980.916000
1606623980.933000, 1606624110.246000, 1606624110.246000, 1606624115.208000, 1606624115.208000, 1606624514.690000
1606624514.848000, 1606624528.888000, 1606624528.888000, 1606624533.760000, 1606624533.760000, 1606624622.878000
