read_start,read_end,cpu_start,cpu_end,write_start,write_end
1606614177.073000, 1606614298.962000, 1606614298.962000, 1606614304.517000, 1606614304.517000, 1606614559.081000
1606614559.143000, 1606614590.602000, 1606614590.602000, 1606614596.083000, 1606614596.083000, 1606614844.178000
1606614844.474000, 1606614874.699000, 1606614874.699000, 1606614880.274000, 1606614880.274000, 1606615068.136000
