read_start,read_end,cpu_start,cpu_end,write_start,write_end
1606610796.060000, 1606610896.075000, 1606610896.075000, 1606610901.864000, 1606610901.864000, 1606611098.915000
1606611098.963000, 1606611126.713000, 1606611126.713000, 1606611131.622000, 1606611131.622000, 1606611348.769000
1606611348.784000, 1606611487.033000, 1606611487.033000, 1606611491.417000, 1606611491.417000, 1606611546.801000
