read_start,read_end,cpu_start,cpu_end,write_start,write_end
1606623484.426000, 1606623656.913000, 1606623656.913000, 1606623662.832000, 1606623662.832000, 1606623946.447000
1606623946.465000, 1606623971.689000, 1606623971.689000, 1606623977.775000, 1606623977.775000, 1606624351.614000
1606624351.696000, 1606624354.941000, 1606624354.941000, 1606624360.722000, 1606624360.722000, 1606624418.432000
