read_start,read_end,cpu_start,cpu_end,write_start,write_end
1606604221.269000, 1606604249.058000, 1606604249.058000, 1606604253.667000, 1606604253.667000, 1606604305.318000
1606604305.332000, 1606604310.290000, 1606604310.290000, 1606604315.419000, 1606604315.419000, 1606604371.911000
1606604371.925000, 1606604374.488000, 1606604374.488000, 1606604379.272000, 1606604379.272000, 1606604435.390000
