read_start,read_end,cpu_start,cpu_end,write_start,write_end
1606622330.618000, 1606622497.514000, 1606622497.514000, 1606622504.254000, 1606622504.254000, 1606622812.820000
1606622812.839000, 1606622849.729000, 1606622849.729000, 1606622855.621000, 1606622855.621000, 1606623135.358000
1606623135.448000, 1606623157.214000, 1606623157.214000, 1606623163.320000, 1606623163.320000, 1606623301.806000
