read_start,read_end,cpu_start,cpu_end,write_start,write_end
1606618089.452000, 1606618233.962000, 1606618233.962000, 1606618240.432000, 1606618240.432000, 1606618548.189000
1606618548.223000, 1606618581.910000, 1606618581.910000, 1606618587.730000, 1606618587.730000, 1606618812.809000
1606618812.901000, 1606618832.798000, 1606618832.798000, 1606618838.746000, 1606618838.746000, 1606619017.827000
