read_start,read_end,cpu_start,cpu_end,write_start,write_end
1606616016.618000, 1606616150.127000, 1606616150.127000, 1606616155.291000, 1606616155.291000, 1606616299.222000
1606616299.239000, 1606616315.210000, 1606616315.210000, 1606616320.274000, 1606616320.274000, 1606616530.693000
1606616530.778000, 1606616580.681000, 1606616580.681000, 1606616586.149000, 1606616586.149000, 1606616911.059000
