read_start,read_end,cpu_start,cpu_end,write_start,write_end
1606610027.106000, 1606610121.543000, 1606610121.543000, 1606610126.506000, 1606610126.506000, 1606610402.225000
1606610402.243000, 1606610519.042000, 1606610519.042000, 1606610523.447000, 1606610523.447000, 1606610553.431000
1606610554.048000, 1606610579.137000, 1606610579.137000, 1606610584.445000, 1606610584.445000, 1606610749.434000
