read_start,read_end,cpu_start,cpu_end,write_start,write_end
1606622330.615000, 1606622497.513000, 1606622497.513000, 1606622502.977000, 1606622502.977000, 1606622814.451000
1606622814.468000, 1606622850.683000, 1606622850.683000, 1606622856.278000, 1606622856.278000, 1606623348.874000
1606623348.959000, 1606623366.826000, 1606623366.826000, 1606623371.517000, 1606623371.517000, 1606623418.708000
