read_start,read_end,cpu_start,cpu_end,write_start,write_end
1606623484.412000, 1606623656.912000, 1606623656.912000, 1606623662.639000, 1606623662.639000, 1606623960.581000
1606623960.595000, 1606623985.164000, 1606623985.164000, 1606623990.592000, 1606623990.592000, 1606624424.820000
1606624424.908000, 1606624429.806000, 1606624429.806000, 1606624436.056000, 1606624436.056000, 1606624467.518000
