read_start,read_end,cpu_start,cpu_end,write_start,write_end
1606622330.625000, 1606622497.515000, 1606622497.515000, 1606622503.062000, 1606622503.062000, 1606622805.390000
1606622805.406000, 1606622839.687000, 1606622839.687000, 1606622845.426000, 1606622845.426000, 1606623130.466000
1606623130.809000, 1606623155.791000, 1606623155.791000, 1606623161.820000, 1606623161.820000, 1606623372.126000
