read_start,read_end,cpu_start,cpu_end,write_start,write_end
1606605333.104000, 1606605382.951000, 1606605382.951000, 1606605388.159000, 1606605388.159000, 1606605491.975000
1606605491.990000, 1606605499.636000, 1606605499.636000, 1606605504.437000, 1606605504.437000, 1606605586.541000
1606605586.556000, 1606605603.797000, 1606605603.797000, 1606605608.914000, 1606605608.914000, 1606605696.038000
