read_start,read_end,cpu_start,cpu_end,write_start,write_end
1606624657.096000, 1606624835.223000, 1606624835.223000, 1606624842.039000, 1606624842.039000, 1606625118.767000
1606625118.798000, 1606625151.319000, 1606625151.319000, 1606625157.205000, 1606625157.205000, 1606625520.090000
1606625520.214000, 1606625524.470000, 1606625524.470000, 1606625529.776000, 1606625529.776000, 1606625554.810000
