read_start,read_end,cpu_start,cpu_end,write_start,write_end
1606620220.694000, 1606620376.384000, 1606620376.384000, 1606620382.149000, 1606620382.149000, 1606620741.305000
1606620741.322000, 1606620771.431000, 1606620771.431000, 1606620777.873000, 1606620777.873000, 1606621046.838000
1606621047.061000, 1606621062.779000, 1606621062.779000, 1606621068.184000, 1606621068.184000, 1606621189.223000
