read_start,read_end,cpu_start,cpu_end,write_start,write_end
1606619155.469000, 1606619305.556000, 1606619305.556000, 1606619311.866000, 1606619311.866000, 1606619572.509000
1606619572.525000, 1606619593.768000, 1606619593.768000, 1606619599.831000, 1606619599.831000, 1606619756.467000
1606619756.526000, 1606619890.153000, 1606619890.153000, 1606619895.667000, 1606619895.667000, 1606620066.513000
