read_start,read_end,cpu_start,cpu_end,write_start,write_end
1606617030.818000, 1606617169.438000, 1606617169.438000, 1606617174.553000, 1606617174.553000, 1606617451.755000
1606617451.778000, 1606617475.337000, 1606617475.337000, 1606617481.075000, 1606617481.075000, 1606617594.045000
1606617594.134000, 1606617755.844000, 1606617755.844000, 1606617760.622000, 1606617760.622000, 1606617992.122000
