read_start,read_end,cpu_start,cpu_end,write_start,write_end
1606622330.631000, 1606622497.515000, 1606622497.515000, 1606622504.442000, 1606622504.442000, 1606622814.109000
1606622814.123000, 1606622850.489000, 1606622850.489000, 1606622856.763000, 1606622856.763000, 1606623353.023000
1606623353.173000, 1606623371.998000, 1606623371.998000, 1606623378.034000, 1606623378.034000, 1606623450.905000
