read_start,read_end,cpu_start,cpu_end,write_start,write_end
1606619155.457000, 1606619305.329000, 1606619305.329000, 1606619311.180000, 1606619311.180000, 1606619576.368000
1606619576.382000, 1606619599.994000, 1606619599.994000, 1606619605.793000, 1606619605.793000, 1606619802.918000
1606619802.971000, 1606619900.480000, 1606619900.480000, 1606619905.605000, 1606619905.605000, 1606620190.571000
