read_start,read_end,cpu_start,cpu_end,write_start,write_end
1606603773.929000, 1606603779.529000, 1606603779.529000, 1606603783.873000, 1606603783.873000, 1606603793.548000
1606603793.561000, 1606603795.335000, 1606603795.335000, 1606603799.676000, 1606603799.676000, 1606603809.420000
1606603809.434000, 1606603811.198000, 1606603811.198000, 1606603815.538000, 1606603815.538000, 1606603826.004000
