read_start,read_end,cpu_start,cpu_end,write_start,write_end
1606610796.047000, 1606610895.793000, 1606610895.793000, 1606610900.981000, 1606610900.981000, 1606611098.822000
1606611098.851000, 1606611126.140000, 1606611126.140000, 1606611131.633000, 1606611131.633000, 1606611366.519000
1606611366.533000, 1606611512.411000, 1606611512.411000, 1606611517.034000, 1606611517.034000, 1606611566.725000
