read_start,read_end,cpu_start,cpu_end,write_start,write_end
1606618089.459000, 1606618233.964000, 1606618233.964000, 1606618240.698000, 1606618240.698000, 1606618548.191000
1606618548.220000, 1606618581.977000, 1606618581.977000, 1606618588.486000, 1606618588.486000, 1606619108.274000
1606619108.369000, 1606619110.267000, 1606619110.267000, 1606619114.713000, 1606619114.713000, 1606619126.751000
