read_start,read_end,cpu_start,cpu_end,write_start,write_end
1606620220.667000, 1606620376.118000, 1606620376.118000, 1606620381.831000, 1606620381.831000, 1606620625.163000
1606620625.177000, 1606620637.574000, 1606620637.574000, 1606620643.311000, 1606620643.311000, 1606620761.519000
1606620761.621000, 1606620860.238000, 1606620860.238000, 1606620866.732000, 1606620866.732000, 1606621025.552000
