read_start,read_end,cpu_start,cpu_end,write_start,write_end
1606604442.258000, 1606604475.597000, 1606604475.597000, 1606604480.293000, 1606604480.293000, 1606604536.386000
1606604536.400000, 1606604541.565000, 1606604541.565000, 1606604546.507000, 1606604546.507000, 1606604612.543000
1606604612.556000, 1606604616.946000, 1606604616.946000, 1606604621.762000, 1606604621.762000, 1606604675.833000
