read_start,read_end,cpu_start,cpu_end,write_start,write_end
1606610027.102000, 1606610121.541000, 1606610121.541000, 1606610126.729000, 1606610126.729000, 1606610325.603000
1606610325.617000, 1606610346.997000, 1606610346.997000, 1606610352.797000, 1606610352.797000, 1606610553.428000
1606610553.465000, 1606610579.082000, 1606610579.082000, 1606610585.224000, 1606610585.224000, 1606610749.290000
