read_start,read_end,cpu_start,cpu_end,write_start,write_end
1606605720.825000, 1606605776.286000, 1606605776.286000, 1606605781.245000, 1606605781.245000, 1606605884.376000
1606605884.389000, 1606605887.422000, 1606605887.422000, 1606605893.576000, 1606605893.576000, 1606606028.333000
1606606028.347000, 1606606041.897000, 1606606041.897000, 1606606047.271000, 1606606047.271000, 1606606182.094000
