read_start,read_end,cpu_start,cpu_end,write_start,write_end
1606623484.397000, 1606623656.574000, 1606623656.574000, 1606623662.497000, 1606623662.497000, 1606623953.909000
1606623953.924000, 1606623978.865000, 1606623978.865000, 1606623984.578000, 1606623984.578000, 1606624325.870000
1606624325.959000, 1606624350.170000, 1606624350.170000, 1606624355.115000, 1606624355.115000, 1606624418.217000
