read_start,read_end,cpu_start,cpu_end,write_start,write_end
1606610027.105000, 1606610121.539000, 1606610121.539000, 1606610126.819000, 1606610126.819000, 1606610323.683000
1606610323.707000, 1606610346.164000, 1606610346.164000, 1606610352.393000, 1606610352.393000, 1606610553.577000
1606610553.606000, 1606610579.132000, 1606610579.132000, 1606610584.468000, 1606610584.468000, 1606610773.426000
