read_start,read_end,cpu_start,cpu_end,write_start,write_end
1606616016.601000, 1606616149.862000, 1606616149.862000, 1606616155.532000, 1606616155.532000, 1606616299.444000
1606616299.474000, 1606616315.209000, 1606616315.209000, 1606616320.232000, 1606616320.232000, 1606616530.697000
1606616530.783000, 1606616580.686000, 1606616580.686000, 1606616586.122000, 1606616586.122000, 1606616911.059000
