read_start,read_end,cpu_start,cpu_end,write_start,write_end
1606613250.030000, 1606613366.856000, 1606613366.856000, 1606613372.795000, 1606613372.795000, 1606613611.764000
1606613611.780000, 1606613637.143000, 1606613637.143000, 1606613643.160000, 1606613643.160000, 1606613857.452000
1606613857.505000, 1606613875.703000, 1606613875.703000, 1606613881.599000, 1606613881.599000, 1606614151.158000
