read_start,read_end,cpu_start,cpu_end,write_start,write_end
1606617030.834000, 1606617169.790000, 1606617169.790000, 1606617176.004000, 1606617176.004000, 1606617480.100000
1606617480.117000, 1606617509.040000, 1606617509.040000, 1606617514.715000, 1606617514.715000, 1606617997.235000
1606617997.594000, 1606618006.359000, 1606618006.359000, 1606618011.767000, 1606618011.767000, 1606618058.927000
