read_start,read_end,cpu_start,cpu_end,write_start,write_end
1606613250.019000, 1606613366.849000, 1606613366.849000, 1606613372.042000, 1606613372.042000, 1606613588.874000
1606613588.901000, 1606613636.064000, 1606613636.064000, 1606613642.043000, 1606613642.043000, 1606613810.858000
1606613810.893000, 1606613869.502000, 1606613869.502000, 1606613874.993000, 1606613874.993000, 1606614063.937000
