read_start,read_end,cpu_start,cpu_end,write_start,write_end
1606606195.324000, 1606606256.234000, 1606606256.234000, 1606606260.973000, 1606606260.973000, 1606606373.265000
1606606373.304000, 1606606390.311000, 1606606390.311000, 1606606395.697000, 1606606395.697000, 1606606520.044000
1606606520.068000, 1606606546.226000, 1606606546.226000, 1606606551.147000, 1606606551.147000, 1606606677.695000
