read_start,read_end,cpu_start,cpu_end,write_start,write_end
1606614177.072000, 1606614298.903000, 1606614298.903000, 1606614304.577000, 1606614304.577000, 1606614559.076000
1606614559.124000, 1606614591.028000, 1606614591.028000, 1606614596.622000, 1606614596.622000, 1606614844.838000
1606614845.819000, 1606614875.399000, 1606614875.399000, 1606614882.309000, 1606614882.309000, 1606615039.493000
