read_start,read_end,cpu_start,cpu_end,write_start,write_end
1606611592.118000, 1606611697.526000, 1606611697.526000, 1606611702.760000, 1606611702.760000, 1606611894.030000
1606611894.053000, 1606611922.723000, 1606611922.723000, 1606611928.326000, 1606611928.326000, 1606612110.446000
1606612110.468000, 1606612124.348000, 1606612124.348000, 1606612129.114000, 1606612129.114000, 1606612300.369000
