read_start,read_end,cpu_start,cpu_end,write_start,write_end
1606604991.285000, 1606605035.641000, 1606605035.641000, 1606605040.865000, 1606605040.865000, 1606605132.060000
1606605132.072000, 1606605143.410000, 1606605143.410000, 1606605148.739000, 1606605148.739000, 1606605225.639000
1606605225.657000, 1606605236.498000, 1606605236.498000, 1606605241.318000, 1606605241.318000, 1606605321.781000
