read_start,read_end,cpu_start,cpu_end,write_start,write_end
1606619155.479000, 1606619305.556000, 1606619305.556000, 1606619311.937000, 1606619311.937000, 1606619574.486000
1606619574.499000, 1606619597.460000, 1606619597.460000, 1606619604.434000, 1606619604.434000, 1606619798.994000
1606619799.078000, 1606619897.326000, 1606619897.326000, 1606619902.801000, 1606619902.801000, 1606620190.572000
