read_start,read_end,cpu_start,cpu_end,write_start,write_end
1606610796.067000, 1606610896.081000, 1606610896.081000, 1606610901.221000, 1606610901.221000, 1606611098.914000
1606611098.963000, 1606611126.713000, 1606611126.713000, 1606611132.409000, 1606611132.409000, 1606611318.623000
1606611318.637000, 1606611339.245000, 1606611339.245000, 1606611345.227000, 1606611345.227000, 1606611517.209000
