read_start,read_end,cpu_start,cpu_end,write_start,write_end
1606619155.475000, 1606619305.534000, 1606619305.534000, 1606619311.310000, 1606619311.310000, 1606619576.481000
1606619576.498000, 1606619600.147000, 1606619600.147000, 1606619606.152000, 1606619606.152000, 1606619804.281000
1606619804.370000, 1606619902.827000, 1606619902.827000, 1606619907.819000, 1606619907.819000, 1606620190.571000
