read_start,read_end,cpu_start,cpu_end,write_start,write_end
1606604688.156000, 1606604727.047000, 1606604727.047000, 1606604731.779000, 1606604731.779000, 1606604802.473000
1606604802.487000, 1606604807.577000, 1606604807.577000, 1606604812.452000, 1606604812.452000, 1606604898.180000
1606604898.195000, 1606604902.005000, 1606604902.005000, 1606604907.643000, 1606604907.643000, 1606604982.336000
