read_start,read_end,cpu_start,cpu_end,write_start,write_end
1606624657.112000, 1606624835.227000, 1606624835.227000, 1606624841.850000, 1606624841.850000, 1606625118.202000
1606625118.226000, 1606625150.094000, 1606625150.094000, 1606625156.240000, 1606625156.240000, 1606625440.194000
1606625440.294000, 1606625449.297000, 1606625449.297000, 1606625454.654000, 1606625454.654000, 1606625697.739000
