read_start,read_end,cpu_start,cpu_end,write_start,write_end
1606613250.020000, 1606613366.849000, 1606613366.849000, 1606613372.356000, 1606613372.356000, 1606613608.489000
1606613608.504000, 1606613636.511000, 1606613636.511000, 1606613642.538000, 1606613642.538000, 1606613857.915000
1606613857.987000, 1606613876.227000, 1606613876.227000, 1606613882.038000, 1606613882.038000, 1606614063.941000
