read_start,read_end,cpu_start,cpu_end,write_start,write_end
1606616016.632000, 1606616150.127000, 1606616150.127000, 1606616155.411000, 1606616155.411000, 1606616299.442000
1606616299.473000, 1606616315.216000, 1606616315.216000, 1606616320.073000, 1606616320.073000, 1606616437.982000
1606616438.075000, 1606616452.262000, 1606616452.262000, 1606616457.362000, 1606616457.362000, 1606616515.492000
