read_start,read_end,cpu_start,cpu_end,write_start,write_end
1606616016.604000, 1606616149.891000, 1606616149.891000, 1606616155.165000, 1606616155.165000, 1606616299.219000
1606616299.236000, 1606616315.210000, 1606616315.210000, 1606616320.061000, 1606616320.061000, 1606616437.984000
1606616438.075000, 1606616452.259000, 1606616452.259000, 1606616457.336000, 1606616457.336000, 1606616512.159000
