read_start,read_end,cpu_start,cpu_end,write_start,write_end
1606606195.337000, 1606606256.400000, 1606606256.400000, 1606606261.775000, 1606606261.775000, 1606606373.469000
1606606373.494000, 1606606390.300000, 1606606390.300000, 1606606395.494000, 1606606395.494000, 1606606523.024000
1606606523.039000, 1606606548.151000, 1606606548.151000, 1606606553.168000, 1606606553.168000, 1606606675.698000
