read_start,read_end,cpu_start,cpu_end,write_start,write_end
1606619155.486000, 1606619305.556000, 1606619305.556000, 1606619311.320000, 1606619311.320000, 1606619579.130000
1606619579.144000, 1606619603.270000, 1606619603.270000, 1606619609.283000, 1606619609.283000, 1606619817.006000
1606619817.081000, 1606619914.962000, 1606619914.962000, 1606619920.250000, 1606619920.250000, 1606620115.688000
