read_start,read_end,cpu_start,cpu_end,write_start,write_end
1606612393.539000, 1606612504.556000, 1606612504.556000, 1606612509.747000, 1606612509.747000, 1606612703.654000
1606612703.704000, 1606612733.342000, 1606612733.342000, 1606612738.968000, 1606612738.968000, 1606613164.028000
1606613164.060000, 1606613169.193000, 1606613169.193000, 1606613173.792000, 1606613173.792000, 1606613225.051000
