read_start,read_end,cpu_start,cpu_end,write_start,write_end
1606617030.819000, 1606617169.461000, 1606617169.461000, 1606617175.362000, 1606617175.362000, 1606617472.497000
1606617472.511000, 1606617498.823000, 1606617498.823000, 1606617504.483000, 1606617504.483000, 1606617812.185000
1606617812.328000, 1606617834.303000, 1606617834.303000, 1606617840.230000, 1606617840.230000, 1606618004.128000
