read_start,read_end,cpu_start,cpu_end,write_start,write_end
1606617030.836000, 1606617169.790000, 1606617169.790000, 1606617175.276000, 1606617175.276000, 1606617405.879000
1606617405.894000, 1606617415.735000, 1606617415.735000, 1606617420.780000, 1606617420.780000, 1606617499.512000
1606617499.610000, 1606617621.864000, 1606617621.864000, 1606617626.496000, 1606617626.496000, 1606617997.232000
