read_start,read_end,cpu_start,cpu_end,write_start,write_end
1606612393.523000, 1606612504.439000, 1606612504.439000, 1606612509.632000, 1606612509.632000, 1606612703.654000
1606612703.700000, 1606612732.262000, 1606612732.262000, 1606612737.921000, 1606612737.921000, 1606612970.530000
1606612970.547000, 1606612992.625000, 1606612992.625000, 1606612998.388000, 1606612998.388000, 1606613164.120000
