read_start,read_end,cpu_start,cpu_end,write_start,write_end
1606622330.601000, 1606622496.761000, 1606622496.761000, 1606622502.630000, 1606622502.630000, 1606622804.756000
1606622804.775000, 1606622839.064000, 1606622839.064000, 1606622844.674000, 1606622844.674000, 1606623130.435000
1606623130.747000, 1606623156.018000, 1606623156.018000, 1606623161.557000, 1606623161.557000, 1606623319.115000
