read_start,read_end,cpu_start,cpu_end,write_start,write_end
1606621267.263000, 1606621428.510000, 1606621428.510000, 1606621434.427000, 1606621434.427000, 1606621665.517000
1606621665.539000, 1606621689.084000, 1606621689.084000, 1606621694.317000, 1606621694.317000, 1606622012.633000
1606622012.965000, 1606622032.640000, 1606622032.640000, 1606622040.329000, 1606622040.329000, 1606622283.125000
