read_start,read_end,cpu_start,cpu_end,write_start,write_end
1606606736.873000, 1606606803.576000, 1606606803.576000, 1606606808.314000, 1606606808.314000, 1606606924.541000
1606606924.561000, 1606606974.234000, 1606606974.234000, 1606606979.366000, 1606606979.366000, 1606607143.694000
1606607143.712000, 1606607166.646000, 1606607166.646000, 1606607171.757000, 1606607171.757000, 1606607320.780000
