read_start,read_end,cpu_start,cpu_end,write_start,write_end
1606605720.818000, 1606605776.241000, 1606605776.241000, 1606605780.973000, 1606605780.973000, 1606605867.130000
1606605867.148000, 1606605881.983000, 1606605881.983000, 1606605887.188000, 1606605887.188000, 1606606001.617000
1606606001.633000, 1606606041.129000, 1606606041.129000, 1606606046.122000, 1606606046.122000, 1606606166.450000
