read_start,read_end,cpu_start,cpu_end,write_start,write_end
1606611592.115000, 1606611697.526000, 1606611697.526000, 1606611702.749000, 1606611702.749000, 1606611893.975000
1606611894.001000, 1606611922.719000, 1606611922.719000, 1606611928.426000, 1606611928.426000, 1606612300.365000
1606612300.390000, 1606612302.611000, 1606612302.611000, 1606612307.834000, 1606612307.834000, 1606612367.868000
