read_start,read_end,cpu_start,cpu_end,write_start,write_end
1606614177.085000, 1606614299.316000, 1606614299.316000, 1606614305.166000, 1606614305.166000, 1606614559.079000
1606614559.149000, 1606614590.959000, 1606614590.959000, 1606614596.068000, 1606614596.068000, 1606614844.341000
1606614845.151000, 1606614875.394000, 1606614875.394000, 1606614881.500000, 1606614881.500000, 1606615087.961000
