read_start,read_end,cpu_start,cpu_end,write_start,write_end
1606610027.087000, 1606610121.332000, 1606610121.332000, 1606610126.121000, 1606610126.121000, 1606610279.296000
1606610279.311000, 1606610340.486000, 1606610340.486000, 1606610345.858000, 1606610345.858000, 1606610550.033000
1606610550.069000, 1606610578.762000, 1606610578.762000, 1606610584.044000, 1606610584.044000, 1606610749.429000
