read_start,read_end,cpu_start,cpu_end,write_start,write_end
1606624657.094000, 1606624835.224000, 1606624835.224000, 1606624841.908000, 1606624841.908000, 1606625118.496000
1606625118.521000, 1606625150.984000, 1606625150.984000, 1606625156.606000, 1606625156.606000, 1606625439.488000
1606625439.588000, 1606625448.333000, 1606625448.333000, 1606625453.621000, 1606625453.621000, 1606625678.487000
