read_start,read_end,cpu_start,cpu_end,write_start,write_end
1606613250.003000, 1606613366.545000, 1606613366.545000, 1606613372.183000, 1606613372.183000, 1606613608.905000
1606613608.920000, 1606613636.595000, 1606613636.595000, 1606613642.670000, 1606613642.670000, 1606613857.931000
1606613858.002000, 1606613876.234000, 1606613876.234000, 1606613882.016000, 1606613882.016000, 1606614063.928000
