read_start,read_end,cpu_start,cpu_end,write_start,write_end
1606604991.284000, 1606605035.661000, 1606605035.661000, 1606605040.399000, 1606605040.399000, 1606605132.889000
1606605132.906000, 1606605143.669000, 1606605143.669000, 1606605148.905000, 1606605148.905000, 1606605225.112000
1606605225.126000, 1606605236.139000, 1606605236.139000, 1606605241.144000, 1606605241.144000, 1606605321.744000
