read_start,read_end,cpu_start,cpu_end,write_start,write_end
1606610027.106000, 1606610121.539000, 1606610121.539000, 1606610126.377000, 1606610126.377000, 1606610300.858000
1606610300.874000, 1606610342.656000, 1606610342.656000, 1606610347.951000, 1606610347.951000, 1606610550.033000
1606610550.068000, 1606610578.749000, 1606610578.749000, 1606610583.784000, 1606610583.784000, 1606610749.428000
