read_start,read_end,cpu_start,cpu_end,write_start,write_end
1606604991.292000, 1606605035.741000, 1606605035.741000, 1606605040.477000, 1606605040.477000, 1606605131.520000
1606605131.542000, 1606605142.191000, 1606605142.191000, 1606605147.007000, 1606605147.007000, 1606605195.027000
1606605195.042000, 1606605196.825000, 1606605196.825000, 1606605201.168000, 1606605201.168000, 1606605233.896000
