read_start,read_end,cpu_start,cpu_end,write_start,write_end
1606610027.092000, 1606610121.389000, 1606610121.389000, 1606610126.174000, 1606610126.174000, 1606610294.347000
1606610294.362000, 1606610340.793000, 1606610340.793000, 1606610346.149000, 1606610346.149000, 1606610550.033000
1606610550.068000, 1606610578.703000, 1606610578.703000, 1606610584.088000, 1606610584.088000, 1606610749.430000
