read_start,read_end,cpu_start,cpu_end,write_start,write_end
1606610027.109000, 1606610121.545000, 1606610121.545000, 1606610126.767000, 1606610126.767000, 1606610324.679000
1606610324.693000, 1606610346.646000, 1606610346.646000, 1606610352.391000, 1606610352.391000, 1606610553.577000
1606610553.620000, 1606610579.132000, 1606610579.132000, 1606610584.425000, 1606610584.425000, 1606610749.434000
