read_start,read_end,cpu_start,cpu_end,write_start,write_end
1606616016.623000, 1606616150.127000, 1606616150.127000, 1606616155.446000, 1606616155.446000, 1606616299.222000
1606616299.238000, 1606616315.210000, 1606616315.210000, 1606616320.070000, 1606616320.070000, 1606616437.981000
1606616438.075000, 1606616452.262000, 1606616452.262000, 1606616457.493000, 1606616457.493000, 1606616513.860000
