read_start,read_end,cpu_start,cpu_end,write_start,write_end
1606605333.106000, 1606605382.977000, 1606605382.977000, 1606605387.685000, 1606605387.685000, 1606605490.265000
1606605490.278000, 1606605494.456000, 1606605494.456000, 1606605499.234000, 1606605499.234000, 1606605585.584000
1606605585.600000, 1606605603.667000, 1606605603.667000, 1606605609.153000, 1606605609.153000, 1606605696.038000
