read_start,read_end,cpu_start,cpu_end,write_start,write_end
1606608618.649000, 1606608701.855000, 1606608701.855000, 1606608706.593000, 1606608706.593000, 1606608848.257000
1606608848.287000, 1606608874.701000, 1606608874.701000, 1606608880.161000, 1606608880.161000, 1606608993.078000
1606608993.095000, 1606609041.358000, 1606609041.358000, 1606609046.591000, 1606609046.591000, 1606609217.113000
