read_start,read_end,cpu_start,cpu_end,write_start,write_end
1606607336.425000, 1606607408.411000, 1606607408.411000, 1606607413.240000, 1606607413.240000, 1606607557.927000
1606607557.937000, 1606607559.685000, 1606607559.685000, 1606607564.745000, 1606607564.745000, 1606607713.987000
1606607714.001000, 1606607724.275000, 1606607724.275000, 1606607729.768000, 1606607729.768000, 1606607895.628000
