read_start,read_end,cpu_start,cpu_end,write_start,write_end
1606619155.457000, 1606619305.186000, 1606619305.186000, 1606619311.340000, 1606619311.340000, 1606619589.218000
1606619589.233000, 1606619659.372000, 1606619659.372000, 1606619664.190000, 1606619664.190000, 1606619843.644000
1606619843.742000, 1606619926.027000, 1606619926.027000, 1606619931.086000, 1606619931.086000, 1606620123.088000
