read_start,read_end,cpu_start,cpu_end,write_start,write_end
1606622330.601000, 1606622497.342000, 1606622497.342000, 1606622504.112000, 1606622504.112000, 1606622804.759000
1606622804.774000, 1606622839.055000, 1606622839.055000, 1606622844.766000, 1606622844.766000, 1606623130.441000
1606623130.690000, 1606623155.953000, 1606623155.953000, 1606623161.623000, 1606623161.623000, 1606623324.307000
