read_start,read_end,cpu_start,cpu_end,write_start,write_end
1606604991.292000, 1606605035.730000, 1606605035.730000, 1606605040.709000, 1606605040.709000, 1606605131.950000
1606605131.964000, 1606605143.303000, 1606605143.303000, 1606605148.708000, 1606605148.708000, 1606605225.405000
1606605225.422000, 1606605236.367000, 1606605236.367000, 1606605241.531000, 1606605241.531000, 1606605321.247000
