read_start,read_end,cpu_start,cpu_end,write_start,write_end
1606623484.425000, 1606623656.913000, 1606623656.913000, 1606623662.664000, 1606623662.664000, 1606623977.431000
1606623977.443000, 1606624098.759000, 1606624098.759000, 1606624103.438000, 1606624103.438000, 1606624514.601000
1606624514.698000, 1606624528.617000, 1606624528.617000, 1606624533.792000, 1606624533.792000, 1606624621.008000
