read_start,read_end,cpu_start,cpu_end,write_start,write_end
1606610796.062000, 1606610896.075000, 1606610896.075000, 1606610901.522000, 1606610901.522000, 1606611098.915000
1606611098.955000, 1606611126.660000, 1606611126.660000, 1606611132.150000, 1606611132.150000, 1606611308.453000
1606611308.469000, 1606611338.982000, 1606611338.982000, 1606611344.987000, 1606611344.987000, 1606611517.008000
