read_start,read_end,cpu_start,cpu_end,write_start,write_end
1606620220.685000, 1606620376.384000, 1606620376.384000, 1606620382.129000, 1606620382.129000, 1606620739.751000
1606620739.766000, 1606620770.578000, 1606620770.578000, 1606620776.807000, 1606620776.807000, 1606621076.373000
1606621076.444000, 1606621189.614000, 1606621189.614000, 1606621195.773000, 1606621195.773000, 1606621234.937000
