read_start,read_end,cpu_start,cpu_end,write_start,write_end
1606624657.119000, 1606624835.227000, 1606624835.227000, 1606624841.403000, 1606624841.403000, 1606625156.067000
1606625156.086000, 1606625278.738000, 1606625278.738000, 1606625283.926000, 1606625283.926000, 1606625595.701000
1606625595.774000, 1606625660.425000, 1606625660.425000, 1606625665.422000, 1606625665.422000, 1606625695.526000
