read_start,read_end,cpu_start,cpu_end,write_start,write_end
1606609290.690000, 1606609379.356000, 1606609379.356000, 1606609384.123000, 1606609384.123000, 1606609541.008000
1606609541.024000, 1606609605.903000, 1606609605.903000, 1606609611.144000, 1606609611.144000, 1606609772.785000
1606609772.814000, 1606609796.187000, 1606609796.187000, 1606609801.484000, 1606609801.484000, 1606609968.939000
