read_start,read_end,cpu_start,cpu_end,write_start,write_end
1606621267.248000, 1606621428.510000, 1606621428.510000, 1606621435.199000, 1606621435.199000, 1606621769.480000
1606621769.496000, 1606621825.570000, 1606621825.570000, 1606621830.977000, 1606621830.977000, 1606622033.446000
1606622033.840000, 1606622088.690000, 1606622088.690000, 1606622093.846000, 1606622093.846000, 1606622283.168000
