read_start,read_end,cpu_start,cpu_end,write_start,write_end
1606618089.448000, 1606618233.846000, 1606618233.846000, 1606618240.028000, 1606618240.028000, 1606618548.221000
1606618548.252000, 1606618581.988000, 1606618581.988000, 1606618588.507000, 1606618588.507000, 1606619085.036000
1606619085.139000, 1606619087.156000, 1606619087.156000, 1606619091.705000, 1606619091.705000, 1606619107.539000
