read_start,read_end,cpu_start,cpu_end,write_start,write_end
1606615122.387000, 1606615250.013000, 1606615250.013000, 1606615255.720000, 1606615255.720000, 1606615473.663000
1606615473.697000, 1606615509.296000, 1606615509.296000, 1606615515.082000, 1606615515.082000, 1606615762.852000
1606615763.079000, 1606615787.108000, 1606615787.108000, 1606615792.863000, 1606615792.863000, 1606615988.881000
