read_start,read_end,cpu_start,cpu_end,write_start,write_end
1606610796.065000, 1606610896.078000, 1606610896.078000, 1606610901.509000, 1606610901.509000, 1606611098.915000
1606611098.962000, 1606611126.710000, 1606611126.710000, 1606611132.429000, 1606611132.429000, 1606611319.049000
1606611319.065000, 1606611339.287000, 1606611339.287000, 1606611345.369000, 1606611345.369000, 1606611517.215000
