read_start,read_end,cpu_start,cpu_end,write_start,write_end
1606623484.430000, 1606623656.913000, 1606623656.913000, 1606623663.368000, 1606623663.368000, 1606623929.208000
1606623929.225000, 1606623936.368000, 1606623936.368000, 1606623941.299000, 1606623941.299000, 1606624001.686000
1606624001.769000, 1606624136.180000, 1606624136.180000, 1606624142.020000, 1606624142.020000, 1606624514.404000
