read_start,read_end,cpu_start,cpu_end,write_start,write_end
1606621267.232000, 1606621428.485000, 1606621428.485000, 1606621434.252000, 1606621434.252000, 1606621668.568000
1606621668.584000, 1606621690.463000, 1606621690.463000, 1606621695.630000, 1606621695.630000, 1606622028.059000
1606622028.169000, 1606622037.119000, 1606622037.119000, 1606622044.482000, 1606622044.482000, 1606622282.902000
