read_start,read_end,cpu_start,cpu_end,write_start,write_end
1606618089.456000, 1606618233.964000, 1606618233.964000, 1606618239.721000, 1606618239.721000, 1606618523.830000
1606618523.844000, 1606618561.761000, 1606618561.761000, 1606618567.400000, 1606618567.400000, 1606618809.019000
1606618809.050000, 1606618831.847000, 1606618831.847000, 1606618837.220000, 1606618837.220000, 1606619017.794000
