read_start,read_end,cpu_start,cpu_end,write_start,write_end
1606611592.117000, 1606611697.526000, 1606611697.526000, 1606611702.872000, 1606611702.872000, 1606611894.105000
1606611894.125000, 1606611922.723000, 1606611922.723000, 1606611928.556000, 1606611928.556000, 1606612100.971000
1606612100.990000, 1606612117.321000, 1606612117.321000, 1606612123.140000, 1606612123.140000, 1606612300.374000
