read_start,read_end,cpu_start,cpu_end,write_start,write_end
1606623484.406000, 1606623656.907000, 1606623656.907000, 1606623663.277000, 1606623663.277000, 1606623929.652000
1606623929.667000, 1606623936.775000, 1606623936.775000, 1606623942.306000, 1606623942.306000, 1606624027.954000
1606624028.040000, 1606624138.338000, 1606624138.338000, 1606624143.274000, 1606624143.274000, 1606624514.712000
