read_start,read_end,cpu_start,cpu_end,write_start,write_end
1606620220.686000, 1606620376.384000, 1606620376.384000, 1606620382.132000, 1606620382.132000, 1606620741.296000
1606620741.310000, 1606620771.467000, 1606620771.467000, 1606620778.110000, 1606620778.110000, 1606621025.545000
1606621025.723000, 1606621048.861000, 1606621048.861000, 1606621053.743000, 1606621053.743000, 1606621156.163000
