read_start,read_end,cpu_start,cpu_end,write_start,write_end
1606623484.396000, 1606623656.718000, 1606623656.718000, 1606623663.174000, 1606623663.174000, 1606623947.386000
1606623947.400000, 1606623974.112000, 1606623974.112000, 1606623980.512000, 1606623980.512000, 1606624498.445000
1606624498.509000, 1606624511.543000, 1606624511.543000, 1606624516.677000, 1606624516.677000, 1606624590.246000
