read_start,read_end,cpu_start,cpu_end,write_start,write_end
1606618089.469000, 1606618233.964000, 1606618233.964000, 1606618240.145000, 1606618240.145000, 1606618548.111000
1606618548.133000, 1606618581.803000, 1606618581.803000, 1606618587.553000, 1606618587.553000, 1606618809.836000
1606618810.464000, 1606618831.900000, 1606618831.900000, 1606618837.509000, 1606618837.509000, 1606619017.801000
