read_start,read_end,cpu_start,cpu_end,write_start,write_end
1606615122.394000, 1606615250.038000, 1606615250.038000, 1606615255.798000, 1606615255.798000, 1606615464.441000
1606615464.457000, 1606615473.339000, 1606615473.339000, 1606615478.031000, 1606615478.031000, 1606615564.571000
1606615564.586000, 1606615657.744000, 1606615657.744000, 1606615662.401000, 1606615662.401000, 1606615725.727000
