read_start,read_end,cpu_start,cpu_end,write_start,write_end
1606606736.868000, 1606606803.572000, 1606606803.572000, 1606606808.416000, 1606606808.416000, 1606606939.892000
1606606939.914000, 1606606974.770000, 1606606974.770000, 1606606979.911000, 1606606979.911000, 1606607143.633000
1606607143.655000, 1606607166.647000, 1606607166.647000, 1606607171.749000, 1606607171.749000, 1606607307.556000
