read_start,read_end,cpu_start,cpu_end,write_start,write_end
1606606195.332000, 1606606256.398000, 1606606256.398000, 1606606261.277000, 1606606261.277000, 1606606373.265000
1606606373.305000, 1606606390.312000, 1606606390.312000, 1606606395.304000, 1606606395.304000, 1606606520.041000
1606606520.068000, 1606606546.479000, 1606606546.479000, 1606606551.570000, 1606606551.570000, 1606606672.089000
