read_start,read_end,cpu_start,cpu_end,write_start,write_end
1606610796.048000, 1606610895.820000, 1606610895.820000, 1606610901.197000, 1606610901.197000, 1606611098.914000
1606611098.962000, 1606611126.695000, 1606611126.695000, 1606611132.628000, 1606611132.628000, 1606611319.513000
1606611319.531000, 1606611339.342000, 1606611339.342000, 1606611345.350000, 1606611345.350000, 1606611546.452000
