read_start,read_end,cpu_start,cpu_end,write_start,write_end
1606605333.102000, 1606605382.970000, 1606605382.970000, 1606605387.852000, 1606605387.852000, 1606605480.117000
1606605480.131000, 1606605487.489000, 1606605487.489000, 1606605492.917000, 1606605492.917000, 1606605575.657000
1606605575.668000, 1606605602.134000, 1606605602.134000, 1606605607.059000, 1606605607.059000, 1606605685.179000
