read_start,read_end,cpu_start,cpu_end,write_start,write_end
1606614177.097000, 1606614299.316000, 1606614299.316000, 1606614304.282000, 1606614304.282000, 1606614559.077000
1606614559.124000, 1606614591.025000, 1606614591.025000, 1606614596.542000, 1606614596.542000, 1606614844.449000
1606614845.326000, 1606614875.359000, 1606614875.359000, 1606614881.046000, 1606614881.046000, 1606615083.493000
