read_start,read_end,cpu_start,cpu_end,write_start,write_end
1606620220.697000, 1606620376.385000, 1606620376.385000, 1606620382.131000, 1606620382.131000, 1606620740.334000
1606620740.352000, 1606620771.010000, 1606620771.010000, 1606620777.405000, 1606620777.405000, 1606621068.267000
1606621068.390000, 1606621159.548000, 1606621159.548000, 1606621164.875000, 1606621164.875000, 1606621234.593000
