read_start,read_end,cpu_start,cpu_end,write_start,write_end
1606623484.403000, 1606623656.766000, 1606623656.766000, 1606623662.533000, 1606623662.533000, 1606623955.793000
1606623955.805000, 1606623980.881000, 1606623980.881000, 1606623986.966000, 1606623986.966000, 1606624325.313000
1606624325.476000, 1606624350.168000, 1606624350.168000, 1606624355.100000, 1606624355.100000, 1606624418.217000
