read_start,read_end,cpu_start,cpu_end,write_start,write_end
1606620220.670000, 1606620376.147000, 1606620376.147000, 1606620381.871000, 1606620381.871000, 1606620640.568000
1606620640.583000, 1606620693.862000, 1606620693.862000, 1606620698.799000, 1606620698.799000, 1606620760.495000
1606620760.568000, 1606620857.642000, 1606620857.642000, 1606620862.276000, 1606620862.276000, 1606621010.518000
