read_start,read_end,cpu_start,cpu_end,write_start,write_end
1606620220.678000, 1606620376.384000, 1606620376.384000, 1606620382.594000, 1606620382.594000, 1606620624.816000
1606620624.830000, 1606620636.196000, 1606620636.196000, 1606620641.665000, 1606620641.665000, 1606620719.930000
1606620720.013000, 1606620751.434000, 1606620751.434000, 1606620756.443000, 1606620756.443000, 1606621048.255000
