read_start,read_end,cpu_start,cpu_end,write_start,write_end
1606613250.026000, 1606613366.849000, 1606613366.849000, 1606613372.039000, 1606613372.039000, 1606613689.451000
1606613689.465000, 1606613858.435000, 1606613858.435000, 1606613863.500000, 1606613863.500000, 1606614055.665000
1606614055.704000, 1606614068.425000, 1606614068.425000, 1606614072.786000, 1606614072.786000, 1606614111.624000
