read_start,read_end,cpu_start,cpu_end,write_start,write_end
1606617030.844000, 1606617169.790000, 1606617169.790000, 1606617175.920000, 1606617175.920000, 1606617480.639000
1606617480.660000, 1606617509.328000, 1606617509.328000, 1606617515.773000, 1606617515.773000, 1606617997.236000
1606617997.599000, 1606618006.358000, 1606618006.358000, 1606618011.086000, 1606618011.086000, 1606618058.373000
