read_start,read_end,cpu_start,cpu_end,write_start,write_end
1606624657.109000, 1606624835.227000, 1606624835.227000, 1606624841.163000, 1606624841.163000, 1606625169.383000
1606625169.402000, 1606625319.963000, 1606625319.963000, 1606625324.871000, 1606625324.871000, 1606625729.185000
1606625729.352000, 1606625734.798000, 1606625734.798000, 1606625740.582000, 1606625740.582000, 1606625788.857000
