read_start,read_end,cpu_start,cpu_end,write_start,write_end
1606621267.253000, 1606621428.510000, 1606621428.510000, 1606621434.777000, 1606621434.777000, 1606621786.588000
1606621786.603000, 1606621831.899000, 1606621831.899000, 1606621837.332000, 1606621837.332000, 1606622034.941000
1606622035.093000, 1606622089.346000, 1606622089.346000, 1606622094.946000, 1606622094.946000, 1606622284.456000
