read_start,read_end,cpu_start,cpu_end,write_start,write_end
1606615122.403000, 1606615250.172000, 1606615250.172000, 1606615255.960000, 1606615255.960000, 1606615475.788000
1606615475.810000, 1606615509.392000, 1606615509.392000, 1606615516.623000, 1606615516.623000, 1606615767.373000
1606615767.484000, 1606615792.437000, 1606615792.437000, 1606615798.851000, 1606615798.851000, 1606615988.901000
