read_start,read_end,cpu_start,cpu_end,write_start,write_end
1606608618.650000, 1606608701.855000, 1606608701.855000, 1606608707.032000, 1606608707.032000, 1606608859.864000
1606608859.881000, 1606608877.036000, 1606608877.036000, 1606608882.509000, 1606608882.509000, 1606609018.614000
1606609018.630000, 1606609044.471000, 1606609044.471000, 1606609050.012000, 1606609050.012000, 1606609253.624000
