read_start,read_end,cpu_start,cpu_end,write_start,write_end
1606610796.060000, 1606610896.075000, 1606610896.075000, 1606610901.293000, 1606610901.293000, 1606611098.914000
1606611098.955000, 1606611126.645000, 1606611126.645000, 1606611132.320000, 1606611132.320000, 1606611315.875000
1606611315.894000, 1606611339.092000, 1606611339.092000, 1606611345.063000, 1606611345.063000, 1606611517.030000
