read_start,read_end,cpu_start,cpu_end,write_start,write_end
1606623484.434000, 1606623656.913000, 1606623656.913000, 1606623662.662000, 1606623662.662000, 1606623971.910000
1606623971.924000, 1606624053.822000, 1606624053.822000, 1606624058.486000, 1606624058.486000, 1606624433.420000
1606624433.521000, 1606624437.301000, 1606624437.301000, 1606624442.370000, 1606624442.370000, 1606624498.514000
