read_start,read_end,cpu_start,cpu_end,write_start,write_end
1606608618.647000, 1606608701.855000, 1606608701.855000, 1606608706.842000, 1606608706.842000, 1606608902.850000
1606608902.864000, 1606609026.732000, 1606609026.732000, 1606609031.674000, 1606609031.674000, 1606609134.582000
1606609134.609000, 1606609208.196000, 1606609208.196000, 1606609213.321000, 1606609213.321000, 1606609267.322000
