read_start,read_end,cpu_start,cpu_end,write_start,write_end
1606613250.016000, 1606613366.849000, 1606613366.849000, 1606613372.174000, 1606613372.174000, 1606613607.883000
1606613607.900000, 1606613636.389000, 1606613636.389000, 1606613642.546000, 1606613642.546000, 1606613857.914000
1606613857.986000, 1606613876.231000, 1606613876.231000, 1606613881.912000, 1606613881.912000, 1606614063.927000
