read_start,read_end,cpu_start,cpu_end,write_start,write_end
1606614177.094000, 1606614299.319000, 1606614299.319000, 1606614305.502000, 1606614305.502000, 1606614559.182000
1606614559.213000, 1606614591.030000, 1606614591.030000, 1606614596.574000, 1606614596.574000, 1606614844.164000
1606614844.450000, 1606614875.001000, 1606614875.001000, 1606614880.424000, 1606614880.424000, 1606615018.722000
