read_start,read_end,cpu_start,cpu_end,write_start,write_end
1606613250.022000, 1606613366.849000, 1606613366.849000, 1606613372.791000, 1606613372.791000, 1606613611.638000
1606613611.653000, 1606613637.127000, 1606613637.127000, 1606613643.137000, 1606613643.137000, 1606613857.939000
1606613858.024000, 1606613876.235000, 1606613876.235000, 1606613882.013000, 1606613882.013000, 1606614063.931000
