read_start,read_end,cpu_start,cpu_end,write_start,write_end
1606605720.823000, 1606605776.284000, 1606605776.284000, 1606605781.544000, 1606605781.544000, 1606605869.844000
1606605869.859000, 1606605883.367000, 1606605883.367000, 1606605888.548000, 1606605888.548000, 1606606003.590000
1606606003.603000, 1606606041.156000, 1606606041.156000, 1606606046.137000, 1606606046.137000, 1606606166.449000
