read_start,read_end,cpu_start,cpu_end,write_start,write_end
1606604049.253000, 1606604071.503000, 1606604071.503000, 1606604076.530000, 1606604076.530000, 1606604118.105000
1606604118.123000, 1606604122.477000, 1606604122.477000, 1606604127.695000, 1606604127.695000, 1606604168.780000
1606604168.794000, 1606604173.050000, 1606604173.050000, 1606604178.544000, 1606604178.544000, 1606604215.738000
