read_start,read_end,cpu_start,cpu_end,write_start,write_end
1606621267.245000, 1606621428.510000, 1606621428.510000, 1606621434.676000, 1606621434.676000, 1606621666.059000
1606621666.075000, 1606621689.386000, 1606621689.386000, 1606621694.691000, 1606621694.691000, 1606622012.625000
1606622012.920000, 1606622032.637000, 1606622032.637000, 1606622040.330000, 1606622040.330000, 1606622283.126000
