read_start,read_end,cpu_start,cpu_end,write_start,write_end
1606620220.668000, 1606620376.099000, 1606620376.099000, 1606620382.538000, 1606620382.538000, 1606620625.454000
1606620625.469000, 1606620638.050000, 1606620638.050000, 1606620643.476000, 1606620643.476000, 1606620767.453000
1606620767.490000, 1606620886.961000, 1606620886.961000, 1606620891.435000, 1606620891.435000, 1606621025.537000
