read_start,read_end,cpu_start,cpu_end,write_start,write_end
1606606736.858000, 1606606803.424000, 1606606803.424000, 1606606808.665000, 1606606808.665000, 1606606961.343000
1606606961.356000, 1606606976.321000, 1606606976.321000, 1606606981.923000, 1606606981.923000, 1606607159.372000
1606607159.387000, 1606607168.685000, 1606607168.685000, 1606607173.670000, 1606607173.670000, 1606607307.556000
