read_start,read_end,cpu_start,cpu_end,write_start,write_end
1606606195.336000, 1606606256.401000, 1606606256.401000, 1606606261.206000, 1606606261.206000, 1606606373.265000
1606606373.304000, 1606606390.312000, 1606606390.312000, 1606606395.645000, 1606606395.645000, 1606606520.591000
1606606520.605000, 1606606547.036000, 1606606547.036000, 1606606552.012000, 1606606552.012000, 1606606672.092000
