read_start,read_end,cpu_start,cpu_end,write_start,write_end
1606620220.690000, 1606620376.384000, 1606620376.384000, 1606620382.209000, 1606620382.209000, 1606620730.546000
1606620730.561000, 1606620762.016000, 1606620762.016000, 1606620767.257000, 1606620767.257000, 1606621048.256000
1606621048.380000, 1606621064.167000, 1606621064.167000, 1606621069.183000, 1606621069.183000, 1606621191.467000
