read_start,read_end,cpu_start,cpu_end,write_start,write_end
1606624657.080000, 1606624834.888000, 1606624834.888000, 1606624841.143000, 1606624841.143000, 1606625157.913000
1606625157.939000, 1606625301.478000, 1606625301.478000, 1606625306.063000, 1606625306.063000, 1606625707.917000
1606625708.021000, 1606625728.784000, 1606625728.784000, 1606625733.722000, 1606625733.722000, 1606625773.244000
