read_start,read_end,cpu_start,cpu_end,write_start,write_end
1606624657.088000, 1606624835.155000, 1606624835.155000, 1606624841.379000, 1606624841.379000, 1606625153.931000
1606625153.948000, 1606625208.289000, 1606625208.289000, 1606625213.207000, 1606625213.207000, 1606625577.631000
1606625577.755000, 1606625599.589000, 1606625599.589000, 1606625604.303000, 1606625604.303000, 1606625697.735000
