read_start,read_end,cpu_start,cpu_end,write_start,write_end
1606618089.469000, 1606618233.965000, 1606618233.965000, 1606618240.332000, 1606618240.332000, 1606618548.047000
1606618548.062000, 1606618581.787000, 1606618581.787000, 1606618588.753000, 1606618588.753000, 1606619024.201000
1606619024.281000, 1606619029.485000, 1606619029.485000, 1606619033.924000, 1606619033.924000, 1606619081.134000
