read_start,read_end,cpu_start,cpu_end,write_start,write_end
1606607336.440000, 1606607408.620000, 1606607408.620000, 1606607413.352000, 1606607413.352000, 1606607518.823000
1606607518.844000, 1606607555.759000, 1606607555.759000, 1606607561.184000, 1606607561.184000, 1606607669.943000
1606607669.958000, 1606607716.487000, 1606607716.487000, 1606607721.695000, 1606607721.695000, 1606607820.473000
