read_start,read_end,cpu_start,cpu_end,write_start,write_end
1606614177.077000, 1606614299.142000, 1606614299.142000, 1606614305.018000, 1606614305.018000, 1606614559.084000
1606614559.150000, 1606614590.960000, 1606614590.960000, 1606614597.665000, 1606614597.665000, 1606614844.073000
1606614844.140000, 1606614871.686000, 1606614871.686000, 1606614878.103000, 1606614878.103000, 1606614896.516000
