read_start,read_end,cpu_start,cpu_end,write_start,write_end
1606621267.242000, 1606621428.510000, 1606621428.510000, 1606621434.748000, 1606621434.748000, 1606621788.962000
1606621788.979000, 1606621831.942000, 1606621831.942000, 1606621837.225000, 1606621837.225000, 1606622034.651000
1606622034.859000, 1606622089.210000, 1606622089.210000, 1606622094.848000, 1606622094.848000, 1606622283.530000
