read_start,read_end,cpu_start,cpu_end,write_start,write_end
1606622330.618000, 1606622497.513000, 1606622497.513000, 1606622504.125000, 1606622504.125000, 1606622812.692000
1606622812.709000, 1606622849.622000, 1606622849.622000, 1606622855.781000, 1606622855.781000, 1606623330.973000
1606623331.049000, 1606623351.749000, 1606623351.749000, 1606623356.664000, 1606623356.664000, 1606623447.294000
