read_start,read_end,cpu_start,cpu_end,write_start,write_end
1606610027.094000, 1606610121.446000, 1606610121.446000, 1606610127.048000, 1606610127.048000, 1606610328.394000
1606610328.408000, 1606610347.591000, 1606610347.591000, 1606610353.326000, 1606610353.326000, 1606610553.577000
1606610553.619000, 1606610579.132000, 1606610579.132000, 1606610584.693000, 1606610584.693000, 1606610749.344000
