read_start,read_end,cpu_start,cpu_end,write_start,write_end
1606607936.402000, 1606608014.034000, 1606608014.034000, 1606608018.860000, 1606608018.860000, 1606608211.331000
1606608211.375000, 1606608231.031000, 1606608231.031000, 1606608236.304000, 1606608236.304000, 1606608382.110000
1606608382.124000, 1606608390.595000, 1606608390.595000, 1606608395.913000, 1606608395.913000, 1606608535.654000
