read_start,read_end,cpu_start,cpu_end,write_start,write_end
1606604442.253000, 1606604475.585000, 1606604475.585000, 1606604480.775000, 1606604480.775000, 1606604535.725000
1606604535.740000, 1606604541.167000, 1606604541.167000, 1606604545.906000, 1606604545.906000, 1606604611.780000
1606604611.795000, 1606604614.969000, 1606604614.969000, 1606604619.794000, 1606604619.794000, 1606604679.162000
