read_start,read_end,cpu_start,cpu_end,write_start,write_end
1606608618.650000, 1606608701.855000, 1606608701.855000, 1606608706.808000, 1606608706.808000, 1606608831.222000
1606608831.237000, 1606608871.945000, 1606608871.945000, 1606608877.126000, 1606608877.126000, 1606608902.639000
1606608902.652000, 1606609025.633000, 1606609025.633000, 1606609031.594000, 1606609031.594000, 1606609134.582000
