read_start,read_end,cpu_start,cpu_end,write_start,write_end
1606623484.402000, 1606623656.751000, 1606623656.751000, 1606623662.994000, 1606623662.994000, 1606623947.077000
1606623947.091000, 1606623973.598000, 1606623973.598000, 1606623980.080000, 1606623980.080000, 1606624441.870000
1606624441.945000, 1606624487.031000, 1606624487.031000, 1606624491.646000, 1606624491.646000, 1606624508.949000
