read_start,read_end,cpu_start,cpu_end,write_start,write_end
1606607936.399000, 1606608013.986000, 1606608013.986000, 1606608018.765000, 1606608018.765000, 1606608142.099000
1606608142.112000, 1606608194.937000, 1606608194.937000, 1606608199.445000, 1606608199.445000, 1606608298.069000
1606608298.083000, 1606608380.870000, 1606608380.870000, 1606608385.884000, 1606608385.884000, 1606608452.119000
