read_start,read_end,cpu_start,cpu_end,write_start,write_end
1606620220.667000, 1606620376.142000, 1606620376.142000, 1606620381.890000, 1606620381.890000, 1606620749.866000
1606620749.881000, 1606620777.596000, 1606620777.596000, 1606620782.542000, 1606620782.542000, 1606621040.477000
1606621040.581000, 1606621061.018000, 1606621061.018000, 1606621066.472000, 1606621066.472000, 1606621190.524000
