read_start,read_end,cpu_start,cpu_end,write_start,write_end
1606615122.419000, 1606615250.177000, 1606615250.177000, 1606615255.750000, 1606615255.750000, 1606615473.664000
1606615473.696000, 1606615509.389000, 1606615509.389000, 1606615514.981000, 1606615514.981000, 1606615762.853000
1606615763.083000, 1606615787.119000, 1606615787.119000, 1606615792.897000, 1606615792.897000, 1606615988.881000
