read_start,read_end,cpu_start,cpu_end,write_start,write_end
1606619155.461000, 1606619305.329000, 1606619305.329000, 1606619311.648000, 1606619311.648000, 1606619600.000000
1606619600.012000, 1606619748.454000, 1606619748.454000, 1606619753.128000, 1606619753.128000, 1606619889.472000
1606619889.555000, 1606620022.517000, 1606620022.517000, 1606620027.554000, 1606620027.554000, 1606620182.254000
