read_start,read_end,cpu_start,cpu_end,write_start,write_end
1606607936.401000, 1606608014.029000, 1606608014.029000, 1606608018.844000, 1606608018.844000, 1606608224.264000
1606608224.277000, 1606608232.489000, 1606608232.489000, 1606608237.487000, 1606608237.487000, 1606608382.276000
1606608382.295000, 1606608390.686000, 1606608390.686000, 1606608396.005000, 1606608396.005000, 1606608535.657000
