read_start,read_end,cpu_start,cpu_end,write_start,write_end
1606613250.022000, 1606613366.849000, 1606613366.849000, 1606613372.040000, 1606613372.040000, 1606613663.051000
1606613663.070000, 1606613855.970000, 1606613855.970000, 1606613861.015000, 1606613861.015000, 1606614036.183000
1606614036.202000, 1606614050.724000, 1606614050.724000, 1606614055.929000, 1606614055.929000, 1606614097.948000
