read_start,read_end,cpu_start,cpu_end,write_start,write_end
1606604991.284000, 1606605035.652000, 1606605035.652000, 1606605040.388000, 1606605040.388000, 1606605134.989000
1606605135.004000, 1606605143.992000, 1606605143.992000, 1606605149.356000, 1606605149.356000, 1606605225.103000
1606605225.118000, 1606605236.139000, 1606605236.139000, 1606605240.925000, 1606605240.925000, 1606605316.669000
