read_start,read_end,cpu_start,cpu_end,write_start,write_end
1606622330.638000, 1606622497.515000, 1606622497.515000, 1606622503.288000, 1606622503.288000, 1606622809.662000
1606622809.679000, 1606622845.348000, 1606622845.348000, 1606622851.511000, 1606622851.511000, 1606623133.305000
1606623133.370000, 1606623156.839000, 1606623156.839000, 1606623162.666000, 1606623162.666000, 1606623375.544000
