read_start,read_end,cpu_start,cpu_end,write_start,write_end
1606610796.050000, 1606610895.915000, 1606610895.915000, 1606610901.139000, 1606610901.139000, 1606611098.914000
1606611098.954000, 1606611126.662000, 1606611126.662000, 1606611132.321000, 1606611132.321000, 1606611316.461000
1606611316.476000, 1606611339.128000, 1606611339.128000, 1606611345.166000, 1606611345.166000, 1606611568.989000
