read_start,read_end,cpu_start,cpu_end,write_start,write_end
1606609290.705000, 1606609379.622000, 1606609379.622000, 1606609384.392000, 1606609384.392000, 1606609570.003000
1606609570.024000, 1606609605.903000, 1606609605.903000, 1606609611.185000, 1606609611.185000, 1606609772.791000
1606609772.830000, 1606609796.196000, 1606609796.196000, 1606609801.277000, 1606609801.277000, 1606609952.577000
