read_start,read_end,cpu_start,cpu_end,write_start,write_end
1606606195.331000, 1606606256.398000, 1606606256.398000, 1606606261.535000, 1606606261.535000, 1606606373.265000
1606606373.301000, 1606606389.823000, 1606606389.823000, 1606606395.105000, 1606606395.105000, 1606606543.489000
1606606543.504000, 1606606549.708000, 1606606549.708000, 1606606555.646000, 1606606555.646000, 1606606720.134000
