read_start,read_end,cpu_start,cpu_end,write_start,write_end
1606603917.224000, 1606603933.904000, 1606603933.904000, 1606603938.280000, 1606603938.280000, 1606603965.752000
1606603965.766000, 1606603968.439000, 1606603968.439000, 1606603973.368000, 1606603973.368000, 1606604002.213000
1606604002.228000, 1606604003.991000, 1606604003.991000, 1606604008.537000, 1606604008.537000, 1606604031.625000
