read_start,read_end,cpu_start,cpu_end,write_start,write_end
1606621267.252000, 1606621428.510000, 1606621428.510000, 1606621434.861000, 1606621434.861000, 1606621781.466000
1606621781.480000, 1606621830.870000, 1606621830.870000, 1606621836.556000, 1606621836.556000, 1606622034.474000
1606622034.732000, 1606622089.091000, 1606622089.091000, 1606622094.032000, 1606622094.032000, 1606622282.786000
