read_start,read_end,cpu_start,cpu_end,write_start,write_end
1606620220.697000, 1606620376.384000, 1606620376.384000, 1606620382.743000, 1606620382.743000, 1606620617.459000
1606620617.476000, 1606620625.251000, 1606620625.251000, 1606620632.313000, 1606620632.313000, 1606620704.269000
1606620704.386000, 1606620742.903000, 1606620742.903000, 1606620749.442000, 1606620749.442000, 1606621048.259000
