read_start,read_end,cpu_start,cpu_end,write_start,write_end
1606617030.833000, 1606617169.788000, 1606617169.788000, 1606617175.773000, 1606617175.773000, 1606617479.804000
1606617479.819000, 1606617508.389000, 1606617508.389000, 1606617514.436000, 1606617514.436000, 1606617813.215000
1606617813.657000, 1606617835.341000, 1606617835.341000, 1606617840.413000, 1606617840.413000, 1606618006.664000
