read_start,read_end,cpu_start,cpu_end,write_start,write_end
1606611592.102000, 1606611697.391000, 1606611697.391000, 1606611702.694000, 1606611702.694000, 1606611893.658000
1606611893.677000, 1606611922.656000, 1606611922.656000, 1606611928.346000, 1606611928.346000, 1606612113.400000
1606612113.416000, 1606612171.366000, 1606612171.366000, 1606612176.051000, 1606612176.051000, 1606612300.371000
