read_start,read_end,cpu_start,cpu_end,write_start,write_end
1606616016.628000, 1606616150.127000, 1606616150.127000, 1606616156.472000, 1606616156.472000, 1606616458.190000
1606616458.206000, 1606616469.450000, 1606616469.450000, 1606616475.182000, 1606616475.182000, 1606616578.184000
1606616578.265000, 1606616638.135000, 1606616638.135000, 1606616643.835000, 1606616643.835000, 1606616911.051000
