read_start,read_end,cpu_start,cpu_end,write_start,write_end
1606610027.102000, 1606610121.539000, 1606610121.539000, 1606610127.234000, 1606610127.234000, 1606610326.455000
1606610326.470000, 1606610347.227000, 1606610347.227000, 1606610352.974000, 1606610352.974000, 1606610553.428000
1606610553.465000, 1606610579.073000, 1606610579.073000, 1606610585.263000, 1606610585.263000, 1606610749.290000
