read_start,read_end,cpu_start,cpu_end,write_start,write_end
1606622330.602000, 1606622497.167000, 1606622497.167000, 1606622502.980000, 1606622502.980000, 1606622814.409000
1606622814.430000, 1606622850.676000, 1606622850.676000, 1606622856.304000, 1606622856.304000, 1606623354.935000
1606623355.028000, 1606623372.332000, 1606623372.332000, 1606623377.651000, 1606623377.651000, 1606623449.567000
