read_start,read_end,cpu_start,cpu_end,write_start,write_end
1606608618.655000, 1606608701.860000, 1606608701.860000, 1606608707.340000, 1606608707.340000, 1606608855.850000
1606608855.865000, 1606608875.539000, 1606608875.539000, 1606608880.985000, 1606608880.985000, 1606609022.862000
1606609022.876000, 1606609044.846000, 1606609044.846000, 1606609050.393000, 1606609050.393000, 1606609235.092000
