read_start,read_end,cpu_start,cpu_end,write_start,write_end
1606623484.434000, 1606623656.913000, 1606623656.913000, 1606623662.665000, 1606623662.665000, 1606623982.024000
1606623982.043000, 1606624115.400000, 1606624115.400000, 1606624120.297000, 1606624120.297000, 1606624514.692000
1606624514.970000, 1606624528.917000, 1606624528.917000, 1606624534.057000, 1606624534.057000, 1606624622.065000
