read_start,read_end,cpu_start,cpu_end,write_start,write_end
1606624657.081000, 1606624835.019000, 1606624835.019000, 1606624840.513000, 1606624840.513000, 1606625118.954000
1606625118.977000, 1606625151.417000, 1606625151.417000, 1606625157.884000, 1606625157.884000, 1606625677.180000
1606625677.303000, 1606625697.064000, 1606625697.064000, 1606625702.917000, 1606625702.917000, 1606625728.095000
