read_start,read_end,cpu_start,cpu_end,write_start,write_end
1606617030.845000, 1606617169.790000, 1606617169.790000, 1606617175.901000, 1606617175.901000, 1606617480.258000
1606617480.276000, 1606617509.176000, 1606617509.176000, 1606617515.496000, 1606617515.496000, 1606617813.217000
1606617813.899000, 1606617835.356000, 1606617835.356000, 1606617840.749000, 1606617840.749000, 1606618006.510000
