read_start,read_end,cpu_start,cpu_end,write_start,write_end
1606610027.088000, 1606610121.351000, 1606610121.351000, 1606610126.872000, 1606610126.872000, 1606610323.679000
1606610323.698000, 1606610346.146000, 1606610346.146000, 1606610352.086000, 1606610352.086000, 1606610550.033000
1606610550.068000, 1606610579.017000, 1606610579.017000, 1606610584.297000, 1606610584.297000, 1606610749.430000
