read_start,read_end,cpu_start,cpu_end,write_start,write_end
1606605720.817000, 1606605776.248000, 1606605776.248000, 1606605781.364000, 1606605781.364000, 1606605869.016000
1606605869.031000, 1606605882.859000, 1606605882.859000, 1606605888.048000, 1606605888.048000, 1606606003.815000
1606606003.828000, 1606606041.370000, 1606606041.370000, 1606606046.608000, 1606606046.608000, 1606606137.494000
