read_start,read_end,cpu_start,cpu_end,write_start,write_end
1606622330.606000, 1606622497.375000, 1606622497.375000, 1606622502.768000, 1606622502.768000, 1606622804.825000
1606622804.845000, 1606622839.054000, 1606622839.054000, 1606622844.904000, 1606622844.904000, 1606623130.436000
1606623130.751000, 1606623156.229000, 1606623156.229000, 1606623161.732000, 1606623161.732000, 1606623350.130000
