read_start,read_end,cpu_start,cpu_end,write_start,write_end
1606615122.387000, 1606615249.735000, 1606615249.735000, 1606615255.445000, 1606615255.445000, 1606615473.661000
1606615473.694000, 1606615509.392000, 1606615509.392000, 1606615515.106000, 1606615515.106000, 1606615770.130000
1606615770.218000, 1606615794.228000, 1606615794.228000, 1606615801.116000, 1606615801.116000, 1606615988.881000
