read_start,read_end,cpu_start,cpu_end,write_start,write_end
1606618089.443000, 1606618233.779000, 1606618233.779000, 1606618240.359000, 1606618240.359000, 1606618548.206000
1606618548.236000, 1606618581.890000, 1606618581.890000, 1606618588.406000, 1606618588.406000, 1606619091.976000
1606619092.058000, 1606619094.647000, 1606619094.647000, 1606619099.095000, 1606619099.095000, 1606619117.691000
