read_start,read_end,cpu_start,cpu_end,write_start,write_end
1606612393.530000, 1606612504.551000, 1606612504.551000, 1606612509.763000, 1606612509.763000, 1606612703.654000
1606612703.696000, 1606612732.218000, 1606612732.218000, 1606612737.815000, 1606612737.815000, 1606613160.331000
1606613160.349000, 1606613162.506000, 1606613162.506000, 1606613167.909000, 1606613167.909000, 1606613199.382000
