read_start,read_end,cpu_start,cpu_end,write_start,write_end
1606610796.058000, 1606610896.075000, 1606610896.075000, 1606610901.300000, 1606610901.300000, 1606611098.915000
1606611098.962000, 1606611126.713000, 1606611126.713000, 1606611132.173000, 1606611132.173000, 1606611314.723000
1606611314.745000, 1606611339.094000, 1606611339.094000, 1606611345.119000, 1606611345.119000, 1606611564.618000
