read_start,read_end,cpu_start,cpu_end,write_start,write_end
1606620220.672000, 1606620376.183000, 1606620376.183000, 1606620381.911000, 1606620381.911000, 1606620750.564000
1606620750.580000, 1606620800.090000, 1606620800.090000, 1606620804.966000, 1606620804.966000, 1606621025.558000
1606621025.769000, 1606621048.851000, 1606621048.851000, 1606621054.725000, 1606621054.725000, 1606621131.717000
