read_start,read_end,cpu_start,cpu_end,write_start,write_end
1606612393.532000, 1606612504.551000, 1606612504.551000, 1606612509.771000, 1606612509.771000, 1606612703.654000
1606612703.705000, 1606612733.335000, 1606612733.335000, 1606612738.869000, 1606612738.869000, 1606612970.726000
1606612970.786000, 1606612992.726000, 1606612992.726000, 1606612998.498000, 1606612998.498000, 1606613164.239000
