read_start,read_end,cpu_start,cpu_end,write_start,write_end
1606607936.421000, 1606608014.173000, 1606608014.173000, 1606608018.949000, 1606608018.949000, 1606608211.331000
1606608211.365000, 1606608229.463000, 1606608229.463000, 1606608234.512000, 1606608234.512000, 1606608502.189000
1606608502.214000, 1606608539.443000, 1606608539.443000, 1606608544.156000, 1606608544.156000, 1606608598.766000
