read_start,read_end,cpu_start,cpu_end,write_start,write_end
1606612393.528000, 1606612504.551000, 1606612504.551000, 1606612510.424000, 1606612510.424000, 1606612703.654000
1606612703.705000, 1606612733.332000, 1606612733.332000, 1606612738.828000, 1606612738.828000, 1606612970.726000
1606612970.795000, 1606612992.729000, 1606612992.729000, 1606612998.501000, 1606612998.501000, 1606613164.234000
