read_start,read_end,cpu_start,cpu_end,write_start,write_end
1606618089.461000, 1606618233.964000, 1606618233.964000, 1606618239.306000, 1606618239.306000, 1606618523.936000
1606618523.961000, 1606618561.777000, 1606618561.777000, 1606618567.231000, 1606618567.231000, 1606618809.016000
1606618809.048000, 1606618831.855000, 1606618831.855000, 1606618836.984000, 1606618836.984000, 1606619017.794000
