read_start,read_end,cpu_start,cpu_end,write_start,write_end
1606619155.488000, 1606619305.556000, 1606619305.556000, 1606619311.974000, 1606619311.974000, 1606619599.219000
1606619599.234000, 1606619743.862000, 1606619743.862000, 1606619748.794000, 1606619748.794000, 1606619888.825000
1606619888.927000, 1606620022.305000, 1606620022.305000, 1606620027.249000, 1606620027.249000, 1606620182.426000
