read_start,read_end,cpu_start,cpu_end,write_start,write_end
1606623484.429000, 1606623656.913000, 1606623656.913000, 1606623662.883000, 1606623662.883000, 1606623946.663000
1606623946.679000, 1606623972.303000, 1606623972.303000, 1606623978.817000, 1606623978.817000, 1606624514.689000
1606624514.883000, 1606624528.881000, 1606624528.881000, 1606624533.739000, 1606624533.739000, 1606624625.593000
