read_start,read_end,cpu_start,cpu_end,write_start,write_end
1606618089.438000, 1606618233.685000, 1606618233.685000, 1606618238.992000, 1606618238.992000, 1606618523.935000
1606618523.962000, 1606618561.784000, 1606618561.784000, 1606618567.362000, 1606618567.362000, 1606618809.016000
1606618809.044000, 1606618831.855000, 1606618831.855000, 1606618837.006000, 1606618837.006000, 1606619017.789000
