read_start,read_end,cpu_start,cpu_end,write_start,write_end
1606612393.533000, 1606612504.551000, 1606612504.551000, 1606612509.742000, 1606612509.742000, 1606612703.673000
1606612703.714000, 1606612733.340000, 1606612733.340000, 1606612738.951000, 1606612738.951000, 1606612970.728000
1606612970.824000, 1606612992.693000, 1606612992.693000, 1606612998.486000, 1606612998.486000, 1606613164.237000
