read_start,read_end,cpu_start,cpu_end,write_start,write_end
1606613250.012000, 1606613366.849000, 1606613366.849000, 1606613372.044000, 1606613372.044000, 1606613590.413000
1606613590.437000, 1606613636.066000, 1606613636.066000, 1606613642.221000, 1606613642.221000, 1606613877.857000
1606613877.895000, 1606614018.792000, 1606614018.792000, 1606614023.391000, 1606614023.391000, 1606614151.149000
