read_start,read_end,cpu_start,cpu_end,write_start,write_end
1606604442.257000, 1606604475.587000, 1606604475.587000, 1606604480.252000, 1606604480.252000, 1606604545.702000
1606604545.715000, 1606604549.466000, 1606604549.466000, 1606604553.972000, 1606604553.972000, 1606604615.006000
1606604615.020000, 1606604618.176000, 1606604618.176000, 1606604623.780000, 1606604623.780000, 1606604678.011000
