read_start,read_end,cpu_start,cpu_end,write_start,write_end
1606606736.867000, 1606606803.572000, 1606606803.572000, 1606606808.352000, 1606606808.352000, 1606606962.557000
1606606962.571000, 1606606976.671000, 1606606976.671000, 1606606982.170000, 1606606982.170000, 1606607149.060000
1606607149.076000, 1606607166.932000, 1606607166.932000, 1606607172.046000, 1606607172.046000, 1606607307.559000
