read_start,read_end,cpu_start,cpu_end,write_start,write_end
1606618089.465000, 1606618233.964000, 1606618233.964000, 1606618240.057000, 1606618240.057000, 1606618548.111000
1606618548.134000, 1606618581.944000, 1606618581.944000, 1606618588.362000, 1606618588.362000, 1606619017.772000
1606619018.518000, 1606619023.708000, 1606619023.708000, 1606619029.169000, 1606619029.169000, 1606619079.770000
