read_start,read_end,cpu_start,cpu_end,write_start,write_end
1606607336.431000, 1606607408.606000, 1606607408.606000, 1606607413.426000, 1606607413.426000, 1606607531.884000
1606607531.899000, 1606607555.761000, 1606607555.761000, 1606607561.106000, 1606607561.106000, 1606607687.792000
1606607687.806000, 1606607717.284000, 1606607717.284000, 1606607722.412000, 1606607722.412000, 1606607864.877000
