read_start,read_end,cpu_start,cpu_end,write_start,write_end
1606624657.118000, 1606624835.227000, 1606624835.227000, 1606624841.149000, 1606624841.149000, 1606625161.623000
1606625161.642000, 1606625307.739000, 1606625307.739000, 1606625312.389000, 1606625312.389000, 1606625707.649000
1606625707.727000, 1606625728.297000, 1606625728.297000, 1606625733.163000, 1606625733.163000, 1606625779.118000
