read_start,read_end,cpu_start,cpu_end,write_start,write_end
1606615122.412000, 1606615250.172000, 1606615250.172000, 1606615255.237000, 1606615255.237000, 1606615473.658000
1606615473.688000, 1606615509.389000, 1606615509.389000, 1606615514.973000, 1606615514.973000, 1606615762.855000
1606615763.084000, 1606615787.112000, 1606615787.112000, 1606615792.987000, 1606615792.987000, 1606615988.881000
