read_start,read_end,cpu_start,cpu_end,write_start,write_end
1606621267.225000, 1606621428.185000, 1606621428.185000, 1606621433.912000, 1606621433.912000, 1606621664.706000
1606621664.721000, 1606621689.021000, 1606621689.021000, 1606621694.267000, 1606621694.267000, 1606622012.634000
1606622012.965000, 1606622032.640000, 1606622032.640000, 1606622040.039000, 1606622040.039000, 1606622283.168000
