read_start,read_end,cpu_start,cpu_end,write_start,write_end
1606621267.250000, 1606621428.510000, 1606621428.510000, 1606621434.090000, 1606621434.090000, 1606621665.501000
1606621665.521000, 1606621689.072000, 1606621689.072000, 1606621694.288000, 1606621694.288000, 1606622012.632000
1606622012.965000, 1606622032.640000, 1606622032.640000, 1606622040.090000, 1606622040.090000, 1606622283.123000
