read_start,read_end,cpu_start,cpu_end,write_start,write_end
1606611592.119000, 1606611697.528000, 1606611697.528000, 1606611703.172000, 1606611703.172000, 1606611893.558000
1606611893.572000, 1606611922.218000, 1606611922.218000, 1606611927.710000, 1606611927.710000, 1606612061.675000
1606612061.690000, 1606612111.535000, 1606612111.535000, 1606612117.051000, 1606612117.051000, 1606612288.315000
