read_start,read_end,cpu_start,cpu_end,write_start,write_end
1606623484.433000, 1606623656.913000, 1606623656.913000, 1606623662.663000, 1606623662.663000, 1606623976.188000
1606623976.208000, 1606624088.797000, 1606624088.797000, 1606624093.418000, 1606624093.418000, 1606624514.602000
1606624514.728000, 1606624528.664000, 1606624528.664000, 1606624533.559000, 1606624533.559000, 1606624622.067000
