read_start,read_end,cpu_start,cpu_end,write_start,write_end
1606619155.492000, 1606619305.562000, 1606619305.562000, 1606619311.936000, 1606619311.936000, 1606619599.200000
1606619599.217000, 1606619743.864000, 1606619743.864000, 1606619748.868000, 1606619748.868000, 1606619888.848000
1606619888.920000, 1606620022.334000, 1606620022.334000, 1606620027.267000, 1606620027.267000, 1606620189.039000
