read_start,read_end,cpu_start,cpu_end,write_start,write_end
1606618089.460000, 1606618233.964000, 1606618233.964000, 1606618240.695000, 1606618240.695000, 1606618548.222000
1606618548.254000, 1606618581.990000, 1606618581.990000, 1606618587.802000, 1606618587.802000, 1606618816.881000
1606618817.040000, 1606618835.275000, 1606618835.275000, 1606618840.595000, 1606618840.595000, 1606619017.826000
