read_start,read_end,cpu_start,cpu_end,write_start,write_end
1606621267.264000, 1606621428.512000, 1606621428.512000, 1606621434.635000, 1606621434.635000, 1606621667.388000
1606621667.409000, 1606621690.312000, 1606621690.312000, 1606621695.775000, 1606621695.775000, 1606622016.172000
1606622016.284000, 1606622033.174000, 1606622033.174000, 1606622040.958000, 1606622040.958000, 1606622283.134000
