read_start,read_end,cpu_start,cpu_end,write_start,write_end
1606622330.609000, 1606622497.511000, 1606622497.511000, 1606622503.426000, 1606622503.426000, 1606622811.239000
1606622811.254000, 1606622847.591000, 1606622847.591000, 1606622853.866000, 1606622853.866000, 1606623131.121000
1606623131.529000, 1606623156.298000, 1606623156.298000, 1606623162.160000, 1606623162.160000, 1606623302.762000
