read_start,read_end,cpu_start,cpu_end,write_start,write_end
1606619155.493000, 1606619305.556000, 1606619305.556000, 1606619311.811000, 1606619311.811000, 1606619568.450000
1606619568.464000, 1606619586.373000, 1606619586.373000, 1606619591.657000, 1606619591.657000, 1606619695.668000
1606619695.694000, 1606619856.573000, 1606619856.573000, 1606619861.429000, 1606619861.429000, 1606619999.391000
