read_start,read_end,cpu_start,cpu_end,write_start,write_end
1606622330.634000, 1606622497.515000, 1606622497.515000, 1606622503.267000, 1606622503.267000, 1606622808.061000
1606622808.077000, 1606622843.194000, 1606622843.194000, 1606622848.867000, 1606622848.867000, 1606623130.439000
1606623130.770000, 1606623155.595000, 1606623155.595000, 1606623161.600000, 1606623161.600000, 1606623314.556000
