read_start,read_end,cpu_start,cpu_end,write_start,write_end
1606615122.419000, 1606615250.176000, 1606615250.176000, 1606615255.288000, 1606615255.288000, 1606615473.660000
1606615473.692000, 1606615509.392000, 1606615509.392000, 1606615515.128000, 1606615515.128000, 1606615770.456000
1606615770.555000, 1606615794.360000, 1606615794.360000, 1606615801.069000, 1606615801.069000, 1606615989.147000
