read_start,read_end,cpu_start,cpu_end,write_start,write_end
1606623484.407000, 1606623656.908000, 1606623656.908000, 1606623662.691000, 1606623662.691000, 1606623982.225000
1606623982.245000, 1606624115.927000, 1606624115.927000, 1606624121.713000, 1606624121.713000, 1606624514.677000
1606624514.923000, 1606624528.902000, 1606624528.902000, 1606624533.764000, 1606624533.764000, 1606624622.554000
