read_start,read_end,cpu_start,cpu_end,write_start,write_end
1606609290.710000, 1606609379.625000, 1606609379.625000, 1606609384.958000, 1606609384.958000, 1606609584.511000
1606609584.524000, 1606609606.204000, 1606609606.204000, 1606609611.360000, 1606609611.360000, 1606609772.791000
1606609772.828000, 1606609796.191000, 1606609796.191000, 1606609801.179000, 1606609801.179000, 1606609934.451000
