read_start,read_end,cpu_start,cpu_end,write_start,write_end
1606617030.839000, 1606617169.790000, 1606617169.790000, 1606617175.920000, 1606617175.920000, 1606617480.411000
1606617480.433000, 1606617509.284000, 1606617509.284000, 1606617515.728000, 1606617515.728000, 1606617813.217000
1606617813.889000, 1606617835.274000, 1606617835.274000, 1606617840.990000, 1606617840.990000, 1606618006.506000
