read_start,read_end,cpu_start,cpu_end,write_start,write_end
1606610796.055000, 1606610896.075000, 1606610896.075000, 1606610901.286000, 1606610901.286000, 1606611098.821000
1606611098.850000, 1606611126.211000, 1606611126.211000, 1606611131.668000, 1606611131.668000, 1606611339.850000
1606611339.863000, 1606611343.961000, 1606611343.961000, 1606611349.312000, 1606611349.312000, 1606611517.211000
