read_start,read_end,cpu_start,cpu_end,write_start,write_end
1606617030.820000, 1606617169.463000, 1606617169.463000, 1606617175.433000, 1606617175.433000, 1606617434.401000
1606617434.415000, 1606617448.336000, 1606617448.336000, 1606617453.395000, 1606617453.395000, 1606617501.732000
1606617501.877000, 1606617632.000000, 1606617632.000000, 1606617636.690000, 1606617636.690000, 1606617997.235000
