read_start,read_end,cpu_start,cpu_end,write_start,write_end
1606612393.518000, 1606612504.323000, 1606612504.323000, 1606612509.623000, 1606612509.623000, 1606612703.653000
1606612703.700000, 1606612733.330000, 1606612733.330000, 1606612738.904000, 1606612738.904000, 1606612970.736000
1606612970.762000, 1606612992.726000, 1606612992.726000, 1606612998.503000, 1606612998.503000, 1606613164.234000
