read_start,read_end,cpu_start,cpu_end,write_start,write_end
1606610796.047000, 1606610895.769000, 1606610895.769000, 1606610901.122000, 1606610901.122000, 1606611098.916000
1606611098.957000, 1606611126.656000, 1606611126.656000, 1606611132.107000, 1606611132.107000, 1606611356.274000
1606611356.290000, 1606611493.401000, 1606611493.401000, 1606611497.946000, 1606611497.946000, 1606611546.690000
