read_start,read_end,cpu_start,cpu_end,write_start,write_end
1606618089.463000, 1606618233.964000, 1606618233.964000, 1606618240.211000, 1606618240.211000, 1606618548.117000
1606618548.139000, 1606618581.949000, 1606618581.949000, 1606618587.787000, 1606618587.787000, 1606618804.079000
1606618804.185000, 1606618823.869000, 1606618823.869000, 1606618829.172000, 1606618829.172000, 1606619007.001000
