read_start,read_end,cpu_start,cpu_end,write_start,write_end
1606622330.633000, 1606622497.517000, 1606622497.517000, 1606622503.289000, 1606622503.289000, 1606622814.455000
1606622814.471000, 1606622850.630000, 1606622850.630000, 1606622856.387000, 1606622856.387000, 1606623353.099000
1606623353.222000, 1606623372.000000, 1606623372.000000, 1606623377.985000, 1606623377.985000, 1606623450.905000
