read_start,read_end,cpu_start,cpu_end,write_start,write_end
1606617030.829000, 1606617169.787000, 1606617169.787000, 1606617175.881000, 1606617175.881000, 1606617480.050000
1606617480.068000, 1606617509.066000, 1606617509.066000, 1606617515.326000, 1606617515.326000, 1606617813.221000
1606617813.907000, 1606617835.358000, 1606617835.358000, 1606617840.571000, 1606617840.571000, 1606618006.497000
