read_start,read_end,cpu_start,cpu_end,write_start,write_end
1606609290.699000, 1606609379.617000, 1606609379.617000, 1606609384.944000, 1606609384.944000, 1606609584.613000
1606609584.630000, 1606609606.217000, 1606609606.217000, 1606609611.358000, 1606609611.358000, 1606609772.791000
1606609772.831000, 1606609796.187000, 1606609796.187000, 1606609801.315000, 1606609801.315000, 1606609952.769000
