read_start,read_end,cpu_start,cpu_end,write_start,write_end
1606611592.096000, 1606611697.338000, 1606611697.338000, 1606611702.557000, 1606611702.557000, 1606611893.604000
1606611893.621000, 1606611922.562000, 1606611922.562000, 1606611928.059000, 1606611928.059000, 1606612081.271000
1606612081.292000, 1606612113.687000, 1606612113.687000, 1606612119.476000, 1606612119.476000, 1606612302.941000
