read_start,read_end,cpu_start,cpu_end,write_start,write_end
1606623484.420000, 1606623656.913000, 1606623656.913000, 1606623663.057000, 1606623663.057000, 1606623947.451000
1606623947.465000, 1606623974.229000, 1606623974.229000, 1606623980.842000, 1606623980.842000, 1606624508.802000
1606624508.885000, 1606624513.983000, 1606624513.983000, 1606624518.889000, 1606624518.889000, 1606624580.893000
