read_start,read_end,cpu_start,cpu_end,write_start,write_end
1606619155.494000, 1606619305.563000, 1606619305.563000, 1606619311.814000, 1606619311.814000, 1606619569.777000
1606619569.791000, 1606619588.285000, 1606619588.285000, 1606619593.803000, 1606619593.803000, 1606619721.747000
1606619721.784000, 1606619862.443000, 1606619862.443000, 1606619867.417000, 1606619867.417000, 1606620190.572000
