read_start,read_end,cpu_start,cpu_end,write_start,write_end
1606624657.104000, 1606624835.226000, 1606624835.226000, 1606624840.697000, 1606624840.697000, 1606625118.967000
1606625118.992000, 1606625151.424000, 1606625151.424000, 1606625156.903000, 1606625156.903000, 1606625520.008000
1606625520.104000, 1606625524.293000, 1606625524.293000, 1606625529.226000, 1606625529.226000, 1606625545.312000
