read_start,read_end,cpu_start,cpu_end,write_start,write_end
1606624657.107000, 1606624835.227000, 1606624835.227000, 1606624841.949000, 1606624841.949000, 1606625118.715000
1606625118.748000, 1606625151.287000, 1606625151.287000, 1606625157.177000, 1606625157.177000, 1606625711.316000
1606625711.429000, 1606625733.007000, 1606625733.007000, 1606625738.256000, 1606625738.256000, 1606625790.018000
