read_start,read_end,cpu_start,cpu_end,write_start,write_end
1606620220.701000, 1606620376.386000, 1606620376.386000, 1606620382.823000, 1606620382.823000, 1606620625.338000
1606620625.360000, 1606620637.896000, 1606620637.896000, 1606620643.881000, 1606620643.881000, 1606620750.543000
1606620750.682000, 1606620803.028000, 1606620803.028000, 1606620807.829000, 1606620807.829000, 1606620961.228000
