read_start,read_end,cpu_start,cpu_end,write_start,write_end
1606624657.120000, 1606624835.228000, 1606624835.228000, 1606624842.166000, 1606624842.166000, 1606625119.233000
1606625119.259000, 1606625151.409000, 1606625151.409000, 1606625158.720000, 1606625158.720000, 1606625711.360000
1606625711.491000, 1606625733.020000, 1606625733.020000, 1606625738.354000, 1606625738.354000, 1606625788.347000
