read_start,read_end,cpu_start,cpu_end,write_start,write_end
1606624657.117000, 1606624835.227000, 1606624835.227000, 1606624841.862000, 1606624841.862000, 1606625118.267000
1606625118.289000, 1606625150.093000, 1606625150.093000, 1606625157.048000, 1606625157.048000, 1606625577.556000
1606625577.736000, 1606625599.587000, 1606625599.587000, 1606625604.550000, 1606625604.550000, 1606625696.942000
