read_start,read_end,cpu_start,cpu_end,write_start,write_end
1606620220.704000, 1606620376.385000, 1606620376.385000, 1606620382.581000, 1606620382.581000, 1606620617.612000
1606620617.630000, 1606620625.442000, 1606620625.442000, 1606620632.454000, 1606620632.454000, 1606620690.673000
1606620690.776000, 1606620731.913000, 1606620731.913000, 1606620736.599000, 1606620736.599000, 1606620810.632000
