read_start,read_end,cpu_start,cpu_end,write_start,write_end
1606622330.601000, 1606622497.219000, 1606622497.219000, 1606622503.328000, 1606622503.328000, 1606622801.754000
1606622801.770000, 1606622837.181000, 1606622837.181000, 1606622843.192000, 1606622843.192000, 1606623130.458000
1606623130.601000, 1606623156.201000, 1606623156.201000, 1606623161.704000, 1606623161.704000, 1606623327.146000
