read_start,read_end,cpu_start,cpu_end,write_start,write_end
1606624657.113000, 1606624835.227000, 1606624835.227000, 1606624841.898000, 1606624841.898000, 1606625118.421000
1606625118.453000, 1606625150.748000, 1606625150.748000, 1606625157.821000, 1606625157.821000, 1606625609.190000
1606625609.296000, 1606625674.075000, 1606625674.075000, 1606625678.876000, 1606625678.876000, 1606625707.885000
