read_start,read_end,cpu_start,cpu_end,write_start,write_end
1606616016.623000, 1606616150.127000, 1606616150.127000, 1606616156.123000, 1606616156.123000, 1606616520.730000
1606616520.742000, 1606616546.358000, 1606616546.358000, 1606616551.745000, 1606616551.745000, 1606616737.874000
1606616737.934000, 1606616766.180000, 1606616766.180000, 1606616770.899000, 1606616770.899000, 1606616830.906000
