read_start,read_end,cpu_start,cpu_end,write_start,write_end
1606610796.054000, 1606610896.075000, 1606610896.075000, 1606610901.336000, 1606610901.336000, 1606611098.914000
1606611098.955000, 1606611126.659000, 1606611126.659000, 1606611132.144000, 1606611132.144000, 1606611318.302000
1606611318.316000, 1606611339.218000, 1606611339.218000, 1606611345.194000, 1606611345.194000, 1606611517.031000
