read_start,read_end,cpu_start,cpu_end,write_start,write_end
1606610027.102000, 1606610121.539000, 1606610121.539000, 1606610126.296000, 1606610126.296000, 1606610298.468000
1606610298.483000, 1606610342.129000, 1606610342.129000, 1606610347.245000, 1606610347.245000, 1606610550.033000
1606610550.068000, 1606610578.797000, 1606610578.797000, 1606610584.199000, 1606610584.199000, 1606610749.293000
