read_start,read_end,cpu_start,cpu_end,write_start,write_end
1606620220.677000, 1606620376.380000, 1606620376.380000, 1606620382.447000, 1606620382.447000, 1606620642.022000
1606620642.038000, 1606620696.684000, 1606620696.684000, 1606620701.405000, 1606620701.405000, 1606620757.937000
1606620758.012000, 1606620829.423000, 1606620829.423000, 1606620833.942000, 1606620833.942000, 1606621046.842000
