read_start,read_end,cpu_start,cpu_end,write_start,write_end
1606606736.862000, 1606606803.446000, 1606606803.446000, 1606606808.399000, 1606606808.399000, 1606606939.887000
1606606939.909000, 1606606974.770000, 1606606974.770000, 1606606979.903000, 1606606979.903000, 1606607143.631000
1606607143.653000, 1606607166.643000, 1606607166.643000, 1606607171.791000, 1606607171.791000, 1606607307.562000
