read_start,read_end,cpu_start,cpu_end,write_start,write_end
1606621267.259000, 1606621428.510000, 1606621428.510000, 1606621433.909000, 1606621433.909000, 1606621664.707000
1606621664.721000, 1606621689.024000, 1606621689.024000, 1606621694.158000, 1606621694.158000, 1606622012.629000
1606622012.965000, 1606622032.635000, 1606622032.635000, 1606622040.161000, 1606622040.161000, 1606622283.128000
