read_start,read_end,cpu_start,cpu_end,write_start,write_end
1606614177.098000, 1606614299.316000, 1606614299.316000, 1606614304.964000, 1606614304.964000, 1606614559.078000
1606614559.149000, 1606614590.924000, 1606614590.924000, 1606614596.378000, 1606614596.378000, 1606614844.486000
1606614845.369000, 1606614875.396000, 1606614875.396000, 1606614881.131000, 1606614881.131000, 1606615080.675000
