read_start,read_end,cpu_start,cpu_end,write_start,write_end
1606621267.243000, 1606621428.510000, 1606621428.510000, 1606621434.730000, 1606621434.730000, 1606621779.472000
1606621779.487000, 1606621829.516000, 1606621829.516000, 1606621835.224000, 1606621835.224000, 1606622033.452000
1606622033.912000, 1606622088.747000, 1606622088.747000, 1606622093.925000, 1606622093.925000, 1606622282.799000
