read_start,read_end,cpu_start,cpu_end,write_start,write_end
1606608618.636000, 1606608701.742000, 1606608701.742000, 1606608706.907000, 1606608706.907000, 1606608848.257000
1606608848.287000, 1606608874.700000, 1606608874.700000, 1606608880.163000, 1606608880.163000, 1606608994.937000
1606608994.952000, 1606609041.792000, 1606609041.792000, 1606609047.023000, 1606609047.023000, 1606609217.107000
