no_pipeline,makespan,readtime,writetime
1,23.95300006866455,7.741999864578247,3.013000249862671
6,311.73299980163574,203.13600039482117,22.44399905204773
11,983.6369998455048,646.3559999465942,174.14699935913086
16,3440.04000043869,1362.6060009002686,1835.231999874115
21,7184.733000278473,2354.2439987659454,4502.963999509811
26,10510.374999761581,3570.9230012893677,6532.107999801636
31,15035.46299958229,4972.263999938965,9586.569000005722
