read_start,read_end,cpu_start,cpu_end,write_start,write_end
1608333580.551000, 1608333746.288000, 1608333746.288000, 1608333751.820000, 1608333751.820000, 1608333919.845000
1608333919.866000, 1608333921.024000, 1608333921.024000, 1608333926.293000, 1608333926.293000, 1608334067.845000
1608334067.871000, 1608334068.934000, 1608334068.934000, 1608334073.788000, 1608334073.788000, 1608334147.853000
