read_start,read_end,cpu_start,cpu_end,write_start,write_end
1608332988.939000, 1608333125.596000, 1608333125.596000, 1608333131.185000, 1608333131.185000, 1608333132.489000
1608333132.501000, 1608333133.542000, 1608333133.542000, 1608333138.809000, 1608333138.809000, 1608333292.830000
1608333292.845000, 1608333294.086000, 1608333294.086000, 1608333299.300000, 1608333299.300000, 1608333412.692000
