read_start,read_end,cpu_start,cpu_end,write_start,write_end
1608340931.959000, 1608340974.537000, 1608340974.537000, 1608340979.780000, 1608340979.780000, 1608340980.984000
1608340980.997000, 1608340982.006000, 1608340982.006000, 1608340986.616000, 1608340986.616000, 1608340987.932000
1608340987.943000, 1608340989.047000, 1608340989.047000, 1608340993.794000, 1608340993.794000, 1608340994.996000
