read_start,read_end,cpu_start,cpu_end,write_start,write_end
1608333580.560000, 1608333737.377000, 1608333737.377000, 1608333742.762000, 1608333742.762000, 1608333759.524000
1608333759.541000, 1608333760.554000, 1608333760.554000, 1608333765.405000, 1608333765.405000, 1608333920.964000
1608333920.979000, 1608333922.302000, 1608333922.302000, 1608333927.771000, 1608333927.771000, 1608334068.455000
