read_start,read_end,cpu_start,cpu_end,write_start,write_end
1608332988.961000, 1608333129.454000, 1608333129.454000, 1608333135.336000, 1608333135.336000, 1608333272.430000
1608333272.448000, 1608333273.985000, 1608333273.985000, 1608333279.074000, 1608333279.074000, 1608333399.267000
1608333399.337000, 1608333400.693000, 1608333400.693000, 1608333405.378000, 1608333405.378000, 1608333443.192000
