read_start,read_end,cpu_start,cpu_end,write_start,write_end
1608332498.193000, 1608332609.575000, 1608332609.575000, 1608332615.641000, 1608332615.641000, 1608332617.241000
1608332617.253000, 1608332618.384000, 1608332618.384000, 1608332623.277000, 1608332623.277000, 1608332762.559000
1608332762.573000, 1608332763.500000, 1608332763.500000, 1608332768.137000, 1608332768.137000, 1608332854.595000
