read_start,read_end,cpu_start,cpu_end,write_start,write_end
1608341764.534000, 1608341843.084000, 1608341843.084000, 1608341848.298000, 1608341848.298000, 1608341849.466000
1608341849.478000, 1608341850.588000, 1608341850.588000, 1608341855.697000, 1608341855.697000, 1608341884.428000
1608341884.444000, 1608341885.544000, 1608341885.544000, 1608341890.480000, 1608341890.480000, 1608341960.111000
