read_start,read_end,cpu_start,cpu_end,write_start,write_end
1608340931.966000, 1608340974.545000, 1608340974.545000, 1608340979.304000, 1608340979.304000, 1608340980.585000
1608340980.597000, 1608340981.705000, 1608340981.705000, 1608340986.306000, 1608340986.306000, 1608340987.513000
1608340987.525000, 1608340988.551000, 1608340988.551000, 1608340993.217000, 1608340993.217000, 1608340994.578000
