read_start,read_end,cpu_start,cpu_end,write_start,write_end
1608332498.189000, 1608332607.897000, 1608332607.897000, 1608332613.778000, 1608332613.778000, 1608332615.079000
1608332615.091000, 1608332616.134000, 1608332616.134000, 1608332621.464000, 1608332621.464000, 1608332751.093000
1608332751.110000, 1608332752.201000, 1608332752.201000, 1608332757.007000, 1608332757.007000, 1608332850.874000
