read_start,read_end,cpu_start,cpu_end,write_start,write_end
1608341002.753000, 1608341050.543000, 1608341050.543000, 1608341055.367000, 1608341055.367000, 1608341056.658000
1608341056.670000, 1608341057.775000, 1608341057.775000, 1608341062.573000, 1608341062.573000, 1608341063.941000
1608341063.952000, 1608341065.080000, 1608341065.080000, 1608341069.826000, 1608341069.826000, 1608341071.307000
