read_start,read_end,cpu_start,cpu_end,write_start,write_end
1608331910.944000, 1608331968.796000, 1608331968.796000, 1608331973.974000, 1608331973.974000, 1608331975.164000
1608331975.174000, 1608331976.143000, 1608331976.143000, 1608331980.890000, 1608331980.890000, 1608331982.357000
1608331982.367000, 1608331983.296000, 1608331983.296000, 1608331988.010000, 1608331988.010000, 1608332009.205000
