read_start,read_end,cpu_start,cpu_end,write_start,write_end
1608341002.754000, 1608341050.419000, 1608341050.419000, 1608341055.603000, 1608341055.603000, 1608341056.841000
1608341056.854000, 1608341057.983000, 1608341057.983000, 1608341063.009000, 1608341063.009000, 1608341064.379000
1608341064.389000, 1608341065.498000, 1608341065.498000, 1608341070.243000, 1608341070.243000, 1608341072.237000
