read_start,read_end,cpu_start,cpu_end,write_start,write_end
1608332988.963000, 1608333128.129000, 1608333128.129000, 1608333133.956000, 1608333133.956000, 1608333244.725000
1608333244.739000, 1608333246.319000, 1608333246.319000, 1608333251.026000, 1608333251.026000, 1608333379.300000
1608333379.404000, 1608333380.937000, 1608333380.937000, 1608333385.467000, 1608333385.467000, 1608333438.235000
