read_start,read_end,cpu_start,cpu_end,write_start,write_end
1608332988.946000, 1608333128.106000, 1608333128.106000, 1608333133.884000, 1608333133.884000, 1608333242.402000
1608333242.419000, 1608333244.396000, 1608333244.396000, 1608333249.357000, 1608333249.357000, 1608333378.202000
1608333378.287000, 1608333379.936000, 1608333379.936000, 1608333384.725000, 1608333384.725000, 1608333437.964000
