read_start,read_end,cpu_start,cpu_end,write_start,write_end
1608341764.543000, 1608341841.100000, 1608341841.100000, 1608341845.825000, 1608341845.825000, 1608341847.045000
1608341847.059000, 1608341848.118000, 1608341848.118000, 1608341853.252000, 1608341853.252000, 1608341854.602000
1608341854.614000, 1608341855.635000, 1608341855.635000, 1608341860.383000, 1608341860.383000, 1608341955.421000
