read_start,read_end,cpu_start,cpu_end,write_start,write_end
1608331732.263000, 1608331764.158000, 1608331764.158000, 1608331769.354000, 1608331769.354000, 1608331770.572000
1608331770.582000, 1608331771.613000, 1608331771.613000, 1608331776.283000, 1608331776.283000, 1608331777.600000
1608331777.610000, 1608331778.663000, 1608331778.663000, 1608331783.578000, 1608331783.578000, 1608331784.882000
