read_start,read_end,cpu_start,cpu_end,write_start,write_end
1608341277.207000, 1608341339.205000, 1608341339.205000, 1608341344.327000, 1608341344.327000, 1608341345.587000
1608341345.600000, 1608341346.604000, 1608341346.604000, 1608341351.622000, 1608341351.622000, 1608341352.959000
1608341352.972000, 1608341353.974000, 1608341353.974000, 1608341358.965000, 1608341358.965000, 1608341395.590000
