read_start,read_end,cpu_start,cpu_end,write_start,write_end
1608331910.951000, 1608331966.926000, 1608331966.926000, 1608331971.697000, 1608331971.697000, 1608331972.888000
1608331972.900000, 1608331973.895000, 1608331973.895000, 1608331979.143000, 1608331979.143000, 1608331980.431000
1608331980.443000, 1608331981.449000, 1608331981.449000, 1608331986.190000, 1608331986.190000, 1608331988.540000
