read_start,read_end,cpu_start,cpu_end,write_start,write_end
1608333580.561000, 1608333738.323000, 1608333738.323000, 1608333743.612000, 1608333743.612000, 1608333828.836000
1608333828.851000, 1608333830.174000, 1608333830.174000, 1608333835.442000, 1608333835.442000, 1608333967.062000
1608333967.102000, 1608333968.144000, 1608333968.144000, 1608333972.680000, 1608333972.680000, 1608334075.028000
