read_start,read_end,cpu_start,cpu_end,write_start,write_end
1608341412.533000, 1608341478.477000, 1608341478.477000, 1608341483.327000, 1608341483.327000, 1608341484.626000
1608341484.637000, 1608341485.631000, 1608341485.631000, 1608341490.764000, 1608341490.764000, 1608341491.981000
1608341491.993000, 1608341493.009000, 1608341493.009000, 1608341498.211000, 1608341498.211000, 1608341557.075000
