read_start,read_end,cpu_start,cpu_end,write_start,write_end
1608341002.751000, 1608341050.566000, 1608341050.566000, 1608341055.680000, 1608341055.680000, 1608341056.906000
1608341056.918000, 1608341058.055000, 1608341058.055000, 1608341063.215000, 1608341063.215000, 1608341064.563000
1608341064.574000, 1608341065.565000, 1608341065.565000, 1608341070.331000, 1608341070.331000, 1608341072.630000
