read_start,read_end,cpu_start,cpu_end,write_start,write_end
1608332139.215000, 1608332224.378000, 1608332224.378000, 1608332229.903000, 1608332229.903000, 1608332231.060000
1608332231.070000, 1608332232.071000, 1608332232.071000, 1608332237.054000, 1608332237.054000, 1608332326.207000
1608332326.224000, 1608332327.348000, 1608332327.348000, 1608332331.898000, 1608332331.898000, 1608332365.628000
