read_start,read_end,cpu_start,cpu_end,write_start,write_end
1608331586.161000, 1608331592.043000, 1608331592.043000, 1608331596.411000, 1608331596.411000, 1608331597.410000
1608331597.420000, 1608331598.342000, 1608331598.342000, 1608331602.737000, 1608331602.737000, 1608331603.727000
1608331603.736000, 1608331604.674000, 1608331604.674000, 1608331609.090000, 1608331609.090000, 1608331610.114000
