read_start,read_end,cpu_start,cpu_end,write_start,write_end
1608332139.225000, 1608332222.176000, 1608332222.176000, 1608332227.190000, 1608332227.190000, 1608332228.446000
1608332228.459000, 1608332229.526000, 1608332229.526000, 1608332234.759000, 1608332234.759000, 1608332236.289000
1608332236.301000, 1608332237.278000, 1608332237.278000, 1608332242.000000, 1608332242.000000, 1608332348.122000
