read_start,read_end,cpu_start,cpu_end,write_start,write_end
1608341764.542000, 1608341840.864000, 1608341840.864000, 1608341845.833000, 1608341845.833000, 1608341847.071000
1608341847.081000, 1608341848.210000, 1608341848.210000, 1608341853.528000, 1608341853.528000, 1608341854.782000
1608341854.796000, 1608341855.808000, 1608341855.808000, 1608341860.658000, 1608341860.658000, 1608341955.593000
