read_start,read_end,cpu_start,cpu_end,write_start,write_end
1608341277.208000, 1608341339.659000, 1608341339.659000, 1608341344.552000, 1608341344.552000, 1608341345.832000
1608341345.845000, 1608341346.875000, 1608341346.875000, 1608341351.822000, 1608341351.822000, 1608341353.106000
1608341353.120000, 1608341354.116000, 1608341354.116000, 1608341359.131000, 1608341359.131000, 1608341397.286000
