read_start,read_end,cpu_start,cpu_end,write_start,write_end
1608341002.756000, 1608341050.502000, 1608341050.502000, 1608341055.262000, 1608341055.262000, 1608341056.515000
1608341056.528000, 1608341057.565000, 1608341057.565000, 1608341062.318000, 1608341062.318000, 1608341063.563000
1608341063.576000, 1608341064.584000, 1608341064.584000, 1608341069.375000, 1608341069.375000, 1608341070.627000
