read_start,read_end,cpu_start,cpu_end,write_start,write_end
1608333580.582000, 1608333735.385000, 1608333735.385000, 1608333740.932000, 1608333740.932000, 1608333743.217000
1608333743.229000, 1608333744.702000, 1608333744.702000, 1608333750.245000, 1608333750.245000, 1608333919.443000
1608333919.491000, 1608333920.581000, 1608333920.581000, 1608333925.661000, 1608333925.661000, 1608334067.015000
