read_start,read_end,cpu_start,cpu_end,write_start,write_end
1608332498.183000, 1608332607.458000, 1608332607.458000, 1608332612.701000, 1608332612.701000, 1608332614.004000
1608332614.015000, 1608332615.150000, 1608332615.150000, 1608332620.731000, 1608332620.731000, 1608332740.205000
1608332740.220000, 1608332742.275000, 1608332742.275000, 1608332747.651000, 1608332747.651000, 1608332847.021000
