read_start,read_end,cpu_start,cpu_end,write_start,write_end
1608341277.202000, 1608341338.756000, 1608341338.756000, 1608341343.777000, 1608341343.777000, 1608341344.940000
1608341344.951000, 1608341346.065000, 1608341346.065000, 1608341351.108000, 1608341351.108000, 1608341352.445000
1608341352.457000, 1608341353.474000, 1608341353.474000, 1608341358.492000, 1608341358.492000, 1608341389.042000
