read_start,read_end,cpu_start,cpu_end,write_start,write_end
1608340867.158000, 1608340904.435000, 1608340904.435000, 1608340909.183000, 1608340909.183000, 1608340910.416000
1608340910.427000, 1608340911.429000, 1608340911.429000, 1608340916.491000, 1608340916.491000, 1608340917.847000
1608340917.857000, 1608340918.972000, 1608340918.972000, 1608340923.707000, 1608340923.707000, 1608340924.901000
