read_start,read_end,cpu_start,cpu_end,write_start,write_end
1608341081.325000, 1608341133.630000, 1608341133.630000, 1608341138.382000, 1608341138.382000, 1608341139.648000
1608341139.661000, 1608341140.679000, 1608341140.679000, 1608341145.508000, 1608341145.508000, 1608341146.748000
1608341146.760000, 1608341147.738000, 1608341147.738000, 1608341152.575000, 1608341152.575000, 1608341153.980000
