read_start,read_end,cpu_start,cpu_end,write_start,write_end
1608333580.586000, 1608333733.349000, 1608333733.349000, 1608333738.479000, 1608333738.479000, 1608333739.778000
1608333739.787000, 1608333740.835000, 1608333740.835000, 1608333745.937000, 1608333745.937000, 1608333897.674000
1608333897.689000, 1608333898.634000, 1608333898.634000, 1608333903.050000, 1608333903.050000, 1608334028.331000
