read_start,read_end,cpu_start,cpu_end,write_start,write_end
1608331910.948000, 1608331965.898000, 1608331965.898000, 1608331970.928000, 1608331970.928000, 1608331972.079000
1608331972.089000, 1608331973.048000, 1608331973.048000, 1608331978.045000, 1608331978.045000, 1608331979.189000
1608331979.200000, 1608331980.182000, 1608331980.182000, 1608331985.127000, 1608331985.127000, 1608331986.200000
