read_start,read_end,cpu_start,cpu_end,write_start,write_end
1608341575.105000, 1608341648.193000, 1608341648.193000, 1608341653.171000, 1608341653.171000, 1608341654.526000
1608341654.539000, 1608341655.721000, 1608341655.721000, 1608341660.839000, 1608341660.839000, 1608341664.819000
1608341664.833000, 1608341665.795000, 1608341665.795000, 1608341671.000000, 1608341671.000000, 1608341750.615000
