read_start,read_end,cpu_start,cpu_end,write_start,write_end
1608332139.227000, 1608332219.172000, 1608332219.172000, 1608332223.926000, 1608332223.926000, 1608332225.116000
1608332225.126000, 1608332226.115000, 1608332226.115000, 1608332231.589000, 1608332231.589000, 1608332232.792000
1608332232.802000, 1608332233.822000, 1608332233.822000, 1608332238.746000, 1608332238.746000, 1608332343.109000
