read_start,read_end,cpu_start,cpu_end,write_start,write_end
1608340931.957000, 1608340974.535000, 1608340974.535000, 1608340979.743000, 1608340979.743000, 1608340980.985000
1608340980.997000, 1608340982.045000, 1608340982.045000, 1608340986.742000, 1608340986.742000, 1608340988.087000
1608340988.097000, 1608340989.091000, 1608340989.091000, 1608340993.664000, 1608340993.664000, 1608340994.991000
