read_start,read_end,cpu_start,cpu_end,write_start,write_end
1608332498.189000, 1608332609.761000, 1608332609.761000, 1608332615.009000, 1608332615.009000, 1608332616.304000
1608332616.318000, 1608332617.514000, 1608332617.514000, 1608332622.632000, 1608332622.632000, 1608332760.624000
1608332760.638000, 1608332761.665000, 1608332761.665000, 1608332766.765000, 1608332766.765000, 1608332854.362000
