read_start,read_end,cpu_start,cpu_end,write_start,write_end
1608341081.334000, 1608341133.425000, 1608341133.425000, 1608341138.229000, 1608341138.229000, 1608341139.487000
1608341139.500000, 1608341140.526000, 1608341140.526000, 1608341145.439000, 1608341145.439000, 1608341146.668000
1608341146.682000, 1608341147.674000, 1608341147.674000, 1608341152.962000, 1608341152.962000, 1608341156.379000
