read_start,read_end,cpu_start,cpu_end,write_start,write_end
1608341277.199000, 1608341339.816000, 1608341339.816000, 1608341344.976000, 1608341344.976000, 1608341346.214000
1608341346.225000, 1608341347.358000, 1608341347.358000, 1608341352.664000, 1608341352.664000, 1608341354.532000
1608341354.541000, 1608341355.637000, 1608341355.637000, 1608341360.866000, 1608341360.866000, 1608341402.750000
