read_start,read_end,cpu_start,cpu_end,write_start,write_end
1608341081.324000, 1608341133.952000, 1608341133.952000, 1608341138.721000, 1608341138.721000, 1608341140.014000
1608341140.027000, 1608341141.046000, 1608341141.046000, 1608341145.843000, 1608341145.843000, 1608341147.113000
1608341147.126000, 1608341148.104000, 1608341148.104000, 1608341152.915000, 1608341152.915000, 1608341155.400000
