read_start,read_end,cpu_start,cpu_end,write_start,write_end
1608332988.935000, 1608333129.314000, 1608333129.314000, 1608333135.224000, 1608333135.224000, 1608333271.365000
1608333271.376000, 1608333272.821000, 1608333272.821000, 1608333278.121000, 1608333278.121000, 1608333398.698000
1608333398.761000, 1608333399.844000, 1608333399.844000, 1608333404.621000, 1608333404.621000, 1608333443.115000
