read_start,read_end,cpu_start,cpu_end,write_start,write_end
1608341002.751000, 1608341050.601000, 1608341050.601000, 1608341055.509000, 1608341055.509000, 1608341056.709000
1608341056.720000, 1608341057.813000, 1608341057.813000, 1608341062.745000, 1608341062.745000, 1608341064.120000
1608341064.131000, 1608341065.255000, 1608341065.255000, 1608341070.386000, 1608341070.386000, 1608341072.762000
