read_start,read_end,cpu_start,cpu_end,write_start,write_end
1608341002.761000, 1608341050.511000, 1608341050.511000, 1608341055.313000, 1608341055.313000, 1608341056.602000
1608341056.615000, 1608341057.649000, 1608341057.649000, 1608341062.386000, 1608341062.386000, 1608341063.638000
1608341063.650000, 1608341064.642000, 1608341064.642000, 1608341069.950000, 1608341069.950000, 1608341071.812000
