read_start,read_end,cpu_start,cpu_end,write_start,write_end
1608332498.178000, 1608332607.789000, 1608332607.789000, 1608332613.223000, 1608332613.223000, 1608332614.433000
1608332614.446000, 1608332615.580000, 1608332615.580000, 1608332620.978000, 1608332620.978000, 1608332744.180000
1608332744.193000, 1608332745.201000, 1608332745.201000, 1608332749.825000, 1608332749.825000, 1608332847.944000
