read_start,read_end,cpu_start,cpu_end,write_start,write_end
1608331732.256000, 1608331764.148000, 1608331764.148000, 1608331768.806000, 1608331768.806000, 1608331770.052000
1608331770.063000, 1608331771.032000, 1608331771.032000, 1608331775.687000, 1608331775.687000, 1608331776.866000
1608331776.878000, 1608331777.856000, 1608331777.856000, 1608331782.594000, 1608331782.594000, 1608331783.792000
