read_start,read_end,cpu_start,cpu_end,write_start,write_end
1608341002.757000, 1608341050.338000, 1608341050.338000, 1608341055.528000, 1608341055.528000, 1608341056.817000
1608341056.828000, 1608341057.994000, 1608341057.994000, 1608341062.731000, 1608341062.731000, 1608341063.987000
1608341063.999000, 1608341064.986000, 1608341064.986000, 1608341069.741000, 1608341069.741000, 1608341071.134000
