read_start,read_end,cpu_start,cpu_end,write_start,write_end
1608341575.103000, 1608341648.351000, 1608341648.351000, 1608341653.467000, 1608341653.467000, 1608341654.772000
1608341654.786000, 1608341655.843000, 1608341655.843000, 1608341661.049000, 1608341661.049000, 1608341668.532000
1608341668.546000, 1608341669.649000, 1608341669.649000, 1608341674.079000, 1608341674.079000, 1608341751.107000
