read_start,read_end,cpu_start,cpu_end,write_start,write_end
1608341412.534000, 1608341480.618000, 1608341480.618000, 1608341485.931000, 1608341485.931000, 1608341487.047000
1608341487.059000, 1608341488.074000, 1608341488.074000, 1608341492.879000, 1608341492.879000, 1608341495.435000
1608341495.447000, 1608341496.542000, 1608341496.542000, 1608341501.321000, 1608341501.321000, 1608341564.039000
