read_start,read_end,cpu_start,cpu_end,write_start,write_end
1608340867.155000, 1608340904.365000, 1608340904.365000, 1608340909.574000, 1608340909.574000, 1608340910.797000
1608340910.807000, 1608340911.824000, 1608340911.824000, 1608340916.443000, 1608340916.443000, 1608340917.819000
1608340917.829000, 1608340918.919000, 1608340918.919000, 1608340923.825000, 1608340923.825000, 1608340925.146000
