read_start,read_end,cpu_start,cpu_end,write_start,write_end
1608340931.957000, 1608340974.547000, 1608340974.547000, 1608340979.664000, 1608340979.664000, 1608340981.017000
1608340981.027000, 1608340982.103000, 1608340982.103000, 1608340987.001000, 1608340987.001000, 1608340988.299000
1608340988.309000, 1608340989.325000, 1608340989.325000, 1608340994.021000, 1608340994.021000, 1608340995.349000
