read_start,read_end,cpu_start,cpu_end,write_start,write_end
1608332139.222000, 1608332223.192000, 1608332223.192000, 1608332228.636000, 1608332228.636000, 1608332229.957000
1608332229.969000, 1608332230.964000, 1608332230.964000, 1608332236.175000, 1608332236.175000, 1608332305.701000
1608332305.715000, 1608332306.666000, 1608332306.666000, 1608332311.245000, 1608332311.245000, 1608332363.293000
