read_start,read_end,cpu_start,cpu_end,write_start,write_end
1608341764.536000, 1608341840.931000, 1608341840.931000, 1608341845.811000, 1608341845.811000, 1608341847.048000
1608341847.061000, 1608341848.204000, 1608341848.204000, 1608341853.522000, 1608341853.522000, 1608341854.787000
1608341854.801000, 1608341855.799000, 1608341855.799000, 1608341860.648000, 1608341860.648000, 1608341955.825000
