read_start,read_end,cpu_start,cpu_end,write_start,write_end
1608341575.099000, 1608341648.418000, 1608341648.418000, 1608341653.504000, 1608341653.504000, 1608341654.800000
1608341654.812000, 1608341655.986000, 1608341655.986000, 1608341661.337000, 1608341661.337000, 1608341681.612000
1608341681.628000, 1608341682.733000, 1608341682.733000, 1608341687.123000, 1608341687.123000, 1608341752.029000
