read_start,read_end,cpu_start,cpu_end,write_start,write_end
1608332988.956000, 1608333120.270000, 1608333120.270000, 1608333125.393000, 1608333125.393000, 1608333126.530000
1608333126.541000, 1608333127.672000, 1608333127.672000, 1608333133.297000, 1608333133.297000, 1608333200.373000
1608333200.389000, 1608333201.360000, 1608333201.360000, 1608333205.915000, 1608333205.915000, 1608333342.225000
