read_start,read_end,cpu_start,cpu_end,write_start,write_end
1608332498.190000, 1608332609.622000, 1608332609.622000, 1608332615.342000, 1608332615.342000, 1608332616.636000
1608332616.650000, 1608332617.654000, 1608332617.654000, 1608332622.635000, 1608332622.635000, 1608332760.666000
1608332760.680000, 1608332761.608000, 1608332761.608000, 1608332766.287000, 1608332766.287000, 1608332854.272000
