read_start,read_end,cpu_start,cpu_end,write_start,write_end
1608332988.943000, 1608333126.299000, 1608333126.299000, 1608333132.062000, 1608333132.062000, 1608333133.354000
1608333133.368000, 1608333134.425000, 1608333134.425000, 1608333139.215000, 1608333139.215000, 1608333292.826000
1608333292.842000, 1608333293.903000, 1608333293.903000, 1608333298.753000, 1608333298.753000, 1608333412.410000
