read_start,read_end,cpu_start,cpu_end,write_start,write_end
1608341412.530000, 1608341477.927000, 1608341477.927000, 1608341483.069000, 1608341483.069000, 1608341484.307000
1608341484.319000, 1608341485.323000, 1608341485.323000, 1608341490.493000, 1608341490.493000, 1608341491.760000
1608341491.771000, 1608341492.765000, 1608341492.765000, 1608341497.643000, 1608341497.643000, 1608341552.773000
