read_start,read_end,cpu_start,cpu_end,write_start,write_end
1608341575.120000, 1608341647.695000, 1608341647.695000, 1608341652.685000, 1608341652.685000, 1608341653.881000
1608341653.894000, 1608341654.908000, 1608341654.908000, 1608341660.085000, 1608341660.085000, 1608341661.360000
1608341661.374000, 1608341662.335000, 1608341662.335000, 1608341667.125000, 1608341667.125000, 1608341747.179000
