read_start,read_end,cpu_start,cpu_end,write_start,write_end
1608341764.538000, 1608341841.789000, 1608341841.789000, 1608341846.936000, 1608341846.936000, 1608341848.169000
1608341848.181000, 1608341849.191000, 1608341849.191000, 1608341854.386000, 1608341854.386000, 1608341855.751000
1608341855.761000, 1608341856.856000, 1608341856.856000, 1608341861.611000, 1608341861.611000, 1608341956.458000
