read_start,read_end,cpu_start,cpu_end,write_start,write_end
1608332498.165000, 1608332606.281000, 1608332606.281000, 1608332611.528000, 1608332611.528000, 1608332612.769000
1608332612.782000, 1608332613.884000, 1608332613.884000, 1608332619.338000, 1608332619.338000, 1608332705.385000
1608332705.401000, 1608332706.917000, 1608332706.917000, 1608332711.835000, 1608332711.835000, 1608332824.238000
