read_start,read_end,cpu_start,cpu_end,write_start,write_end
1608340867.162000, 1608340904.431000, 1608340904.431000, 1608340909.202000, 1608340909.202000, 1608340910.467000
1608340910.478000, 1608340911.484000, 1608340911.484000, 1608340916.128000, 1608340916.128000, 1608340917.363000
1608340917.375000, 1608340918.379000, 1608340918.379000, 1608340923.145000, 1608340923.145000, 1608340924.357000
