read_start,read_end,cpu_start,cpu_end,write_start,write_end
1608341764.528000, 1608341841.357000, 1608341841.357000, 1608341846.308000, 1608341846.308000, 1608341847.569000
1608341847.582000, 1608341848.592000, 1608341848.592000, 1608341853.929000, 1608341853.929000, 1608341855.214000
1608341855.227000, 1608341856.221000, 1608341856.221000, 1608341861.489000, 1608341861.489000, 1608341956.260000
