read_start,read_end,cpu_start,cpu_end,write_start,write_end
1608341081.330000, 1608341133.479000, 1608341133.479000, 1608341138.609000, 1608341138.609000, 1608341139.853000
1608341139.868000, 1608341141.032000, 1608341141.032000, 1608341146.244000, 1608341146.244000, 1608341147.622000
1608341147.633000, 1608341148.748000, 1608341148.748000, 1608341153.515000, 1608341153.515000, 1608341158.933000
