read_start,read_end,cpu_start,cpu_end,write_start,write_end
1608332988.958000, 1608333120.726000, 1608333120.726000, 1608333125.711000, 1608333125.711000, 1608333126.874000
1608333126.884000, 1608333128.022000, 1608333128.022000, 1608333133.683000, 1608333133.683000, 1608333234.030000
1608333234.044000, 1608333234.988000, 1608333234.988000, 1608333239.531000, 1608333239.531000, 1608333370.648000
