read_start,read_end,cpu_start,cpu_end,write_start,write_end
1608332988.971000, 1608333128.693000, 1608333128.693000, 1608333134.932000, 1608333134.932000, 1608333267.994000
1608333268.006000, 1608333270.026000, 1608333270.026000, 1608333275.955000, 1608333275.955000, 1608333397.556000
1608333397.671000, 1608333399.292000, 1608333399.292000, 1608333404.279000, 1608333404.279000, 1608333443.069000
