read_start,read_end,cpu_start,cpu_end,write_start,write_end
1608332988.967000, 1608333128.683000, 1608333128.683000, 1608333134.593000, 1608333134.593000, 1608333262.441000
1608333262.455000, 1608333264.184000, 1608333264.184000, 1608333268.943000, 1608333268.943000, 1608333392.401000
1608333392.535000, 1608333394.292000, 1608333394.292000, 1608333399.268000, 1608333399.268000, 1608333442.080000
