read_start,read_end,cpu_start,cpu_end,write_start,write_end
1608332988.955000, 1608333124.877000, 1608333124.877000, 1608333130.327000, 1608333130.327000, 1608333131.573000
1608333131.585000, 1608333132.668000, 1608333132.668000, 1608333137.694000, 1608333137.694000, 1608333289.514000
1608333289.531000, 1608333291.185000, 1608333291.185000, 1608333298.185000, 1608333298.185000, 1608333411.952000
