read_start,read_end,cpu_start,cpu_end,write_start,write_end
1608331910.949000, 1608331968.070000, 1608331968.070000, 1608331973.510000, 1608331973.510000, 1608331974.709000
1608331974.720000, 1608331975.821000, 1608331975.821000, 1608331980.725000, 1608331980.725000, 1608331981.989000
1608331982.000000, 1608331982.964000, 1608331982.964000, 1608331987.746000, 1608331987.746000, 1608332008.489000
