read_start,read_end,cpu_start,cpu_end,write_start,write_end
1608332988.950000, 1608333127.738000, 1608333127.738000, 1608333133.316000, 1608333133.316000, 1608333203.138000
1608333203.152000, 1608333204.281000, 1608333204.281000, 1608333208.659000, 1608333208.659000, 1608333344.416000
1608333344.450000, 1608333345.887000, 1608333345.887000, 1608333351.340000, 1608333351.340000, 1608333426.619000
