read_start,read_end,cpu_start,cpu_end,write_start,write_end
1608341575.098000, 1608341649.667000, 1608341649.667000, 1608341655.177000, 1608341655.177000, 1608341656.277000
1608341656.287000, 1608341657.324000, 1608341657.324000, 1608341662.197000, 1608341662.197000, 1608341708.237000
1608341708.253000, 1608341709.338000, 1608341709.338000, 1608341713.753000, 1608341713.753000, 1608341753.102000
