read_start,read_end,cpu_start,cpu_end,write_start,write_end
1608340931.960000, 1608340974.539000, 1608340974.539000, 1608340979.188000, 1608340979.188000, 1608340980.327000
1608340980.339000, 1608340981.460000, 1608340981.460000, 1608340986.193000, 1608340986.193000, 1608340987.420000
1608340987.432000, 1608340988.430000, 1608340988.430000, 1608340993.182000, 1608340993.182000, 1608340994.402000
