read_start,read_end,cpu_start,cpu_end,write_start,write_end
1608332139.228000, 1608332221.741000, 1608332221.741000, 1608332227.194000, 1608332227.194000, 1608332228.389000
1608332228.401000, 1608332229.574000, 1608332229.574000, 1608332234.840000, 1608332234.840000, 1608332236.635000
1608332236.648000, 1608332237.632000, 1608332237.632000, 1608332242.385000, 1608332242.385000, 1608332348.170000
