read_start,read_end,cpu_start,cpu_end,write_start,write_end
1608333580.578000, 1608333741.269000, 1608333741.269000, 1608333746.507000, 1608333746.507000, 1608333906.107000
1608333906.125000, 1608333907.270000, 1608333907.270000, 1608333911.883000, 1608333911.883000, 1608334035.915000
1608334035.945000, 1608334037.000000, 1608334037.000000, 1608334041.460000, 1608334041.460000, 1608334118.925000
