read_start,read_end,cpu_start,cpu_end,write_start,write_end
1608341002.759000, 1608341050.348000, 1608341050.348000, 1608341055.136000, 1608341055.136000, 1608341056.422000
1608341056.435000, 1608341057.472000, 1608341057.472000, 1608341062.230000, 1608341062.230000, 1608341063.470000
1608341063.484000, 1608341064.527000, 1608341064.527000, 1608341069.538000, 1608341069.538000, 1608341070.985000
