read_start,read_end,cpu_start,cpu_end,write_start,write_end
1608341081.327000, 1608341133.555000, 1608341133.555000, 1608341138.853000, 1608341138.853000, 1608341140.155000
1608341140.166000, 1608341141.311000, 1608341141.311000, 1608341146.063000, 1608341146.063000, 1608341147.343000
1608341147.355000, 1608341148.346000, 1608341148.346000, 1608341153.608000, 1608341153.608000, 1608341159.240000
