read_start,read_end,cpu_start,cpu_end,write_start,write_end
1608341277.211000, 1608341339.933000, 1608341339.933000, 1608341345.319000, 1608341345.319000, 1608341346.567000
1608341346.578000, 1608341347.683000, 1608341347.683000, 1608341352.667000, 1608341352.667000, 1608341354.203000
1608341354.214000, 1608341355.204000, 1608341355.204000, 1608341360.084000, 1608341360.084000, 1608341401.793000
