read_start,read_end,cpu_start,cpu_end,write_start,write_end
1608333580.573000, 1608333744.607000, 1608333744.607000, 1608333750.149000, 1608333750.149000, 1608333919.364000
1608333919.382000, 1608333920.562000, 1608333920.562000, 1608333925.643000, 1608333925.643000, 1608334067.063000
1608334067.078000, 1608334068.147000, 1608334068.147000, 1608334073.300000, 1608334073.300000, 1608334147.498000
