read_start,read_end,cpu_start,cpu_end,write_start,write_end
1608332498.194000, 1608332608.530000, 1608332608.530000, 1608332614.420000, 1608332614.420000, 1608332615.752000
1608332615.771000, 1608332616.957000, 1608332616.957000, 1608332621.996000, 1608332621.996000, 1608332756.375000
1608332756.391000, 1608332757.314000, 1608332757.314000, 1608332761.859000, 1608332761.859000, 1608332852.805000
