read_start,read_end,cpu_start,cpu_end,write_start,write_end
1608331910.953000, 1608331967.313000, 1608331967.313000, 1608331972.220000, 1608331972.220000, 1608331973.540000
1608331973.553000, 1608331974.526000, 1608331974.526000, 1608331979.854000, 1608331979.854000, 1608331981.167000
1608331981.187000, 1608331982.193000, 1608331982.193000, 1608331986.935000, 1608331986.935000, 1608331999.075000
