read_start,read_end,cpu_start,cpu_end,write_start,write_end
1608331910.952000, 1608331968.138000, 1608331968.138000, 1608331973.411000, 1608331973.411000, 1608331974.664000
1608331974.675000, 1608331975.664000, 1608331975.664000, 1608331980.407000, 1608331980.407000, 1608331981.700000
1608331981.710000, 1608331982.632000, 1608331982.632000, 1608331987.362000, 1608331987.362000, 1608332006.616000
