read_start,read_end,cpu_start,cpu_end,write_start,write_end
1608332988.951000, 1608333127.325000, 1608333127.325000, 1608333133.135000, 1608333133.135000, 1608333189.268000
1608333189.286000, 1608333190.412000, 1608333190.412000, 1608333194.917000, 1608333194.917000, 1608333331.654000
1608333331.670000, 1608333332.731000, 1608333332.731000, 1608333337.287000, 1608333337.287000, 1608333422.266000
