read_start,read_end,cpu_start,cpu_end,write_start,write_end
1608341764.530000, 1608341841.984000, 1608341841.984000, 1608341846.962000, 1608341846.962000, 1608341848.195000
1608341848.205000, 1608341849.173000, 1608341849.173000, 1608341854.478000, 1608341854.478000, 1608341855.730000
1608341855.743000, 1608341856.732000, 1608341856.732000, 1608341861.513000, 1608341861.513000, 1608341956.282000
