read_start,read_end,cpu_start,cpu_end,write_start,write_end
1608332988.948000, 1608333126.020000, 1608333126.020000, 1608333131.568000, 1608333131.568000, 1608333132.878000
1608333132.890000, 1608333134.068000, 1608333134.068000, 1608333138.923000, 1608333138.923000, 1608333292.352000
1608333292.365000, 1608333293.348000, 1608333293.348000, 1608333298.174000, 1608333298.174000, 1608333411.981000
