read_start,read_end,cpu_start,cpu_end,write_start,write_end
1608333580.583000, 1608333743.958000, 1608333743.958000, 1608333749.157000, 1608333749.157000, 1608333918.468000
1608333918.484000, 1608333919.511000, 1608333919.511000, 1608333924.775000, 1608333924.775000, 1608334064.861000
1608334064.878000, 1608334065.891000, 1608334065.891000, 1608334070.825000, 1608334070.825000, 1608334143.741000
