read_start,read_end,cpu_start,cpu_end,write_start,write_end
1608332498.163000, 1608332609.859000, 1608332609.859000, 1608332615.494000, 1608332615.494000, 1608332616.998000
1608332617.009000, 1608332618.139000, 1608332618.139000, 1608332623.071000, 1608332623.071000, 1608332762.016000
1608332762.032000, 1608332763.067000, 1608332763.067000, 1608332768.083000, 1608332768.083000, 1608332854.571000
