read_start,read_end,cpu_start,cpu_end,write_start,write_end
1608333580.550000, 1608333746.109000, 1608333746.109000, 1608333751.119000, 1608333751.119000, 1608333919.681000
1608333919.698000, 1608333920.893000, 1608333920.893000, 1608333926.166000, 1608333926.166000, 1608334067.813000
1608334067.829000, 1608334068.886000, 1608334068.886000, 1608334073.751000, 1608334073.751000, 1608334147.821000
