read_start,read_end,cpu_start,cpu_end,write_start,write_end
1608341412.530000, 1608341477.703000, 1608341477.703000, 1608341482.959000, 1608341482.959000, 1608341484.088000
1608341484.100000, 1608341485.200000, 1608341485.200000, 1608341490.549000, 1608341490.549000, 1608341491.844000
1608341491.854000, 1608341492.799000, 1608341492.799000, 1608341497.590000, 1608341497.590000, 1608341552.241000
