read_start,read_end,cpu_start,cpu_end,write_start,write_end
1608332988.957000, 1608333125.957000, 1608333125.957000, 1608333131.725000, 1608333131.725000, 1608333132.988000
1608333133.000000, 1608333134.175000, 1608333134.175000, 1608333139.039000, 1608333139.039000, 1608333292.973000
1608333292.991000, 1608333294.159000, 1608333294.159000, 1608333299.369000, 1608333299.369000, 1608333412.698000
