read_start,read_end,cpu_start,cpu_end,write_start,write_end
1608341412.519000, 1608341481.738000, 1608341481.738000, 1608341487.041000, 1608341487.041000, 1608341488.123000
1608341488.132000, 1608341489.259000, 1608341489.259000, 1608341494.287000, 1608341494.287000, 1608341499.977000
1608341499.991000, 1608341500.943000, 1608341500.943000, 1608341505.930000, 1608341505.930000, 1608341564.702000
