read_start,read_end,cpu_start,cpu_end,write_start,write_end
1608333580.557000, 1608333740.469000, 1608333740.469000, 1608333745.801000, 1608333745.801000, 1608333895.754000
1608333895.773000, 1608333897.318000, 1608333897.318000, 1608333902.859000, 1608333902.859000, 1608334027.934000
1608334027.993000, 1608334029.210000, 1608334029.210000, 1608334034.039000, 1608334034.039000, 1608334114.012000
