read_start,read_end,cpu_start,cpu_end,write_start,write_end
1608340867.155000, 1608340904.367000, 1608340904.367000, 1608340909.563000, 1608340909.563000, 1608340910.823000
1608340910.833000, 1608340911.941000, 1608340911.941000, 1608340916.556000, 1608340916.556000, 1608340917.790000
1608340917.801000, 1608340918.847000, 1608340918.847000, 1608340923.651000, 1608340923.651000, 1608340925.005000
