read_start,read_end,cpu_start,cpu_end,write_start,write_end
1608341412.529000, 1608341479.717000, 1608341479.717000, 1608341484.637000, 1608341484.637000, 1608341485.859000
1608341485.870000, 1608341486.855000, 1608341486.855000, 1608341491.967000, 1608341491.967000, 1608341493.174000
1608341493.185000, 1608341494.167000, 1608341494.167000, 1608341499.378000, 1608341499.378000, 1608341561.496000
