read_start,read_end,cpu_start,cpu_end,write_start,write_end
1608341764.537000, 1608341840.058000, 1608341840.058000, 1608341845.127000, 1608341845.127000, 1608341846.318000
1608341846.330000, 1608341847.439000, 1608341847.439000, 1608341852.762000, 1608341852.762000, 1608341853.988000
1608341853.999000, 1608341855.001000, 1608341855.001000, 1608341859.992000, 1608341859.992000, 1608341954.283000
