read_start,read_end,cpu_start,cpu_end,write_start,write_end
1608331910.947000, 1608331966.786000, 1608331966.786000, 1608331972.023000, 1608331972.023000, 1608331973.171000
1608331973.183000, 1608331974.190000, 1608331974.190000, 1608331978.934000, 1608331978.934000, 1608331980.193000
1608331980.204000, 1608331981.279000, 1608331981.279000, 1608331986.301000, 1608331986.301000, 1608331988.822000
