read_start,read_end,cpu_start,cpu_end,write_start,write_end
1608333580.547000, 1608333735.022000, 1608333735.022000, 1608333740.163000, 1608333740.163000, 1608333741.417000
1608333741.428000, 1608333742.503000, 1608333742.503000, 1608333747.719000, 1608333747.719000, 1608333914.941000
1608333914.954000, 1608333915.961000, 1608333915.961000, 1608333921.174000, 1608333921.174000, 1608334051.355000
