read_start,read_end,cpu_start,cpu_end,write_start,write_end
1608341412.522000, 1608341479.285000, 1608341479.285000, 1608341484.026000, 1608341484.026000, 1608341485.235000
1608341485.247000, 1608341486.348000, 1608341486.348000, 1608341491.188000, 1608341491.188000, 1608341492.415000
1608341492.425000, 1608341493.531000, 1608341493.531000, 1608341498.418000, 1608341498.418000, 1608341558.324000
