read_start,read_end,cpu_start,cpu_end,write_start,write_end
1608341764.528000, 1608341843.851000, 1608341843.851000, 1608341849.473000, 1608341849.473000, 1608341850.672000
1608341850.686000, 1608341851.673000, 1608341851.673000, 1608341856.905000, 1608341856.905000, 1608341925.171000
1608341925.187000, 1608341926.137000, 1608341926.137000, 1608341930.594000, 1608341930.594000, 1608341963.201000
