read_start,read_end,cpu_start,cpu_end,write_start,write_end
1608341081.322000, 1608341134.291000, 1608341134.291000, 1608341139.039000, 1608341139.039000, 1608341140.268000
1608341140.279000, 1608341141.284000, 1608341141.284000, 1608341146.011000, 1608341146.011000, 1608341147.334000
1608341147.346000, 1608341148.360000, 1608341148.360000, 1608341153.101000, 1608341153.101000, 1608341157.003000
