read_start,read_end,cpu_start,cpu_end,write_start,write_end
1608332988.968000, 1608333128.583000, 1608333128.583000, 1608333134.549000, 1608333134.549000, 1608333262.335000
1608333262.349000, 1608333264.023000, 1608333264.023000, 1608333268.727000, 1608333268.727000, 1608333392.005000
1608333392.117000, 1608333393.848000, 1608333393.848000, 1608333398.990000, 1608333398.990000, 1608333442.003000
