read_start,read_end,cpu_start,cpu_end,write_start,write_end
1608333580.565000, 1608333736.169000, 1608333736.169000, 1608333741.264000, 1608333741.264000, 1608333744.105000
1608333744.117000, 1608333745.162000, 1608333745.162000, 1608333750.257000, 1608333750.257000, 1608333919.421000
1608333919.432000, 1608333920.530000, 1608333920.530000, 1608333925.828000, 1608333925.828000, 1608334067.282000
