read_start,read_end,cpu_start,cpu_end,write_start,write_end
1608332498.178000, 1608332609.298000, 1608332609.298000, 1608332615.114000, 1608332615.114000, 1608332616.489000
1608332616.505000, 1608332617.677000, 1608332617.677000, 1608332622.659000, 1608332622.659000, 1608332760.750000
1608332760.763000, 1608332762.105000, 1608332762.105000, 1608332767.649000, 1608332767.649000, 1608332854.496000
