read_start,read_end,cpu_start,cpu_end,write_start,write_end
1608341575.114000, 1608341647.363000, 1608341647.363000, 1608341652.672000, 1608341652.672000, 1608341653.948000
1608341653.962000, 1608341655.136000, 1608341655.136000, 1608341660.289000, 1608341660.289000, 1608341661.826000
1608341661.838000, 1608341662.799000, 1608341662.799000, 1608341667.572000, 1608341667.572000, 1608341748.293000
