read_start,read_end,cpu_start,cpu_end,write_start,write_end
1608341575.111000, 1608341647.842000, 1608341647.842000, 1608341652.867000, 1608341652.867000, 1608341654.138000
1608341654.151000, 1608341655.272000, 1608341655.272000, 1608341660.348000, 1608341660.348000, 1608341662.719000
1608341662.735000, 1608341663.812000, 1608341663.812000, 1608341668.524000, 1608341668.524000, 1608341749.454000
