read_start,read_end,cpu_start,cpu_end,write_start,write_end
1608333580.572000, 1608333745.288000, 1608333745.288000, 1608333750.946000, 1608333750.946000, 1608333919.624000
1608333919.646000, 1608333920.925000, 1608333920.925000, 1608333926.030000, 1608333926.030000, 1608334067.568000
1608334067.597000, 1608334068.588000, 1608334068.588000, 1608334073.318000, 1608334073.318000, 1608334147.527000
