read_start,read_end,cpu_start,cpu_end,write_start,write_end
1608331910.943000, 1608331969.526000, 1608331969.526000, 1608331974.419000, 1608331974.419000, 1608331975.582000
1608331975.592000, 1608331976.568000, 1608331976.568000, 1608331981.519000, 1608331981.519000, 1608331983.046000
1608331983.055000, 1608331983.997000, 1608331983.997000, 1608331988.738000, 1608331988.738000, 1608332010.145000
