read_start,read_end,cpu_start,cpu_end,write_start,write_end
1608332498.167000, 1608332607.641000, 1608332607.641000, 1608332612.872000, 1608332612.872000, 1608332614.153000
1608332614.165000, 1608332615.288000, 1608332615.288000, 1608332620.475000, 1608332620.475000, 1608332735.619000
1608332735.634000, 1608332736.706000, 1608332736.706000, 1608332741.098000, 1608332741.098000, 1608332843.688000
