read_start,read_end,cpu_start,cpu_end,write_start,write_end
1608341002.758000, 1608341050.340000, 1608341050.340000, 1608341055.091000, 1608341055.091000, 1608341056.332000
1608341056.345000, 1608341057.390000, 1608341057.390000, 1608341062.212000, 1608341062.212000, 1608341063.454000
1608341063.467000, 1608341064.476000, 1608341064.476000, 1608341069.282000, 1608341069.282000, 1608341070.520000
