read_start,read_end,cpu_start,cpu_end,write_start,write_end
1608333580.546000, 1608333732.324000, 1608333732.324000, 1608333737.239000, 1608333737.239000, 1608333738.322000
1608333738.332000, 1608333739.295000, 1608333739.295000, 1608333744.435000, 1608333744.435000, 1608333860.911000
1608333860.926000, 1608333861.939000, 1608333861.939000, 1608333866.484000, 1608333866.484000, 1608333996.714000
