read_start,read_end,cpu_start,cpu_end,write_start,write_end
1608341575.111000, 1608341644.935000, 1608341644.935000, 1608341649.862000, 1608341649.862000, 1608341650.986000
1608341651.002000, 1608341652.093000, 1608341652.093000, 1608341657.244000, 1608341657.244000, 1608341658.409000
1608341658.420000, 1608341659.403000, 1608341659.403000, 1608341664.368000, 1608341664.368000, 1608341734.337000
