read_start,read_end,cpu_start,cpu_end,write_start,write_end
1608332988.939000, 1608333126.665000, 1608333126.665000, 1608333132.489000, 1608333132.489000, 1608333134.285000
1608333134.299000, 1608333135.364000, 1608333135.364000, 1608333140.520000, 1608333140.520000, 1608333293.688000
1608333293.705000, 1608333295.360000, 1608333295.360000, 1608333301.344000, 1608333301.344000, 1608333413.495000
