read_start,read_end,cpu_start,cpu_end,write_start,write_end
1608332988.968000, 1608333080.204000, 1608333080.204000, 1608333084.692000, 1608333084.692000, 1608333086.794000
1608333086.804000, 1608333087.877000, 1608333087.877000, 1608333092.299000, 1608333092.299000, 1608333093.323000
1608333093.332000, 1608333094.282000, 1608333094.282000, 1608333098.720000, 1608333098.720000, 1608333099.747000
