read_start,read_end,cpu_start,cpu_end,write_start,write_end
1608332139.233000, 1608332221.964000, 1608332221.964000, 1608332226.883000, 1608332226.883000, 1608332228.065000
1608332228.077000, 1608332229.233000, 1608332229.233000, 1608332234.467000, 1608332234.467000, 1608332235.734000
1608332235.745000, 1608332236.735000, 1608332236.735000, 1608332241.738000, 1608332241.738000, 1608332348.063000
