read_start,read_end,cpu_start,cpu_end,write_start,write_end
1608332139.233000, 1608332220.991000, 1608332220.991000, 1608332225.969000, 1608332225.969000, 1608332227.190000
1608332227.201000, 1608332228.235000, 1608332228.235000, 1608332233.229000, 1608332233.229000, 1608332234.514000
1608332234.524000, 1608332235.493000, 1608332235.493000, 1608332240.155000, 1608332240.155000, 1608332347.017000
