read_start,read_end,cpu_start,cpu_end,write_start,write_end
1608341277.198000, 1608341340.387000, 1608341340.387000, 1608341345.381000, 1608341345.381000, 1608341346.698000
1608341346.709000, 1608341347.669000, 1608341347.669000, 1608341352.653000, 1608341352.653000, 1608341354.159000
1608341354.171000, 1608341355.223000, 1608341355.223000, 1608341359.998000, 1608341359.998000, 1608341401.604000
