read_start,read_end,cpu_start,cpu_end,write_start,write_end
1608341412.534000, 1608341479.997000, 1608341479.997000, 1608341485.218000, 1608341485.218000, 1608341486.352000
1608341486.363000, 1608341487.472000, 1608341487.472000, 1608341492.730000, 1608341492.730000, 1608341494.981000
1608341494.994000, 1608341496.031000, 1608341496.031000, 1608341500.988000, 1608341500.988000, 1608341563.730000
