read_start,read_end,cpu_start,cpu_end,write_start,write_end
1608341575.117000, 1608341647.672000, 1608341647.672000, 1608341653.017000, 1608341653.017000, 1608341654.338000
1608341654.351000, 1608341655.391000, 1608341655.391000, 1608341660.528000, 1608341660.528000, 1608341662.728000
1608341662.742000, 1608341663.763000, 1608341663.763000, 1608341668.791000, 1608341668.791000, 1608341749.744000
