read_start,read_end,cpu_start,cpu_end,write_start,write_end
1608341277.205000, 1608341338.846000, 1608341338.846000, 1608341343.644000, 1608341343.644000, 1608341344.907000
1608341344.919000, 1608341346.053000, 1608341346.053000, 1608341350.787000, 1608341350.787000, 1608341351.955000
1608341351.967000, 1608341353.112000, 1608341353.112000, 1608341358.413000, 1608341358.413000, 1608341387.572000
