read_start,read_end,cpu_start,cpu_end,write_start,write_end
1608341764.546000, 1608341842.986000, 1608341842.986000, 1608341848.306000, 1608341848.306000, 1608341849.481000
1608341849.493000, 1608341850.640000, 1608341850.640000, 1608341856.026000, 1608341856.026000, 1608341903.225000
1608341903.242000, 1608341904.360000, 1608341904.360000, 1608341908.837000, 1608341908.837000, 1608341961.827000
