read_start,read_end,cpu_start,cpu_end,write_start,write_end
1608333580.558000, 1608333726.030000, 1608333726.030000, 1608333731.282000, 1608333731.282000, 1608333732.345000
1608333732.355000, 1608333733.401000, 1608333733.401000, 1608333738.651000, 1608333738.651000, 1608333740.077000
1608333740.088000, 1608333741.136000, 1608333741.136000, 1608333746.310000, 1608333746.310000, 1608333903.572000
