read_start,read_end,cpu_start,cpu_end,write_start,write_end
1608333580.558000, 1608333745.730000, 1608333745.730000, 1608333750.859000, 1608333750.859000, 1608333919.786000
1608333919.802000, 1608333921.039000, 1608333921.039000, 1608333926.294000, 1608333926.294000, 1608334067.850000
1608334067.875000, 1608334068.935000, 1608334068.935000, 1608334073.791000, 1608334073.791000, 1608334147.840000
