read_start,read_end,cpu_start,cpu_end,write_start,write_end
1608341277.201000, 1608341339.576000, 1608341339.576000, 1608341344.947000, 1608341344.947000, 1608341346.152000
1608341346.164000, 1608341347.186000, 1608341347.186000, 1608341351.951000, 1608341351.951000, 1608341353.334000
1608341353.346000, 1608341354.467000, 1608341354.467000, 1608341359.434000, 1608341359.434000, 1608341399.341000
