read_start,read_end,cpu_start,cpu_end,write_start,write_end
1608332139.220000, 1608332221.568000, 1608332221.568000, 1608332226.464000, 1608332226.464000, 1608332227.672000
1608332227.684000, 1608332228.692000, 1608332228.692000, 1608332234.096000, 1608332234.096000, 1608332235.428000
1608332235.440000, 1608332236.544000, 1608332236.544000, 1608332241.336000, 1608332241.336000, 1608332347.744000
