read_start,read_end,cpu_start,cpu_end,write_start,write_end
1608332139.215000, 1608332224.108000, 1608332224.108000, 1608332229.776000, 1608332229.776000, 1608332230.945000
1608332230.955000, 1608332232.086000, 1608332232.086000, 1608332237.271000, 1608332237.271000, 1608332329.409000
1608332329.422000, 1608332330.398000, 1608332330.398000, 1608332334.964000, 1608332334.964000, 1608332365.795000
