read_start,read_end,cpu_start,cpu_end,write_start,write_end
1608332139.226000, 1608332223.527000, 1608332223.527000, 1608332228.933000, 1608332228.933000, 1608332230.223000
1608332230.234000, 1608332231.239000, 1608332231.239000, 1608332236.443000, 1608332236.443000, 1608332312.713000
1608332312.726000, 1608332313.673000, 1608332313.673000, 1608332318.176000, 1608332318.176000, 1608332364.424000
