read_start,read_end,cpu_start,cpu_end,write_start,write_end
1608331910.957000, 1608331967.426000, 1608331967.426000, 1608331972.642000, 1608331972.642000, 1608331973.784000
1608331973.796000, 1608331974.913000, 1608331974.913000, 1608331979.841000, 1608331979.841000, 1608331981.096000
1608331981.109000, 1608331982.103000, 1608331982.103000, 1608331986.904000, 1608331986.904000, 1608332000.472000
