read_start,read_end,cpu_start,cpu_end,write_start,write_end
1608341412.519000, 1608341481.251000, 1608341481.251000, 1608341486.440000, 1608341486.440000, 1608341487.553000
1608341487.565000, 1608341488.564000, 1608341488.564000, 1608341493.375000, 1608341493.375000, 1608341496.787000
1608341496.798000, 1608341497.897000, 1608341497.897000, 1608341502.562000, 1608341502.562000, 1608341564.407000
