read_start,read_end,cpu_start,cpu_end,write_start,write_end
1608332498.172000, 1608332605.202000, 1608332605.202000, 1608332610.571000, 1608332610.571000, 1608332611.789000
1608332611.800000, 1608332612.952000, 1608332612.952000, 1608332618.609000, 1608332618.609000, 1608332674.727000
1608332674.743000, 1608332675.694000, 1608332675.694000, 1608332680.193000, 1608332680.193000, 1608332800.744000
