read_start,read_end,cpu_start,cpu_end,write_start,write_end
1608333580.554000, 1608333735.415000, 1608333735.415000, 1608333740.790000, 1608333740.790000, 1608333743.152000
1608333743.165000, 1608333744.182000, 1608333744.182000, 1608333749.351000, 1608333749.351000, 1608333918.702000
1608333918.716000, 1608333919.683000, 1608333919.683000, 1608333925.058000, 1608333925.058000, 1608334065.575000
