read_start,read_end,cpu_start,cpu_end,write_start,write_end
1608341575.098000, 1608341648.722000, 1608341648.722000, 1608341653.823000, 1608341653.823000, 1608341655.034000
1608341655.045000, 1608341656.056000, 1608341656.056000, 1608341660.891000, 1608341660.891000, 1608341666.531000
1608341666.546000, 1608341667.478000, 1608341667.478000, 1608341672.156000, 1608341672.156000, 1608341750.929000
