read_start,read_end,cpu_start,cpu_end,write_start,write_end
1608341412.523000, 1608341478.941000, 1608341478.941000, 1608341483.861000, 1608341483.861000, 1608341484.976000
1608341484.987000, 1608341486.091000, 1608341486.091000, 1608341491.227000, 1608341491.227000, 1608341492.430000
1608341492.441000, 1608341493.441000, 1608341493.441000, 1608341498.313000, 1608341498.313000, 1608341557.827000
