read_start,read_end,cpu_start,cpu_end,write_start,write_end
1608341277.209000, 1608341338.331000, 1608341338.331000, 1608341343.166000, 1608341343.166000, 1608341344.477000
1608341344.488000, 1608341345.494000, 1608341345.494000, 1608341350.558000, 1608341350.558000, 1608341351.801000
1608341351.812000, 1608341352.906000, 1608341352.906000, 1608341357.724000, 1608341357.724000, 1608341361.139000
