read_start,read_end,cpu_start,cpu_end,write_start,write_end
1608333580.584000, 1608333738.017000, 1608333738.017000, 1608333743.574000, 1608333743.574000, 1608333827.308000
1608333827.325000, 1608333828.531000, 1608333828.531000, 1608333833.143000, 1608333833.143000, 1608333964.730000
1608333964.762000, 1608333965.738000, 1608333965.738000, 1608333970.150000, 1608333970.150000, 1608334074.404000
