read_start,read_end,cpu_start,cpu_end,write_start,write_end
1608341575.110000, 1608341647.741000, 1608341647.741000, 1608341652.744000, 1608341652.744000, 1608341654.103000
1608341654.117000, 1608341655.305000, 1608341655.305000, 1608341660.443000, 1608341660.443000, 1608341662.358000
1608341662.370000, 1608341663.350000, 1608341663.350000, 1608341668.083000, 1608341668.083000, 1608341748.946000
