read_start,read_end,cpu_start,cpu_end,write_start,write_end
1608333580.580000, 1608333723.718000, 1608333723.718000, 1608333728.547000, 1608333728.547000, 1608333729.773000
1608333729.783000, 1608333730.870000, 1608333730.870000, 1608333735.583000, 1608333735.583000, 1608333736.737000
1608333736.746000, 1608333737.706000, 1608333737.706000, 1608333742.664000, 1608333742.664000, 1608333748.840000
