read_start,read_end,cpu_start,cpu_end,write_start,write_end
1608331732.258000, 1608331764.148000, 1608331764.148000, 1608331769.215000, 1608331769.215000, 1608331770.564000
1608331770.575000, 1608331771.556000, 1608331771.556000, 1608331776.159000, 1608331776.159000, 1608331777.385000
1608331777.396000, 1608331778.325000, 1608331778.325000, 1608331782.930000, 1608331782.930000, 1608331784.041000
