read_start,read_end,cpu_start,cpu_end,write_start,write_end
1608341575.119000, 1608341648.195000, 1608341648.195000, 1608341653.356000, 1608341653.356000, 1608341654.690000
1608341654.702000, 1608341655.859000, 1608341655.859000, 1608341661.043000, 1608341661.043000, 1608341667.317000
1608341667.332000, 1608341668.282000, 1608341668.282000, 1608341672.744000, 1608341672.744000, 1608341751.038000
