no_pipeline,run_time
1,0.004000
2,0.007000
3,0.010000
4,0.011000
5,0.015000
6,0.017000
7,0.021000
8,0.021000
9,0.025000
10,0.028000
11,0.029000
12,0.031000
13,0.035000
14,0.038000
15,0.073000
16,0.042000
17,0.044000
18,0.055000
19,0.054000
20,0.055000
21,0.053000
22,0.061000
23,0.064000
24,0.074000
25,0.068000
26,0.083000
27,0.075000
28,0.082000
29,0.081000
30,0.079000
31,0.081000
32,0.081000
