read_start,read_end,cpu_start,cpu_end,write_start,write_end
1606695740.894000, 1606695885.914000, 1606695885.914000, 1606695891.081000, 1606695891.081000, 1606695976.365000
1606695976.379000, 1606695977.645000, 1606695977.645000, 1606695982.786000, 1606695982.786000, 1606696084.651000
1606696084.667000, 1606696085.682000, 1606696085.682000, 1606696090.527000, 1606696090.527000, 1606696271.422000
