read_start,read_end,cpu_start,cpu_end,write_start,write_end
1606691392.950000, 1606691515.828000, 1606691515.828000, 1606691521.278000, 1606691521.278000, 1606691685.637000
1606691685.652000, 1606691686.785000, 1606691686.785000, 1606691691.876000, 1606691691.876000, 1606691795.273000
1606691795.314000, 1606691796.448000, 1606691796.448000, 1606691800.809000, 1606691800.809000, 1606691889.989000
