read_start,read_end,cpu_start,cpu_end,write_start,write_end
1606691945.391000, 1606692069.594000, 1606692069.594000, 1606692075.026000, 1606692075.026000, 1606692173.888000
1606692173.906000, 1606692174.995000, 1606692174.995000, 1606692179.916000, 1606692179.916000, 1606692255.999000
1606692256.016000, 1606692257.236000, 1606692257.236000, 1606692262.619000, 1606692262.619000, 1606692423.602000
