read_start,read_end,cpu_start,cpu_end,write_start,write_end
1606687435.463000, 1606687506.296000, 1606687506.296000, 1606687511.110000, 1606687511.110000, 1606687578.668000
1606687578.685000, 1606687579.644000, 1606687579.644000, 1606687584.672000, 1606687584.672000, 1606687633.171000
1606687633.189000, 1606687634.271000, 1606687634.271000, 1606687638.665000, 1606687638.665000, 1606687692.598000
