read_start,read_end,cpu_start,cpu_end,write_start,write_end
1606694393.153000, 1606694542.252000, 1606694542.252000, 1606694547.761000, 1606694547.761000, 1606694697.372000
1606694697.490000, 1606694699.809000, 1606694699.809000, 1606694704.711000, 1606694704.711000, 1606694859.727000
1606694859.902000, 1606694861.679000, 1606694861.679000, 1606694868.157000, 1606694868.157000, 1606695014.377000
