read_start,read_end,cpu_start,cpu_end,write_start,write_end
1606688140.953000, 1606688223.605000, 1606688223.605000, 1606688228.476000, 1606688228.476000, 1606688309.621000
1606688309.635000, 1606688310.588000, 1606688310.588000, 1606688315.504000, 1606688315.504000, 1606688391.510000
1606688391.525000, 1606688392.474000, 1606688392.474000, 1606688396.901000, 1606688396.901000, 1606688470.311000
