read_start,read_end,cpu_start,cpu_end,write_start,write_end
1606690863.354000, 1606690975.790000, 1606690975.790000, 1606690980.641000, 1606690980.641000, 1606691085.480000
1606691085.496000, 1606691086.488000, 1606691086.488000, 1606691091.315000, 1606691091.315000, 1606691176.141000
1606691176.155000, 1606691177.806000, 1606691177.806000, 1606691184.146000, 1606691184.146000, 1606691291.169000
