read_start,read_end,cpu_start,cpu_end,write_start,write_end
1606685943.384000, 1606685986.951000, 1606685986.951000, 1606685991.678000, 1606685991.678000, 1606686029.309000
1606686029.322000, 1606686030.273000, 1606686030.273000, 1606686035.038000, 1606686035.038000, 1606686078.553000
1606686078.567000, 1606686079.520000, 1606686079.520000, 1606686084.260000, 1606686084.260000, 1606686126.693000
