read_start,read_end,cpu_start,cpu_end,write_start,write_end
1606695057.417000, 1606695185.117000, 1606695185.117000, 1606695190.036000, 1606695190.036000, 1606695191.726000
1606695191.737000, 1606695192.825000, 1606695192.825000, 1606695197.250000, 1606695197.250000, 1606695198.614000
1606695198.623000, 1606695199.556000, 1606695199.556000, 1606695204.154000, 1606695204.154000, 1606695205.259000
