read_start,read_end,cpu_start,cpu_end,write_start,write_end
1606687777.539000, 1606687854.391000, 1606687854.391000, 1606687859.756000, 1606687859.756000, 1606687933.515000
1606687933.529000, 1606687934.621000, 1606687934.621000, 1606687939.508000, 1606687939.508000, 1606688010.177000
1606688010.192000, 1606688011.167000, 1606688011.167000, 1606688015.554000, 1606688015.554000, 1606688084.070000
