read_start,read_end,cpu_start,cpu_end,write_start,write_end
1606685777.453000, 1606685814.663000, 1606685814.663000, 1606685819.786000, 1606685819.786000, 1606685848.823000
1606685848.841000, 1606685849.956000, 1606685849.956000, 1606685854.661000, 1606685854.661000, 1606685883.590000
1606685883.604000, 1606685884.552000, 1606685884.552000, 1606685888.995000, 1606685888.995000, 1606685918.867000
