read_start,read_end,cpu_start,cpu_end,write_start,write_end
1606695057.408000, 1606695212.402000, 1606695212.402000, 1606695218.138000, 1606695218.138000, 1606695350.783000
1606695350.798000, 1606695351.899000, 1606695351.899000, 1606695356.829000, 1606695356.829000, 1606695509.151000
1606695509.190000, 1606695510.244000, 1606695510.244000, 1606695514.905000, 1606695514.905000, 1606695703.162000
