read_start,read_end,cpu_start,cpu_end,write_start,write_end
1606688958.136000, 1606689051.414000, 1606689051.414000, 1606689056.425000, 1606689056.425000, 1606689057.653000
1606689057.664000, 1606689058.792000, 1606689058.792000, 1606689063.238000, 1606689063.238000, 1606689064.266000
1606689064.276000, 1606689065.216000, 1606689065.216000, 1606689069.569000, 1606689069.569000, 1606689071.311000
