read_start,read_end,cpu_start,cpu_end,write_start,write_end
1606692522.128000, 1606692646.639000, 1606692646.639000, 1606692651.658000, 1606692651.658000, 1606692746.071000
1606692746.088000, 1606692747.168000, 1606692747.168000, 1606692751.772000, 1606692751.772000, 1606692844.026000
1606692844.040000, 1606692845.093000, 1606692845.093000, 1606692849.868000, 1606692849.868000, 1606692983.431000
