read_start,read_end,cpu_start,cpu_end,write_start,write_end
1606690351.680000, 1606690460.207000, 1606690460.207000, 1606690465.482000, 1606690465.482000, 1606690573.388000
1606690573.402000, 1606690574.368000, 1606690574.368000, 1606690579.118000, 1606690579.118000, 1606690659.048000
1606690659.063000, 1606690660.287000, 1606690660.287000, 1606690665.334000, 1606690665.334000, 1606690775.437000
