read_start,read_end,cpu_start,cpu_end,write_start,write_end
1606690351.679000, 1606690459.872000, 1606690459.872000, 1606690464.973000, 1606690464.973000, 1606690572.150000
1606690572.164000, 1606690573.111000, 1606690573.111000, 1606690577.799000, 1606690577.799000, 1606690654.906000
1606690654.923000, 1606690655.847000, 1606690655.847000, 1606690660.403000, 1606690660.403000, 1606690769.804000
