read_start,read_end,cpu_start,cpu_end,write_start,write_end
1606688535.290000, 1606688623.808000, 1606688623.808000, 1606688628.805000, 1606688628.805000, 1606688715.993000
1606688716.006000, 1606688716.955000, 1606688716.955000, 1606688721.967000, 1606688721.967000, 1606688817.395000
1606688817.409000, 1606688818.342000, 1606688818.342000, 1606688823.097000, 1606688823.097000, 1606688906.526000
