read_start,read_end,cpu_start,cpu_end,write_start,write_end
1606696336.393000, 1606696508.131000, 1606696508.131000, 1606696513.489000, 1606696513.489000, 1606696706.275000
1606696706.298000, 1606696708.772000, 1606696708.772000, 1606696716.300000, 1606696716.300000, 1606696907.524000
1606696907.624000, 1606696909.326000, 1606696909.326000, 1606696914.107000, 1606696914.107000, 1606697021.296000
