read_start,read_end,cpu_start,cpu_end,write_start,write_end
1606693759.113000, 1606693871.367000, 1606693871.367000, 1606693876.281000, 1606693876.281000, 1606694102.447000
1606694102.462000, 1606694104.414000, 1606694104.414000, 1606694109.519000, 1606694109.519000, 1606694261.579000
1606694261.672000, 1606694263.618000, 1606694263.618000, 1606694268.745000, 1606694268.745000, 1606694354.822000
