read_start,read_end,cpu_start,cpu_end,write_start,write_end
1606685401.636000, 1606685424.298000, 1606685424.298000, 1606685428.853000, 1606685428.853000, 1606685447.423000
1606685447.438000, 1606685448.364000, 1606685448.364000, 1606685453.043000, 1606685453.043000, 1606685476.459000
1606685476.472000, 1606685477.408000, 1606685477.408000, 1606685481.882000, 1606685481.882000, 1606685501.393000
