read_start,read_end,cpu_start,cpu_end,write_start,write_end
1606690863.354000, 1606690978.577000, 1606690978.577000, 1606690983.870000, 1606690983.870000, 1606691094.651000
1606691094.667000, 1606691095.795000, 1606691095.795000, 1606691100.774000, 1606691100.774000, 1606691185.897000
1606691185.930000, 1606691187.558000, 1606691187.558000, 1606691193.806000, 1606691193.806000, 1606691296.427000
