read_start,read_end,cpu_start,cpu_end,write_start,write_end
1606690351.669000, 1606690463.208000, 1606690463.208000, 1606690468.716000, 1606690468.716000, 1606690577.328000
1606690577.342000, 1606690578.401000, 1606690578.401000, 1606690583.365000, 1606690583.365000, 1606690756.581000
1606690756.595000, 1606690758.343000, 1606690758.343000, 1606690763.082000, 1606690763.082000, 1606690813.625000
