read_start,read_end,cpu_start,cpu_end,write_start,write_end
1606695057.415000, 1606695213.144000, 1606695213.144000, 1606695218.840000, 1606695218.840000, 1606695381.483000
1606695381.497000, 1606695382.806000, 1606695382.806000, 1606695387.730000, 1606695387.730000, 1606695553.173000
1606695553.204000, 1606695555.071000, 1606695555.071000, 1606695560.144000, 1606695560.144000, 1606695709.185000
