read_start,read_end,cpu_start,cpu_end,write_start,write_end
1606690863.358000, 1606690980.579000, 1606690980.579000, 1606690986.043000, 1606690986.043000, 1606691167.326000
1606691167.342000, 1606691168.312000, 1606691168.312000, 1606691172.743000, 1606691172.743000, 1606691277.490000
1606691277.506000, 1606691278.977000, 1606691278.977000, 1606691283.417000, 1606691283.417000, 1606691341.910000
