read_start,read_end,cpu_start,cpu_end,write_start,write_end
1606689867.856000, 1606689973.967000, 1606689973.967000, 1606689979.432000, 1606689979.432000, 1606690084.802000
1606690084.831000, 1606690086.020000, 1606690086.020000, 1606690091.035000, 1606690091.035000, 1606690191.612000
1606690191.626000, 1606690192.633000, 1606690192.633000, 1606690197.386000, 1606690197.386000, 1606690297.765000
