read_start,read_end,cpu_start,cpu_end,write_start,write_end
1606688958.126000, 1606689052.231000, 1606689052.231000, 1606689057.521000, 1606689057.521000, 1606689150.254000
1606689150.266000, 1606689151.356000, 1606689151.356000, 1606689156.530000, 1606689156.530000, 1606689249.181000
1606689249.195000, 1606689250.172000, 1606689250.172000, 1606689255.159000, 1606689255.159000, 1606689346.233000
