read_start,read_end,cpu_start,cpu_end,write_start,write_end
1606693128.079000, 1606693264.999000, 1606693264.999000, 1606693270.534000, 1606693270.534000, 1606693368.092000
1606693368.114000, 1606693369.310000, 1606693369.310000, 1606693374.086000, 1606693374.086000, 1606693522.475000
1606693522.492000, 1606693523.744000, 1606693523.744000, 1606693528.572000, 1606693528.572000, 1606693695.728000
