read_start,read_end,cpu_start,cpu_end,write_start,write_end
1606697037.442000, 1606697209.844000, 1606697209.844000, 1606697214.770000, 1606697214.770000, 1606697426.944000
1606697427.362000, 1606697429.847000, 1606697429.847000, 1606697435.729000, 1606697435.729000, 1606697626.310000
1606697626.380000, 1606697627.938000, 1606697627.938000, 1606697634.951000, 1606697634.951000, 1606697762.365000
