read_start,read_end,cpu_start,cpu_end,write_start,write_end
1606697037.442000, 1606697212.849000, 1606697212.849000, 1606697219.014000, 1606697219.014000, 1606697427.037000
1606697427.901000, 1606697428.982000, 1606697428.982000, 1606697434.407000, 1606697434.407000, 1606697592.244000
1606697592.258000, 1606697593.238000, 1606697593.238000, 1606697597.757000, 1606697597.757000, 1606697735.395000
