read_start,read_end,cpu_start,cpu_end,write_start,write_end
1606686136.170000, 1606686184.053000, 1606686184.053000, 1606686188.835000, 1606686188.835000, 1606686231.556000
1606686231.571000, 1606686232.665000, 1606686232.665000, 1606686237.260000, 1606686237.260000, 1606686285.869000
1606686285.882000, 1606686286.988000, 1606686286.988000, 1606686291.726000, 1606686291.726000, 1606686340.796000
