read_start,read_end,cpu_start,cpu_end,write_start,write_end
1606693128.062000, 1606693266.671000, 1606693266.671000, 1606693272.191000, 1606693272.191000, 1606693445.780000
1606693445.794000, 1606693447.937000, 1606693447.937000, 1606693453.140000, 1606693453.140000, 1606693601.531000
1606693601.618000, 1606693602.626000, 1606693602.626000, 1606693607.441000, 1606693607.441000, 1606693698.286000
