read_start,read_end,cpu_start,cpu_end,write_start,write_end
1606687777.547000, 1606687855.920000, 1606687855.920000, 1606687860.956000, 1606687860.956000, 1606687862.190000
1606687862.202000, 1606687863.162000, 1606687863.162000, 1606687868.061000, 1606687868.061000, 1606687869.297000
1606687869.306000, 1606687870.424000, 1606687870.424000, 1606687874.827000, 1606687874.827000, 1606687875.815000
