read_start,read_end,cpu_start,cpu_end,write_start,write_end
1606686589.548000, 1606686645.133000, 1606686645.133000, 1606686650.265000, 1606686650.265000, 1606686651.462000
1606686651.473000, 1606686652.557000, 1606686652.557000, 1606686657.056000, 1606686657.056000, 1606686658.066000
1606686658.075000, 1606686659.016000, 1606686659.016000, 1606686663.445000, 1606686663.445000, 1606686664.451000
