read_start,read_end,cpu_start,cpu_end,write_start,write_end
1606686838.411000, 1606686904.172000, 1606686904.172000, 1606686909.076000, 1606686909.076000, 1606686965.798000
1606686965.814000, 1606686966.859000, 1606686966.859000, 1606686971.694000, 1606686971.694000, 1606687026.737000
1606687026.751000, 1606687027.748000, 1606687027.748000, 1606687032.213000, 1606687032.213000, 1606687070.312000
