read_start,read_end,cpu_start,cpu_end,write_start,write_end
1606692522.119000, 1606692649.742000, 1606692649.742000, 1606692654.728000, 1606692654.728000, 1606692746.689000
1606692746.703000, 1606692747.787000, 1606692747.787000, 1606692752.498000, 1606692752.498000, 1606692844.179000
1606692844.197000, 1606692845.748000, 1606692845.748000, 1606692850.678000, 1606692850.678000, 1606692987.061000
