read_start,read_end,cpu_start,cpu_end,write_start,write_end
1606693759.122000, 1606693904.041000, 1606693904.041000, 1606693909.465000, 1606693909.465000, 1606694063.240000
1606694063.263000, 1606694064.901000, 1606694064.901000, 1606694069.923000, 1606694069.923000, 1606694205.667000
1606694205.723000, 1606694207.661000, 1606694207.661000, 1606694212.887000, 1606694212.887000, 1606694355.567000
