read_start,read_end,cpu_start,cpu_end,write_start,write_end
1606696336.392000, 1606696492.889000, 1606696492.889000, 1606696497.954000, 1606696497.954000, 1606696530.077000
1606696530.111000, 1606696531.036000, 1606696531.036000, 1606696535.675000, 1606696535.675000, 1606696706.475000
1606696706.508000, 1606696709.115000, 1606696709.115000, 1606696717.225000, 1606696717.225000, 1606696907.760000
