read_start,read_end,cpu_start,cpu_end,write_start,write_end
1606695057.388000, 1606695209.661000, 1606695209.661000, 1606695214.855000, 1606695214.855000, 1606695285.035000
1606695285.049000, 1606695286.011000, 1606695286.011000, 1606695290.960000, 1606695290.960000, 1606695413.936000
1606695413.951000, 1606695414.915000, 1606695414.915000, 1606695419.480000, 1606695419.480000, 1606695594.923000
