read_start,read_end,cpu_start,cpu_end,write_start,write_end
1606696336.392000, 1606696508.909000, 1606696508.909000, 1606696514.480000, 1606696514.480000, 1606696706.334000
1606696706.410000, 1606696709.698000, 1606696709.698000, 1606696715.555000, 1606696715.555000, 1606696905.914000
1606696906.012000, 1606696907.388000, 1606696907.388000, 1606696913.148000, 1606696913.148000, 1606697020.960000
