read_start,read_end,cpu_start,cpu_end,write_start,write_end
1606689399.550000, 1606689499.918000, 1606689499.918000, 1606689505.256000, 1606689505.256000, 1606689608.592000
1606689608.608000, 1606689609.792000, 1606689609.792000, 1606689614.690000, 1606689614.690000, 1606689725.244000
1606689725.258000, 1606689726.701000, 1606689726.701000, 1606689731.667000, 1606689731.667000, 1606689818.461000
