read_start,read_end,cpu_start,cpu_end,write_start,write_end
1606690351.665000, 1606690463.230000, 1606690463.230000, 1606690468.601000, 1606690468.601000, 1606690577.495000
1606690577.510000, 1606690578.513000, 1606690578.513000, 1606690583.348000, 1606690583.348000, 1606690755.949000
1606690755.979000, 1606690757.037000, 1606690757.037000, 1606690761.895000, 1606690761.895000, 1606690814.770000
