read_start,read_end,cpu_start,cpu_end,write_start,write_end
1606693128.062000, 1606693263.744000, 1606693263.744000, 1606693268.823000, 1606693268.823000, 1606693366.470000
1606693366.486000, 1606693367.755000, 1606693367.755000, 1606693372.904000, 1606693372.904000, 1606693522.530000
1606693522.571000, 1606693524.105000, 1606693524.105000, 1606693529.453000, 1606693529.453000, 1606693698.333000
