read_start,read_end,cpu_start,cpu_end,write_start,write_end
1606695740.894000, 1606695891.521000, 1606695891.521000, 1606695896.460000, 1606695896.460000, 1606695976.953000
1606695976.993000, 1606695978.419000, 1606695978.419000, 1606695983.231000, 1606695983.231000, 1606696086.811000
1606696086.825000, 1606696088.179000, 1606696088.179000, 1606696093.692000, 1606696093.692000, 1606696273.551000
