read_start,read_end,cpu_start,cpu_end,write_start,write_end
1606697037.441000, 1606697212.947000, 1606697212.947000, 1606697218.160000, 1606697218.160000, 1606697427.026000
1606697427.212000, 1606697430.062000, 1606697430.062000, 1606697437.955000, 1606697437.955000, 1606697632.395000
1606697632.500000, 1606697634.053000, 1606697634.053000, 1606697639.828000, 1606697639.828000, 1606697767.794000
