read_start,read_end,cpu_start,cpu_end,write_start,write_end
1606689867.851000, 1606689972.234000, 1606689972.234000, 1606689977.752000, 1606689977.752000, 1606690082.697000
1606690082.710000, 1606690083.794000, 1606690083.794000, 1606690089.044000, 1606690089.044000, 1606690185.573000
1606690185.588000, 1606690186.580000, 1606690186.580000, 1606690191.335000, 1606690191.335000, 1606690286.478000
