read_start,read_end,cpu_start,cpu_end,write_start,write_end
1606687435.460000, 1606687509.692000, 1606687509.692000, 1606687514.802000, 1606687514.802000, 1606687584.184000
1606687584.206000, 1606687585.251000, 1606687585.251000, 1606687590.006000, 1606687590.006000, 1606687661.851000
1606687661.868000, 1606687662.994000, 1606687662.994000, 1606687667.728000, 1606687667.728000, 1606687730.377000
