read_start,read_end,cpu_start,cpu_end,write_start,write_end
1606691392.969000, 1606691511.759000, 1606691511.759000, 1606691516.688000, 1606691516.688000, 1606691517.922000
1606691517.933000, 1606691518.982000, 1606691518.982000, 1606691524.000000, 1606691524.000000, 1606691611.209000
1606691611.222000, 1606691612.357000, 1606691612.357000, 1606691617.080000, 1606691617.080000, 1606691691.794000
