read_start,read_end,cpu_start,cpu_end,write_start,write_end
1606686136.170000, 1606686183.926000, 1606686183.926000, 1606686188.664000, 1606686188.664000, 1606686189.911000
1606686189.921000, 1606686190.870000, 1606686190.870000, 1606686195.277000, 1606686195.277000, 1606686196.270000
1606686196.279000, 1606686197.190000, 1606686197.190000, 1606686201.592000, 1606686201.592000, 1606686202.563000
