read_start,read_end,cpu_start,cpu_end,write_start,write_end
1606690351.678000, 1606690463.201000, 1606690463.201000, 1606690468.691000, 1606690468.691000, 1606690577.441000
1606690577.456000, 1606690578.403000, 1606690578.403000, 1606690583.166000, 1606690583.166000, 1606690756.047000
1606690756.064000, 1606690756.971000, 1606690756.971000, 1606690761.486000, 1606690761.486000, 1606690813.446000
