read_start,read_end,cpu_start,cpu_end,write_start,write_end
1606691945.391000, 1606692071.921000, 1606692071.921000, 1606692077.412000, 1606692077.412000, 1606692178.608000
1606692178.630000, 1606692179.636000, 1606692179.636000, 1606692184.427000, 1606692184.427000, 1606692335.795000
1606692335.829000, 1606692337.141000, 1606692337.141000, 1606692342.723000, 1606692342.723000, 1606692441.462000
