read_start,read_end,cpu_start,cpu_end,write_start,write_end
1606692522.134000, 1606692654.086000, 1606692654.086000, 1606692659.505000, 1606692659.505000, 1606692762.294000
1606692762.311000, 1606692764.030000, 1606692764.030000, 1606692769.240000, 1606692769.240000, 1606692912.517000
1606692912.690000, 1606692914.557000, 1606692914.557000, 1606692919.742000, 1606692919.742000, 1606693077.652000
