read_start,read_end,cpu_start,cpu_end,write_start,write_end
1606693759.134000, 1606693901.833000, 1606693901.833000, 1606693907.243000, 1606693907.243000, 1606694004.124000
1606694004.140000, 1606694005.266000, 1606694005.266000, 1606694010.122000, 1606694010.122000, 1606694163.384000
1606694163.401000, 1606694164.394000, 1606694164.394000, 1606694168.791000, 1606694168.791000, 1606694347.763000
