read_start,read_end,cpu_start,cpu_end,write_start,write_end
1606696336.392000, 1606696505.060000, 1606696505.060000, 1606696510.768000, 1606696510.768000, 1606696706.166000
1606696706.192000, 1606696707.401000, 1606696707.401000, 1606696712.914000, 1606696712.914000, 1606696877.383000
1606696877.400000, 1606696879.168000, 1606696879.168000, 1606696885.350000, 1606696885.350000, 1606697009.167000
