read_start,read_end,cpu_start,cpu_end,write_start,write_end
1606697037.442000, 1606697214.644000, 1606697214.644000, 1606697220.346000, 1606697220.346000, 1606697427.068000
1606697427.727000, 1606697431.162000, 1606697431.162000, 1606697437.833000, 1606697437.833000, 1606697632.295000
1606697632.439000, 1606697634.012000, 1606697634.012000, 1606697639.785000, 1606697639.785000, 1606697767.776000
