read_start,read_end,cpu_start,cpu_end,write_start,write_end
1606694393.176000, 1606694540.332000, 1606694540.332000, 1606694545.850000, 1606694545.850000, 1606694692.335000
1606694692.391000, 1606694694.448000, 1606694694.448000, 1606694700.443000, 1606694700.443000, 1606694865.200000
1606694865.309000, 1606694866.480000, 1606694866.480000, 1606694871.076000, 1606694871.076000, 1606695015.159000
