read_start,read_end,cpu_start,cpu_end,write_start,write_end
1606687777.540000, 1606687854.567000, 1606687854.567000, 1606687859.994000, 1606687859.994000, 1606687934.752000
1606687934.765000, 1606687935.796000, 1606687935.796000, 1606687940.720000, 1606687940.720000, 1606688018.753000
1606688018.768000, 1606688019.859000, 1606688019.859000, 1606688024.288000, 1606688024.288000, 1606688091.699000
