read_start,read_end,cpu_start,cpu_end,write_start,write_end
1606693128.063000, 1606693263.378000, 1606693263.378000, 1606693268.462000, 1606693268.462000, 1606693365.899000
1606693365.912000, 1606693366.925000, 1606693366.925000, 1606693371.998000, 1606693371.998000, 1606693456.709000
1606693456.726000, 1606693457.863000, 1606693457.863000, 1606693462.355000, 1606693462.355000, 1606693603.208000
