read_start,read_end,cpu_start,cpu_end,write_start,write_end
1606693759.135000, 1606693896.152000, 1606693896.152000, 1606693901.162000, 1606693901.162000, 1606694000.483000
1606694000.501000, 1606694001.614000, 1606694001.614000, 1606694006.688000, 1606694006.688000, 1606694134.113000
1606694134.127000, 1606694135.104000, 1606694135.104000, 1606694139.737000, 1606694139.737000, 1606694267.929000
