read_start,read_end,cpu_start,cpu_end,write_start,write_end
1606694393.170000, 1606694536.678000, 1606694536.678000, 1606694541.800000, 1606694541.800000, 1606694628.490000
1606694628.503000, 1606694629.501000, 1606694629.501000, 1606694634.446000, 1606694634.446000, 1606694782.245000
1606694782.285000, 1606694784.703000, 1606694784.703000, 1606694790.397000, 1606694790.397000, 1606695007.307000
