read_start,read_end,cpu_start,cpu_end,write_start,write_end
1606687131.501000, 1606687198.489000, 1606687198.489000, 1606687203.226000, 1606687203.226000, 1606687268.451000
1606687268.464000, 1606687269.402000, 1606687269.402000, 1606687274.312000, 1606687274.312000, 1606687334.941000
1606687334.956000, 1606687335.926000, 1606687335.926000, 1606687340.320000, 1606687340.320000, 1606687365.699000
