read_start,read_end,cpu_start,cpu_end,write_start,write_end
1606691392.960000, 1606691515.213000, 1606691515.213000, 1606691520.834000, 1606691520.834000, 1606691613.040000
1606691613.053000, 1606691614.140000, 1606691614.140000, 1606691618.899000, 1606691618.899000, 1606691783.359000
1606691783.373000, 1606691784.966000, 1606691784.966000, 1606691790.116000, 1606691790.116000, 1606691887.054000
