read_start,read_end,cpu_start,cpu_end,write_start,write_end
1606690863.354000, 1606690979.526000, 1606690979.526000, 1606690984.845000, 1606690984.845000, 1606691095.742000
1606691095.758000, 1606691096.758000, 1606691096.758000, 1606691101.631000, 1606691101.631000, 1606691195.862000
1606691195.876000, 1606691197.065000, 1606691197.065000, 1606691201.748000, 1606691201.748000, 1606691337.158000
