read_start,read_end,cpu_start,cpu_end,write_start,write_end
1606690351.681000, 1606690462.290000, 1606690462.290000, 1606690467.585000, 1606690467.585000, 1606690468.805000
1606690468.818000, 1606690469.928000, 1606690469.928000, 1606690474.363000, 1606690474.363000, 1606690563.998000
1606690564.009000, 1606690565.040000, 1606690565.040000, 1606690569.621000, 1606690569.621000, 1606690576.314000
