read_start,read_end,cpu_start,cpu_end,write_start,write_end
1606686589.548000, 1606686646.143000, 1606686646.143000, 1606686650.997000, 1606686650.997000, 1606686703.602000
1606686703.615000, 1606686704.694000, 1606686704.694000, 1606686709.303000, 1606686709.303000, 1606686762.607000
1606686762.621000, 1606686763.723000, 1606686763.723000, 1606686768.463000, 1606686768.463000, 1606686824.602000
