read_start,read_end,cpu_start,cpu_end,write_start,write_end
1606688958.128000, 1606689052.505000, 1606689052.505000, 1606689058.089000, 1606689058.089000, 1606689150.960000
1606689150.975000, 1606689152.081000, 1606689152.081000, 1606689156.808000, 1606689156.808000, 1606689249.738000
1606689249.753000, 1606689250.691000, 1606689250.691000, 1606689255.431000, 1606689255.431000, 1606689347.460000
