read_start,read_end,cpu_start,cpu_end,write_start,write_end
1606686351.923000, 1606686405.221000, 1606686405.221000, 1606686410.240000, 1606686410.240000, 1606686456.350000
1606686456.365000, 1606686457.352000, 1606686457.352000, 1606686462.087000, 1606686462.087000, 1606686508.919000
1606686508.933000, 1606686510.033000, 1606686510.033000, 1606686514.700000, 1606686514.700000, 1606686563.048000
