read_start,read_end,cpu_start,cpu_end,write_start,write_end
1606688535.291000, 1606688620.057000, 1606688620.057000, 1606688625.252000, 1606688625.252000, 1606688704.001000
1606688704.017000, 1606688705.136000, 1606688705.136000, 1606688709.893000, 1606688709.893000, 1606688784.240000
1606688784.255000, 1606688785.686000, 1606688785.686000, 1606688790.478000, 1606688790.478000, 1606688877.878000
