read_start,read_end,cpu_start,cpu_end,write_start,write_end
1606687435.460000, 1606687509.986000, 1606687509.986000, 1606687515.130000, 1606687515.130000, 1606687584.252000
1606687584.268000, 1606687585.297000, 1606687585.297000, 1606687590.176000, 1606687590.176000, 1606687662.185000
1606687662.199000, 1606687663.171000, 1606687663.171000, 1606687668.354000, 1606687668.354000, 1606687730.569000
