read_start,read_end,cpu_start,cpu_end,write_start,write_end
1606688958.130000, 1606689053.040000, 1606689053.040000, 1606689058.511000, 1606689058.511000, 1606689151.441000
1606689151.456000, 1606689152.462000, 1606689152.462000, 1606689157.503000, 1606689157.503000, 1606689250.550000
1606689250.565000, 1606689251.666000, 1606689251.666000, 1606689256.786000, 1606689256.786000, 1606689348.270000
