read_start,read_end,cpu_start,cpu_end,write_start,write_end
1606696336.393000, 1606696498.037000, 1606696498.037000, 1606696502.784000, 1606696502.784000, 1606696527.840000
1606696527.891000, 1606696528.818000, 1606696528.818000, 1606696533.450000, 1606696533.450000, 1606696706.458000
1606696706.504000, 1606696709.373000, 1606696709.373000, 1606696717.377000, 1606696717.377000, 1606696907.802000
