read_start,read_end,cpu_start,cpu_end,write_start,write_end
1606696336.392000, 1606696507.108000, 1606696507.108000, 1606696513.091000, 1606696513.091000, 1606696706.290000
1606696706.554000, 1606696708.163000, 1606696708.163000, 1606696713.681000, 1606696713.681000, 1606696891.337000
1606696891.351000, 1606696893.314000, 1606696893.314000, 1606696898.696000, 1606696898.696000, 1606697013.908000
