read_start,read_end,cpu_start,cpu_end,write_start,write_end
1606688535.295000, 1606688624.192000, 1606688624.192000, 1606688629.353000, 1606688629.353000, 1606688717.111000
1606688717.124000, 1606688718.108000, 1606688718.108000, 1606688723.440000, 1606688723.440000, 1606688820.513000
1606688820.528000, 1606688821.875000, 1606688821.875000, 1606688827.465000, 1606688827.465000, 1606688910.980000
