read_start,read_end,cpu_start,cpu_end,write_start,write_end
1606689867.851000, 1606689969.304000, 1606689969.304000, 1606689973.976000, 1606689973.976000, 1606690048.582000
1606690048.601000, 1606690049.535000, 1606690049.535000, 1606690053.934000, 1606690053.934000, 1606690140.074000
1606690140.089000, 1606690141.026000, 1606690141.026000, 1606690145.414000, 1606690145.414000, 1606690252.770000
