read_start,read_end,cpu_start,cpu_end,write_start,write_end
1606686838.411000, 1606686906.067000, 1606686906.067000, 1606686910.921000, 1606686910.921000, 1606686968.939000
1606686968.953000, 1606686969.986000, 1606686969.986000, 1606686974.860000, 1606686974.860000, 1606687033.419000
1606687033.433000, 1606687034.545000, 1606687034.545000, 1606687039.244000, 1606687039.244000, 1606687092.397000
