read_start,read_end,cpu_start,cpu_end,write_start,write_end
1606685629.648000, 1606685661.548000, 1606685661.548000, 1606685666.706000, 1606685666.706000, 1606685693.467000
1606685693.482000, 1606685694.575000, 1606685694.575000, 1606685699.237000, 1606685699.237000, 1606685728.306000
1606685728.322000, 1606685729.264000, 1606685729.264000, 1606685733.751000, 1606685733.751000, 1606685761.926000
