read_start,read_end,cpu_start,cpu_end,write_start,write_end
1606685943.384000, 1606685986.798000, 1606685986.798000, 1606685991.525000, 1606685991.525000, 1606685992.776000
1606685992.787000, 1606685993.745000, 1606685993.745000, 1606685998.152000, 1606685998.152000, 1606685999.144000
1606685999.152000, 1606686000.088000, 1606686000.088000, 1606686004.504000, 1606686004.504000, 1606686005.488000
