read_start,read_end,cpu_start,cpu_end,write_start,write_end
1606687131.501000, 1606687198.047000, 1606687198.047000, 1606687203.330000, 1606687203.330000, 1606687268.315000
1606687268.331000, 1606687269.369000, 1606687269.369000, 1606687274.080000, 1606687274.080000, 1606687360.663000
1606687360.678000, 1606687361.764000, 1606687361.764000, 1606687366.175000, 1606687366.175000, 1606687424.169000
