read_start,read_end,cpu_start,cpu_end,write_start,write_end
1606687435.460000, 1606687508.903000, 1606687508.903000, 1606687514.226000, 1606687514.226000, 1606687584.097000
1606687584.112000, 1606687585.280000, 1606687585.280000, 1606687590.089000, 1606687590.089000, 1606687661.977000
1606687661.993000, 1606687662.991000, 1606687662.991000, 1606687667.751000, 1606687667.751000, 1606687730.497000
