read_start,read_end,cpu_start,cpu_end,write_start,write_end
1606686838.411000, 1606686905.945000, 1606686905.945000, 1606686910.858000, 1606686910.858000, 1606686912.084000
1606686912.095000, 1606686913.042000, 1606686913.042000, 1606686917.431000, 1606686917.431000, 1606686918.415000
1606686918.424000, 1606686919.343000, 1606686919.343000, 1606686923.741000, 1606686923.741000, 1606686924.725000
