read_start,read_end,cpu_start,cpu_end,write_start,write_end
1606693128.076000, 1606693257.284000, 1606693257.284000, 1606693261.963000, 1606693261.963000, 1606693356.404000
1606693356.420000, 1606693357.368000, 1606693357.368000, 1606693361.947000, 1606693361.947000, 1606693445.916000
1606693445.949000, 1606693447.701000, 1606693447.701000, 1606693452.800000, 1606693452.800000, 1606693598.865000
