read_start,read_end,cpu_start,cpu_end,write_start,write_end
1606687131.501000, 1606687199.097000, 1606687199.097000, 1606687203.913000, 1606687203.913000, 1606687270.502000
1606687270.519000, 1606687271.639000, 1606687271.639000, 1606687276.367000, 1606687276.367000, 1606687346.428000
1606687346.452000, 1606687347.545000, 1606687347.545000, 1606687352.822000, 1606687352.822000, 1606687420.788000
