read_start,read_end,cpu_start,cpu_end,write_start,write_end
1606695740.907000, 1606695901.234000, 1606695901.234000, 1606695906.300000, 1606695906.300000, 1606696045.730000
1606696045.751000, 1606696046.932000, 1606696046.932000, 1606696051.660000, 1606696051.660000, 1606696203.220000
1606696203.273000, 1606696204.422000, 1606696204.422000, 1606696208.979000, 1606696208.979000, 1606696295.114000
