read_start,read_end,cpu_start,cpu_end,write_start,write_end
1606695057.411000, 1606695213.841000, 1606695213.841000, 1606695219.547000, 1606695219.547000, 1606695381.892000
1606695381.906000, 1606695382.920000, 1606695382.920000, 1606695387.706000, 1606695387.706000, 1606695552.945000
1606695552.963000, 1606695555.071000, 1606695555.071000, 1606695560.408000, 1606695560.408000, 1606695708.956000
