read_start,read_end,cpu_start,cpu_end,write_start,write_end
1606695057.397000, 1606695211.969000, 1606695211.969000, 1606695217.458000, 1606695217.458000, 1606695342.653000
1606695342.669000, 1606695343.705000, 1606695343.705000, 1606695348.180000, 1606695348.180000, 1606695484.851000
1606695484.888000, 1606695485.955000, 1606695485.955000, 1606695490.498000, 1606695490.498000, 1606695699.908000
