read_start,read_end,cpu_start,cpu_end,write_start,write_end
1606686589.548000, 1606686646.967000, 1606686646.967000, 1606686651.835000, 1606686651.835000, 1606686704.110000
1606686704.126000, 1606686705.095000, 1606686705.095000, 1606686710.033000, 1606686710.033000, 1606686763.245000
1606686763.259000, 1606686764.228000, 1606686764.228000, 1606686768.967000, 1606686768.967000, 1606686825.127000
