read_start,read_end,cpu_start,cpu_end,write_start,write_end
1606685315.829000, 1606685333.407000, 1606685333.407000, 1606685338.350000, 1606685338.350000, 1606685355.425000
1606685355.439000, 1606685356.375000, 1606685356.375000, 1606685361.198000, 1606685361.198000, 1606685374.125000
1606685374.140000, 1606685375.240000, 1606685375.240000, 1606685379.657000, 1606685379.657000, 1606685397.990000
