read_start,read_end,cpu_start,cpu_end,write_start,write_end
1606687131.504000, 1606687198.969000, 1606687198.969000, 1606687203.715000, 1606687203.715000, 1606687270.724000
1606687270.738000, 1606687271.745000, 1606687271.745000, 1606687276.632000, 1606687276.632000, 1606687346.944000
1606687346.962000, 1606687347.964000, 1606687347.964000, 1606687352.731000, 1606687352.731000, 1606687421.621000
