read_start,read_end,cpu_start,cpu_end,write_start,write_end
1606685504.470000, 1606685531.070000, 1606685531.070000, 1606685535.686000, 1606685535.686000, 1606685557.181000
1606685557.195000, 1606685558.267000, 1606685558.267000, 1606685562.616000, 1606685562.616000, 1606685587.509000
1606685587.525000, 1606685588.623000, 1606685588.623000, 1606685593.138000, 1606685593.138000, 1606685619.604000
