read_start,read_end,cpu_start,cpu_end,write_start,write_end
1606694393.173000, 1606694537.800000, 1606694537.800000, 1606694542.966000, 1606694542.966000, 1606694629.528000
1606694629.541000, 1606694630.635000, 1606694630.635000, 1606694635.542000, 1606694635.542000, 1606694782.110000
1606694782.149000, 1606694784.430000, 1606694784.430000, 1606694789.344000, 1606694789.344000, 1606694942.203000
