read_start,read_end,cpu_start,cpu_end,write_start,write_end
1606693128.072000, 1606693261.536000, 1606693261.536000, 1606693266.617000, 1606693266.617000, 1606693361.508000
1606693361.522000, 1606693362.434000, 1606693362.434000, 1606693367.656000, 1606693367.656000, 1606693446.311000
1606693446.344000, 1606693448.884000, 1606693448.884000, 1606693456.306000, 1606693456.306000, 1606693604.454000
