read_start,read_end,cpu_start,cpu_end,write_start,write_end
1606694393.166000, 1606694542.522000, 1606694542.522000, 1606694548.008000, 1606694548.008000, 1606694697.430000
1606694697.453000, 1606694699.509000, 1606694699.509000, 1606694704.414000, 1606694704.414000, 1606694859.270000
1606694859.374000, 1606694860.885000, 1606694860.885000, 1606694866.666000, 1606694866.666000, 1606695014.538000
