{"mp2rage_skullstripping": {"cputime": 138.53922724723816, "read": 0.0142822265625, "write": 2.3396592140197754}, "mgdm_segmentation": {"cputime": 623.1537673473358, "read": 0.010901212692260742, "write": 11.700589895248413}, "extract_brain_region": {"cputime": 79.74728965759277, "read": 0.028332948684692383, "write": 7.3580002784729}, "cruise_cortex_extraction": {"cputime": 272.49745440483093, "read": 0.018843650817871094, "write": 12.406996965408325}}