read_start,read_end,cpu_start,cpu_end,write_start,write_end
1606566362.880000, 1606566485.057000, 1606566485.057000, 1606566490.891000, 1606566490.891000, 1606566734.976000
1606566735.021000, 1606566768.090000, 1606566768.090000, 1606566774.106000, 1606566774.106000, 1606567003.633000
1606567003.675000, 1606567031.510000, 1606567031.510000, 1606567038.972000, 1606567038.972000, 1606567271.868000
