read_start,read_end,cpu_start,cpu_end,write_start,write_end
1606574526.521000, 1606574693.815000, 1606574693.815000, 1606574699.781000, 1606574699.781000, 1606575001.035000
1606575001.054000, 1606575053.615000, 1606575053.615000, 1606575060.376000, 1606575060.376000, 1606575368.544000
1606575368.753000, 1606575409.809000, 1606575409.809000, 1606575414.560000, 1606575414.560000, 1606575477.164000
