read_start,read_end,cpu_start,cpu_end,write_start,write_end
1606576908.412000, 1606577086.748000, 1606577086.748000, 1606577092.468000, 1606577092.468000, 1606577356.601000
1606577356.623000, 1606577367.475000, 1606577367.475000, 1606577372.765000, 1606577372.765000, 1606577426.146000
1606577426.252000, 1606577519.493000, 1606577519.493000, 1606577525.280000, 1606577525.280000, 1606577648.891000
