read_start,read_end,cpu_start,cpu_end,write_start,write_end
1606561740.084000, 1606561829.190000, 1606561829.190000, 1606561834.687000, 1606561834.687000, 1606561981.355000
1606561981.370000, 1606562002.969000, 1606562002.969000, 1606562008.950000, 1606562008.950000, 1606562151.562000
1606562151.610000, 1606562163.090000, 1606562163.090000, 1606562169.259000, 1606562169.259000, 1606562353.477000
