read_start,read_end,cpu_start,cpu_end,write_start,write_end
1606571352.895000, 1606571503.348000, 1606571503.348000, 1606571509.146000, 1606571509.146000, 1606571778.799000
1606571778.815000, 1606571868.783000, 1606571868.783000, 1606571873.878000, 1606571873.878000, 1606572086.171000
1606572086.578000, 1606572117.610000, 1606572117.610000, 1606572123.982000, 1606572123.982000, 1606572280.119000
