read_start,read_end,cpu_start,cpu_end,write_start,write_end
1606568277.127000, 1606568410.997000, 1606568410.997000, 1606568416.572000, 1606568416.572000, 1606568682.291000
1606568682.308000, 1606568710.531000, 1606568710.531000, 1606568717.014000, 1606568717.014000, 1606568995.263000
1606568995.784000, 1606569027.072000, 1606569027.072000, 1606569032.406000, 1606569032.406000, 1606569244.369000
