read_start,read_end,cpu_start,cpu_end,write_start,write_end
1606569273.352000, 1606569412.707000, 1606569412.707000, 1606569418.459000, 1606569418.459000, 1606569682.727000
1606569682.794000, 1606569718.788000, 1606569718.788000, 1606569725.010000, 1606569725.010000, 1606570014.951000
1606570015.037000, 1606570038.280000, 1606570038.280000, 1606570043.234000, 1606570043.234000, 1606570141.771000
