read_start,read_end,cpu_start,cpu_end,write_start,write_end
1606572381.417000, 1606572537.463000, 1606572537.463000, 1606572543.825000, 1606572543.825000, 1606572797.415000
1606572797.431000, 1606572818.508000, 1606572818.508000, 1606572824.124000, 1606572824.124000, 1606572960.508000
1606572960.540000, 1606573068.383000, 1606573068.383000, 1606573073.888000, 1606573073.888000, 1606573341.207000
