read_start,read_end,cpu_start,cpu_end,write_start,write_end
1606566362.896000, 1606566485.508000, 1606566485.508000, 1606566490.713000, 1606566490.713000, 1606566734.975000
1606566735.020000, 1606566768.091000, 1606566768.091000, 1606566773.610000, 1606566773.610000, 1606567000.338000
1606567000.706000, 1606567031.187000, 1606567031.187000, 1606567036.819000, 1606567036.819000, 1606567257.923000
