read_start,read_end,cpu_start,cpu_end,write_start,write_end
1606566362.885000, 1606566485.355000, 1606566485.355000, 1606566491.151000, 1606566491.151000, 1606566734.712000
1606566734.764000, 1606566768.017000, 1606566768.017000, 1606566773.586000, 1606566773.586000, 1606567000.334000
1606567000.690000, 1606567031.167000, 1606567031.167000, 1606567036.774000, 1606567036.774000, 1606567254.355000
