read_start,read_end,cpu_start,cpu_end,write_start,write_end
1606573424.054000, 1606573585.712000, 1606573585.712000, 1606573591.782000, 1606573591.782000, 1606573837.404000
1606573837.419000, 1606573865.407000, 1606573865.407000, 1606573871.429000, 1606573871.429000, 1606574155.466000
1606574155.971000, 1606574244.056000, 1606574244.056000, 1606574249.721000, 1606574249.721000, 1606574496.348000
