read_start,read_end,cpu_start,cpu_end,write_start,write_end
1606569273.348000, 1606569412.707000, 1606569412.707000, 1606569418.448000, 1606569418.448000, 1606569682.726000
1606569682.794000, 1606569718.788000, 1606569718.788000, 1606569724.912000, 1606569724.912000, 1606570002.261000
1606570002.334000, 1606570029.401000, 1606570029.401000, 1606570034.603000, 1606570034.603000, 1606570265.653000
