read_start,read_end,cpu_start,cpu_end,write_start,write_end
1606563051.057000, 1606563151.302000, 1606563151.302000, 1606563156.501000, 1606563156.501000, 1606563544.122000
1606563544.152000, 1606563558.894000, 1606563558.894000, 1606563564.348000, 1606563564.348000, 1606563669.387000
1606563669.508000, 1606563679.048000, 1606563679.048000, 1606563683.386000, 1606563683.386000, 1606563703.319000
