read_start,read_end,cpu_start,cpu_end,write_start,write_end
1606576908.420000, 1606577087.126000, 1606577087.126000, 1606577093.046000, 1606577093.046000, 1606577376.926000
1606577376.940000, 1606577390.491000, 1606577390.491000, 1606577395.537000, 1606577395.537000, 1606577522.909000
1606577522.932000, 1606577645.044000, 1606577645.044000, 1606577651.671000, 1606577651.671000, 1606578008.531000
