read_start,read_end,cpu_start,cpu_end,write_start,write_end
1606572381.451000, 1606572537.542000, 1606572537.542000, 1606572543.707000, 1606572543.707000, 1606572829.877000
1606572829.890000, 1606572973.150000, 1606572973.150000, 1606572977.567000, 1606572977.567000, 1606573109.774000
1606573109.857000, 1606573234.174000, 1606573234.174000, 1606573238.930000, 1606573238.930000, 1606573383.372000
