read_start,read_end,cpu_start,cpu_end,write_start,write_end
1606558743.252000, 1606558798.910000, 1606558798.910000, 1606558804.264000, 1606558804.264000, 1606558898.276000
1606558898.297000, 1606558910.209000, 1606558910.209000, 1606558915.279000, 1606558915.279000, 1606559015.590000
1606559015.604000, 1606559042.578000, 1606559042.578000, 1606559047.567000, 1606559047.567000, 1606559138.427000
