read_start,read_end,cpu_start,cpu_end,write_start,write_end
1606559157.515000, 1606559218.853000, 1606559218.853000, 1606559224.026000, 1606559224.026000, 1606559306.387000
1606559306.401000, 1606559322.715000, 1606559322.715000, 1606559327.927000, 1606559327.927000, 1606559431.545000
1606559431.561000, 1606559440.396000, 1606559440.396000, 1606559445.435000, 1606559445.435000, 1606559517.684000
