read_start,read_end,cpu_start,cpu_end,write_start,write_end
1606559584.648000, 1606559651.422000, 1606559651.422000, 1606559656.162000, 1606559656.162000, 1606559779.244000
1606559779.267000, 1606559797.844000, 1606559797.844000, 1606559802.790000, 1606559802.790000, 1606559929.494000
1606559929.507000, 1606560019.249000, 1606560019.249000, 1606560024.642000, 1606560024.642000, 1606560065.892000
