read_start,read_end,cpu_start,cpu_end,write_start,write_end
1606566362.880000, 1606566485.226000, 1606566485.226000, 1606566490.615000, 1606566490.615000, 1606566734.711000
1606566734.765000, 1606566768.009000, 1606566768.009000, 1606566773.584000, 1606566773.584000, 1606567000.332000
1606567000.687000, 1606567031.172000, 1606567031.172000, 1606567036.650000, 1606567036.650000, 1606567254.297000
