read_start,read_end,cpu_start,cpu_end,write_start,write_end
1606558743.253000, 1606558798.921000, 1606558798.921000, 1606558803.913000, 1606558803.913000, 1606558900.377000
1606558900.390000, 1606558911.820000, 1606558911.820000, 1606558917.066000, 1606558917.066000, 1606559014.520000
1606559014.536000, 1606559042.040000, 1606559042.040000, 1606559047.077000, 1606559047.077000, 1606559134.428000
