read_start,read_end,cpu_start,cpu_end,write_start,write_end
1606569273.335000, 1606569412.586000, 1606569412.586000, 1606569417.756000, 1606569417.756000, 1606569682.726000
1606569682.787000, 1606569718.595000, 1606569718.595000, 1606569724.197000, 1606569724.197000, 1606570021.527000
1606570021.955000, 1606570116.783000, 1606570116.783000, 1606570122.100000, 1606570122.100000, 1606570273.077000
