read_start,read_end,cpu_start,cpu_end,write_start,write_end
1606569273.328000, 1606569412.433000, 1606569412.433000, 1606569418.151000, 1606569418.151000, 1606569682.726000
1606569682.794000, 1606569718.767000, 1606569718.767000, 1606569724.510000, 1606569724.510000, 1606570021.517000
1606570021.953000, 1606570116.925000, 1606570116.925000, 1606570121.801000, 1606570121.801000, 1606570272.992000
