read_start,read_end,cpu_start,cpu_end,write_start,write_end
1606558743.258000, 1606558798.997000, 1606558798.997000, 1606558803.737000, 1606558803.737000, 1606558909.520000
1606558909.535000, 1606558914.158000, 1606558914.158000, 1606558920.070000, 1606558920.070000, 1606559031.507000
1606559031.521000, 1606559043.269000, 1606559043.269000, 1606559048.798000, 1606559048.798000, 1606559143.685000
