read_start,read_end,cpu_start,cpu_end,write_start,write_end
1606575669.182000, 1606575842.051000, 1606575842.051000, 1606575849.289000, 1606575849.289000, 1606576191.837000
1606576191.867000, 1606576383.403000, 1606576383.403000, 1606576388.173000, 1606576388.173000, 1606576781.605000
1606576781.682000, 1606576793.737000, 1606576793.737000, 1606576799.821000, 1606576799.821000, 1606576867.568000
