read_start,read_end,cpu_start,cpu_end,write_start,write_end
1606559157.512000, 1606559218.858000, 1606559218.858000, 1606559223.643000, 1606559223.643000, 1606559306.678000
1606559306.691000, 1606559323.021000, 1606559323.021000, 1606559328.255000, 1606559328.255000, 1606559439.792000
1606559439.818000, 1606559452.249000, 1606559452.249000, 1606559457.495000, 1606559457.495000, 1606559570.065000
