read_start,read_end,cpu_start,cpu_end,write_start,write_end
1606572381.419000, 1606572537.491000, 1606572537.491000, 1606572543.942000, 1606572543.942000, 1606572800.315000
1606572800.329000, 1606572823.326000, 1606572823.326000, 1606572829.318000, 1606572829.318000, 1606573016.625000
1606573016.691000, 1606573076.083000, 1606573076.083000, 1606573081.951000, 1606573081.951000, 1606573343.562000
