read_start,read_end,cpu_start,cpu_end,write_start,write_end
1606571352.907000, 1606571503.352000, 1606571503.352000, 1606571509.546000, 1606571509.546000, 1606571749.275000
1606571749.289000, 1606571767.174000, 1606571767.174000, 1606571772.572000, 1606571772.572000, 1606572083.123000
1606572083.231000, 1606572114.817000, 1606572114.817000, 1606572120.604000, 1606572120.604000, 1606572303.587000
