read_start,read_end,cpu_start,cpu_end,write_start,write_end
1606567318.473000, 1606567446.393000, 1606567446.393000, 1606567451.552000, 1606567451.552000, 1606567708.689000
1606567708.724000, 1606567737.494000, 1606567737.494000, 1606567743.411000, 1606567743.411000, 1606567981.703000
1606567981.813000, 1606568015.059000, 1606568015.059000, 1606568021.627000, 1606568021.627000, 1606568242.978000
