read_start,read_end,cpu_start,cpu_end,write_start,write_end
1606558397.110000, 1606558447.283000, 1606558447.283000, 1606558452.101000, 1606558452.101000, 1606558533.086000
1606558533.100000, 1606558544.936000, 1606558544.936000, 1606558550.306000, 1606558550.306000, 1606558621.583000
1606558621.595000, 1606558633.662000, 1606558633.662000, 1606558638.961000, 1606558638.961000, 1606558719.329000
