read_start,read_end,cpu_start,cpu_end,write_start,write_end
1606564486.340000, 1606564597.528000, 1606564597.528000, 1606564603.328000, 1606564603.328000, 1606564789.759000
1606564789.785000, 1606564814.635000, 1606564814.635000, 1606564820.740000, 1606564820.740000, 1606565234.894000
1606565234.986000, 1606565238.922000, 1606565238.922000, 1606565244.375000, 1606565244.375000, 1606565280.289000
