read_start,read_end,cpu_start,cpu_end,write_start,write_end
1606559157.504000, 1606559218.730000, 1606559218.730000, 1606559223.509000, 1606559223.509000, 1606559296.974000
1606559296.988000, 1606559320.471000, 1606559320.471000, 1606559325.489000, 1606559325.489000, 1606559405.357000
1606559405.371000, 1606559438.091000, 1606559438.091000, 1606559443.043000, 1606559443.043000, 1606559517.421000
