read_start,read_end,cpu_start,cpu_end,write_start,write_end
1606566362.888000, 1606566485.493000, 1606566485.493000, 1606566490.689000, 1606566490.689000, 1606566734.712000
1606566734.765000, 1606566768.010000, 1606566768.010000, 1606566773.602000, 1606566773.602000, 1606567000.335000
1606567000.674000, 1606567031.190000, 1606567031.190000, 1606567036.803000, 1606567036.803000, 1606567257.916000
