read_start,read_end,cpu_start,cpu_end,write_start,write_end
1606572381.440000, 1606572537.537000, 1606572537.537000, 1606572543.635000, 1606572543.635000, 1606572823.018000
1606572823.030000, 1606572933.186000, 1606572933.186000, 1606572938.017000, 1606572938.017000, 1606573071.219000
1606573071.328000, 1606573185.877000, 1606573185.877000, 1606573190.488000, 1606573190.488000, 1606573348.320000
