read_start,read_end,cpu_start,cpu_end,write_start,write_end
1606575669.203000, 1606575842.053000, 1606575842.053000, 1606575849.508000, 1606575849.508000, 1606576146.595000
1606576146.619000, 1606576158.248000, 1606576158.248000, 1606576163.145000, 1606576163.145000, 1606576281.495000
1606576281.515000, 1606576425.564000, 1606576425.564000, 1606576430.112000, 1606576430.112000, 1606576778.854000
