read_start,read_end,cpu_start,cpu_end,write_start,write_end
1606568277.125000, 1606568410.999000, 1606568410.999000, 1606568416.730000, 1606568416.730000, 1606568686.701000
1606568686.715000, 1606568714.497000, 1606568714.497000, 1606568720.397000, 1606568720.397000, 1606568995.264000
1606568996.065000, 1606569026.454000, 1606569026.454000, 1606569031.950000, 1606569031.950000, 1606569239.673000
