read_start,read_end,cpu_start,cpu_end,write_start,write_end
1606576908.448000, 1606577087.126000, 1606577087.126000, 1606577092.964000, 1606577092.964000, 1606577398.391000
1606577398.407000, 1606577502.535000, 1606577502.535000, 1606577508.500000, 1606577508.500000, 1606577644.561000
1606577644.681000, 1606577747.139000, 1606577747.139000, 1606577752.441000, 1606577752.441000, 1606578016.189000
