read_start,read_end,cpu_start,cpu_end,write_start,write_end
1606561740.090000, 1606561829.192000, 1606561829.192000, 1606561834.518000, 1606561834.518000, 1606561973.920000
1606561973.947000, 1606562002.180000, 1606562002.180000, 1606562008.022000, 1606562008.022000, 1606562104.355000
1606562104.387000, 1606562160.076000, 1606562160.076000, 1606562166.051000, 1606562166.051000, 1606562311.499000
