read_start,read_end,cpu_start,cpu_end,write_start,write_end
1606574526.543000, 1606574693.815000, 1606574693.815000, 1606574699.724000, 1606574699.724000, 1606574988.570000
1606574988.588000, 1606575052.891000, 1606575052.891000, 1606575059.254000, 1606575059.254000, 1606575368.544000
1606575368.740000, 1606575409.772000, 1606575409.772000, 1606575414.584000, 1606575414.584000, 1606575508.879000
