read_start,read_end,cpu_start,cpu_end,write_start,write_end
1606575669.203000, 1606575842.054000, 1606575842.054000, 1606575849.205000, 1606575849.205000, 1606576163.854000
1606576163.889000, 1606576196.197000, 1606576196.197000, 1606576201.449000, 1606576201.449000, 1606576495.277000
1606576495.370000, 1606576599.305000, 1606576599.305000, 1606576603.920000, 1606576603.920000, 1606576790.895000
