read_start,read_end,cpu_start,cpu_end,write_start,write_end
1606557871.433000, 1606557910.483000, 1606557910.483000, 1606557915.524000, 1606557915.524000, 1606557971.068000
1606557971.086000, 1606557981.146000, 1606557981.146000, 1606557986.001000, 1606557986.001000, 1606558037.041000
1606558037.055000, 1606558039.421000, 1606558039.421000, 1606558044.262000, 1606558044.262000, 1606558067.167000
