read_start,read_end,cpu_start,cpu_end,write_start,write_end
1606563726.809000, 1606563832.427000, 1606563832.427000, 1606563837.746000, 1606563837.746000, 1606564001.094000
1606564001.130000, 1606564029.960000, 1606564029.960000, 1606564035.845000, 1606564035.845000, 1606564211.362000
1606564211.387000, 1606564229.254000, 1606564229.254000, 1606564234.992000, 1606564234.992000, 1606564462.119000
