read_start,read_end,cpu_start,cpu_end,write_start,write_end
1606576908.411000, 1606577086.619000, 1606577086.619000, 1606577092.257000, 1606577092.257000, 1606577264.752000
1606577264.768000, 1606577294.112000, 1606577294.112000, 1606577298.495000, 1606577298.495000, 1606577381.991000
1606577382.014000, 1606577399.547000, 1606577399.547000, 1606577404.452000, 1606577404.452000, 1606577512.996000
