read_start,read_end,cpu_start,cpu_end,write_start,write_end
1606565409.635000, 1606565526.629000, 1606565526.629000, 1606565532.620000, 1606565532.620000, 1606565792.151000
1606565792.184000, 1606565828.297000, 1606565828.297000, 1606565834.899000, 1606565834.899000, 1606566012.514000
1606566012.592000, 1606566017.594000, 1606566017.594000, 1606566023.154000, 1606566023.154000, 1606566088.855000
