read_start,read_end,cpu_start,cpu_end,write_start,write_end
1606570301.012000, 1606570445.879000, 1606570445.879000, 1606570452.157000, 1606570452.157000, 1606570799.837000
1606570799.853000, 1606570914.371000, 1606570914.371000, 1606570919.354000, 1606570919.354000, 1606571271.195000
1606571271.262000, 1606571276.022000, 1606571276.022000, 1606571281.594000, 1606571281.594000, 1606571323.443000
