read_start,read_end,cpu_start,cpu_end,write_start,write_end
1606568277.110000, 1606568410.997000, 1606568410.997000, 1606568416.744000, 1606568416.744000, 1606568691.852000
1606568691.868000, 1606568717.318000, 1606568717.318000, 1606568722.336000, 1606568722.336000, 1606568979.820000
1606568979.942000, 1606568988.152000, 1606568988.152000, 1606568992.761000, 1606568992.761000, 1606569066.673000
