read_start,read_end,cpu_start,cpu_end,write_start,write_end
1606574526.503000, 1606574693.462000, 1606574693.462000, 1606574698.844000, 1606574698.844000, 1606574944.650000
1606574944.665000, 1606574951.404000, 1606574951.404000, 1606574956.021000, 1606574956.021000, 1606575025.301000
1606575025.432000, 1606575058.172000, 1606575058.172000, 1606575064.484000, 1606575064.484000, 1606575368.568000
