read_start,read_end,cpu_start,cpu_end,write_start,write_end
1606557871.429000, 1606557910.466000, 1606557910.466000, 1606557915.200000, 1606557915.200000, 1606557970.862000
1606557970.876000, 1606557980.925000, 1606557980.925000, 1606557986.312000, 1606557986.312000, 1606558039.630000
1606558039.645000, 1606558046.152000, 1606558046.152000, 1606558051.069000, 1606558051.069000, 1606558089.669000
