read_start,read_end,cpu_start,cpu_end,write_start,write_end
1606560082.057000, 1606560154.433000, 1606560154.433000, 1606560159.309000, 1606560159.309000, 1606560303.891000
1606560303.905000, 1606560318.450000, 1606560318.450000, 1606560323.931000, 1606560323.931000, 1606560452.300000
1606560452.310000, 1606560462.162000, 1606560462.162000, 1606560468.469000, 1606560468.469000, 1606560577.525000
