read_start,read_end,cpu_start,cpu_end,write_start,write_end
1606571352.903000, 1606571503.348000, 1606571503.348000, 1606571509.908000, 1606571509.908000, 1606571748.206000
1606571748.226000, 1606571767.036000, 1606571767.036000, 1606571772.274000, 1606571772.274000, 1606572086.184000
1606572086.720000, 1606572117.626000, 1606572117.626000, 1606572123.623000, 1606572123.623000, 1606572303.606000
