read_start,read_end,cpu_start,cpu_end,write_start,write_end
1606557871.429000, 1606557910.443000, 1606557910.443000, 1606557915.635000, 1606557915.635000, 1606557970.627000
1606557970.643000, 1606557980.167000, 1606557980.167000, 1606557985.002000, 1606557985.002000, 1606558040.674000
1606558040.687000, 1606558046.667000, 1606558046.667000, 1606558051.673000, 1606558051.673000, 1606558089.730000
