read_start,read_end,cpu_start,cpu_end,write_start,write_end
1606558397.107000, 1606558447.242000, 1606558447.242000, 1606558451.978000, 1606558451.978000, 1606558543.561000
1606558543.573000, 1606558547.319000, 1606558547.319000, 1606558552.848000, 1606558552.848000, 1606558632.401000
1606558632.415000, 1606558635.499000, 1606558635.499000, 1606558640.908000, 1606558640.908000, 1606558731.128000
