read_start,read_end,cpu_start,cpu_end,write_start,write_end
1606575669.162000, 1606575841.699000, 1606575841.699000, 1606575847.602000, 1606575847.602000, 1606576164.266000
1606576164.286000, 1606576196.703000, 1606576196.703000, 1606576201.902000, 1606576201.902000, 1606576492.952000
1606576493.060000, 1606576574.368000, 1606576574.368000, 1606576578.972000, 1606576578.972000, 1606576791.710000
