read_start,read_end,cpu_start,cpu_end,write_start,write_end
1606558099.115000, 1606558143.714000, 1606558143.714000, 1606558148.534000, 1606558148.534000, 1606558206.818000
1606558206.835000, 1606558216.702000, 1606558216.702000, 1606558221.835000, 1606558221.835000, 1606558289.603000
1606558289.624000, 1606558300.474000, 1606558300.474000, 1606558305.582000, 1606558305.582000, 1606558383.491000
