read_start,read_end,cpu_start,cpu_end,write_start,write_end
1606565409.633000, 1606565526.629000, 1606565526.629000, 1606565531.696000, 1606565531.696000, 1606565769.635000
1606565769.649000, 1606565772.408000, 1606565772.408000, 1606565777.146000, 1606565777.146000, 1606566246.695000
1606566246.714000, 1606566248.668000, 1606566248.668000, 1606566253.504000, 1606566253.504000, 1606566302.920000
