read_start,read_end,cpu_start,cpu_end,write_start,write_end
1606574526.520000, 1606574693.818000, 1606574693.818000, 1606574700.801000, 1606574700.801000, 1606575062.738000
1606575062.764000, 1606575168.960000, 1606575168.960000, 1606575174.239000, 1606575174.239000, 1606575417.710000
1606575418.253000, 1606575447.393000, 1606575447.393000, 1606575453.192000, 1606575453.192000, 1606575631.987000
