read_start,read_end,cpu_start,cpu_end,write_start,write_end
1606573424.043000, 1606573585.712000, 1606573585.712000, 1606573591.723000, 1606573591.723000, 1606573836.374000
1606573836.388000, 1606573863.433000, 1606573863.433000, 1606573869.635000, 1606573869.635000, 1606574155.464000
1606574155.629000, 1606574243.917000, 1606574243.917000, 1606574249.677000, 1606574249.677000, 1606574496.331000
