read_start,read_end,cpu_start,cpu_end,write_start,write_end
1606565409.620000, 1606565526.627000, 1606565526.627000, 1606565532.085000, 1606565532.085000, 1606565792.075000
1606565792.105000, 1606565828.270000, 1606565828.270000, 1606565834.446000, 1606565834.446000, 1606566038.466000
1606566038.677000, 1606566100.699000, 1606566100.699000, 1606566106.124000, 1606566106.124000, 1606566213.396000
