read_start,read_end,cpu_start,cpu_end,write_start,write_end
1606575669.175000, 1606575841.986000, 1606575841.986000, 1606575848.398000, 1606575848.398000, 1606576152.893000
1606576152.926000, 1606576178.339000, 1606576178.339000, 1606576183.786000, 1606576183.786000, 1606576461.506000
1606576461.575000, 1606576498.141000, 1606576498.141000, 1606576503.414000, 1606576503.414000, 1606576790.812000
