read_start,read_end,cpu_start,cpu_end,write_start,write_end
1606564486.342000, 1606564597.638000, 1606564597.638000, 1606564603.494000, 1606564603.494000, 1606564789.762000
1606564789.788000, 1606564815.278000, 1606564815.278000, 1606564820.627000, 1606564820.627000, 1606565332.774000
1606565332.887000, 1606565337.977000, 1606565337.977000, 1606565342.647000, 1606565342.647000, 1606565384.153000
