read_start,read_end,cpu_start,cpu_end,write_start,write_end
1606576908.421000, 1606577087.126000, 1606577087.126000, 1606577093.002000, 1606577093.002000, 1606577376.529000
1606577376.545000, 1606577389.789000, 1606577389.789000, 1606577394.779000, 1606577394.779000, 1606577516.409000
1606577516.426000, 1606577640.164000, 1606577640.164000, 1606577645.669000, 1606577645.669000, 1606577921.704000
