read_start,read_end,cpu_start,cpu_end,write_start,write_end
1606567318.500000, 1606567446.742000, 1606567446.742000, 1606567452.223000, 1606567452.223000, 1606567713.327000
1606567713.343000, 1606567741.152000, 1606567741.152000, 1606567747.182000, 1606567747.182000, 1606567981.703000
1606567982.235000, 1606568015.069000, 1606568015.069000, 1606568021.226000, 1606568021.226000, 1606568249.068000
