read_start,read_end,cpu_start,cpu_end,write_start,write_end
1606557679.421000, 1606557712.861000, 1606557712.861000, 1606557717.467000, 1606557717.467000, 1606557768.111000
1606557768.125000, 1606557775.873000, 1606557775.873000, 1606557780.713000, 1606557780.713000, 1606557829.623000
1606557829.636000, 1606557831.443000, 1606557831.443000, 1606557837.365000, 1606557837.365000, 1606557863.694000
