read_start,read_end,cpu_start,cpu_end,write_start,write_end
1606574526.536000, 1606574693.815000, 1606574693.815000, 1606574699.791000, 1606574699.791000, 1606574965.258000
1606574965.277000, 1606574985.642000, 1606574985.642000, 1606574991.046000, 1606574991.046000, 1606575057.963000
1606575058.031000, 1606575093.391000, 1606575093.391000, 1606575098.927000, 1606575098.927000, 1606575417.734000
