read_start,read_end,cpu_start,cpu_end,write_start,write_end
1606560607.772000, 1606560685.791000, 1606560685.791000, 1606560690.671000, 1606560690.671000, 1606560811.588000
1606560811.621000, 1606560832.396000, 1606560832.396000, 1606560837.404000, 1606560837.404000, 1606560965.706000
1606560965.745000, 1606560985.513000, 1606560985.513000, 1606560991.156000, 1606560991.156000, 1606561106.038000
