read_start,read_end,cpu_start,cpu_end,write_start,write_end
1606560607.775000, 1606560685.793000, 1606560685.793000, 1606560691.189000, 1606560691.189000, 1606560811.830000
1606560811.862000, 1606560833.039000, 1606560833.039000, 1606560838.269000, 1606560838.269000, 1606560965.706000
1606560965.738000, 1606560985.683000, 1606560985.683000, 1606560990.752000, 1606560990.752000, 1606561103.778000
