read_start,read_end,cpu_start,cpu_end,write_start,write_end
1606575669.190000, 1606575842.051000, 1606575842.051000, 1606575849.294000, 1606575849.294000, 1606576164.397000
1606576164.427000, 1606576196.718000, 1606576196.718000, 1606576202.653000, 1606576202.653000, 1606576707.538000
1606576707.650000, 1606576715.453000, 1606576715.453000, 1606576720.716000, 1606576720.716000, 1606576760.125000
