read_start,read_end,cpu_start,cpu_end,write_start,write_end
1606571352.902000, 1606571503.348000, 1606571503.348000, 1606571509.236000, 1606571509.236000, 1606571747.340000
1606571747.351000, 1606571766.221000, 1606571766.221000, 1606571771.989000, 1606571771.989000, 1606572083.957000
1606572084.124000, 1606572116.033000, 1606572116.033000, 1606572122.241000, 1606572122.241000, 1606572303.587000
