read_start,read_end,cpu_start,cpu_end,write_start,write_end
1606575669.161000, 1606575841.877000, 1606575841.877000, 1606575848.011000, 1606575848.011000, 1606576192.288000
1606576192.317000, 1606576383.522000, 1606576383.522000, 1606576388.274000, 1606576388.274000, 1606576790.916000
1606576791.256000, 1606576798.112000, 1606576798.112000, 1606576802.973000, 1606576802.973000, 1606576870.571000
