read_start,read_end,cpu_start,cpu_end,write_start,write_end
1606569273.356000, 1606569412.707000, 1606569412.707000, 1606569418.613000, 1606569418.613000, 1606569682.681000
1606569682.696000, 1606569718.788000, 1606569718.788000, 1606569724.812000, 1606569724.812000, 1606570025.126000
1606570025.206000, 1606570124.470000, 1606570124.470000, 1606570129.679000, 1606570129.679000, 1606570272.982000
