read_start,read_end,cpu_start,cpu_end,write_start,write_end
1606576908.453000, 1606577087.127000, 1606577087.127000, 1606577093.784000, 1606577093.784000, 1606577494.614000
1606577494.629000, 1606577610.990000, 1606577610.990000, 1606577616.050000, 1606577616.050000, 1606577913.055000
1606577913.204000, 1606577926.808000, 1606577926.808000, 1606577932.535000, 1606577932.535000, 1606577978.075000
