read_start,read_end,cpu_start,cpu_end,write_start,write_end
1606558743.252000, 1606558798.899000, 1606558798.899000, 1606558804.270000, 1606558804.270000, 1606558899.391000
1606558899.407000, 1606558911.353000, 1606558911.353000, 1606558916.814000, 1606558916.814000, 1606559014.496000
1606559014.515000, 1606559042.042000, 1606559042.042000, 1606559047.336000, 1606559047.336000, 1606559143.427000
