read_start,read_end,cpu_start,cpu_end,write_start,write_end
1606569273.362000, 1606569412.713000, 1606569412.713000, 1606569418.503000, 1606569418.503000, 1606569682.378000
1606569682.394000, 1606569718.788000, 1606569718.788000, 1606569724.723000, 1606569724.723000, 1606570027.680000
1606570027.759000, 1606570128.121000, 1606570128.121000, 1606570132.924000, 1606570132.924000, 1606570273.081000
