read_start,read_end,cpu_start,cpu_end,write_start,write_end
1606560082.058000, 1606560154.445000, 1606560154.445000, 1606560159.520000, 1606560159.520000, 1606560297.367000
1606560297.405000, 1606560317.250000, 1606560317.250000, 1606560322.584000, 1606560322.584000, 1606560448.023000
1606560448.037000, 1606560458.099000, 1606560458.099000, 1606560464.678000, 1606560464.678000, 1606560565.676000
