read_start,read_end,cpu_start,cpu_end,write_start,write_end
1606564486.344000, 1606564597.679000, 1606564597.679000, 1606564603.620000, 1606564603.620000, 1606564789.759000
1606564789.788000, 1606564815.275000, 1606564815.275000, 1606564820.632000, 1606564820.632000, 1606565326.931000
1606565327.021000, 1606565329.270000, 1606565329.270000, 1606565334.879000, 1606565334.879000, 1606565368.438000
