read_start,read_end,cpu_start,cpu_end,write_start,write_end
1606566362.903000, 1606566485.508000, 1606566485.508000, 1606566490.702000, 1606566490.702000, 1606566734.976000
1606566735.020000, 1606566768.090000, 1606566768.090000, 1606566774.255000, 1606566774.255000, 1606567000.334000
1606567000.704000, 1606567030.735000, 1606567030.735000, 1606567036.246000, 1606567036.246000, 1606567259.337000
