read_start,read_end,cpu_start,cpu_end,write_start,write_end
1606566362.880000, 1606566485.127000, 1606566485.127000, 1606566490.312000, 1606566490.312000, 1606566734.711000
1606566734.764000, 1606566768.010000, 1606566768.010000, 1606566773.718000, 1606566773.718000, 1606567000.336000
1606567000.675000, 1606567031.186000, 1606567031.186000, 1606567037.430000, 1606567037.430000, 1606567276.171000
