read_start,read_end,cpu_start,cpu_end,write_start,write_end
1606570300.991000, 1606570445.566000, 1606570445.566000, 1606570451.962000, 1606570451.962000, 1606570784.270000
1606570784.281000, 1606570914.370000, 1606570914.370000, 1606570919.692000, 1606570919.692000, 1606571243.964000
1606571244.013000, 1606571255.826000, 1606571255.826000, 1606571260.405000, 1606571260.405000, 1606571323.766000
