read_start,read_end,cpu_start,cpu_end,write_start,write_end
1606569273.355000, 1606569412.710000, 1606569412.710000, 1606569418.084000, 1606569418.084000, 1606569682.726000
1606569682.787000, 1606569718.744000, 1606569718.744000, 1606569724.443000, 1606569724.443000, 1606570021.478000
1606570021.871000, 1606570116.860000, 1606570116.860000, 1606570121.854000, 1606570121.854000, 1606570273.072000
