read_start,read_end,cpu_start,cpu_end,write_start,write_end
1606564486.364000, 1606564597.816000, 1606564597.816000, 1606564602.987000, 1606564602.987000, 1606564789.799000
1606564789.824000, 1606564815.333000, 1606564815.333000, 1606564820.853000, 1606564820.853000, 1606565231.639000
1606565231.732000, 1606565234.687000, 1606565234.687000, 1606565239.865000, 1606565239.865000, 1606565257.079000
