read_start,read_end,cpu_start,cpu_end,write_start,write_end
1606568277.113000, 1606568410.997000, 1606568410.997000, 1606568416.487000, 1606568416.487000, 1606568681.048000
1606568681.062000, 1606568708.483000, 1606568708.483000, 1606568714.209000, 1606568714.209000, 1606568995.327000
1606568995.817000, 1606569027.115000, 1606569027.115000, 1606569032.582000, 1606569032.582000, 1606569244.356000
