read_start,read_end,cpu_start,cpu_end,write_start,write_end
1606570301.007000, 1606570445.878000, 1606570445.878000, 1606570451.640000, 1606570451.640000, 1606570696.299000
1606570696.313000, 1606570714.100000, 1606570714.100000, 1606570719.894000, 1606570719.894000, 1606571261.261000
1606571261.351000, 1606571270.153000, 1606571270.153000, 1606571276.123000, 1606571276.123000, 1606571322.872000
