read_start,read_end,cpu_start,cpu_end,write_start,write_end
1606564486.363000, 1606564597.814000, 1606564597.814000, 1606564603.657000, 1606564603.657000, 1606564789.759000
1606564789.786000, 1606564814.532000, 1606564814.532000, 1606564820.231000, 1606564820.231000, 1606565332.772000
1606565332.871000, 1606565337.983000, 1606565337.983000, 1606565342.733000, 1606565342.733000, 1606565383.947000
