read_start,read_end,cpu_start,cpu_end,write_start,write_end
1606558743.254000, 1606558798.929000, 1606558798.929000, 1606558803.668000, 1606558803.668000, 1606558872.240000
1606558872.259000, 1606558910.188000, 1606558910.188000, 1606558915.208000, 1606558915.208000, 1606559017.670000
1606559017.685000, 1606559043.023000, 1606559043.023000, 1606559048.496000, 1606559048.496000, 1606559143.377000
