read_start,read_end,cpu_start,cpu_end,write_start,write_end
1606560607.759000, 1606560685.612000, 1606560685.612000, 1606560690.451000, 1606560690.451000, 1606560797.986000
1606560798.002000, 1606560806.521000, 1606560806.521000, 1606560811.337000, 1606560811.337000, 1606560909.404000
1606560909.421000, 1606560956.347000, 1606560956.347000, 1606560960.899000, 1606560960.899000, 1606561052.931000
