read_start,read_end,cpu_start,cpu_end,write_start,write_end
1606571352.882000, 1606571503.195000, 1606571503.195000, 1606571509.425000, 1606571509.425000, 1606571746.075000
1606571746.089000, 1606571765.190000, 1606571765.190000, 1606571770.728000, 1606571770.728000, 1606572083.953000
1606572084.116000, 1606572116.231000, 1606572116.231000, 1606572122.503000, 1606572122.503000, 1606572301.321000
