read_start,read_end,cpu_start,cpu_end,write_start,write_end
1606564486.338000, 1606564597.500000, 1606564597.500000, 1606564603.317000, 1606564603.317000, 1606564789.794000
1606564789.815000, 1606564815.321000, 1606564815.321000, 1606564820.823000, 1606564820.823000, 1606565295.129000
1606565295.213000, 1606565298.116000, 1606565298.116000, 1606565303.039000, 1606565303.039000, 1606565324.990000
