read_start,read_end,cpu_start,cpu_end,write_start,write_end
1606576908.435000, 1606577087.126000, 1606577087.126000, 1606577093.829000, 1606577093.829000, 1606577504.198000
1606577504.212000, 1606577617.657000, 1606577617.657000, 1606577622.639000, 1606577622.639000, 1606577913.056000
1606577913.213000, 1606577926.729000, 1606577926.729000, 1606577931.584000, 1606577931.584000, 1606577977.668000
