read_start,read_end,cpu_start,cpu_end,write_start,write_end
1606559157.509000, 1606559218.813000, 1606559218.813000, 1606559223.592000, 1606559223.592000, 1606559317.362000
1606559317.378000, 1606559326.014000, 1606559326.014000, 1606559331.265000, 1606559331.265000, 1606559440.249000
1606559440.262000, 1606559452.515000, 1606559452.515000, 1606559457.726000, 1606559457.726000, 1606559566.399000
