read_start,read_end,cpu_start,cpu_end,write_start,write_end
1606573424.029000, 1606573585.652000, 1606573585.652000, 1606573591.190000, 1606573591.190000, 1606573839.814000
1606573839.833000, 1606573867.903000, 1606573867.903000, 1606573874.048000, 1606573874.048000, 1606574267.490000
1606574267.567000, 1606574423.013000, 1606574423.013000, 1606574428.214000, 1606574428.214000, 1606574496.498000
