read_start,read_end,cpu_start,cpu_end,write_start,write_end
1606573424.050000, 1606573585.715000, 1606573585.715000, 1606573592.334000, 1606573592.334000, 1606573839.379000
1606573839.394000, 1606573866.883000, 1606573866.883000, 1606573872.795000, 1606573872.795000, 1606574155.462000
1606574155.978000, 1606574244.045000, 1606574244.045000, 1606574249.500000, 1606574249.500000, 1606574496.356000
