read_start,read_end,cpu_start,cpu_end,write_start,write_end
1606572381.438000, 1606572537.537000, 1606572537.537000, 1606572543.752000, 1606572543.752000, 1606572801.549000
1606572801.564000, 1606572825.360000, 1606572825.360000, 1606572831.425000, 1606572831.425000, 1606573029.800000
1606573029.873000, 1606573112.196000, 1606573112.196000, 1606573117.966000, 1606573117.966000, 1606573341.764000
