read_start,read_end,cpu_start,cpu_end,write_start,write_end
1606569273.348000, 1606569412.707000, 1606569412.707000, 1606569418.504000, 1606569418.504000, 1606569682.726000
1606569682.795000, 1606569718.788000, 1606569718.788000, 1606569724.870000, 1606569724.870000, 1606570004.748000
1606570004.816000, 1606570031.266000, 1606570031.266000, 1606570036.563000, 1606570036.563000, 1606570273.075000
