read_start,read_end,cpu_start,cpu_end,write_start,write_end
1606570301.015000, 1606570445.879000, 1606570445.879000, 1606570451.673000, 1606570451.673000, 1606570705.836000
1606570705.854000, 1606570783.397000, 1606570783.397000, 1606570787.890000, 1606570787.890000, 1606571108.431000
1606571108.634000, 1606571118.398000, 1606571118.398000, 1606571123.404000, 1606571123.404000, 1606571274.002000
