read_start,read_end,cpu_start,cpu_end,write_start,write_end
1606558743.262000, 1606558799.040000, 1606558799.040000, 1606558804.392000, 1606558804.392000, 1606558899.197000
1606558899.207000, 1606558911.186000, 1606558911.186000, 1606558916.348000, 1606558916.348000, 1606559012.470000
1606559012.487000, 1606559041.753000, 1606559041.753000, 1606559046.997000, 1606559046.997000, 1606559131.221000
