read_start,read_end,cpu_start,cpu_end,write_start,write_end
1606563726.832000, 1606563832.732000, 1606563832.732000, 1606563837.950000, 1606563837.950000, 1606564001.192000
1606564001.223000, 1606564030.009000, 1606564030.009000, 1606564035.773000, 1606564035.773000, 1606564213.488000
1606564213.511000, 1606564231.459000, 1606564231.459000, 1606564237.587000, 1606564237.587000, 1606564462.130000
