read_start,read_end,cpu_start,cpu_end,write_start,write_end
1606569273.328000, 1606569412.365000, 1606569412.365000, 1606569418.079000, 1606569418.079000, 1606569682.726000
1606569682.794000, 1606569718.758000, 1606569718.758000, 1606569726.452000, 1606569726.452000, 1606569968.622000
1606569968.693000, 1606569977.860000, 1606569977.860000, 1606569982.334000, 1606569982.334000, 1606570076.060000
