read_start,read_end,cpu_start,cpu_end,write_start,write_end
1606571352.891000, 1606571503.345000, 1606571503.345000, 1606571508.879000, 1606571508.879000, 1606571794.675000
1606571794.688000, 1606571919.052000, 1606571919.052000, 1606571925.300000, 1606571925.300000, 1606572086.201000
1606572086.759000, 1606572117.633000, 1606572117.633000, 1606572123.873000, 1606572123.873000, 1606572324.179000
