read_start,read_end,cpu_start,cpu_end,write_start,write_end
1606558099.106000, 1606558143.687000, 1606558143.687000, 1606558148.359000, 1606558148.359000, 1606558212.001000
1606558212.017000, 1606558218.432000, 1606558218.432000, 1606558223.912000, 1606558223.912000, 1606558292.832000
1606558292.846000, 1606558301.778000, 1606558301.778000, 1606558306.984000, 1606558306.984000, 1606558383.253000
