read_start,read_end,cpu_start,cpu_end,write_start,write_end
1606563726.818000, 1606563832.732000, 1606563832.732000, 1606563837.962000, 1606563837.962000, 1606564001.588000
1606564001.602000, 1606564029.725000, 1606564029.725000, 1606564035.242000, 1606564035.242000, 1606564269.036000
1606564269.054000, 1606564399.626000, 1606564399.626000, 1606564404.460000, 1606564404.460000, 1606564445.685000
