read_start,read_end,cpu_start,cpu_end,write_start,write_end
1606557679.426000, 1606557712.873000, 1606557712.873000, 1606557717.618000, 1606557717.618000, 1606557767.264000
1606557767.278000, 1606557772.779000, 1606557772.779000, 1606557777.648000, 1606557777.648000, 1606557799.364000
1606557799.377000, 1606557801.139000, 1606557801.139000, 1606557805.481000, 1606557805.481000, 1606557833.113000
