read_start,read_end,cpu_start,cpu_end,write_start,write_end
1606562383.531000, 1606562478.073000, 1606562478.073000, 1606562483.575000, 1606562483.575000, 1606562653.040000
1606562653.076000, 1606562676.975000, 1606562676.975000, 1606562682.402000, 1606562682.402000, 1606562854.231000
1606562854.663000, 1606562874.666000, 1606562874.666000, 1606562879.690000, 1606562879.690000, 1606563023.238000
