read_start,read_end,cpu_start,cpu_end,write_start,write_end
1606567318.485000, 1606567446.729000, 1606567446.729000, 1606567452.635000, 1606567452.635000, 1606567725.419000
1606567725.433000, 1606567745.047000, 1606567745.047000, 1606567751.120000, 1606567751.120000, 1606567981.703000
1606567981.849000, 1606568013.183000, 1606568013.183000, 1606568018.857000, 1606568018.857000, 1606568063.987000
