read_start,read_end,cpu_start,cpu_end,write_start,write_end
1606567318.476000, 1606567446.502000, 1606567446.502000, 1606567452.321000, 1606567452.321000, 1606567718.473000
1606567718.488000, 1606567743.035000, 1606567743.035000, 1606567749.245000, 1606567749.245000, 1606567981.703000
1606567982.495000, 1606568014.293000, 1606568014.293000, 1606568020.651000, 1606568020.651000, 1606568249.068000
