read_start,read_end,cpu_start,cpu_end,write_start,write_end
1606564486.347000, 1606564597.793000, 1606564597.793000, 1606564603.013000, 1606564603.013000, 1606564779.603000
1606564779.620000, 1606564789.208000, 1606564789.208000, 1606564794.435000, 1606564794.435000, 1606564881.419000
1606564881.439000, 1606564896.966000, 1606564896.966000, 1606564902.305000, 1606564902.305000, 1606565333.178000
