read_start,read_end,cpu_start,cpu_end,write_start,write_end
1606559584.652000, 1606559651.499000, 1606559651.499000, 1606559656.323000, 1606559656.323000, 1606559779.309000
1606559779.331000, 1606559797.903000, 1606559797.903000, 1606559802.884000, 1606559802.884000, 1606559930.274000
1606559930.287000, 1606560019.463000, 1606560019.463000, 1606560024.481000, 1606560024.481000, 1606560066.474000
