read_start,read_end,cpu_start,cpu_end,write_start,write_end
1606560607.758000, 1606560685.548000, 1606560685.548000, 1606560690.892000, 1606560690.892000, 1606560811.588000
1606560811.621000, 1606560832.893000, 1606560832.893000, 1606560838.000000, 1606560838.000000, 1606560965.931000
1606560965.955000, 1606560985.729000, 1606560985.729000, 1606560990.655000, 1606560990.655000, 1606561073.811000
