read_start,read_end,cpu_start,cpu_end,write_start,write_end
1606561137.503000, 1606561221.005000, 1606561221.005000, 1606561226.381000, 1606561226.381000, 1606561363.247000
1606561363.258000, 1606561383.019000, 1606561383.019000, 1606561388.211000, 1606561388.211000, 1606561525.397000
1606561525.431000, 1606561546.708000, 1606561546.708000, 1606561551.718000, 1606561551.718000, 1606561719.690000
