read_start,read_end,cpu_start,cpu_end,write_start,write_end
1606568277.099000, 1606568410.696000, 1606568410.696000, 1606568416.409000, 1606568416.409000, 1606568679.556000
1606568679.571000, 1606568704.852000, 1606568704.852000, 1606568710.282000, 1606568710.282000, 1606568995.323000
1606568995.547000, 1606569027.085000, 1606569027.085000, 1606569032.802000, 1606569032.802000, 1606569244.376000
