read_start,read_end,cpu_start,cpu_end,write_start,write_end
1606562383.548000, 1606562478.272000, 1606562478.272000, 1606562483.907000, 1606562483.907000, 1606562653.039000
1606562653.077000, 1606562676.977000, 1606562676.977000, 1606562682.194000, 1606562682.194000, 1606562839.260000
1606562839.406000, 1606562874.440000, 1606562874.440000, 1606562879.497000, 1606562879.497000, 1606563023.233000
