read_start,read_end,cpu_start,cpu_end,write_start,write_end
1606570301.002000, 1606570445.871000, 1606570445.871000, 1606570451.491000, 1606570451.491000, 1606570689.818000
1606570689.833000, 1606570706.566000, 1606570706.566000, 1606570711.869000, 1606570711.869000, 1606570946.714000
1606570946.829000, 1606570951.762000, 1606570951.762000, 1606570957.738000, 1606570957.738000, 1606571108.291000
