read_start,read_end,cpu_start,cpu_end,write_start,write_end
1606567318.494000, 1606567446.737000, 1606567446.737000, 1606567451.864000, 1606567451.864000, 1606567708.690000
1606567708.725000, 1606567737.488000, 1606567737.488000, 1606567743.284000, 1606567743.284000, 1606567981.646000
1606567981.749000, 1606568015.059000, 1606568015.059000, 1606568021.943000, 1606568021.943000, 1606568241.035000
