read_start,read_end,cpu_start,cpu_end,write_start,write_end
1606562383.534000, 1606562478.257000, 1606562478.257000, 1606562483.520000, 1606562483.520000, 1606562653.040000
1606562653.081000, 1606562676.854000, 1606562676.854000, 1606562682.040000, 1606562682.040000, 1606562854.236000
1606562854.666000, 1606562874.613000, 1606562874.613000, 1606562879.713000, 1606562879.713000, 1606563023.234000
