read_start,read_end,cpu_start,cpu_end,write_start,write_end
1606563726.819000, 1606563832.732000, 1606563832.732000, 1606563837.923000, 1606563837.923000, 1606564003.657000
1606564003.669000, 1606564030.230000, 1606564030.230000, 1606564036.076000, 1606564036.076000, 1606564219.824000
1606564219.853000, 1606564234.078000, 1606564234.078000, 1606564240.120000, 1606564240.120000, 1606564462.126000
