read_start,read_end,cpu_start,cpu_end,write_start,write_end
1606567318.473000, 1606567446.438000, 1606567446.438000, 1606567452.388000, 1606567452.388000, 1606567720.930000
1606567720.943000, 1606567743.835000, 1606567743.835000, 1606567750.814000, 1606567750.814000, 1606567981.703000
1606567982.611000, 1606568014.898000, 1606568014.898000, 1606568021.664000, 1606568021.664000, 1606568239.989000
