read_start,read_end,cpu_start,cpu_end,write_start,write_end
1606563726.816000, 1606563832.643000, 1606563832.643000, 1606563837.835000, 1606563837.835000, 1606564000.927000
1606564000.953000, 1606564028.435000, 1606564028.435000, 1606564034.011000, 1606564034.011000, 1606564212.050000
1606564212.061000, 1606564230.083000, 1606564230.083000, 1606564236.037000, 1606564236.037000, 1606564462.119000
