read_start,read_end,cpu_start,cpu_end,write_start,write_end
1606562383.538000, 1606562478.272000, 1606562478.272000, 1606562483.521000, 1606562483.521000, 1606562653.041000
1606562653.082000, 1606562676.976000, 1606562676.976000, 1606562682.196000, 1606562682.196000, 1606562839.269000
1606562839.408000, 1606562874.142000, 1606562874.142000, 1606562879.209000, 1606562879.209000, 1606563023.028000
