read_start,read_end,cpu_start,cpu_end,write_start,write_end
1606563051.071000, 1606563151.409000, 1606563151.409000, 1606563156.729000, 1606563156.729000, 1606563308.459000
1606563308.476000, 1606563336.805000, 1606563336.805000, 1606563342.607000, 1606563342.607000, 1606563558.942000
1606563558.960000, 1606563567.372000, 1606563567.372000, 1606563572.363000, 1606563572.363000, 1606563703.931000
