read_start,read_end,cpu_start,cpu_end,write_start,write_end
1606574526.516000, 1606574693.812000, 1606574693.812000, 1606574700.539000, 1606574700.539000, 1606575063.539000
1606575063.559000, 1606575171.645000, 1606575171.645000, 1606575176.973000, 1606575176.973000, 1606575424.700000
1606575424.835000, 1606575449.421000, 1606575449.421000, 1606575454.876000, 1606575454.876000, 1606575637.729000
