read_start,read_end,cpu_start,cpu_end,write_start,write_end
1606563051.060000, 1606563151.395000, 1606563151.395000, 1606563156.587000, 1606563156.587000, 1606563308.531000
1606563308.546000, 1606563336.809000, 1606563336.809000, 1606563342.603000, 1606563342.603000, 1606563544.126000
1606563544.167000, 1606563558.837000, 1606563558.837000, 1606563564.299000, 1606563564.299000, 1606563658.567000
