read_start,read_end,cpu_start,cpu_end,write_start,write_end
1606568277.107000, 1606568410.982000, 1606568410.982000, 1606568416.548000, 1606568416.548000, 1606568682.300000
1606568682.314000, 1606568710.487000, 1606568710.487000, 1606568716.729000, 1606568716.729000, 1606568995.263000
1606568995.781000, 1606569027.085000, 1606569027.085000, 1606569032.730000, 1606569032.730000, 1606569244.324000
