read_start,read_end,cpu_start,cpu_end,write_start,write_end
1606572381.416000, 1606572537.465000, 1606572537.465000, 1606572543.728000, 1606572543.728000, 1606572834.436000
1606572834.454000, 1606573020.537000, 1606573020.537000, 1606573025.329000, 1606573025.329000, 1606573127.926000
1606573128.000000, 1606573291.366000, 1606573291.366000, 1606573296.207000, 1606573296.207000, 1606573376.561000
