read_start,read_end,cpu_start,cpu_end,write_start,write_end
1606575669.167000, 1606575841.888000, 1606575841.888000, 1606575848.218000, 1606575848.218000, 1606576152.453000
1606576152.479000, 1606576176.934000, 1606576176.934000, 1606576182.338000, 1606576182.338000, 1606576461.506000
1606576461.565000, 1606576498.133000, 1606576498.133000, 1606576503.346000, 1606576503.346000, 1606576790.912000
