read_start,read_end,cpu_start,cpu_end,write_start,write_end
1606563726.821000, 1606563832.732000, 1606563832.732000, 1606563837.923000, 1606563837.923000, 1606564001.097000
1606564001.128000, 1606564029.046000, 1606564029.046000, 1606564034.594000, 1606564034.594000, 1606564235.160000
1606564235.174000, 1606564269.400000, 1606564269.400000, 1606564274.933000, 1606564274.933000, 1606564462.172000
