read_start,read_end,cpu_start,cpu_end,write_start,write_end
1606559157.507000, 1606559218.793000, 1606559218.793000, 1606559223.531000, 1606559223.531000, 1606559323.739000
1606559323.753000, 1606559329.638000, 1606559329.638000, 1606559335.112000, 1606559335.112000, 1606559439.825000
1606559439.842000, 1606559452.221000, 1606559452.221000, 1606559457.455000, 1606559457.455000, 1606559548.928000
