read_start,read_end,cpu_start,cpu_end,write_start,write_end
1606571352.890000, 1606571503.345000, 1606571503.345000, 1606571508.875000, 1606571508.875000, 1606571748.142000
1606571748.162000, 1606571767.023000, 1606571767.023000, 1606571772.301000, 1606571772.301000, 1606572078.753000
1606572078.836000, 1606572102.506000, 1606572102.506000, 1606572107.559000, 1606572107.559000, 1606572302.639000
