read_start,read_end,cpu_start,cpu_end,write_start,write_end
1606559157.502000, 1606559218.757000, 1606559218.757000, 1606559223.495000, 1606559223.495000, 1606559297.538000
1606559297.552000, 1606559321.419000, 1606559321.419000, 1606559326.557000, 1606559326.557000, 1606559428.058000
1606559428.074000, 1606559440.071000, 1606559440.071000, 1606559445.127000, 1606559445.127000, 1606559515.887000
