read_start,read_end,cpu_start,cpu_end,write_start,write_end
1606558397.103000, 1606558447.240000, 1606558447.240000, 1606558451.904000, 1606558451.904000, 1606558533.103000
1606558533.117000, 1606558544.955000, 1606558544.955000, 1606558550.083000, 1606558550.083000, 1606558621.650000
1606558621.666000, 1606558633.734000, 1606558633.734000, 1606558638.809000, 1606558638.809000, 1606558719.633000
