read_start,read_end,cpu_start,cpu_end,write_start,write_end
1606561137.485000, 1606561220.778000, 1606561220.778000, 1606561225.981000, 1606561225.981000, 1606561353.153000
1606561353.179000, 1606561382.342000, 1606561382.342000, 1606561387.653000, 1606561387.653000, 1606561525.602000
1606561525.623000, 1606561546.722000, 1606561546.722000, 1606561552.852000, 1606561552.852000, 1606561710.591000
