read_start,read_end,cpu_start,cpu_end,write_start,write_end
1606573424.056000, 1606573585.718000, 1606573585.718000, 1606573591.537000, 1606573591.537000, 1606573852.772000
1606573852.787000, 1606573908.699000, 1606573908.699000, 1606573913.846000, 1606573913.846000, 1606574155.373000
1606574155.461000, 1606574243.728000, 1606574243.728000, 1606574249.339000, 1606574249.339000, 1606574496.370000
