read_start,read_end,cpu_start,cpu_end,write_start,write_end
1606567318.492000, 1606567446.737000, 1606567446.737000, 1606567452.082000, 1606567452.082000, 1606567708.688000
1606567708.724000, 1606567737.481000, 1606567737.481000, 1606567743.245000, 1606567743.245000, 1606567981.703000
1606567981.794000, 1606568015.059000, 1606568015.059000, 1606568021.544000, 1606568021.544000, 1606568245.665000
