read_start,read_end,cpu_start,cpu_end,write_start,write_end
1606571352.886000, 1606571503.341000, 1606571503.341000, 1606571508.905000, 1606571508.905000, 1606571790.611000
1606571790.626000, 1606571918.490000, 1606571918.490000, 1606571925.029000, 1606571925.029000, 1606572086.187000
1606572086.813000, 1606572117.648000, 1606572117.648000, 1606572123.723000, 1606572123.723000, 1606572329.715000
