read_start,read_end,cpu_start,cpu_end,write_start,write_end
1606566362.892000, 1606566485.508000, 1606566485.508000, 1606566491.293000, 1606566491.293000, 1606566734.975000
1606566735.020000, 1606566768.090000, 1606566768.090000, 1606566774.016000, 1606566774.016000, 1606567049.682000
1606567049.720000, 1606567202.142000, 1606567202.142000, 1606567207.074000, 1606567207.074000, 1606567291.684000
