read_start,read_end,cpu_start,cpu_end,write_start,write_end
1606558397.103000, 1606558447.224000, 1606558447.224000, 1606558452.396000, 1606558452.396000, 1606558536.150000
1606558536.168000, 1606558546.333000, 1606558546.333000, 1606558551.945000, 1606558551.945000, 1606558622.149000
1606558622.167000, 1606558634.098000, 1606558634.098000, 1606558639.408000, 1606558639.408000, 1606558719.754000
