read_start,read_end,cpu_start,cpu_end,write_start,write_end
1606570301.018000, 1606570445.879000, 1606570445.879000, 1606570451.656000, 1606570451.656000, 1606570701.819000
1606570701.839000, 1606570719.978000, 1606570719.978000, 1606570724.979000, 1606570724.979000, 1606571098.864000
1606571098.979000, 1606571106.966000, 1606571106.966000, 1606571112.044000, 1606571112.044000, 1606571271.194000
