read_start,read_end,cpu_start,cpu_end,write_start,write_end
1606569273.361000, 1606569412.712000, 1606569412.712000, 1606569418.540000, 1606569418.540000, 1606569682.723000
1606569682.760000, 1606569718.788000, 1606569718.788000, 1606569725.869000, 1606569725.869000, 1606569990.990000
1606569991.086000, 1606570017.936000, 1606570017.936000, 1606570022.823000, 1606570022.823000, 1606570256.116000
