read_start,read_end,cpu_start,cpu_end,write_start,write_end
1606564486.337000, 1606564597.528000, 1606564597.528000, 1606564603.345000, 1606564603.345000, 1606564789.769000
1606564789.790000, 1606564815.316000, 1606564815.316000, 1606564820.892000, 1606564820.892000, 1606565287.689000
1606565287.781000, 1606565290.120000, 1606565290.120000, 1606565294.816000, 1606565294.816000, 1606565312.516000
