read_start,read_end,cpu_start,cpu_end,write_start,write_end
1606575669.191000, 1606575842.051000, 1606575842.051000, 1606575848.176000, 1606575848.176000, 1606576151.916000
1606576151.941000, 1606576175.048000, 1606576175.048000, 1606576180.246000, 1606576180.246000, 1606576461.506000
1606576461.546000, 1606576498.146000, 1606576498.146000, 1606576503.489000, 1606576503.489000, 1606576790.813000
