read_start,read_end,cpu_start,cpu_end,write_start,write_end
1606569273.339000, 1606569412.703000, 1606569412.703000, 1606569418.209000, 1606569418.209000, 1606569682.726000
1606569682.796000, 1606569718.722000, 1606569718.722000, 1606569724.513000, 1606569724.513000, 1606570021.486000
1606570021.903000, 1606570113.020000, 1606570113.020000, 1606570117.539000, 1606570117.539000, 1606570273.073000
