read_start,read_end,cpu_start,cpu_end,write_start,write_end
1606574526.536000, 1606574693.815000, 1606574693.815000, 1606574699.771000, 1606574699.771000, 1606574987.991000
1606574988.003000, 1606575051.618000, 1606575051.618000, 1606575057.097000, 1606575057.097000, 1606575170.270000
1606575170.366000, 1606575374.350000, 1606575374.350000, 1606575379.134000, 1606575379.134000, 1606575428.358000
