read_start,read_end,cpu_start,cpu_end,write_start,write_end
1606571352.880000, 1606571503.192000, 1606571503.192000, 1606571509.531000, 1606571509.531000, 1606571749.370000
1606571749.386000, 1606571767.165000, 1606571767.165000, 1606571772.620000, 1606571772.620000, 1606572086.210000
1606572086.828000, 1606572117.651000, 1606572117.651000, 1606572123.787000, 1606572123.787000, 1606572327.611000
