read_start,read_end,cpu_start,cpu_end,write_start,write_end
1606563726.827000, 1606563832.732000, 1606563832.732000, 1606563837.918000, 1606563837.918000, 1606564001.095000
1606564001.131000, 1606564029.989000, 1606564029.989000, 1606564035.472000, 1606564035.472000, 1606564422.533000
1606564422.553000, 1606564446.702000, 1606564446.702000, 1606564451.248000, 1606564451.248000, 1606564461.926000
