read_start,read_end,cpu_start,cpu_end,write_start,write_end
1606564486.337000, 1606564597.472000, 1606564597.472000, 1606564602.935000, 1606564602.935000, 1606564789.798000
1606564789.823000, 1606564815.322000, 1606564815.322000, 1606564820.678000, 1606564820.678000, 1606565123.300000
1606565123.394000, 1606565126.052000, 1606565126.052000, 1606565131.251000, 1606565131.251000, 1606565153.782000
