read_start,read_end,cpu_start,cpu_end,write_start,write_end
1606568277.124000, 1606568410.997000, 1606568410.997000, 1606568416.447000, 1606568416.447000, 1606568680.791000
1606568680.805000, 1606568707.925000, 1606568707.925000, 1606568713.563000, 1606568713.563000, 1606568995.326000
1606568995.774000, 1606569027.112000, 1606569027.112000, 1606569033.627000, 1606569033.627000, 1606569244.380000
