read_start,read_end,cpu_start,cpu_end,write_start,write_end
1606568277.127000, 1606568411.001000, 1606568411.001000, 1606568416.743000, 1606568416.743000, 1606568689.910000
1606568689.924000, 1606568716.387000, 1606568716.387000, 1606568721.438000, 1606568721.438000, 1606568980.682000
1606568980.756000, 1606568995.317000, 1606568995.317000, 1606569001.388000, 1606569001.388000, 1606569053.572000
