read_start,read_end,cpu_start,cpu_end,write_start,write_end
1606559584.659000, 1606559651.553000, 1606559651.553000, 1606559656.843000, 1606559656.843000, 1606559779.241000
1606559779.267000, 1606559798.044000, 1606559798.044000, 1606559803.527000, 1606559803.527000, 1606559892.100000
1606559892.122000, 1606559904.335000, 1606559904.335000, 1606559909.491000, 1606559909.491000, 1606560030.499000
