read_start,read_end,cpu_start,cpu_end,write_start,write_end
1606574526.514000, 1606574693.812000, 1606574693.812000, 1606574700.372000, 1606574700.372000, 1606575058.784000
1606575058.804000, 1606575095.048000, 1606575095.048000, 1606575100.340000, 1606575100.340000, 1606575416.175000
1606575416.301000, 1606575446.142000, 1606575446.142000, 1606575451.861000, 1606575451.861000, 1606575505.853000
