read_start,read_end,cpu_start,cpu_end,write_start,write_end
1606576908.456000, 1606577087.126000, 1606577087.126000, 1606577092.861000, 1606577092.861000, 1606577391.448000
1606577391.466000, 1606577449.390000, 1606577449.390000, 1606577454.163000, 1606577454.163000, 1606577593.483000
1606577593.592000, 1606577697.768000, 1606577697.768000, 1606577702.394000, 1606577702.394000, 1606578008.526000
