read_start,read_end,cpu_start,cpu_end,write_start,write_end
1606572381.416000, 1606572537.002000, 1606572537.002000, 1606572542.775000, 1606572542.775000, 1606572797.887000
1606572797.903000, 1606572821.407000, 1606572821.407000, 1606572827.244000, 1606572827.244000, 1606573000.700000
1606573000.759000, 1606573074.340000, 1606573074.340000, 1606573080.220000, 1606573080.220000, 1606573383.138000
