read_start,read_end,cpu_start,cpu_end,write_start,write_end
1606576908.440000, 1606577087.126000, 1606577087.126000, 1606577093.102000, 1606577093.102000, 1606577385.934000
1606577385.948000, 1606577427.969000, 1606577427.969000, 1606577433.627000, 1606577433.627000, 1606577555.817000
1606577555.908000, 1606577648.281000, 1606577648.281000, 1606577654.371000, 1606577654.371000, 1606578008.537000
