read_start,read_end,cpu_start,cpu_end,write_start,write_end
1606573424.054000, 1606573585.718000, 1606573585.718000, 1606573591.592000, 1606573591.592000, 1606573865.586000
1606573865.601000, 1606573992.371000, 1606573992.371000, 1606573997.421000, 1606573997.421000, 1606574157.061000
1606574157.167000, 1606574244.519000, 1606574244.519000, 1606574250.405000, 1606574250.405000, 1606574496.356000
