read_start,read_end,cpu_start,cpu_end,write_start,write_end
1606572381.430000, 1606572537.512000, 1606572537.512000, 1606572543.909000, 1606572543.909000, 1606572799.789000
1606572799.804000, 1606572822.416000, 1606572822.416000, 1606572828.359000, 1606572828.359000, 1606572993.240000
1606572993.297000, 1606573074.333000, 1606573074.333000, 1606573080.130000, 1606573080.130000, 1606573382.525000
