read_start,read_end,cpu_start,cpu_end,write_start,write_end
1606558397.113000, 1606558447.287000, 1606558447.287000, 1606558452.056000, 1606558452.056000, 1606558533.930000
1606558533.944000, 1606558545.455000, 1606558545.455000, 1606558550.464000, 1606558550.464000, 1606558621.362000
1606558621.377000, 1606558633.289000, 1606558633.289000, 1606558638.505000, 1606558638.505000, 1606558718.532000
