read_start,read_end,cpu_start,cpu_end,write_start,write_end
1606575669.161000, 1606575841.888000, 1606575841.888000, 1606575847.919000, 1606575847.919000, 1606576164.161000
1606576164.185000, 1606576196.538000, 1606576196.538000, 1606576202.280000, 1606576202.280000, 1606576483.421000
1606576483.540000, 1606576519.124000, 1606576519.124000, 1606576523.671000, 1606576523.671000, 1606576787.406000
