read_start,read_end,cpu_start,cpu_end,write_start,write_end
1606557374.468000, 1606557396.802000, 1606557396.802000, 1606557401.395000, 1606557401.395000, 1606557434.749000
1606557434.763000, 1606557439.137000, 1606557439.137000, 1606557443.991000, 1606557443.991000, 1606557472.450000
1606557472.463000, 1606557475.332000, 1606557475.332000, 1606557480.032000, 1606557480.032000, 1606557504.014000
