read_start,read_end,cpu_start,cpu_end,write_start,write_end
1606563726.812000, 1606563832.472000, 1606563832.472000, 1606563837.727000, 1606563837.727000, 1606564001.093000
1606564001.123000, 1606564029.004000, 1606564029.004000, 1606564034.572000, 1606564034.572000, 1606564251.661000
1606564251.677000, 1606564368.826000, 1606564368.826000, 1606564373.251000, 1606564373.251000, 1606564421.675000
