read_start,read_end,cpu_start,cpu_end,write_start,write_end
1606566362.884000, 1606566485.286000, 1606566485.286000, 1606566490.523000, 1606566490.523000, 1606566734.711000
1606566734.764000, 1606566767.913000, 1606566767.913000, 1606566773.422000, 1606566773.422000, 1606567000.331000
1606567000.640000, 1606567031.188000, 1606567031.188000, 1606567036.744000, 1606567036.744000, 1606567254.299000
