read_start,read_end,cpu_start,cpu_end,write_start,write_end
1606568277.104000, 1606568410.803000, 1606568410.803000, 1606568416.039000, 1606568416.039000, 1606568698.133000
1606568698.144000, 1606568762.829000, 1606568762.829000, 1606568767.695000, 1606568767.695000, 1606568995.321000
1606568996.885000, 1606569027.158000, 1606569027.158000, 1606569032.876000, 1606569032.876000, 1606569244.365000
