read_start,read_end,cpu_start,cpu_end,write_start,write_end
1606573424.040000, 1606573585.712000, 1606573585.712000, 1606573591.610000, 1606573591.610000, 1606573834.320000
1606573834.335000, 1606573856.435000, 1606573856.435000, 1606573861.569000, 1606573861.569000, 1606574120.941000
1606574121.011000, 1606574152.400000, 1606574152.400000, 1606574158.759000, 1606574158.759000, 1606574252.631000
