read_start,read_end,cpu_start,cpu_end,write_start,write_end
1606557260.490000, 1606557277.272000, 1606557277.272000, 1606557282.245000, 1606557282.245000, 1606557306.392000
1606557306.405000, 1606557309.724000, 1606557309.724000, 1606557314.529000, 1606557314.529000, 1606557339.378000
1606557339.391000, 1606557341.167000, 1606557341.167000, 1606557345.952000, 1606557345.952000, 1606557356.601000
