read_start,read_end,cpu_start,cpu_end,write_start,write_end
1606557374.468000, 1606557396.809000, 1606557396.809000, 1606557401.785000, 1606557401.785000, 1606557434.391000
1606557434.405000, 1606557438.261000, 1606557438.261000, 1606557443.106000, 1606557443.106000, 1606557466.067000
1606557466.080000, 1606557467.884000, 1606557467.884000, 1606557472.227000, 1606557472.227000, 1606557490.745000
