read_start,read_end,cpu_start,cpu_end,write_start,write_end
1606558099.106000, 1606558143.701000, 1606558143.701000, 1606558148.438000, 1606558148.438000, 1606558205.099000
1606558205.123000, 1606558215.793000, 1606558215.793000, 1606558220.682000, 1606558220.682000, 1606558289.401000
1606558289.420000, 1606558300.140000, 1606558300.140000, 1606558305.180000, 1606558305.180000, 1606558383.542000
