read_start,read_end,cpu_start,cpu_end,write_start,write_end
1606576908.428000, 1606577087.126000, 1606577087.126000, 1606577093.231000, 1606577093.231000, 1606577499.640000
1606577499.655000, 1606577612.102000, 1606577612.102000, 1606577617.818000, 1606577617.818000, 1606578055.144000
1606578055.199000, 1606578057.613000, 1606578057.613000, 1606578061.987000, 1606578061.987000, 1606578075.081000
