read_start,read_end,cpu_start,cpu_end,write_start,write_end
1606569273.341000, 1606569412.705000, 1606569412.705000, 1606569418.101000, 1606569418.101000, 1606569682.727000
1606569682.787000, 1606569718.608000, 1606569718.608000, 1606569724.351000, 1606569724.351000, 1606570021.488000
1606570021.897000, 1606570113.042000, 1606570113.042000, 1606570117.783000, 1606570117.783000, 1606570273.079000
