read_start,read_end,cpu_start,cpu_end,write_start,write_end
1606560082.053000, 1606560154.348000, 1606560154.348000, 1606560159.252000, 1606560159.252000, 1606560304.978000
1606560304.996000, 1606560318.534000, 1606560318.534000, 1606560323.546000, 1606560323.546000, 1606560457.584000
1606560457.596000, 1606560466.099000, 1606560466.099000, 1606560471.609000, 1606560471.609000, 1606560590.419000
