read_start,read_end,cpu_start,cpu_end,write_start,write_end
1606576908.423000, 1606577087.125000, 1606577087.125000, 1606577093.995000, 1606577093.995000, 1606577502.681000
1606577502.696000, 1606577612.454000, 1606577612.454000, 1606577617.291000, 1606577617.291000, 1606577919.323000
1606577919.407000, 1606577938.448000, 1606577938.448000, 1606577943.899000, 1606577943.899000, 1606577991.316000
