read_start,read_end,cpu_start,cpu_end,write_start,write_end
1606570300.991000, 1606570445.570000, 1606570445.570000, 1606570451.193000, 1606570451.193000, 1606570684.391000
1606570684.410000, 1606570699.585000, 1606570699.585000, 1606570705.741000, 1606570705.741000, 1606570931.357000
1606570931.588000, 1606570946.537000, 1606570946.537000, 1606570953.076000, 1606570953.076000, 1606571108.291000
