read_start,read_end,cpu_start,cpu_end,write_start,write_end
1606567318.494000, 1606567446.737000, 1606567446.737000, 1606567452.182000, 1606567452.182000, 1606567713.134000
1606567713.149000, 1606567741.063000, 1606567741.063000, 1606567747.137000, 1606567747.137000, 1606567981.703000
1606567982.263000, 1606568015.070000, 1606568015.070000, 1606568020.840000, 1606568020.840000, 1606568249.068000
