read_start,read_end,cpu_start,cpu_end,write_start,write_end
1606570301.019000, 1606570445.879000, 1606570445.879000, 1606570451.628000, 1606570451.628000, 1606570693.678000
1606570693.692000, 1606570711.813000, 1606570711.813000, 1606570717.656000, 1606570717.656000, 1606571098.869000
1606571098.950000, 1606571106.916000, 1606571106.916000, 1606571112.486000, 1606571112.486000, 1606571271.194000
