read_start,read_end,cpu_start,cpu_end,write_start,write_end
1606570300.992000, 1606570445.568000, 1606570445.568000, 1606570451.154000, 1606570451.154000, 1606570684.330000
1606570684.343000, 1606570699.576000, 1606570699.576000, 1606570706.011000, 1606570706.011000, 1606570931.352000
1606570931.651000, 1606570946.561000, 1606570946.561000, 1606570951.699000, 1606570951.699000, 1606571108.292000
