read_start,read_end,cpu_start,cpu_end,write_start,write_end
1606574526.521000, 1606574693.815000, 1606574693.815000, 1606574699.825000, 1606574699.825000, 1606574965.413000
1606574965.437000, 1606574985.646000, 1606574985.646000, 1606574990.678000, 1606574990.678000, 1606575062.654000
1606575062.694000, 1606575168.885000, 1606575168.885000, 1606575174.720000, 1606575174.720000, 1606575416.160000
