read_start,read_end,cpu_start,cpu_end,write_start,write_end
1606559584.646000, 1606559651.430000, 1606559651.430000, 1606559656.169000, 1606559656.169000, 1606559779.655000
1606559779.668000, 1606559798.077000, 1606559798.077000, 1606559803.584000, 1606559803.584000, 1606559892.098000
1606559892.121000, 1606559904.329000, 1606559904.329000, 1606559909.508000, 1606559909.508000, 1606560019.001000
