read_start,read_end,cpu_start,cpu_end,write_start,write_end
1606557513.667000, 1606557541.578000, 1606557541.578000, 1606557546.188000, 1606557546.188000, 1606557592.478000
1606557592.492000, 1606557594.605000, 1606557594.605000, 1606557600.144000, 1606557600.144000, 1606557633.937000
1606557633.952000, 1606557639.271000, 1606557639.271000, 1606557644.587000, 1606557644.587000, 1606557672.662000
