read_start,read_end,cpu_start,cpu_end,write_start,write_end
1606560607.774000, 1606560685.796000, 1606560685.796000, 1606560691.184000, 1606560691.184000, 1606560811.830000
1606560811.861000, 1606560833.042000, 1606560833.042000, 1606560838.184000, 1606560838.184000, 1606560965.706000
1606560965.738000, 1606560985.685000, 1606560985.685000, 1606560990.720000, 1606560990.720000, 1606561119.215000
