read_start,read_end,cpu_start,cpu_end,write_start,write_end
1606576908.442000, 1606577087.126000, 1606577087.126000, 1606577093.062000, 1606577093.062000, 1606577392.243000
1606577392.260000, 1606577452.222000, 1606577452.222000, 1606577457.052000, 1606577457.052000, 1606577595.092000
1606577595.201000, 1606577701.168000, 1606577701.168000, 1606577705.664000, 1606577705.664000, 1606578050.983000
