read_start,read_end,cpu_start,cpu_end,write_start,write_end
1606575669.179000, 1606575842.048000, 1606575842.048000, 1606575848.768000, 1606575848.768000, 1606576157.569000
1606576157.592000, 1606576187.431000, 1606576187.431000, 1606576193.736000, 1606576193.736000, 1606576462.178000
1606576462.427000, 1606576499.097000, 1606576499.097000, 1606576504.752000, 1606576504.752000, 1606576790.872000
