read_start,read_end,cpu_start,cpu_end,write_start,write_end
1606573424.051000, 1606573585.712000, 1606573585.712000, 1606573591.677000, 1606573591.677000, 1606573835.652000
1606573835.666000, 1606573861.219000, 1606573861.219000, 1606573866.887000, 1606573866.887000, 1606574120.943000
1606574121.043000, 1606574152.324000, 1606574152.324000, 1606574158.023000, 1606574158.023000, 1606574252.055000
