read_start,read_end,cpu_start,cpu_end,write_start,write_end
1606565409.612000, 1606565526.370000, 1606565526.370000, 1606565531.691000, 1606565531.691000, 1606565792.150000
1606565792.182000, 1606565828.297000, 1606565828.297000, 1606565834.904000, 1606565834.904000, 1606566014.013000
1606566014.085000, 1606566019.316000, 1606566019.316000, 1606566025.443000, 1606566025.443000, 1606566084.031000
