read_start,read_end,cpu_start,cpu_end,write_start,write_end
1606559584.654000, 1606559651.549000, 1606559651.549000, 1606559656.812000, 1606559656.812000, 1606559779.233000
1606559779.258000, 1606559798.041000, 1606559798.041000, 1606559802.954000, 1606559802.954000, 1606559892.101000
1606559892.124000, 1606559904.142000, 1606559904.142000, 1606559909.320000, 1606559909.320000, 1606560011.815000
