read_start,read_end,cpu_start,cpu_end,write_start,write_end
1606561740.070000, 1606561828.966000, 1606561828.966000, 1606561834.296000, 1606561834.296000, 1606561927.465000
1606561927.481000, 1606561997.118000, 1606561997.118000, 1606562002.251000, 1606562002.251000, 1606562059.883000
1606562059.898000, 1606562154.603000, 1606562154.603000, 1606562159.634000, 1606562159.634000, 1606562206.168000
