read_start,read_end,cpu_start,cpu_end,write_start,write_end
1606575669.187000, 1606575842.051000, 1606575842.051000, 1606575847.411000, 1606575847.411000, 1606575966.429000
1606575966.444000, 1606576008.529000, 1606576008.529000, 1606576013.550000, 1606576013.550000, 1606576162.577000
1606576162.663000, 1606576194.658000, 1606576194.658000, 1606576200.256000, 1606576200.256000, 1606576653.405000
