read_start,read_end,cpu_start,cpu_end,write_start,write_end
1606559584.661000, 1606559651.550000, 1606559651.550000, 1606559656.921000, 1606559656.921000, 1606559779.234000
1606559779.259000, 1606559798.039000, 1606559798.039000, 1606559803.123000, 1606559803.123000, 1606559892.900000
1606559892.915000, 1606559904.835000, 1606559904.835000, 1606559909.978000, 1606559909.978000, 1606560019.013000
