read_start,read_end,cpu_start,cpu_end,write_start,write_end
1606561137.483000, 1606561220.805000, 1606561220.805000, 1606561226.018000, 1606561226.018000, 1606561353.153000
1606561353.179000, 1606561382.342000, 1606561382.342000, 1606561387.728000, 1606561387.728000, 1606561525.397000
1606561525.432000, 1606561546.639000, 1606561546.639000, 1606561551.703000, 1606561551.703000, 1606561694.334000
