read_start,read_end,cpu_start,cpu_end,write_start,write_end
1606557679.421000, 1606557712.861000, 1606557712.861000, 1606557718.081000, 1606557718.081000, 1606557768.485000
1606557768.503000, 1606557776.150000, 1606557776.150000, 1606557781.614000, 1606557781.614000, 1606557824.650000
1606557824.664000, 1606557828.602000, 1606557828.602000, 1606557833.502000, 1606557833.502000, 1606557862.859000
