read_start,read_end,cpu_start,cpu_end,write_start,write_end
1606561740.071000, 1606561828.928000, 1606561828.928000, 1606561834.339000, 1606561834.339000, 1606562013.759000
1606562013.773000, 1606562151.875000, 1606562151.875000, 1606562156.834000, 1606562156.834000, 1606562208.174000
1606562208.195000, 1606562291.757000, 1606562291.757000, 1606562297.641000, 1606562297.641000, 1606562328.922000
