read_start,read_end,cpu_start,cpu_end,write_start,write_end
1606563726.834000, 1606563832.737000, 1606563832.737000, 1606563837.922000, 1606563837.922000, 1606564001.097000
1606564001.133000, 1606564029.950000, 1606564029.950000, 1606564035.674000, 1606564035.674000, 1606564211.005000
1606564211.030000, 1606564228.154000, 1606564228.154000, 1606564233.661000, 1606564233.661000, 1606564422.606000
