read_start,read_end,cpu_start,cpu_end,write_start,write_end
1606569273.351000, 1606569412.707000, 1606569412.707000, 1606569418.574000, 1606569418.574000, 1606569682.726000
1606569682.788000, 1606569718.754000, 1606569718.754000, 1606569724.496000, 1606569724.496000, 1606569961.890000
1606569961.952000, 1606569974.467000, 1606569974.467000, 1606569979.477000, 1606569979.477000, 1606570085.414000
