read_start,read_end,cpu_start,cpu_end,write_start,write_end
1606566362.908000, 1606566485.513000, 1606566485.513000, 1606566491.452000, 1606566491.452000, 1606566734.711000
1606566734.764000, 1606566768.017000, 1606566768.017000, 1606566773.552000, 1606566773.552000, 1606567000.331000
1606567000.688000, 1606567031.148000, 1606567031.148000, 1606567036.826000, 1606567036.826000, 1606567292.452000
