read_start,read_end,cpu_start,cpu_end,write_start,write_end
1606562383.550000, 1606562478.274000, 1606562478.274000, 1606562483.536000, 1606562483.536000, 1606562653.040000
1606562653.081000, 1606562676.977000, 1606562676.977000, 1606562682.215000, 1606562682.215000, 1606562839.262000
1606562839.408000, 1606562874.256000, 1606562874.256000, 1606562879.303000, 1606562879.303000, 1606563023.035000
