read_start,read_end,cpu_start,cpu_end,write_start,write_end
1606561137.483000, 1606561220.697000, 1606561220.697000, 1606561225.967000, 1606561225.967000, 1606561392.398000
1606561392.412000, 1606561513.772000, 1606561513.772000, 1606561518.791000, 1606561518.791000, 1606561575.523000
1606561575.614000, 1606561676.120000, 1606561676.120000, 1606561681.320000, 1606561681.320000, 1606561718.907000
