read_start,read_end,cpu_start,cpu_end,write_start,write_end
1606571352.901000, 1606571503.348000, 1606571503.348000, 1606571509.627000, 1606571509.627000, 1606571748.370000
1606571748.393000, 1606571767.062000, 1606571767.062000, 1606571772.319000, 1606571772.319000, 1606572079.814000
1606572079.904000, 1606572105.052000, 1606572105.052000, 1606572110.175000, 1606572110.175000, 1606572303.560000
