read_start,read_end,cpu_start,cpu_end,write_start,write_end
1606573424.036000, 1606573585.709000, 1606573585.709000, 1606573592.140000, 1606573592.140000, 1606573865.637000
1606573865.654000, 1606573992.415000, 1606573992.415000, 1606573997.355000, 1606573997.355000, 1606574155.057000
1606574155.119000, 1606574187.324000, 1606574187.324000, 1606574193.052000, 1606574193.052000, 1606574447.288000
