read_start,read_end,cpu_start,cpu_end,write_start,write_end
1606573424.039000, 1606573585.712000, 1606573585.712000, 1606573592.093000, 1606573592.093000, 1606573865.662000
1606573865.672000, 1606573992.437000, 1606573992.437000, 1606573997.362000, 1606573997.362000, 1606574155.460000
1606574155.885000, 1606574243.992000, 1606574243.992000, 1606574249.426000, 1606574249.426000, 1606574496.376000
