read_start,read_end,cpu_start,cpu_end,write_start,write_end
1606572381.420000, 1606572537.496000, 1606572537.496000, 1606572543.311000, 1606572543.311000, 1606572805.935000
1606572805.951000, 1606572829.915000, 1606572829.915000, 1606572836.064000, 1606572836.064000, 1606573049.726000
1606573049.811000, 1606573116.373000, 1606573116.373000, 1606573121.533000, 1606573121.533000, 1606573341.669000
