read_start,read_end,cpu_start,cpu_end,write_start,write_end
1606561137.496000, 1606561220.998000, 1606561220.998000, 1606561226.278000, 1606561226.278000, 1606561360.859000
1606561360.879000, 1606561382.391000, 1606561382.391000, 1606561387.681000, 1606561387.681000, 1606561525.594000
1606561525.615000, 1606561546.727000, 1606561546.727000, 1606561552.930000, 1606561552.930000, 1606561710.591000
