read_start,read_end,cpu_start,cpu_end,write_start,write_end
1606574526.507000, 1606574693.590000, 1606574693.590000, 1606574699.383000, 1606574699.383000, 1606574972.323000
1606574972.342000, 1606575014.774000, 1606575014.774000, 1606575019.696000, 1606575019.696000, 1606575072.119000
1606575072.166000, 1606575221.564000, 1606575221.564000, 1606575226.046000, 1606575226.046000, 1606575417.723000
