read_start,read_end,cpu_start,cpu_end,write_start,write_end
1606574526.504000, 1606574693.469000, 1606574693.469000, 1606574699.758000, 1606574699.758000, 1606575065.166000
1606575065.187000, 1606575178.675000, 1606575178.675000, 1606575183.738000, 1606575183.738000, 1606575433.314000
1606575433.449000, 1606575451.496000, 1606575451.496000, 1606575456.823000, 1606575456.823000, 1606575636.209000
