read_start,read_end,cpu_start,cpu_end,write_start,write_end
1606574526.535000, 1606574693.815000, 1606574693.815000, 1606574700.341000, 1606574700.341000, 1606575056.229000
1606575056.248000, 1606575089.496000, 1606575089.496000, 1606575095.259000, 1606575095.259000, 1606575417.713000
1606575418.109000, 1606575447.002000, 1606575447.002000, 1606575452.875000, 1606575452.875000, 1606575637.728000
