read_start,read_end,cpu_start,cpu_end,write_start,write_end
1606564486.361000, 1606564597.808000, 1606564597.808000, 1606564602.978000, 1606564602.978000, 1606564789.798000
1606564789.824000, 1606564815.326000, 1606564815.326000, 1606564820.793000, 1606564820.793000, 1606565158.886000
1606565158.983000, 1606565162.206000, 1606565162.206000, 1606565167.322000, 1606565167.322000, 1606565185.747000
