read_start,read_end,cpu_start,cpu_end,write_start,write_end
1606567318.479000, 1606567446.591000, 1606567446.591000, 1606567452.447000, 1606567452.447000, 1606567710.923000
1606567710.937000, 1606567739.294000, 1606567739.294000, 1606567745.509000, 1606567745.509000, 1606567981.648000
1606567981.822000, 1606568015.060000, 1606568015.060000, 1606568021.818000, 1606568021.818000, 1606568243.393000
