read_start,read_end,cpu_start,cpu_end,write_start,write_end
1606563726.831000, 1606563832.720000, 1606563832.720000, 1606563837.906000, 1606563837.906000, 1606564001.096000
1606564001.132000, 1606564029.983000, 1606564029.983000, 1606564036.012000, 1606564036.012000, 1606564217.977000
1606564217.996000, 1606564233.797000, 1606564233.797000, 1606564239.746000, 1606564239.746000, 1606564462.120000
