read_start,read_end,cpu_start,cpu_end,write_start,write_end
1606564486.352000, 1606564597.808000, 1606564597.808000, 1606564603.277000, 1606564603.277000, 1606564790.363000
1606564790.393000, 1606564815.442000, 1606564815.442000, 1606564821.110000, 1606564821.110000, 1606565333.178000
1606565333.282000, 1606565338.326000, 1606565338.326000, 1606565343.555000, 1606565343.555000, 1606565383.897000
