read_start,read_end,cpu_start,cpu_end,write_start,write_end
1606561137.494000, 1606561220.998000, 1606561220.998000, 1606561226.226000, 1606561226.226000, 1606561360.697000
1606561360.722000, 1606561382.356000, 1606561382.356000, 1606561387.889000, 1606561387.889000, 1606561525.397000
1606561525.434000, 1606561546.720000, 1606561546.720000, 1606561551.779000, 1606561551.779000, 1606561676.159000
