read_start,read_end,cpu_start,cpu_end,write_start,write_end
1606574526.502000, 1606574693.466000, 1606574693.466000, 1606574698.846000, 1606574698.846000, 1606574944.696000
1606574944.715000, 1606574951.460000, 1606574951.460000, 1606574955.938000, 1606574955.938000, 1606575035.622000
1606575035.685000, 1606575065.529000, 1606575065.529000, 1606575070.820000, 1606575070.820000, 1606575403.279000
