read_start,read_end,cpu_start,cpu_end,write_start,write_end
1606567318.483000, 1606567446.729000, 1606567446.729000, 1606567452.499000, 1606567452.499000, 1606567710.993000
1606567711.009000, 1606567739.363000, 1606567739.363000, 1606567745.276000, 1606567745.276000, 1606567981.646000
1606567981.943000, 1606568015.048000, 1606568015.048000, 1606568021.355000, 1606568021.355000, 1606568249.068000
