read_start,read_end,cpu_start,cpu_end,write_start,write_end
1606573424.024000, 1606573585.574000, 1606573585.574000, 1606573591.599000, 1606573591.599000, 1606573832.290000
1606573832.307000, 1606573850.414000, 1606573850.414000, 1606573855.626000, 1606573855.626000, 1606574120.937000
1606574120.967000, 1606574152.454000, 1606574152.454000, 1606574157.554000, 1606574157.554000, 1606574257.462000
