read_start,read_end,cpu_start,cpu_end,write_start,write_end
1606576908.411000, 1606577086.741000, 1606577086.741000, 1606577092.575000, 1606577092.575000, 1606577356.603000
1606577356.623000, 1606577367.485000, 1606577367.485000, 1606577372.238000, 1606577372.238000, 1606577431.566000
1606577431.662000, 1606577523.353000, 1606577523.353000, 1606577528.282000, 1606577528.282000, 1606577735.763000
