read_start,read_end,cpu_start,cpu_end,write_start,write_end
1606576908.449000, 1606577087.126000, 1606577087.126000, 1606577093.112000, 1606577093.112000, 1606577398.384000
1606577398.400000, 1606577502.389000, 1606577502.389000, 1606577507.905000, 1606577507.905000, 1606577735.773000
1606577735.926000, 1606577890.772000, 1606577890.772000, 1606577896.332000, 1606577896.332000, 1606578053.955000
