read_start,read_end,cpu_start,cpu_end,write_start,write_end
1606574526.540000, 1606574693.817000, 1606574693.817000, 1606574699.830000, 1606574699.830000, 1606574965.648000
1606574965.663000, 1606574985.655000, 1606574985.655000, 1606574990.667000, 1606574990.667000, 1606575052.890000
1606575052.950000, 1606575080.942000, 1606575080.942000, 1606575086.200000, 1606575086.200000, 1606575417.720000
