read_start,read_end,cpu_start,cpu_end,write_start,write_end
1606576908.414000, 1606577086.926000, 1606577086.926000, 1606577092.688000, 1606577092.688000, 1606577386.409000
1606577386.424000, 1606577429.535000, 1606577429.535000, 1606577435.273000, 1606577435.273000, 1606577572.000000
1606577572.108000, 1606577648.998000, 1606577648.998000, 1606577654.700000, 1606577654.700000, 1606578008.529000
