read_start,read_end,cpu_start,cpu_end,write_start,write_end
1606562383.540000, 1606562478.272000, 1606562478.272000, 1606562483.640000, 1606562483.640000, 1606562653.042000
1606562653.076000, 1606562676.977000, 1606562676.977000, 1606562682.238000, 1606562682.238000, 1606562854.222000
1606562854.649000, 1606562874.667000, 1606562874.667000, 1606562879.767000, 1606562879.767000, 1606563023.027000
