read_start,read_end,cpu_start,cpu_end,write_start,write_end
1606558397.114000, 1606558447.288000, 1606558447.288000, 1606558452.024000, 1606558452.024000, 1606558529.575000
1606558529.591000, 1606558544.139000, 1606558544.139000, 1606558549.463000, 1606558549.463000, 1606558620.963000
1606558620.984000, 1606558633.088000, 1606558633.088000, 1606558638.130000, 1606558638.130000, 1606558723.567000
