read_start,read_end,cpu_start,cpu_end,write_start,write_end
1606568277.106000, 1606568410.853000, 1606568410.853000, 1606568416.738000, 1606568416.738000, 1606568687.932000
1606568687.946000, 1606568715.280000, 1606568715.280000, 1606568720.966000, 1606568720.966000, 1606568995.323000
1606568996.282000, 1606569026.747000, 1606569026.747000, 1606569032.425000, 1606569032.425000, 1606569244.413000
