read_start,read_end,cpu_start,cpu_end,write_start,write_end
1606558397.105000, 1606558447.193000, 1606558447.193000, 1606558452.467000, 1606558452.467000, 1606558535.924000
1606558535.938000, 1606558546.288000, 1606558546.288000, 1606558551.861000, 1606558551.861000, 1606558622.104000
1606558622.119000, 1606558634.083000, 1606558634.083000, 1606558639.428000, 1606558639.428000, 1606558719.597000
