read_start,read_end,cpu_start,cpu_end,write_start,write_end
1606561740.087000, 1606561829.196000, 1606561829.196000, 1606561834.504000, 1606561834.504000, 1606561973.923000
1606561973.950000, 1606562002.185000, 1606562002.185000, 1606562008.274000, 1606562008.274000, 1606562163.221000
1606562163.249000, 1606562206.581000, 1606562206.581000, 1606562212.694000, 1606562212.694000, 1606562303.256000
