read_start,read_end,cpu_start,cpu_end,write_start,write_end
1606568277.099000, 1606568410.633000, 1606568410.633000, 1606568416.259000, 1606568416.259000, 1606568666.621000
1606568666.637000, 1606568679.952000, 1606568679.952000, 1606568684.850000, 1606568684.850000, 1606568759.688000
1606568759.705000, 1606568895.362000, 1606568895.362000, 1606568899.910000, 1606568899.910000, 1606568987.550000
