read_start,read_end,cpu_start,cpu_end,write_start,write_end
1606570301.020000, 1606570445.879000, 1606570445.879000, 1606570451.680000, 1606570451.680000, 1606570708.499000
1606570708.516000, 1606570808.686000, 1606570808.686000, 1606570814.223000, 1606570814.223000, 1606571258.094000
1606571258.160000, 1606571260.198000, 1606571260.198000, 1606571264.781000, 1606571264.781000, 1606571317.694000
