read_start,read_end,cpu_start,cpu_end,write_start,write_end
1606563726.822000, 1606563832.732000, 1606563832.732000, 1606563837.924000, 1606563837.924000, 1606564000.996000
1606564001.014000, 1606564028.718000, 1606564028.718000, 1606564034.359000, 1606564034.359000, 1606564269.000000
1606564269.015000, 1606564399.623000, 1606564399.623000, 1606564404.438000, 1606564404.438000, 1606564447.075000
