read_start,read_end,cpu_start,cpu_end,write_start,write_end
1606563051.064000, 1606563151.403000, 1606563151.403000, 1606563156.811000, 1606563156.811000, 1606563308.509000
1606563308.525000, 1606563336.820000, 1606563336.820000, 1606563342.655000, 1606563342.655000, 1606563544.127000
1606563544.169000, 1606563558.895000, 1606563558.895000, 1606563564.360000, 1606563564.360000, 1606563669.394000
