read_start,read_end,cpu_start,cpu_end,write_start,write_end
1606569273.347000, 1606569412.707000, 1606569412.707000, 1606569418.875000, 1606569418.875000, 1606569682.727000
1606569682.788000, 1606569718.663000, 1606569718.663000, 1606569724.128000, 1606569724.128000, 1606570021.518000
1606570021.954000, 1606570116.938000, 1606570116.938000, 1606570121.868000, 1606570121.868000, 1606570273.071000
