read_start,read_end,cpu_start,cpu_end,write_start,write_end
1606561740.084000, 1606561829.190000, 1606561829.190000, 1606561834.689000, 1606561834.689000, 1606561981.885000
1606561981.899000, 1606562003.073000, 1606562003.073000, 1606562009.076000, 1606562009.076000, 1606562259.437000
1606562259.500000, 1606562308.541000, 1606562308.541000, 1606562313.490000, 1606562313.490000, 1606562361.964000
