read_start,read_end,cpu_start,cpu_end,write_start,write_end
1606567318.498000, 1606567446.739000, 1606567446.739000, 1606567452.060000, 1606567452.060000, 1606567708.687000
1606567708.723000, 1606567737.471000, 1606567737.471000, 1606567743.264000, 1606567743.264000, 1606567981.646000
1606567981.741000, 1606568015.058000, 1606568015.058000, 1606568020.765000, 1606568020.765000, 1606568249.265000
