read_start,read_end,cpu_start,cpu_end,write_start,write_end
1606560607.764000, 1606560685.690000, 1606560685.690000, 1606560690.885000, 1606560690.885000, 1606560811.588000
1606560811.623000, 1606560832.921000, 1606560832.921000, 1606560838.313000, 1606560838.313000, 1606560965.706000
1606560965.741000, 1606560985.676000, 1606560985.676000, 1606560990.668000, 1606560990.668000, 1606561073.884000
