read_start,read_end,cpu_start,cpu_end,write_start,write_end
1606558099.110000, 1606558143.704000, 1606558143.704000, 1606558148.439000, 1606558148.439000, 1606558205.104000
1606558205.128000, 1606558215.785000, 1606558215.785000, 1606558220.675000, 1606558220.675000, 1606558293.849000
1606558293.862000, 1606558301.936000, 1606558301.936000, 1606558307.136000, 1606558307.136000, 1606558383.272000
