read_start,read_end,cpu_start,cpu_end,write_start,write_end
1606560082.064000, 1606560154.484000, 1606560154.484000, 1606560159.910000, 1606560159.910000, 1606560297.367000
1606560297.406000, 1606560317.247000, 1606560317.247000, 1606560322.365000, 1606560322.365000, 1606560473.134000
1606560473.148000, 1606560557.479000, 1606560557.479000, 1606560562.144000, 1606560562.144000, 1606560588.924000
