read_start,read_end,cpu_start,cpu_end,write_start,write_end
1606575669.192000, 1606575842.051000, 1606575842.051000, 1606575847.412000, 1606575847.412000, 1606576164.171000
1606576164.186000, 1606576196.587000, 1606576196.587000, 1606576202.527000, 1606576202.527000, 1606576778.643000
1606576778.748000, 1606576790.532000, 1606576790.532000, 1606576795.755000, 1606576795.755000, 1606576872.953000
