read_start,read_end,cpu_start,cpu_end,write_start,write_end
1606576908.446000, 1606577087.126000, 1606577087.126000, 1606577093.033000, 1606577093.033000, 1606577376.547000
1606577376.562000, 1606577389.825000, 1606577389.825000, 1606577394.882000, 1606577394.882000, 1606577519.380000
1606577519.397000, 1606577642.514000, 1606577642.514000, 1606577648.231000, 1606577648.231000, 1606578055.155000
