read_start,read_end,cpu_start,cpu_end,write_start,write_end
1606570300.997000, 1606570445.701000, 1606570445.701000, 1606570451.332000, 1606570451.332000, 1606570684.390000
1606570684.410000, 1606570699.580000, 1606570699.580000, 1606570705.481000, 1606570705.481000, 1606570931.351000
1606570931.649000, 1606570946.560000, 1606570946.560000, 1606570953.182000, 1606570953.182000, 1606571108.292000
