read_start,read_end,cpu_start,cpu_end,write_start,write_end
1606572381.417000, 1606572537.261000, 1606572537.261000, 1606572542.780000, 1606572542.780000, 1606572797.892000
1606572797.909000, 1606572821.399000, 1606572821.399000, 1606572827.176000, 1606572827.176000, 1606572989.874000
1606572989.922000, 1606573074.311000, 1606573074.311000, 1606573080.517000, 1606573080.517000, 1606573382.484000
