read_start,read_end,cpu_start,cpu_end,write_start,write_end
1606575669.197000, 1606575842.051000, 1606575842.051000, 1606575848.787000, 1606575848.787000, 1606576158.693000
1606576158.716000, 1606576189.087000, 1606576189.087000, 1606576195.906000, 1606576195.906000, 1606576707.540000
1606576707.625000, 1606576715.466000, 1606576715.466000, 1606576720.791000, 1606576720.791000, 1606576776.085000
