read_start,read_end,cpu_start,cpu_end,write_start,write_end
1606568277.114000, 1606568410.997000, 1606568410.997000, 1606568416.171000, 1606568416.171000, 1606568672.136000
1606568672.150000, 1606568689.255000, 1606568689.255000, 1606568694.571000, 1606568694.571000, 1606568956.917000
1606568956.936000, 1606568963.826000, 1606568963.826000, 1606568968.309000, 1606568968.309000, 1606568997.096000
