read_start,read_end,cpu_start,cpu_end,write_start,write_end
1606562383.536000, 1606562478.272000, 1606562478.272000, 1606562483.761000, 1606562483.761000, 1606562653.039000
1606562653.075000, 1606562676.973000, 1606562676.973000, 1606562682.171000, 1606562682.171000, 1606562839.265000
1606562839.406000, 1606562873.906000, 1606562873.906000, 1606562878.899000, 1606562878.899000, 1606563023.027000
