read_start,read_end,cpu_start,cpu_end,write_start,write_end
1606568277.119000, 1606568410.997000, 1606568410.997000, 1606568416.347000, 1606568416.347000, 1606568677.566000
1606568677.584000, 1606568698.116000, 1606568698.116000, 1606568703.113000, 1606568703.113000, 1606568979.961000
1606568979.977000, 1606568988.172000, 1606568988.172000, 1606568992.652000, 1606568992.652000, 1606569073.285000
