read_start,read_end,cpu_start,cpu_end,write_start,write_end
1606559584.646000, 1606559651.288000, 1606559651.288000, 1606559656.022000, 1606559656.022000, 1606559779.145000
1606559779.160000, 1606559796.686000, 1606559796.686000, 1606559801.587000, 1606559801.587000, 1606559824.578000
1606559824.591000, 1606559893.104000, 1606559893.104000, 1606559897.923000, 1606559897.923000, 1606559929.301000
