read_start,read_end,cpu_start,cpu_end,write_start,write_end
1606573424.020000, 1606573585.483000, 1606573585.483000, 1606573591.804000, 1606573591.804000, 1606573839.610000
1606573839.628000, 1606573867.385000, 1606573867.385000, 1606573873.907000, 1606573873.907000, 1606574173.262000
1606574173.351000, 1606574291.196000, 1606574291.196000, 1606574295.842000, 1606574295.842000, 1606574496.441000
