read_start,read_end,cpu_start,cpu_end,write_start,write_end
1606563726.825000, 1606563832.734000, 1606563832.734000, 1606563837.952000, 1606563837.952000, 1606564001.292000
1606564001.324000, 1606564030.028000, 1606564030.028000, 1606564035.809000, 1606564035.809000, 1606564211.780000
1606564211.801000, 1606564229.809000, 1606564229.809000, 1606564235.846000, 1606564235.846000, 1606564462.120000
