read_start,read_end,cpu_start,cpu_end,write_start,write_end
1606563051.071000, 1606563151.408000, 1606563151.408000, 1606563156.564000, 1606563156.564000, 1606563306.593000
1606563306.609000, 1606563336.658000, 1606563336.658000, 1606563342.521000, 1606563342.521000, 1606563558.954000
1606563558.972000, 1606563567.376000, 1606563567.376000, 1606563572.490000, 1606563572.490000, 1606563696.893000
