read_start,read_end,cpu_start,cpu_end,write_start,write_end
1606573424.019000, 1606573585.432000, 1606573585.432000, 1606573591.553000, 1606573591.553000, 1606573858.173000
1606573858.186000, 1606573954.499000, 1606573954.499000, 1606573959.088000, 1606573959.088000, 1606574155.534000
1606574156.261000, 1606574244.105000, 1606574244.105000, 1606574249.993000, 1606574249.993000, 1606574496.447000
