read_start,read_end,cpu_start,cpu_end,write_start,write_end
1606572381.416000, 1606572537.448000, 1606572537.448000, 1606572543.970000, 1606572543.970000, 1606572802.038000
1606572802.051000, 1606572825.925000, 1606572825.925000, 1606572832.091000, 1606572832.091000, 1606573031.466000
1606573031.617000, 1606573112.199000, 1606573112.199000, 1606573117.237000, 1606573117.237000, 1606573341.669000
