read_start,read_end,cpu_start,cpu_end,write_start,write_end
1606560082.060000, 1606560154.468000, 1606560154.468000, 1606560159.362000, 1606560159.362000, 1606560297.368000
1606560297.406000, 1606560316.517000, 1606560316.517000, 1606560321.592000, 1606560321.592000, 1606560458.932000
1606560458.943000, 1606560467.034000, 1606560467.034000, 1606560472.669000, 1606560472.669000, 1606560584.083000
