read_start,read_end,cpu_start,cpu_end,write_start,write_end
1606567318.477000, 1606567446.438000, 1606567446.438000, 1606567451.581000, 1606567451.581000, 1606567708.690000
1606567708.725000, 1606567737.491000, 1606567737.491000, 1606567743.297000, 1606567743.297000, 1606567981.646000
1606567981.728000, 1606568015.045000, 1606568015.045000, 1606568022.250000, 1606568022.250000, 1606568249.076000
