read_start,read_end,cpu_start,cpu_end,write_start,write_end
1606557679.421000, 1606557712.861000, 1606557712.861000, 1606557717.717000, 1606557717.717000, 1606557768.290000
1606557768.306000, 1606557776.059000, 1606557776.059000, 1606557780.969000, 1606557780.969000, 1606557823.282000
1606557823.296000, 1606557827.543000, 1606557827.543000, 1606557832.479000, 1606557832.479000, 1606557857.770000
