read_start,read_end,cpu_start,cpu_end,write_start,write_end
1606561137.497000, 1606561220.999000, 1606561220.999000, 1606561226.438000, 1606561226.438000, 1606561361.943000
1606561361.958000, 1606561382.692000, 1606561382.692000, 1606561388.088000, 1606561388.088000, 1606561525.397000
1606561525.432000, 1606561546.736000, 1606561546.736000, 1606561551.747000, 1606561551.747000, 1606561720.373000
