read_start,read_end,cpu_start,cpu_end,write_start,write_end
1606560607.769000, 1606560685.791000, 1606560685.791000, 1606560690.780000, 1606560690.780000, 1606560811.588000
1606560811.621000, 1606560832.372000, 1606560832.372000, 1606560837.370000, 1606560837.370000, 1606560965.706000
1606560965.745000, 1606560985.508000, 1606560985.508000, 1606560990.509000, 1606560990.509000, 1606561073.805000
