read_start,read_end,cpu_start,cpu_end,write_start,write_end
1606557513.666000, 1606557541.580000, 1606557541.580000, 1606557546.189000, 1606557546.189000, 1606557587.958000
1606557587.968000, 1606557592.479000, 1606557592.479000, 1606557597.471000, 1606557597.471000, 1606557634.472000
1606557634.486000, 1606557639.653000, 1606557639.653000, 1606557644.325000, 1606557644.325000, 1606557672.591000
