read_start,read_end,cpu_start,cpu_end,write_start,write_end
1606572381.421000, 1606572537.491000, 1606572537.491000, 1606572543.677000, 1606572543.677000, 1606572827.618000
1606572827.632000, 1606572969.553000, 1606572969.553000, 1606572974.315000, 1606572974.315000, 1606573090.094000
1606573090.167000, 1606573234.115000, 1606573234.115000, 1606573239.647000, 1606573239.647000, 1606573383.448000
