read_start,read_end,cpu_start,cpu_end,write_start,write_end
1606571352.877000, 1606571503.017000, 1606571503.017000, 1606571508.589000, 1606571508.589000, 1606571748.143000
1606571748.164000, 1606571767.018000, 1606571767.018000, 1606571772.287000, 1606571772.287000, 1606572336.719000
1606572336.825000, 1606572338.574000, 1606572338.574000, 1606572342.922000, 1606572342.922000, 1606572352.928000
