read_start,read_end,cpu_start,cpu_end,write_start,write_end
1606566362.894000, 1606566485.508000, 1606566485.508000, 1606566490.743000, 1606566490.743000, 1606566734.975000
1606566735.011000, 1606566768.062000, 1606566768.062000, 1606566774.034000, 1606566774.034000, 1606567000.327000
1606567000.667000, 1606567031.073000, 1606567031.073000, 1606567036.721000, 1606567036.721000, 1606567257.988000
