read_start,read_end,cpu_start,cpu_end,write_start,write_end
1606560082.051000, 1606560154.380000, 1606560154.380000, 1606560159.598000, 1606560159.598000, 1606560297.367000
1606560297.406000, 1606560317.251000, 1606560317.251000, 1606560322.520000, 1606560322.520000, 1606560445.827000
1606560445.837000, 1606560454.295000, 1606560454.295000, 1606560459.656000, 1606560459.656000, 1606560531.307000
