read_start,read_end,cpu_start,cpu_end,write_start,write_end
1606568277.111000, 1606568410.994000, 1606568410.994000, 1606568416.167000, 1606568416.167000, 1606568614.283000
1606568614.298000, 1606568631.726000, 1606568631.726000, 1606568636.210000, 1606568636.210000, 1606568688.682000
1606568688.693000, 1606568715.709000, 1606568715.709000, 1606568721.255000, 1606568721.255000, 1606568995.316000
