read_start,read_end,cpu_start,cpu_end,write_start,write_end
1606575669.184000, 1606575842.051000, 1606575842.051000, 1606575848.545000, 1606575848.545000, 1606576154.473000
1606576154.495000, 1606576181.840000, 1606576181.840000, 1606576187.441000, 1606576187.441000, 1606576462.127000
1606576462.382000, 1606576498.954000, 1606576498.954000, 1606576504.598000, 1606576504.598000, 1606576790.841000
