read_start,read_end,cpu_start,cpu_end,write_start,write_end
1606575669.171000, 1606575841.978000, 1606575841.978000, 1606575848.326000, 1606575848.326000, 1606576152.508000
1606576152.533000, 1606576177.179000, 1606576177.179000, 1606576182.605000, 1606576182.605000, 1606576461.506000
1606576461.568000, 1606576498.134000, 1606576498.134000, 1606576503.591000, 1606576503.591000, 1606576790.837000
