read_start,read_end,cpu_start,cpu_end,write_start,write_end
1606572381.427000, 1606572537.501000, 1606572537.501000, 1606572543.675000, 1606572543.675000, 1606572825.358000
1606572825.377000, 1606572958.513000, 1606572958.513000, 1606572963.779000, 1606572963.779000, 1606573074.541000
1606573074.634000, 1606573215.404000, 1606573215.404000, 1606573220.465000, 1606573220.465000, 1606573354.225000
