read_start,read_end,cpu_start,cpu_end,write_start,write_end
1606569273.357000, 1606569412.707000, 1606569412.707000, 1606569418.633000, 1606569418.633000, 1606569682.727000
1606569682.800000, 1606569718.754000, 1606569718.754000, 1606569724.717000, 1606569724.717000, 1606570026.641000
1606570026.722000, 1606570126.408000, 1606570126.408000, 1606570131.090000, 1606570131.090000, 1606570273.077000
