read_start,read_end,cpu_start,cpu_end,write_start,write_end
1606563051.066000, 1606563151.403000, 1606563151.403000, 1606563156.893000, 1606563156.893000, 1606563308.837000
1606563308.859000, 1606563336.840000, 1606563336.840000, 1606563342.782000, 1606563342.782000, 1606563558.979000
1606563559.000000, 1606563567.459000, 1606563567.459000, 1606563572.466000, 1606563572.466000, 1606563696.831000
