read_start,read_end,cpu_start,cpu_end,write_start,write_end
1606563051.057000, 1606563151.310000, 1606563151.310000, 1606563156.477000, 1606563156.477000, 1606563348.415000
1606563348.436000, 1606563467.643000, 1606563467.643000, 1606563472.585000, 1606563472.585000, 1606563558.927000
1606563558.941000, 1606563566.678000, 1606563566.678000, 1606563571.747000, 1606563571.747000, 1606563689.489000
