read_start,read_end,cpu_start,cpu_end,write_start,write_end
1606559584.660000, 1606559651.554000, 1606559651.554000, 1606559656.291000, 1606559656.291000, 1606559779.234000
1606559779.261000, 1606559797.794000, 1606559797.794000, 1606559802.775000, 1606559802.775000, 1606559929.298000
1606559929.315000, 1606560019.169000, 1606560019.169000, 1606560023.636000, 1606560023.636000, 1606560065.703000
