read_start,read_end,cpu_start,cpu_end,write_start,write_end
1606566362.900000, 1606566485.508000, 1606566485.508000, 1606566490.700000, 1606566490.700000, 1606566734.711000
1606566734.764000, 1606566767.987000, 1606566767.987000, 1606566773.942000, 1606566773.942000, 1606567004.066000
1606567004.109000, 1606567031.551000, 1606567031.551000, 1606567038.385000, 1606567038.385000, 1606567292.407000
