read_start,read_end,cpu_start,cpu_end,write_start,write_end
1606561137.498000, 1606561220.998000, 1606561220.998000, 1606561226.424000, 1606561226.424000, 1606561360.802000
1606561360.828000, 1606561382.342000, 1606561382.342000, 1606561387.727000, 1606561387.727000, 1606561525.397000
1606561525.430000, 1606561546.633000, 1606561546.633000, 1606561551.741000, 1606561551.741000, 1606561710.774000
