read_start,read_end,cpu_start,cpu_end,write_start,write_end
1606576908.450000, 1606577087.126000, 1606577087.126000, 1606577093.089000, 1606577093.089000, 1606577385.322000
1606577385.336000, 1606577426.676000, 1606577426.676000, 1606577432.689000, 1606577432.689000, 1606577554.692000
1606577554.790000, 1606577648.280000, 1606577648.280000, 1606577653.553000, 1606577653.553000, 1606578008.533000
