read_start,read_end,cpu_start,cpu_end,write_start,write_end
1606559157.518000, 1606559218.857000, 1606559218.857000, 1606559224.183000, 1606559224.183000, 1606559308.425000
1606559308.440000, 1606559324.358000, 1606559324.358000, 1606559329.605000, 1606559329.605000, 1606559439.793000
1606559439.820000, 1606559452.292000, 1606559452.292000, 1606559457.516000, 1606559457.516000, 1606559566.394000
