read_start,read_end,cpu_start,cpu_end,write_start,write_end
1606573424.034000, 1606573585.709000, 1606573585.709000, 1606573591.264000, 1606573591.264000, 1606573839.824000
1606573839.841000, 1606573867.904000, 1606573867.904000, 1606573874.266000, 1606573874.266000, 1606574155.457000
1606574155.681000, 1606574192.296000, 1606574192.296000, 1606574197.157000, 1606574197.157000, 1606574496.374000
