read_start,read_end,cpu_start,cpu_end,write_start,write_end
1606565409.636000, 1606565526.631000, 1606565526.631000, 1606565532.001000, 1606565532.001000, 1606565792.075000
1606565792.099000, 1606565828.307000, 1606565828.307000, 1606565834.917000, 1606565834.917000, 1606566038.303000
1606566038.376000, 1606566100.680000, 1606566100.680000, 1606566105.963000, 1606566105.963000, 1606566213.615000
