read_start,read_end,cpu_start,cpu_end,write_start,write_end
1606573424.045000, 1606573585.712000, 1606573585.712000, 1606573592.460000, 1606573592.460000, 1606573959.797000
1606573959.814000, 1606574089.093000, 1606574089.093000, 1606574093.669000, 1606574093.669000, 1606574158.955000
1606574159.181000, 1606574245.991000, 1606574245.991000, 1606574251.169000, 1606574251.169000, 1606574496.495000
