read_start,read_end,cpu_start,cpu_end,write_start,write_end
1606561740.069000, 1606561828.979000, 1606561828.979000, 1606561834.420000, 1606561834.420000, 1606561974.135000
1606561974.162000, 1606562002.310000, 1606562002.310000, 1606562008.201000, 1606562008.201000, 1606562134.160000
1606562134.193000, 1606562162.777000, 1606562162.777000, 1606562168.935000, 1606562168.935000, 1606562303.259000
