read_start,read_end,cpu_start,cpu_end,write_start,write_end
1606565409.626000, 1606565526.629000, 1606565526.629000, 1606565532.029000, 1606565532.029000, 1606565792.075000
1606565792.104000, 1606565828.265000, 1606565828.265000, 1606565834.878000, 1606565834.878000, 1606566038.466000
1606566038.661000, 1606566100.701000, 1606566100.701000, 1606566105.914000, 1606566105.914000, 1606566213.555000
