read_start,read_end,cpu_start,cpu_end,write_start,write_end
1606571352.887000, 1606571503.345000, 1606571503.345000, 1606571508.883000, 1606571508.883000, 1606571767.247000
1606571767.260000, 1606571811.530000, 1606571811.530000, 1606571816.321000, 1606571816.321000, 1606572085.427000
1606572085.535000, 1606572117.172000, 1606572117.172000, 1606572123.461000, 1606572123.461000, 1606572303.560000
