read_start,read_end,cpu_start,cpu_end,write_start,write_end
1606568277.125000, 1606568410.997000, 1606568410.997000, 1606568416.392000, 1606568416.392000, 1606568679.851000
1606568679.865000, 1606568705.649000, 1606568705.649000, 1606568711.006000, 1606568711.006000, 1606568995.324000
1606568995.600000, 1606569027.088000, 1606569027.088000, 1606569033.139000, 1606569033.139000, 1606569244.358000
