read_start,read_end,cpu_start,cpu_end,write_start,write_end
1606569273.342000, 1606569412.707000, 1606569412.707000, 1606569418.454000, 1606569418.454000, 1606569682.726000
1606569682.793000, 1606569718.788000, 1606569718.788000, 1606569725.171000, 1606569725.171000, 1606570006.871000
1606570006.961000, 1606570032.559000, 1606570032.559000, 1606570038.013000, 1606570038.013000, 1606570265.688000
