read_start,read_end,cpu_start,cpu_end,write_start,write_end
1606570301.020000, 1606570445.884000, 1606570445.884000, 1606570452.114000, 1606570452.114000, 1606570930.648000
1606570930.667000, 1606570946.414000, 1606570946.414000, 1606570951.539000, 1606570951.539000, 1606571059.315000
1606571059.388000, 1606571071.054000, 1606571071.054000, 1606571075.752000, 1606571075.752000, 1606571091.253000
