read_start,read_end,cpu_start,cpu_end,write_start,write_end
1606570301.011000, 1606570445.879000, 1606570445.879000, 1606570451.662000, 1606570451.662000, 1606570703.857000
1606570703.868000, 1606570775.872000, 1606570775.872000, 1606570780.555000, 1606570780.555000, 1606571108.428000
1606571108.600000, 1606571118.396000, 1606571118.396000, 1606571123.403000, 1606571123.403000, 1606571274.054000
