read_start,read_end,cpu_start,cpu_end,write_start,write_end
1606560607.774000, 1606560685.791000, 1606560685.791000, 1606560690.650000, 1606560690.650000, 1606560811.829000
1606560811.856000, 1606560832.882000, 1606560832.882000, 1606560837.856000, 1606560837.856000, 1606560965.706000
1606560965.744000, 1606560985.680000, 1606560985.680000, 1606560990.717000, 1606560990.717000, 1606561107.859000
