read_start,read_end,cpu_start,cpu_end,write_start,write_end
1606572381.448000, 1606572537.537000, 1606572537.537000, 1606572543.541000, 1606572543.541000, 1606572813.254000
1606572813.271000, 1606572836.866000, 1606572836.866000, 1606572842.088000, 1606572842.088000, 1606573031.514000
1606573031.779000, 1606573112.198000, 1606573112.198000, 1606573118.199000, 1606573118.199000, 1606573346.647000
