read_start,read_end,cpu_start,cpu_end,write_start,write_end
1606563051.064000, 1606563151.403000, 1606563151.403000, 1606563156.620000, 1606563156.620000, 1606563309.932000
1606563309.947000, 1606563336.944000, 1606563336.944000, 1606563343.544000, 1606563343.544000, 1606563544.128000
1606563544.164000, 1606563558.898000, 1606563558.898000, 1606563564.419000, 1606563564.419000, 1606563669.469000
