read_start,read_end,cpu_start,cpu_end,write_start,write_end
1606558099.110000, 1606558143.704000, 1606558143.704000, 1606558148.439000, 1606558148.439000, 1606558212.523000
1606558212.537000, 1606558218.499000, 1606558218.499000, 1606558224.064000, 1606558224.064000, 1606558290.625000
1606558290.640000, 1606558301.065000, 1606558301.065000, 1606558306.243000, 1606558306.243000, 1606558383.796000
