read_start,read_end,cpu_start,cpu_end,write_start,write_end
1606573424.019000, 1606573585.461000, 1606573585.461000, 1606573591.296000, 1606573591.296000, 1606573844.650000
1606573844.666000, 1606573871.435000, 1606573871.435000, 1606573877.538000, 1606573877.538000, 1606574155.462000
1606574156.165000, 1606574243.656000, 1606574243.656000, 1606574250.063000, 1606574250.063000, 1606574496.374000
