read_start,read_end,cpu_start,cpu_end,write_start,write_end
1606561740.069000, 1606561828.976000, 1606561828.976000, 1606561834.288000, 1606561834.288000, 1606561923.597000
1606561923.613000, 1606561997.109000, 1606561997.109000, 1606562002.060000, 1606562002.060000, 1606562064.082000
1606562064.097000, 1606562154.776000, 1606562154.776000, 1606562160.601000, 1606562160.601000, 1606562259.236000
