read_start,read_end,cpu_start,cpu_end,write_start,write_end
1606575669.173000, 1606575841.987000, 1606575841.987000, 1606575848.113000, 1606575848.113000, 1606576149.550000
1606576149.571000, 1606576171.237000, 1606576171.237000, 1606576176.323000, 1606576176.323000, 1606576451.761000
1606576451.780000, 1606576486.595000, 1606576486.595000, 1606576491.267000, 1606576491.267000, 1606576783.494000
