read_start,read_end,cpu_start,cpu_end,write_start,write_end
1606557679.424000, 1606557712.865000, 1606557712.865000, 1606557717.472000, 1606557717.472000, 1606557767.724000
1606557767.738000, 1606557775.116000, 1606557775.116000, 1606557779.986000, 1606557779.986000, 1606557815.262000
1606557815.276000, 1606557817.114000, 1606557817.114000, 1606557821.456000, 1606557821.456000, 1606557837.619000
