read_start,read_end,cpu_start,cpu_end,write_start,write_end
1606560082.051000, 1606560154.362000, 1606560154.362000, 1606560159.241000, 1606560159.241000, 1606560297.584000
1606560297.601000, 1606560317.054000, 1606560317.054000, 1606560322.175000, 1606560322.175000, 1606560459.494000
1606560459.508000, 1606560467.425000, 1606560467.425000, 1606560473.110000, 1606560473.110000, 1606560585.578000
