read_start,read_end,cpu_start,cpu_end,write_start,write_end
1606574526.541000, 1606574693.817000, 1606574693.817000, 1606574700.112000, 1606574700.112000, 1606575061.705000
1606575061.728000, 1606575164.642000, 1606575164.642000, 1606575169.795000, 1606575169.795000, 1606575433.936000
1606575434.194000, 1606575451.590000, 1606575451.590000, 1606575457.002000, 1606575457.002000, 1606575637.813000
