read_start,read_end,cpu_start,cpu_end,write_start,write_end
1606572381.431000, 1606572537.505000, 1606572537.505000, 1606572543.359000, 1606572543.359000, 1606572808.484000
1606572808.498000, 1606572832.355000, 1606572832.355000, 1606572838.421000, 1606572838.421000, 1606573059.023000
1606573059.147000, 1606573132.505000, 1606573132.505000, 1606573138.010000, 1606573138.010000, 1606573381.801000
