read_start,read_end,cpu_start,cpu_end,write_start,write_end
1606557513.666000, 1606557541.578000, 1606557541.578000, 1606557546.574000, 1606557546.574000, 1606557588.668000
1606557588.683000, 1606557593.210000, 1606557593.210000, 1606557598.175000, 1606557598.175000, 1606557633.288000
1606557633.302000, 1606557637.321000, 1606557637.321000, 1606557641.979000, 1606557641.979000, 1606557658.912000
