read_start,read_end,cpu_start,cpu_end,write_start,write_end
1606557179.244000, 1606557190.406000, 1606557190.406000, 1606557194.761000, 1606557194.761000, 1606557211.238000
1606557211.252000, 1606557213.657000, 1606557213.657000, 1606557218.174000, 1606557218.174000, 1606557233.875000
1606557233.888000, 1606557235.663000, 1606557235.663000, 1606557240.355000, 1606557240.355000, 1606557254.982000
