read_start,read_end,cpu_start,cpu_end,write_start,write_end
1606564486.337000, 1606564597.565000, 1606564597.565000, 1606564602.812000, 1606564602.812000, 1606564789.799000
1606564789.824000, 1606564815.077000, 1606564815.077000, 1606564820.687000, 1606564820.687000, 1606565234.709000
1606565234.793000, 1606565238.615000, 1606565238.615000, 1606565243.808000, 1606565243.808000, 1606565281.782000
