read_start,read_end,cpu_start,cpu_end,write_start,write_end
1606574526.501000, 1606574693.453000, 1606574693.453000, 1606574698.775000, 1606574698.775000, 1606574944.693000
1606574944.708000, 1606574951.457000, 1606574951.457000, 1606574956.391000, 1606574956.391000, 1606575024.435000
1606575024.505000, 1606575057.155000, 1606575057.155000, 1606575064.122000, 1606575064.122000, 1606575368.559000
