read_start,read_end,cpu_start,cpu_end,write_start,write_end
1606570301.019000, 1606570445.879000, 1606570445.879000, 1606570451.619000, 1606570451.619000, 1606570692.990000
1606570693.002000, 1606570711.127000, 1606570711.127000, 1606570716.751000, 1606570716.751000, 1606571100.542000
1606571100.594000, 1606571107.536000, 1606571107.536000, 1606571113.830000, 1606571113.830000, 1606571273.898000
