read_start,read_end,cpu_start,cpu_end,write_start,write_end
1606571352.906000, 1606571503.348000, 1606571503.348000, 1606571509.818000, 1606571509.818000, 1606571721.652000
1606571721.668000, 1606571730.422000, 1606571730.422000, 1606571735.505000, 1606571735.505000, 1606571793.045000
1606571793.095000, 1606571918.562000, 1606571918.562000, 1606571924.147000, 1606571924.147000, 1606572074.983000
