read_start,read_end,cpu_start,cpu_end,write_start,write_end
1606574526.524000, 1606574693.815000, 1606574693.815000, 1606574700.528000, 1606574700.528000, 1606575059.028000
1606575059.051000, 1606575095.430000, 1606575095.430000, 1606575100.512000, 1606575100.512000, 1606575417.735000
1606575418.032000, 1606575446.999000, 1606575446.999000, 1606575452.814000, 1606575452.814000, 1606575637.728000
