read_start,read_end,cpu_start,cpu_end,write_start,write_end
1606575669.176000, 1606575842.048000, 1606575842.048000, 1606575847.899000, 1606575847.899000, 1606576191.845000
1606576191.866000, 1606576383.408000, 1606576383.408000, 1606576388.336000, 1606576388.336000, 1606576790.915000
1606576791.284000, 1606576798.125000, 1606576798.125000, 1606576802.988000, 1606576802.988000, 1606576877.744000
