read_start,read_end,cpu_start,cpu_end,write_start,write_end
1606574526.527000, 1606574693.815000, 1606574693.815000, 1606574700.235000, 1606574700.235000, 1606575057.313000
1606575057.332000, 1606575092.365000, 1606575092.365000, 1606575098.065000, 1606575098.065000, 1606575417.725000
1606575418.175000, 1606575447.397000, 1606575447.397000, 1606575453.152000, 1606575453.152000, 1606575637.728000
