read_start,read_end,cpu_start,cpu_end,write_start,write_end
1606568277.119000, 1606568410.997000, 1606568410.997000, 1606568416.382000, 1606568416.382000, 1606568677.916000
1606568677.930000, 1606568700.202000, 1606568700.202000, 1606568705.328000, 1606568705.328000, 1606568995.321000
1606568995.357000, 1606569027.037000, 1606569027.037000, 1606569032.492000, 1606569032.492000, 1606569244.360000
