read_start,read_end,cpu_start,cpu_end,write_start,write_end
1606561740.088000, 1606561829.190000, 1606561829.190000, 1606561834.508000, 1606561834.508000, 1606561973.928000
1606561973.952000, 1606562002.183000, 1606562002.183000, 1606562007.845000, 1606562007.845000, 1606562118.664000
1606562118.700000, 1606562161.147000, 1606562161.147000, 1606562167.198000, 1606562167.198000, 1606562328.083000
