read_start,read_end,cpu_start,cpu_end,write_start,write_end
1606569273.345000, 1606569412.707000, 1606569412.707000, 1606569418.713000, 1606569418.713000, 1606569682.726000
1606569682.796000, 1606569718.788000, 1606569718.788000, 1606569724.657000, 1606569724.657000, 1606570018.758000
1606570018.830000, 1606570100.854000, 1606570100.854000, 1606570105.900000, 1606570105.900000, 1606570273.071000
