read_start,read_end,cpu_start,cpu_end,write_start,write_end
1606573424.036000, 1606573585.710000, 1606573585.710000, 1606573591.922000, 1606573591.922000, 1606573840.666000
1606573840.680000, 1606573868.615000, 1606573868.615000, 1606573874.736000, 1606573874.736000, 1606574155.457000
1606574156.037000, 1606574243.612000, 1606574243.612000, 1606574249.353000, 1606574249.353000, 1606574496.466000
