read_start,read_end,cpu_start,cpu_end,write_start,write_end
1606561740.077000, 1606561829.101000, 1606561829.101000, 1606561834.437000, 1606561834.437000, 1606561977.859000
1606561977.876000, 1606562002.464000, 1606562002.464000, 1606562008.473000, 1606562008.473000, 1606562155.758000
1606562155.795000, 1606562165.261000, 1606562165.261000, 1606562171.076000, 1606562171.076000, 1606562286.217000
