read_start,read_end,cpu_start,cpu_end,write_start,write_end
1606563726.820000, 1606563832.732000, 1606563832.732000, 1606563837.959000, 1606563837.959000, 1606564001.393000
1606564001.429000, 1606564030.047000, 1606564030.047000, 1606564036.110000, 1606564036.110000, 1606564218.870000
1606564218.891000, 1606564233.956000, 1606564233.956000, 1606564239.839000, 1606564239.839000, 1606564462.123000
