read_start,read_end,cpu_start,cpu_end,write_start,write_end
1606570301.007000, 1606570445.879000, 1606570445.879000, 1606570452.254000, 1606570452.254000, 1606570799.926000
1606570799.942000, 1606570914.454000, 1606570914.454000, 1606570919.781000, 1606570919.781000, 1606571261.258000
1606571261.307000, 1606571270.060000, 1606571270.060000, 1606571275.966000, 1606571275.966000, 1606571322.208000
