read_start,read_end,cpu_start,cpu_end,write_start,write_end
1606558743.260000, 1606558799.033000, 1606558799.033000, 1606558804.272000, 1606558804.272000, 1606558898.398000
1606558898.417000, 1606558910.370000, 1606558910.370000, 1606558915.474000, 1606558915.474000, 1606559012.764000
1606559012.780000, 1606559041.753000, 1606559041.753000, 1606559046.829000, 1606559046.829000, 1606559131.342000
