read_start,read_end,cpu_start,cpu_end,write_start,write_end
1606565409.637000, 1606565526.629000, 1606565526.629000, 1606565532.229000, 1606565532.229000, 1606565792.209000
1606565792.238000, 1606565828.320000, 1606565828.320000, 1606565834.926000, 1606565834.926000, 1606566090.345000
1606566090.424000, 1606566106.309000, 1606566106.309000, 1606566112.058000, 1606566112.058000, 1606566230.157000
