read_start,read_end,cpu_start,cpu_end,write_start,write_end
1606563051.068000, 1606563151.403000, 1606563151.403000, 1606563156.563000, 1606563156.563000, 1606563306.171000
1606563306.187000, 1606563336.653000, 1606563336.653000, 1606563342.561000, 1606563342.561000, 1606563544.122000
1606563544.164000, 1606563558.753000, 1606563558.753000, 1606563564.187000, 1606563564.187000, 1606563655.398000
