read_start,read_end,cpu_start,cpu_end,write_start,write_end
1606575669.169000, 1606575841.917000, 1606575841.917000, 1606575848.995000, 1606575848.995000, 1606576191.832000
1606576191.858000, 1606576383.390000, 1606576383.390000, 1606576388.204000, 1606576388.204000, 1606576785.708000
1606576785.788000, 1606576795.553000, 1606576795.553000, 1606576800.438000, 1606576800.438000, 1606576869.739000
