read_start,read_end,cpu_start,cpu_end,write_start,write_end
1606572381.451000, 1606572537.542000, 1606572537.542000, 1606572543.291000, 1606572543.291000, 1606572805.661000
1606572805.679000, 1606572829.640000, 1606572829.640000, 1606572835.280000, 1606572835.280000, 1606573042.424000
1606573042.484000, 1606573112.435000, 1606573112.435000, 1606573117.549000, 1606573117.549000, 1606573346.651000
