read_start,read_end,cpu_start,cpu_end,write_start,write_end
1606560082.068000, 1606560154.485000, 1606560154.485000, 1606560159.888000, 1606560159.888000, 1606560297.367000
1606560297.406000, 1606560317.253000, 1606560317.253000, 1606560322.543000, 1606560322.543000, 1606560449.007000
1606560449.021000, 1606560458.662000, 1606560458.662000, 1606560465.213000, 1606560465.213000, 1606560565.667000
