read_start,read_end,cpu_start,cpu_end,write_start,write_end
1606563726.809000, 1606563832.582000, 1606563832.582000, 1606563838.146000, 1606563838.146000, 1606564001.504000
1606564001.536000, 1606564030.048000, 1606564030.048000, 1606564035.715000, 1606564035.715000, 1606564211.283000
1606564211.318000, 1606564229.107000, 1606564229.107000, 1606564234.839000, 1606564234.839000, 1606564462.147000
