read_start,read_end,cpu_start,cpu_end,write_start,write_end
1606561137.492000, 1606561220.998000, 1606561220.998000, 1606561226.445000, 1606561226.445000, 1606561357.170000
1606561357.193000, 1606561381.791000, 1606561381.791000, 1606561387.021000, 1606561387.021000, 1606561525.393000
1606561525.421000, 1606561546.258000, 1606561546.258000, 1606561551.351000, 1606561551.351000, 1606561646.341000
