read_start,read_end,cpu_start,cpu_end,write_start,write_end
1606561740.080000, 1606561829.190000, 1606561829.190000, 1606561834.662000, 1606561834.662000, 1606561980.427000
1606561980.442000, 1606562002.659000, 1606562002.659000, 1606562008.693000, 1606562008.693000, 1606562151.694000
1606562151.738000, 1606562163.090000, 1606562163.090000, 1606562169.196000, 1606562169.196000, 1606562330.298000
