read_start,read_end,cpu_start,cpu_end,write_start,write_end
1606562383.543000, 1606562478.272000, 1606562478.272000, 1606562483.013000, 1606562483.013000, 1606562579.744000
1606562579.762000, 1606562651.683000, 1606562651.683000, 1606562656.612000, 1606562656.612000, 1606562769.734000
1606562769.749000, 1606562817.672000, 1606562817.672000, 1606562822.081000, 1606562822.081000, 1606562855.279000
