read_start,read_end,cpu_start,cpu_end,write_start,write_end
1606572381.421000, 1606572537.491000, 1606572537.491000, 1606572543.735000, 1606572543.735000, 1606572837.295000
1606572837.313000, 1606573031.672000, 1606573031.672000, 1606573036.190000, 1606573036.190000, 1606573129.294000
1606573129.358000, 1606573291.430000, 1606573291.430000, 1606573296.859000, 1606573296.859000, 1606573380.805000
