read_start,read_end,cpu_start,cpu_end,write_start,write_end
1606570301.013000, 1606570445.879000, 1606570445.879000, 1606570452.311000, 1606570452.311000, 1606570686.281000
1606570686.298000, 1606570700.220000, 1606570700.220000, 1606570706.217000, 1606570706.217000, 1606570931.352000
1606570931.569000, 1606570946.517000, 1606570946.517000, 1606570953.205000, 1606570953.205000, 1606571108.291000
