read_start,read_end,cpu_start,cpu_end,write_start,write_end
1606567318.494000, 1606567446.737000, 1606567446.737000, 1606567452.217000, 1606567452.217000, 1606567712.939000
1606567712.953000, 1606567740.904000, 1606567740.904000, 1606567746.898000, 1606567746.898000, 1606567981.703000
1606567982.205000, 1606568015.062000, 1606568015.062000, 1606568021.630000, 1606568021.630000, 1606568239.027000
