read_start,read_end,cpu_start,cpu_end,write_start,write_end
1606576908.411000, 1606577086.547000, 1606577086.547000, 1606577092.554000, 1606577092.554000, 1606577356.615000
1606577356.631000, 1606577367.488000, 1606577367.488000, 1606577372.770000, 1606577372.770000, 1606577425.986000
1606577426.080000, 1606577519.311000, 1606577519.311000, 1606577524.762000, 1606577524.762000, 1606577735.753000
