read_start,read_end,cpu_start,cpu_end,write_start,write_end
1606560082.055000, 1606560154.384000, 1606560154.384000, 1606560159.225000, 1606560159.225000, 1606560287.727000
1606560287.744000, 1606560292.249000, 1606560292.249000, 1606560296.606000, 1606560296.606000, 1606560327.551000
1606560327.564000, 1606560446.043000, 1606560446.043000, 1606560450.618000, 1606560450.618000, 1606560479.248000
