read_start,read_end,cpu_start,cpu_end,write_start,write_end
1606559584.657000, 1606559651.549000, 1606559651.549000, 1606559656.392000, 1606559656.392000, 1606559779.233000
1606559779.253000, 1606559798.020000, 1606559798.020000, 1606559803.256000, 1606559803.256000, 1606559892.306000
1606559892.327000, 1606559904.505000, 1606559904.505000, 1606559909.691000, 1606559909.691000, 1606560033.683000
