read_start,read_end,cpu_start,cpu_end,write_start,write_end
1606576908.434000, 1606577087.126000, 1606577087.126000, 1606577093.161000, 1606577093.161000, 1606577520.021000
1606577520.039000, 1606577642.961000, 1606577642.961000, 1606577648.678000, 1606577648.678000, 1606577913.051000
1606577913.228000, 1606577926.807000, 1606577926.807000, 1606577931.583000, 1606577931.583000, 1606577980.736000
