read_start,read_end,cpu_start,cpu_end,write_start,write_end
1606562383.527000, 1606562478.046000, 1606562478.046000, 1606562483.337000, 1606562483.337000, 1606562653.040000
1606562653.082000, 1606562676.975000, 1606562676.975000, 1606562682.199000, 1606562682.199000, 1606562839.261000
1606562839.406000, 1606562874.301000, 1606562874.301000, 1606562879.383000, 1606562879.383000, 1606563028.937000
