read_start,read_end,cpu_start,cpu_end,write_start,write_end
1606567318.486000, 1606567446.737000, 1606567446.737000, 1606567452.279000, 1606567452.279000, 1606567715.914000
1606567715.928000, 1606567742.229000, 1606567742.229000, 1606567748.156000, 1606567748.156000, 1606567981.703000
1606567981.943000, 1606568014.611000, 1606568014.611000, 1606568020.862000, 1606568020.862000, 1606568249.074000
