read_start,read_end,cpu_start,cpu_end,write_start,write_end
1606571352.906000, 1606571503.348000, 1606571503.348000, 1606571509.377000, 1606571509.377000, 1606571747.677000
1606571747.692000, 1606571766.488000, 1606571766.488000, 1606571772.236000, 1606571772.236000, 1606571965.336000
1606571965.419000, 1606572065.940000, 1606572065.940000, 1606572070.350000, 1606572070.350000, 1606572336.728000
