read_start,read_end,cpu_start,cpu_end,write_start,write_end
1606563051.051000, 1606563151.183000, 1606563151.183000, 1606563156.380000, 1606563156.380000, 1606563284.288000
1606563284.304000, 1606563331.938000, 1606563331.938000, 1606563337.043000, 1606563337.043000, 1606563375.115000
1606563375.130000, 1606563467.715000, 1606563467.715000, 1606563472.480000, 1606563472.480000, 1606563558.932000
