read_start,read_end,cpu_start,cpu_end,write_start,write_end
1606572381.416000, 1606572537.450000, 1606572537.450000, 1606572543.570000, 1606572543.570000, 1606572817.187000
1606572817.202000, 1606572841.019000, 1606572841.019000, 1606572846.154000, 1606572846.154000, 1606573058.745000
1606573058.855000, 1606573132.226000, 1606573132.226000, 1606573138.804000, 1606573138.804000, 1606573381.817000
