read_start,read_end,cpu_start,cpu_end,write_start,write_end
1606561740.088000, 1606561829.194000, 1606561829.194000, 1606561834.502000, 1606561834.502000, 1606561973.920000
1606561973.948000, 1606562002.182000, 1606562002.182000, 1606562008.179000, 1606562008.179000, 1606562121.300000
1606562121.348000, 1606562161.228000, 1606562161.228000, 1606562167.320000, 1606562167.320000, 1606562303.421000
