read_start,read_end,cpu_start,cpu_end,write_start,write_end
1606557260.490000, 1606557277.261000, 1606557277.261000, 1606557281.853000, 1606557281.853000, 1606557308.491000
1606557308.504000, 1606557311.076000, 1606557311.076000, 1606557315.989000, 1606557315.989000, 1606557342.115000
1606557342.128000, 1606557344.866000, 1606557344.866000, 1606557349.405000, 1606557349.405000, 1606557370.032000
