read_start,read_end,cpu_start,cpu_end,write_start,write_end
1606562383.544000, 1606562478.272000, 1606562478.272000, 1606562483.593000, 1606562483.593000, 1606562653.041000
1606562653.075000, 1606562676.973000, 1606562676.973000, 1606562682.188000, 1606562682.188000, 1606562839.266000
1606562839.407000, 1606562874.305000, 1606562874.305000, 1606562879.346000, 1606562879.346000, 1606563023.122000
