read_start,read_end,cpu_start,cpu_end,write_start,write_end
1606566362.889000, 1606566485.506000, 1606566485.506000, 1606566490.701000, 1606566490.701000, 1606566734.711000
1606566734.765000, 1606566768.009000, 1606566768.009000, 1606566773.513000, 1606566773.513000, 1606567000.331000
1606567000.685000, 1606567031.155000, 1606567031.155000, 1606567036.759000, 1606567036.759000, 1606567254.361000
