read_start,read_end,cpu_start,cpu_end,write_start,write_end
1606568277.116000, 1606568410.997000, 1606568410.997000, 1606568417.073000, 1606568417.073000, 1606568698.475000
1606568698.490000, 1606568763.787000, 1606568763.787000, 1606568770.001000, 1606568770.001000, 1606568998.053000
1606568998.167000, 1606569027.243000, 1606569027.243000, 1606569033.447000, 1606569033.447000, 1606569244.352000
