read_start,read_end,cpu_start,cpu_end,write_start,write_end
1606560082.051000, 1606560154.324000, 1606560154.324000, 1606560159.669000, 1606560159.669000, 1606560297.367000
1606560297.406000, 1606560317.248000, 1606560317.248000, 1606560322.538000, 1606560322.538000, 1606560447.694000
1606560447.708000, 1606560457.770000, 1606560457.770000, 1606560464.438000, 1606560464.438000, 1606560565.675000
