read_start,read_end,cpu_start,cpu_end,write_start,write_end
1606576908.418000, 1606577087.117000, 1606577087.117000, 1606577094.004000, 1606577094.004000, 1606577498.384000
1606577498.399000, 1606577611.836000, 1606577611.836000, 1606577617.696000, 1606577617.696000, 1606578048.467000
1606578048.526000, 1606578050.552000, 1606578050.552000, 1606578054.967000, 1606578054.967000, 1606578069.556000
