read_start,read_end,cpu_start,cpu_end,write_start,write_end
1606566362.888000, 1606566485.506000, 1606566485.506000, 1606566490.700000, 1606566490.700000, 1606566734.711000
1606566734.764000, 1606566767.952000, 1606566767.952000, 1606566773.516000, 1606566773.516000, 1606567000.331000
1606567000.673000, 1606567031.190000, 1606567031.190000, 1606567037.674000, 1606567037.674000, 1606567292.421000
