read_start,read_end,cpu_start,cpu_end,write_start,write_end
1606566362.895000, 1606566485.508000, 1606566485.508000, 1606566490.704000, 1606566490.704000, 1606566734.712000
1606566734.765000, 1606566767.977000, 1606566767.977000, 1606566773.850000, 1606566773.850000, 1606567000.814000
1606567001.024000, 1606567031.203000, 1606567031.203000, 1606567037.546000, 1606567037.546000, 1606567268.548000
