read_start,read_end,cpu_start,cpu_end,write_start,write_end
1606573424.044000, 1606573585.712000, 1606573585.712000, 1606573591.765000, 1606573591.765000, 1606573836.730000
1606573836.744000, 1606573864.129000, 1606573864.129000, 1606573870.265000, 1606573870.265000, 1606574155.465000
1606574155.760000, 1606574243.972000, 1606574243.972000, 1606574249.648000, 1606574249.648000, 1606574496.474000
