read_start,read_end,cpu_start,cpu_end,write_start,write_end
1606565409.612000, 1606565526.329000, 1606565526.329000, 1606565531.369000, 1606565531.369000, 1606565749.871000
1606565749.885000, 1606565768.151000, 1606565768.151000, 1606565772.808000, 1606565772.808000, 1606565831.235000
1606565831.250000, 1606565833.433000, 1606565833.433000, 1606565838.973000, 1606565838.973000, 1606565958.673000
