read_start,read_end,cpu_start,cpu_end,write_start,write_end
1606565409.637000, 1606565526.634000, 1606565526.634000, 1606565532.497000, 1606565532.497000, 1606565792.150000
1606565792.180000, 1606565828.317000, 1606565828.317000, 1606565834.933000, 1606565834.933000, 1606566090.104000
1606566090.161000, 1606566106.306000, 1606566106.306000, 1606566111.558000, 1606566111.558000, 1606566228.374000
