read_start,read_end,cpu_start,cpu_end,write_start,write_end
1606564486.353000, 1606564597.808000, 1606564597.808000, 1606564603.028000, 1606564603.028000, 1606564780.304000
1606564780.317000, 1606564789.682000, 1606564789.682000, 1606564795.085000, 1606564795.085000, 1606564881.419000
1606564881.439000, 1606564896.965000, 1606564896.965000, 1606564902.200000, 1606564902.200000, 1606565333.151000
