read_start,read_end,cpu_start,cpu_end,write_start,write_end
1606575669.183000, 1606575842.051000, 1606575842.051000, 1606575848.577000, 1606575848.577000, 1606576191.815000
1606576191.841000, 1606576383.374000, 1606576383.374000, 1606576388.275000, 1606576388.275000, 1606576790.915000
1606576791.225000, 1606576798.114000, 1606576798.114000, 1606576802.978000, 1606576802.978000, 1606576870.247000
