read_start,read_end,cpu_start,cpu_end,write_start,write_end
1606570300.998000, 1606570445.750000, 1606570445.750000, 1606570451.652000, 1606570451.652000, 1606570699.010000
1606570699.026000, 1606570716.217000, 1606570716.217000, 1606570722.028000, 1606570722.028000, 1606571098.865000
1606571098.951000, 1606571106.939000, 1606571106.939000, 1606571111.892000, 1606571111.892000, 1606571145.214000
