read_start,read_end,cpu_start,cpu_end,write_start,write_end
1606563726.811000, 1606563832.476000, 1606563832.476000, 1606563837.662000, 1606563837.662000, 1606564000.929000
1606564000.954000, 1606564028.391000, 1606564028.391000, 1606564033.971000, 1606564033.971000, 1606564218.090000
1606564218.105000, 1606564233.815000, 1606564233.815000, 1606564239.828000, 1606564239.828000, 1606564462.120000
