read_start,read_end,cpu_start,cpu_end,write_start,write_end
1606574526.537000, 1606574693.817000, 1606574693.817000, 1606574700.447000, 1606574700.447000, 1606575059.954000
1606575059.971000, 1606575150.159000, 1606575150.159000, 1606575155.274000, 1606575155.274000, 1606575421.097000
1606575421.338000, 1606575448.351000, 1606575448.351000, 1606575453.979000, 1606575453.979000, 1606575637.729000
