read_start,read_end,cpu_start,cpu_end,write_start,write_end
1606563051.051000, 1606563151.232000, 1606563151.232000, 1606563156.438000, 1606563156.438000, 1606563285.504000
1606563285.520000, 1606563332.403000, 1606563332.403000, 1606563337.405000, 1606563337.405000, 1606563382.932000
1606563382.946000, 1606563472.250000, 1606563472.250000, 1606563476.739000, 1606563476.739000, 1606563560.341000
