read_start,read_end,cpu_start,cpu_end,write_start,write_end
1606576908.428000, 1606577087.126000, 1606577087.126000, 1606577092.994000, 1606577092.994000, 1606577374.617000
1606577374.629000, 1606577388.463000, 1606577388.463000, 1606577394.471000, 1606577394.471000, 1606577512.402000
1606577512.432000, 1606577637.651000, 1606577637.651000, 1606577642.988000, 1606577642.988000, 1606577913.040000
