read_start,read_end,cpu_start,cpu_end,write_start,write_end
1606569273.328000, 1606569412.426000, 1606569412.426000, 1606569417.590000, 1606569417.590000, 1606569682.726000
1606569682.787000, 1606569718.695000, 1606569718.695000, 1606569724.405000, 1606569724.405000, 1606570021.493000
1606570021.861000, 1606570116.866000, 1606570116.866000, 1606570122.009000, 1606570122.009000, 1606570273.075000
