read_start,read_end,cpu_start,cpu_end,write_start,write_end
1606561137.498000, 1606561220.998000, 1606561220.998000, 1606561225.718000, 1606561225.718000, 1606561392.622000
1606561392.632000, 1606561513.804000, 1606561513.804000, 1606561519.170000, 1606561519.170000, 1606561572.338000
1606561572.397000, 1606561674.073000, 1606561674.073000, 1606561679.369000, 1606561679.369000, 1606561718.596000
