read_start,read_end,cpu_start,cpu_end,write_start,write_end
1606569273.331000, 1606569412.487000, 1606569412.487000, 1606569418.227000, 1606569418.227000, 1606569682.726000
1606569682.795000, 1606569718.774000, 1606569718.774000, 1606569724.366000, 1606569724.366000, 1606569964.149000
1606569964.247000, 1606569977.473000, 1606569977.473000, 1606569982.082000, 1606569982.082000, 1606570076.066000
