read_start,read_end,cpu_start,cpu_end,write_start,write_end
1606573424.040000, 1606573585.712000, 1606573585.712000, 1606573592.544000, 1606573592.544000, 1606574121.599000
1606574121.613000, 1606574152.524000, 1606574152.524000, 1606574158.950000, 1606574158.950000, 1606574257.509000
1606574257.605000, 1606574413.895000, 1606574413.895000, 1606574418.531000, 1606574418.531000, 1606574466.968000
