read_start,read_end,cpu_start,cpu_end,write_start,write_end
1606570300.999000, 1606570445.757000, 1606570445.757000, 1606570451.513000, 1606570451.513000, 1606570690.587000
1606570690.603000, 1606570707.913000, 1606570707.913000, 1606570713.091000, 1606570713.091000, 1606570946.650000
1606570946.758000, 1606570951.736000, 1606570951.736000, 1606570957.551000, 1606570957.551000, 1606571108.299000
