read_start,read_end,cpu_start,cpu_end,write_start,write_end
1606561740.079000, 1606561829.190000, 1606561829.190000, 1606561834.614000, 1606561834.614000, 1606561982.046000
1606561982.063000, 1606562003.097000, 1606562003.097000, 1606562009.095000, 1606562009.095000, 1606562259.443000
1606562259.503000, 1606562308.540000, 1606562308.540000, 1606562313.417000, 1606562313.417000, 1606562362.252000
