read_start,read_end,cpu_start,cpu_end,write_start,write_end
1606559157.501000, 1606559218.750000, 1606559218.750000, 1606559223.877000, 1606559223.877000, 1606559308.718000
1606559308.734000, 1606559324.518000, 1606559324.518000, 1606559329.769000, 1606559329.769000, 1606559439.793000
1606559439.819000, 1606559452.289000, 1606559452.289000, 1606559457.534000, 1606559457.534000, 1606559566.401000
