read_start,read_end,cpu_start,cpu_end,write_start,write_end
1606560607.758000, 1606560685.624000, 1606560685.624000, 1606560690.653000, 1606560690.653000, 1606560811.588000
1606560811.621000, 1606560832.896000, 1606560832.896000, 1606560837.848000, 1606560837.848000, 1606560966.173000
1606560966.193000, 1606560985.706000, 1606560985.706000, 1606560991.025000, 1606560991.025000, 1606561099.398000
