read_start,read_end,cpu_start,cpu_end,write_start,write_end
1606560607.761000, 1606560685.635000, 1606560685.635000, 1606560690.611000, 1606560690.611000, 1606560811.830000
1606560811.861000, 1606560833.043000, 1606560833.043000, 1606560838.177000, 1606560838.177000, 1606560965.706000
1606560965.744000, 1606560985.498000, 1606560985.498000, 1606560991.508000, 1606560991.508000, 1606561099.272000
