read_start,read_end,cpu_start,cpu_end,write_start,write_end
1606567318.495000, 1606567446.737000, 1606567446.737000, 1606567452.403000, 1606567452.403000, 1606567723.416000
1606567723.430000, 1606567744.586000, 1606567744.586000, 1606567751.228000, 1606567751.228000, 1606567981.659000
1606567982.582000, 1606568014.648000, 1606568014.648000, 1606568020.344000, 1606568020.344000, 1606568249.907000
