read_start,read_end,cpu_start,cpu_end,write_start,write_end
1606557125.145000, 1606557130.890000, 1606557130.890000, 1606557135.241000, 1606557135.241000, 1606557145.662000
1606557145.676000, 1606557147.419000, 1606557147.419000, 1606557151.763000, 1606557151.763000, 1606557161.505000
1606557161.518000, 1606557163.278000, 1606557163.278000, 1606557167.620000, 1606557167.620000, 1606557177.203000
