{
    "workflow_execution": {
        "tasks": [
            {
                "color": "",
                "compute": {
                    "end": 30.206451612903656,
                    "start": 25.806451612903658
                },
                "execution_host": {
                    "cores": 32,
                    "flop_rate": 1000000000.0,
                    "hostname": "host01",
                    "memory": 268000000000.0
                },
                "failed": -1.0,
                "num_cores_allocated": 1,
                "read": [
                    {
                        "end": 25.806451612903658,
                        "id": "file_0_0",
                        "start": 1.1084536082474228e-18
                    }
                ],
                "task_id": "task_0_0",
                "terminated": -1.0,
                "whole_task": {
                    "end": 32.70021719867303,
                    "start": 1.1084536082474228e-18
                },
                "write": [
                    {
                        "end": 32.70021719867303,
                        "id": "file_0_1",
                        "start": 30.206451612903656
                    }
                ]
            },
            {
                "color": "",
                "compute": {
                    "end": 39.593982784706206,
                    "start": 35.19398278470621
                },
                "execution_host": {
                    "cores": 32,
                    "flop_rate": 1000000000.0,
                    "hostname": "host01",
                    "memory": 268000000000.0
                },
                "failed": -1.0,
                "num_cores_allocated": 1,
                "read": [
                    {
                        "end": 35.19398278470621,
                        "id": "file_0_1",
                        "start": 32.70021719867303
                    }
                ],
                "task_id": "task_0_1",
                "terminated": -1.0,
                "whole_task": {
                    "end": 42.08774837073982,
                    "start": 32.70021719867303
                },
                "write": [
                    {
                        "end": 42.08774837073982,
                        "id": "file_0_2",
                        "start": 39.593982784706206
                    }
                ]
            },
            {
                "color": "",
                "compute": {
                    "end": 48.98151395677777,
                    "start": 44.58151395677777
                },
                "execution_host": {
                    "cores": 32,
                    "flop_rate": 1000000000.0,
                    "hostname": "host01",
                    "memory": 268000000000.0
                },
                "failed": -1.0,
                "num_cores_allocated": 1,
                "read": [
                    {
                        "end": 44.58151395677777,
                        "id": "file_0_2",
                        "start": 42.08774837073982
                    }
                ],
                "task_id": "task_0_2",
                "terminated": -1.0,
                "whole_task": {
                    "end": 51.47527954281138,
                    "start": 42.08774837073982
                },
                "write": [
                    {
                        "end": 51.47527954281138,
                        "id": "file_0_3",
                        "start": 48.98151395677777
                    }
                ]
            },
            {
                "color": "",
                "compute": {
                    "end": 30.206451612903656,
                    "start": 25.806451612903658
                },
                "execution_host": {
                    "cores": 32,
                    "flop_rate": 1000000000.0,
                    "hostname": "host01",
                    "memory": 268000000000.0
                },
                "failed": -1.0,
                "num_cores_allocated": 1,
                "read": [
                    {
                        "end": 25.806451612903658,
                        "id": "file_1_0",
                        "start": 5.542268041237114e-18
                    }
                ],
                "task_id": "task_1_0",
                "terminated": -1.0,
                "whole_task": {
                    "end": 32.70021719867303,
                    "start": 5.542268041237114e-18
                },
                "write": [
                    {
                        "end": 32.70021719867303,
                        "id": "file_1_1",
                        "start": 30.206451612903656
                    }
                ]
            },
            {
                "color": "",
                "compute": {
                    "end": 39.593982784706206,
                    "start": 35.19398278470621
                },
                "execution_host": {
                    "cores": 32,
                    "flop_rate": 1000000000.0,
                    "hostname": "host01",
                    "memory": 268000000000.0
                },
                "failed": -1.0,
                "num_cores_allocated": 1,
                "read": [
                    {
                        "end": 35.19398278470621,
                        "id": "file_1_1",
                        "start": 32.70021719867303
                    }
                ],
                "task_id": "task_1_1",
                "terminated": -1.0,
                "whole_task": {
                    "end": 42.08774837073982,
                    "start": 32.70021719867303
                },
                "write": [
                    {
                        "end": 42.08774837073982,
                        "id": "file_1_2",
                        "start": 39.593982784706206
                    }
                ]
            },
            {
                "color": "",
                "compute": {
                    "end": 48.98151395677777,
                    "start": 44.58151395677777
                },
                "execution_host": {
                    "cores": 32,
                    "flop_rate": 1000000000.0,
                    "hostname": "host01",
                    "memory": 268000000000.0
                },
                "failed": -1.0,
                "num_cores_allocated": 1,
                "read": [
                    {
                        "end": 44.58151395677777,
                        "id": "file_1_2",
                        "start": 42.08774837073982
                    }
                ],
                "task_id": "task_1_2",
                "terminated": -1.0,
                "whole_task": {
                    "end": 51.47527954281138,
                    "start": 42.08774837073982
                },
                "write": [
                    {
                        "end": 51.47527954281138,
                        "id": "file_1_3",
                        "start": 48.98151395677777
                    }
                ]
            },
            {
                "color": "",
                "compute": {
                    "end": 30.206451612903656,
                    "start": 25.806451612903658
                },
                "execution_host": {
                    "cores": 32,
                    "flop_rate": 1000000000.0,
                    "hostname": "host01",
                    "memory": 268000000000.0
                },
                "failed": -1.0,
                "num_cores_allocated": 1,
                "read": [
                    {
                        "end": 25.806451612903658,
                        "id": "file_2_0",
                        "start": 9.976082474226805e-18
                    }
                ],
                "task_id": "task_2_0",
                "terminated": -1.0,