{
    "workflow_execution": {
        "tasks": [
            {
                "color": "",
                "compute": {
                    "end": 10.851612903226131,
                    "start": 6.451612903226131
                },
                "execution_host": {
                    "cores": 32,
                    "flop_rate": 1000000000.0,
                    "hostname": "host01",
                    "memory": 268000000000.0
                },
                "failed": -1.0,
                "num_cores_allocated": 1,
                "read": [
                    {
                        "end": 6.451612903226131,
                        "id": "file_0_0",
                        "start": 1.1084536082474228e-18
                    }
                ],
                "task_id": "task_0_0",
                "terminated": -1.0,
                "whole_task": {
                    "end": 11.475054299669779,
                    "start": 1.1084536082474228e-18
                },
                "write": [
                    {
                        "end": 11.475054299669779,
                        "id": "file_0_1",
                        "start": 10.851612903226131
                    }
                ]
            },
            {
                "color": "",
                "compute": {
                    "end": 16.498495696176768,
                    "start": 12.09849569617677
                },
                "execution_host": {
                    "cores": 32,
                    "flop_rate": 1000000000.0,
                    "hostname": "host01",
                    "memory": 268000000000.0
                },
                "failed": -1.0,
                "num_cores_allocated": 1,
                "read": [
                    {
                        "end": 12.09849569617677,
                        "id": "file_0_1",
                        "start": 11.475054299669779
                    }
                ],
                "task_id": "task_0_1",
                "terminated": -1.0,
                "whole_task": {
                    "end": 17.12193709268537,
                    "start": 11.475054299669779
                },
                "write": [
                    {
                        "end": 17.12193709268537,
                        "id": "file_0_2",
                        "start": 16.498495696176768
                    }
                ]
            },
            {
                "color": "",
                "compute": {
                    "end": 22.14537848919725,
                    "start": 17.74537848919725
                },
                "execution_host": {
                    "cores": 32,
                    "flop_rate": 1000000000.0,
                    "hostname": "host01",
                    "memory": 268000000000.0
                },
                "failed": -1.0,
                "num_cores_allocated": 1,
                "read": [
                    {
                        "end": 17.74537848919725,
                        "id": "file_0_2",
                        "start": 17.12193709268537
                    }
                ],
                "task_id": "task_0_2",
                "terminated": -1.0,
                "whole_task": {
                    "end": 22.768819885709128,
                    "start": 17.12193709268537
                },
                "write": [
                    {
                        "end": 22.768819885709128,
                        "id": "file_0_3",
                        "start": 22.14537848919725
                    }
                ]
            }
        ]
    }
}
