read_start,read_end,cpu_start,cpu_end,write_start,write_end
1606724143.146000, 1606724190.603000, 1606724190.603000, 1606724195.837000, 1606724195.837000, 1606724244.168000
1606724244.182000, 1606724245.292000, 1606724245.292000, 1606724250.042000, 1606724250.042000, 1606724297.120000
1606724297.134000, 1606724298.117000, 1606724298.117000, 1606724302.880000, 1606724302.880000, 1606724351.157000
