read_start,read_end,cpu_start,cpu_end,write_start,write_end
1606726648.744000, 1606726737.259000, 1606726737.259000, 1606726742.304000, 1606726742.304000, 1606726834.886000
1606726834.899000, 1606726835.985000, 1606726835.985000, 1606726841.144000, 1606726841.144000, 1606726935.304000
1606726935.317000, 1606726936.661000, 1606726936.661000, 1606726943.318000, 1606726943.318000, 1606727037.167000
