read_start,read_end,cpu_start,cpu_end,write_start,write_end
1606734822.836000, 1606734983.330000, 1606734983.330000, 1606734988.434000, 1606734988.434000, 1606735058.573000
1606735058.601000, 1606735060.081000, 1606735060.081000, 1606735064.999000, 1606735064.999000, 1606735181.906000
1606735181.961000, 1606735183.057000, 1606735183.057000, 1606735187.891000, 1606735187.891000, 1606735365.502000
