read_start,read_end,cpu_start,cpu_end,write_start,write_end
1606730770.120000, 1606730901.646000, 1606730901.646000, 1606730906.964000, 1606730906.964000, 1606730998.841000
1606730998.855000, 1606730999.837000, 1606730999.837000, 1606731004.589000, 1606731004.589000, 1606731188.045000
1606731188.059000, 1606731189.107000, 1606731189.107000, 1606731193.742000, 1606731193.742000, 1606731316.989000
