read_start,read_end,cpu_start,cpu_end,write_start,write_end
1606723761.310000, 1606723798.472000, 1606723798.472000, 1606723803.688000, 1606723803.688000, 1606723843.900000
1606723843.915000, 1606723845.021000, 1606723845.021000, 1606723849.645000, 1606723849.645000, 1606723889.902000
1606723889.916000, 1606723890.894000, 1606723890.894000, 1606723895.626000, 1606723895.626000, 1606723935.721000
