read_start,read_end,cpu_start,cpu_end,write_start,write_end
1606731395.113000, 1606731534.631000, 1606731534.631000, 1606731539.933000, 1606731539.933000, 1606731718.889000
1606731718.904000, 1606731720.544000, 1606731720.544000, 1606731726.429000, 1606731726.429000, 1606731907.321000
1606731907.418000, 1606731908.392000, 1606731908.392000, 1606731912.883000, 1606731912.883000, 1606731999.080000
