read_start,read_end,cpu_start,cpu_end,write_start,write_end
1606733401.060000, 1606733550.257000, 1606733550.257000, 1606733555.337000, 1606733555.337000, 1606733647.528000
1606733647.545000, 1606733648.677000, 1606733648.677000, 1606733653.785000, 1606733653.785000, 1606733816.055000
1606733816.083000, 1606733817.327000, 1606733817.327000, 1606733822.428000, 1606733822.428000, 1606733999.248000
