read_start,read_end,cpu_start,cpu_end,write_start,write_end
1606727529.486000, 1606727630.845000, 1606727630.845000, 1606727636.035000, 1606727636.035000, 1606727744.262000
1606727744.277000, 1606727745.434000, 1606727745.434000, 1606727750.279000, 1606727750.279000, 1606727860.259000
1606727860.275000, 1606727861.778000, 1606727861.778000, 1606727867.900000, 1606727867.900000, 1606727969.325000
