read_start,read_end,cpu_start,cpu_end,write_start,write_end
1606728012.680000, 1606728116.630000, 1606728116.630000, 1606728122.133000, 1606728122.133000, 1606728236.862000
1606728236.876000, 1606728237.975000, 1606728237.975000, 1606728243.308000, 1606728243.308000, 1606728352.439000
1606728352.456000, 1606728353.878000, 1606728353.878000, 1606728358.859000, 1606728358.859000, 1606728469.705000
