read_start,read_end,cpu_start,cpu_end,write_start,write_end
1606732711.645000, 1606732856.855000, 1606732856.855000, 1606732862.098000, 1606732862.098000, 1606732951.308000
1606732951.323000, 1606732953.020000, 1606732953.020000, 1606732957.823000, 1606732957.823000, 1606733137.186000
1606733137.259000, 1606733138.919000, 1606733138.919000, 1606733143.833000, 1606733143.833000, 1606733323.401000
