read_start,read_end,cpu_start,cpu_end,write_start,write_end
1606734099.205000, 1606734244.286000, 1606734244.286000, 1606734249.267000, 1606734249.267000, 1606734333.465000
1606734333.482000, 1606734334.449000, 1606734334.449000, 1606734339.429000, 1606734339.429000, 1606734516.176000
1606734516.190000, 1606734518.048000, 1606734518.048000, 1606734523.551000, 1606734523.551000, 1606734691.346000
