read_start,read_end,cpu_start,cpu_end,write_start,write_end
1606723473.775000, 1606723500.383000, 1606723500.383000, 1606723505.382000, 1606723505.382000, 1606723535.398000
1606723535.412000, 1606723536.425000, 1606723536.425000, 1606723540.796000, 1606723540.796000, 1606723570.408000
1606723570.422000, 1606723571.406000, 1606723571.406000, 1606723575.769000, 1606723575.769000, 1606723605.404000
