read_start,read_end,cpu_start,cpu_end,write_start,write_end
1606724143.145000, 1606724190.504000, 1606724190.504000, 1606724195.738000, 1606724195.738000, 1606724243.880000
1606724243.901000, 1606724244.872000, 1606724244.872000, 1606724249.478000, 1606724249.478000, 1606724296.603000
1606724296.623000, 1606724297.661000, 1606724297.661000, 1606724302.336000, 1606724302.336000, 1606724350.598000
