read_start,read_end,cpu_start,cpu_end,write_start,write_end
1606734822.828000, 1606734984.728000, 1606734984.728000, 1606734990.687000, 1606734990.687000, 1606735086.598000
1606735086.649000, 1606735088.660000, 1606735088.660000, 1606735094.490000, 1606735094.490000, 1606735203.349000
1606735203.445000, 1606735205.184000, 1606735205.184000, 1606735211.032000, 1606735211.032000, 1606735370.591000
