read_start,read_end,cpu_start,cpu_end,write_start,write_end
1606732711.663000, 1606732859.234000, 1606732859.234000, 1606732864.456000, 1606732864.456000, 1606733040.357000
1606733040.375000, 1606733041.498000, 1606733041.498000, 1606733046.420000, 1606733046.420000, 1606733194.943000
1606733194.988000, 1606733196.018000, 1606733196.018000, 1606733200.585000, 1606733200.585000, 1606733315.253000
