read_start,read_end,cpu_start,cpu_end,write_start,write_end
1606728012.688000, 1606728115.930000, 1606728115.930000, 1606728121.012000, 1606728121.012000, 1606728233.633000
1606728233.650000, 1606728234.598000, 1606728234.598000, 1606728239.693000, 1606728239.693000, 1606728342.355000
1606728342.371000, 1606728343.750000, 1606728343.750000, 1606728348.171000, 1606728348.171000, 1606728451.744000
