read_start,read_end,cpu_start,cpu_end,write_start,write_end
1606728012.691000, 1606728119.156000, 1606728119.156000, 1606728124.385000, 1606728124.385000, 1606728239.616000
1606728239.634000, 1606728240.780000, 1606728240.780000, 1606728245.751000, 1606728245.751000, 1606728356.527000
1606728356.542000, 1606728358.196000, 1606728358.196000, 1606728363.601000, 1606728363.601000, 1606728472.846000
