read_start,read_end,cpu_start,cpu_end,write_start,write_end
1606730170.240000, 1606730297.618000, 1606730297.618000, 1606730303.072000, 1606730303.072000, 1606730521.748000
1606730521.783000, 1606730522.716000, 1606730522.716000, 1606730527.363000, 1606730527.363000, 1606730642.815000
1606730642.829000, 1606730643.866000, 1606730643.866000, 1606730648.525000, 1606730648.525000, 1606730722.240000
