read_start,read_end,cpu_start,cpu_end,write_start,write_end
1606730170.236000, 1606730294.480000, 1606730294.480000, 1606730300.203000, 1606730300.203000, 1606730412.482000
1606730412.496000, 1606730413.424000, 1606730413.424000, 1606730418.164000, 1606730418.164000, 1606730537.720000
1606730537.734000, 1606730538.673000, 1606730538.673000, 1606730543.317000, 1606730543.317000, 1606730661.655000
