read_start,read_end,cpu_start,cpu_end,write_start,write_end
1606725507.195000, 1606725579.694000, 1606725579.694000, 1606725584.537000, 1606725584.537000, 1606725662.604000
1606725662.618000, 1606725663.702000, 1606725663.702000, 1606725668.724000, 1606725668.724000, 1606725749.275000
1606725749.289000, 1606725750.366000, 1606725750.366000, 1606725755.261000, 1606725755.261000, 1606725824.700000
