read_start,read_end,cpu_start,cpu_end,write_start,write_end
1606725862.599000, 1606725941.136000, 1606725941.136000, 1606725946.112000, 1606725946.112000, 1606726034.605000
1606726034.619000, 1606726035.640000, 1606726035.640000, 1606726040.954000, 1606726040.954000, 1606726123.831000
1606726123.846000, 1606726124.905000, 1606726124.905000, 1606726129.718000, 1606726129.718000, 1606726208.922000
