read_start,read_end,cpu_start,cpu_end,write_start,write_end
1606734099.191000, 1606734260.211000, 1606734260.211000, 1606734265.796000, 1606734265.796000, 1606734431.061000
1606734431.082000, 1606734432.780000, 1606734432.780000, 1606734437.608000, 1606734437.608000, 1606734602.500000
1606734602.861000, 1606734604.535000, 1606734604.535000, 1606734609.297000, 1606734609.297000, 1606734775.732000
