read_start,read_end,cpu_start,cpu_end,write_start,write_end
1606727077.979000, 1606727172.245000, 1606727172.245000, 1606727177.696000, 1606727177.696000, 1606727280.623000
1606727280.639000, 1606727281.605000, 1606727281.605000, 1606727286.349000, 1606727286.349000, 1606727390.821000
1606727390.837000, 1606727392.156000, 1606727392.156000, 1606727397.163000, 1606727397.163000, 1606727485.710000
