read_start,read_end,cpu_start,cpu_end,write_start,write_end
1606729596.514000, 1606729714.327000, 1606729714.327000, 1606729719.426000, 1606729719.426000, 1606729804.593000
1606729804.609000, 1606729805.557000, 1606729805.557000, 1606729810.058000, 1606729810.058000, 1606729925.376000
1606729925.391000, 1606729926.319000, 1606729926.319000, 1606729931.093000, 1606729931.093000, 1606730064.831000
