read_start,read_end,cpu_start,cpu_end,write_start,write_end
1606735419.757000, 1606735600.984000, 1606735600.984000, 1606735606.182000, 1606735606.182000, 1606735815.689000
1606735816.273000, 1606735818.640000, 1606735818.640000, 1606735824.385000, 1606735824.385000, 1606736022.518000
1606736022.605000, 1606736024.117000, 1606736024.117000, 1606736029.363000, 1606736029.363000, 1606736157.934000
