read_start,read_end,cpu_start,cpu_end,write_start,write_end
1606725862.597000, 1606725940.421000, 1606725940.421000, 1606725945.853000, 1606725945.853000, 1606726034.540000
1606726034.555000, 1606726035.612000, 1606726035.612000, 1606726040.480000, 1606726040.480000, 1606726123.625000
1606726123.640000, 1606726124.627000, 1606726124.627000, 1606726129.363000, 1606726129.363000, 1606726208.677000
