read_start,read_end,cpu_start,cpu_end,write_start,write_end
1606730170.220000, 1606730296.643000, 1606730296.643000, 1606730302.236000, 1606730302.236000, 1606730417.261000
1606730417.277000, 1606730419.086000, 1606730419.086000, 1606730425.574000, 1606730425.574000, 1606730631.780000
1606730631.881000, 1606730633.197000, 1606730633.197000, 1606730637.834000, 1606730637.834000, 1606730717.726000
