read_start,read_end,cpu_start,cpu_end,write_start,write_end
1606727529.493000, 1606727629.960000, 1606727629.960000, 1606727635.236000, 1606727635.236000, 1606727743.717000
1606727743.731000, 1606727744.884000, 1606727744.884000, 1606727749.830000, 1606727749.830000, 1606727859.923000
1606727859.942000, 1606727861.035000, 1606727861.035000, 1606727865.776000, 1606727865.776000, 1606727968.362000
