read_start,read_end,cpu_start,cpu_end,write_start,write_end
1606733401.073000, 1606733554.976000, 1606733554.976000, 1606733560.436000, 1606733560.436000, 1606733727.532000
1606733727.547000, 1606733728.824000, 1606733728.824000, 1606733733.889000, 1606733733.889000, 1606733906.054000
1606733906.077000, 1606733907.159000, 1606733907.159000, 1606733912.166000, 1606733912.166000, 1606734013.923000
