read_start,read_end,cpu_start,cpu_end,write_start,write_end
1606726245.278000, 1606726329.609000, 1606726329.609000, 1606726334.368000, 1606726334.368000, 1606726422.034000
1606726422.048000, 1606726423.217000, 1606726423.217000, 1606726428.168000, 1606726428.168000, 1606726516.189000
1606726516.207000, 1606726517.246000, 1606726517.246000, 1606726522.358000, 1606726522.358000, 1606726609.884000
