read_start,read_end,cpu_start,cpu_end,write_start,write_end
1606732711.641000, 1606732855.244000, 1606732855.244000, 1606732860.537000, 1606732860.537000, 1606732948.904000
1606732948.918000, 1606732949.984000, 1606732949.984000, 1606732954.967000, 1606732954.967000, 1606733118.898000
1606733118.911000, 1606733119.943000, 1606733119.943000, 1606733124.536000, 1606733124.536000, 1606733292.176000
