read_start,read_end,cpu_start,cpu_end,write_start,write_end
1606727529.497000, 1606727627.489000, 1606727627.489000, 1606727632.516000, 1606727632.516000, 1606727738.595000
1606727738.610000, 1606727739.572000, 1606727739.572000, 1606727744.780000, 1606727744.780000, 1606727853.044000
1606727853.061000, 1606727854.981000, 1606727854.981000, 1606727859.720000, 1606727859.720000, 1606727954.837000
