read_start,read_end,cpu_start,cpu_end,write_start,write_end
1606730170.219000, 1606730286.846000, 1606730286.846000, 1606730291.327000, 1606730291.327000, 1606730731.401000
1606730731.415000, 1606730733.554000, 1606730733.554000, 1606730737.865000, 1606730737.865000, 1606730744.687000
1606730744.701000, 1606730745.693000, 1606730745.693000, 1606730750.033000, 1606730750.033000, 1606730756.893000
