read_start,read_end,cpu_start,cpu_end,write_start,write_end
1606732711.643000, 1606732855.060000, 1606732855.060000, 1606732859.962000, 1606732859.962000, 1606732948.674000
1606732948.688000, 1606732949.678000, 1606732949.678000, 1606732954.745000, 1606732954.745000, 1606733121.097000
1606733121.111000, 1606733122.326000, 1606733122.326000, 1606733127.252000, 1606733127.252000, 1606733302.010000
