read_start,read_end,cpu_start,cpu_end,write_start,write_end
1606734099.200000, 1606734220.273000, 1606734220.273000, 1606734225.282000, 1606734225.282000, 1606734780.784000
1606734780.808000, 1606734783.363000, 1606734783.363000, 1606734787.701000, 1606734787.701000, 1606734794.535000
1606734794.550000, 1606734795.520000, 1606734795.520000, 1606734799.858000, 1606734799.858000, 1606734806.708000
