read_start,read_end,cpu_start,cpu_end,write_start,write_end
1606735419.756000, 1606735601.995000, 1606735601.995000, 1606735607.313000, 1606735607.313000, 1606735815.723000
1606735816.291000, 1606735818.523000, 1606735818.523000, 1606735824.214000, 1606735824.214000, 1606736019.739000
1606736019.830000, 1606736020.822000, 1606736020.822000, 1606736025.651000, 1606736025.651000, 1606736157.255000
