read_start,read_end,cpu_start,cpu_end,write_start,write_end
1606726648.744000, 1606726738.326000, 1606726738.326000, 1606726743.578000, 1606726743.578000, 1606726836.337000
1606726836.353000, 1606726837.381000, 1606726837.381000, 1606726842.376000, 1606726842.376000, 1606726937.134000
1606726937.150000, 1606726938.483000, 1606726938.483000, 1606726944.627000, 1606726944.627000, 1606727037.563000
