read_start,read_end,cpu_start,cpu_end,write_start,write_end
1606726245.265000, 1606726328.992000, 1606726328.992000, 1606726334.106000, 1606726334.106000, 1606726421.739000
1606726421.754000, 1606726422.897000, 1606726422.897000, 1606726427.874000, 1606726427.874000, 1606726515.846000
1606726515.860000, 1606726516.889000, 1606726516.889000, 1606726521.927000, 1606726521.927000, 1606726609.792000
