read_start,read_end,cpu_start,cpu_end,write_start,write_end
1606727077.987000, 1606727173.311000, 1606727173.311000, 1606727178.314000, 1606727178.314000, 1606727281.008000
1606727281.024000, 1606727282.018000, 1606727282.018000, 1606727286.764000, 1606727286.764000, 1606727391.134000
1606727391.148000, 1606727393.020000, 1606727393.020000, 1606727399.615000, 1606727399.615000, 1606727489.332000
