read_start,read_end,cpu_start,cpu_end,write_start,write_end
1606723761.310000, 1606723798.542000, 1606723798.542000, 1606723803.718000, 1606723803.718000, 1606723843.782000
1606723843.797000, 1606723844.845000, 1606723844.845000, 1606723849.575000, 1606723849.575000, 1606723890.055000
1606723890.068000, 1606723891.175000, 1606723891.175000, 1606723895.874000, 1606723895.874000, 1606723936.304000
