read_start,read_end,cpu_start,cpu_end,write_start,write_end
1606728012.680000, 1606728116.414000, 1606728116.414000, 1606728121.834000, 1606728121.834000, 1606728236.286000
1606728236.300000, 1606728237.417000, 1606728237.417000, 1606728242.612000, 1606728242.612000, 1606728350.564000
1606728350.578000, 1606728351.996000, 1606728351.996000, 1606728357.156000, 1606728357.156000, 1606728466.490000
