read_start,read_end,cpu_start,cpu_end,write_start,write_end
1606725862.597000, 1606725940.520000, 1606725940.520000, 1606725945.922000, 1606725945.922000, 1606726034.638000
1606726034.653000, 1606726035.800000, 1606726035.800000, 1606726040.620000, 1606726040.620000, 1606726123.609000
1606726123.628000, 1606726124.770000, 1606726124.770000, 1606726129.503000, 1606726129.503000, 1606726208.803000
