read_start,read_end,cpu_start,cpu_end,write_start,write_end
1606727529.486000, 1606727629.939000, 1606727629.939000, 1606727635.374000, 1606727635.374000, 1606727743.842000
1606727743.857000, 1606727744.877000, 1606727744.878000, 1606727749.777000, 1606727749.777000, 1606727859.748000
1606727859.762000, 1606727860.838000, 1606727860.838000, 1606727865.798000, 1606727865.798000, 1606727969.687000
