read_start,read_end,cpu_start,cpu_end,write_start,write_end
1606724370.100000, 1606724420.952000, 1606724420.952000, 1606724426.278000, 1606724426.278000, 1606724483.157000
1606724483.173000, 1606724484.290000, 1606724484.290000, 1606724489.184000, 1606724489.184000, 1606724593.642000
1606724593.656000, 1606724594.590000, 1606724594.590000, 1606724598.981000, 1606724598.981000, 1606724609.725000
