read_start,read_end,cpu_start,cpu_end,write_start,write_end
1606727077.974000, 1606727173.314000, 1606727173.314000, 1606727178.664000, 1606727178.664000, 1606727281.207000
1606727281.223000, 1606727282.337000, 1606727282.337000, 1606727287.159000, 1606727287.159000, 1606727391.513000
1606727391.531000, 1606727393.342000, 1606727393.342000, 1606727400.106000, 1606727400.106000, 1606727488.560000
