read_start,read_end,cpu_start,cpu_end,write_start,write_end
1606724370.102000, 1606724421.834000, 1606724421.834000, 1606724426.720000, 1606724426.720000, 1606724485.498000
1606724485.514000, 1606724486.606000, 1606724486.606000, 1606724491.221000, 1606724491.221000, 1606724545.289000
1606724545.303000, 1606724546.273000, 1606724546.273000, 1606724550.910000, 1606724550.910000, 1606724602.633000
