read_start,read_end,cpu_start,cpu_end,write_start,write_end
1606724370.100000, 1606724421.581000, 1606724421.581000, 1606724426.515000, 1606724426.515000, 1606724484.973000
1606724484.987000, 1606724485.967000, 1606724485.967000, 1606724490.791000, 1606724490.791000, 1606724544.142000
1606724544.152000, 1606724545.190000, 1606724545.190000, 1606724549.957000, 1606724549.957000, 1606724607.726000
