read_start,read_end,cpu_start,cpu_end,write_start,write_end
1606724616.582000, 1606724671.851000, 1606724671.851000, 1606724676.559000, 1606724676.559000, 1606724744.922000
1606724744.931000, 1606724745.874000, 1606724745.874000, 1606724750.422000, 1606724750.422000, 1606724807.474000
1606724807.485000, 1606724808.551000, 1606724808.551000, 1606724813.284000, 1606724813.284000, 1606724870.899000
