read_start,read_end,cpu_start,cpu_end,write_start,write_end
1606729596.522000, 1606729717.824000, 1606729717.824000, 1606729723.411000, 1606729723.411000, 1606729817.647000
1606729817.662000, 1606729818.760000, 1606729818.760000, 1606729823.446000, 1606729823.446000, 1606729988.964000
1606729988.980000, 1606729990.041000, 1606729990.041000, 1606729994.428000, 1606729994.428000, 1606730103.775000
