read_start,read_end,cpu_start,cpu_end,write_start,write_end
1606730770.103000, 1606730896.150000, 1606730896.150000, 1606730901.042000, 1606730901.042000, 1606730989.617000
1606730989.631000, 1606730990.691000, 1606730990.691000, 1606730995.408000, 1606730995.408000, 1606731099.439000
1606731099.452000, 1606731100.511000, 1606731100.511000, 1606731105.589000, 1606731105.589000, 1606731278.427000
