read_start,read_end,cpu_start,cpu_end,write_start,write_end
1606725507.195000, 1606725580.886000, 1606725580.886000, 1606725585.749000, 1606725585.749000, 1606725663.906000
1606725663.919000, 1606725664.948000, 1606725664.948000, 1606725670.226000, 1606725670.226000, 1606725751.262000
1606725751.275000, 1606725752.389000, 1606725752.389000, 1606725757.188000, 1606725757.188000, 1606725826.499000
