read_start,read_end,cpu_start,cpu_end,write_start,write_end
1606729039.478000, 1606729154.971000, 1606729154.971000, 1606729160.149000, 1606729160.149000, 1606729279.393000
1606729279.408000, 1606729280.480000, 1606729280.480000, 1606729285.247000, 1606729285.247000, 1606729410.522000
1606729410.535000, 1606729411.665000, 1606729411.665000, 1606729416.637000, 1606729416.637000, 1606729538.921000
