read_start,read_end,cpu_start,cpu_end,write_start,write_end
1606734099.201000, 1606734259.131000, 1606734259.131000, 1606734264.636000, 1606734264.636000, 1606734427.233000
1606734427.266000, 1606734429.158000, 1606734429.158000, 1606734434.806000, 1606734434.806000, 1606734600.803000
1606734600.938000, 1606734602.052000, 1606734602.052000, 1606734607.179000, 1606734607.179000, 1606734771.504000
