read_start,read_end,cpu_start,cpu_end,write_start,write_end
1606723177.823000, 1606723190.087000, 1606723190.087000, 1606723194.500000, 1606723194.500000, 1606723213.032000
1606723213.047000, 1606723214.084000, 1606723214.084000, 1606723218.596000, 1606723218.596000, 1606723232.606000
1606723232.621000, 1606723233.720000, 1606723233.720000, 1606723238.145000, 1606723238.145000, 1606723255.898000
