read_start,read_end,cpu_start,cpu_end,write_start,write_end
1606734822.816000, 1606734985.150000, 1606734985.150000, 1606734990.751000, 1606734990.751000, 1606735087.648000
1606735087.664000, 1606735088.632000, 1606735088.632000, 1606735093.075000, 1606735093.075000, 1606735202.044000
1606735202.066000, 1606735203.035000, 1606735203.035000, 1606735207.427000, 1606735207.427000, 1606735369.932000
