read_start,read_end,cpu_start,cpu_end,write_start,write_end
1606730770.099000, 1606730902.247000, 1606730902.247000, 1606730907.897000, 1606730907.897000, 1606731001.560000
1606731001.574000, 1606731002.683000, 1606731002.683000, 1606731007.287000, 1606731007.287000, 1606731194.513000
1606731194.527000, 1606731195.488000, 1606731195.488000, 1606731200.142000, 1606731200.142000, 1606731342.438000
