read_start,read_end,cpu_start,cpu_end,write_start,write_end
1606733401.060000, 1606733551.045000, 1606733551.045000, 1606733556.232000, 1606733556.232000, 1606733648.489000
1606733648.503000, 1606733649.615000, 1606733649.615000, 1606733654.711000, 1606733654.711000, 1606733817.047000
1606733817.065000, 1606733818.315000, 1606733818.315000, 1606733823.713000, 1606733823.713000, 1606734007.760000
