read_start,read_end,cpu_start,cpu_end,write_start,write_end
1606725862.597000, 1606725941.468000, 1606725941.468000, 1606725946.648000, 1606725946.648000, 1606726034.808000
1606726034.822000, 1606726035.840000, 1606726035.840000, 1606726040.656000, 1606726040.656000, 1606726123.603000
1606726123.623000, 1606726124.773000, 1606726124.773000, 1606726129.510000, 1606726129.510000, 1606726208.776000
