read_start,read_end,cpu_start,cpu_end,write_start,write_end
1606724616.582000, 1606724674.346000, 1606724674.346000, 1606724679.730000, 1606724679.730000, 1606724740.585000
1606724740.599000, 1606724741.695000, 1606724741.695000, 1606724746.631000, 1606724746.631000, 1606724807.109000
1606724807.124000, 1606724808.138000, 1606724808.138000, 1606724813.087000, 1606724813.087000, 1606724871.007000
