read_start,read_end,cpu_start,cpu_end,write_start,write_end
1606734822.816000, 1606734986.759000, 1606734986.759000, 1606734992.450000, 1606734992.450000, 1606735152.799000
1606735152.819000, 1606735153.790000, 1606735153.790000, 1606735158.230000, 1606735158.230000, 1606735288.766000
1606735288.781000, 1606735289.778000, 1606735289.778000, 1606735294.183000, 1606735294.183000, 1606735387.140000
