read_start,read_end,cpu_start,cpu_end,write_start,write_end
1606731395.100000, 1606731526.941000, 1606731526.941000, 1606731531.941000, 1606731531.941000, 1606731618.159000
1606731618.172000, 1606731619.249000, 1606731619.249000, 1606731624.173000, 1606731624.173000, 1606731725.380000
1606731725.398000, 1606731726.652000, 1606731726.652000, 1606731731.489000, 1606731731.489000, 1606731905.200000
