read_start,read_end,cpu_start,cpu_end,write_start,write_end
1606729039.486000, 1606729150.584000, 1606729150.584000, 1606729155.702000, 1606729155.702000, 1606729267.185000
1606729267.199000, 1606729268.242000, 1606729268.242000, 1606729273.232000, 1606729273.232000, 1606729395.254000
1606729395.268000, 1606729396.361000, 1606729396.361000, 1606729400.850000, 1606729400.850000, 1606729532.027000
