read_start,read_end,cpu_start,cpu_end,write_start,write_end
1606729596.508000, 1606729712.296000, 1606729712.296000, 1606729717.277000, 1606729717.277000, 1606730132.828000
1606730132.847000, 1606730133.905000, 1606730133.905000, 1606730138.244000, 1606730138.244000, 1606730145.370000
1606730145.384000, 1606730146.348000, 1606730146.348000, 1606730150.689000, 1606730150.689000, 1606730157.587000
