read_start,read_end,cpu_start,cpu_end,write_start,write_end
1606729596.508000, 1606729717.445000, 1606729717.445000, 1606729723.227000, 1606729723.227000, 1606729816.414000
1606729816.432000, 1606729817.525000, 1606729817.525000, 1606729822.413000, 1606729822.413000, 1606729982.573000
1606729982.588000, 1606729983.630000, 1606729983.630000, 1606729988.142000, 1606729988.142000, 1606730101.576000
