read_start,read_end,cpu_start,cpu_end,write_start,write_end
1606723609.022000, 1606723640.944000, 1606723640.944000, 1606723646.179000, 1606723646.179000, 1606723681.324000
1606723681.338000, 1606723682.309000, 1606723682.309000, 1606723686.871000, 1606723686.871000, 1606723721.315000
1606723721.329000, 1606723722.259000, 1606723722.259000, 1606723726.613000, 1606723726.613000, 1606723755.636000
