read_start,read_end,cpu_start,cpu_end,write_start,write_end
1606730770.114000, 1606730903.157000, 1606730903.157000, 1606730908.662000, 1606730908.662000, 1606731095.591000
1606731095.610000, 1606731096.569000, 1606731096.569000, 1606731101.522000, 1606731101.522000, 1606731214.634000
1606731214.653000, 1606731215.651000, 1606731215.651000, 1606731220.193000, 1606731220.193000, 1606731345.730000
