read_start,read_end,cpu_start,cpu_end,write_start,write_end
1606727529.502000, 1606727628.978000, 1606727628.978000, 1606727634.386000, 1606727634.386000, 1606727742.812000
1606727742.825000, 1606727743.906000, 1606727743.906000, 1606727748.667000, 1606727748.667000, 1606727858.430000
1606727858.443000, 1606727859.378000, 1606727859.378000, 1606727864.150000, 1606727864.150000, 1606727966.372000
