read_start,read_end,cpu_start,cpu_end,write_start,write_end
1606734822.831000, 1606734983.542000, 1606734983.542000, 1606734988.926000, 1606734988.926000, 1606735058.637000
1606735058.672000, 1606735060.243000, 1606735060.243000, 1606735065.174000, 1606735065.174000, 1606735183.778000
1606735183.859000, 1606735185.204000, 1606735185.204000, 1606735190.607000, 1606735190.607000, 1606735366.425000
