read_start,read_end,cpu_start,cpu_end,write_start,write_end
1606734822.808000, 1606734985.294000, 1606734985.294000, 1606734991.123000, 1606734991.123000, 1606735102.985000
1606735103.002000, 1606735104.019000, 1606735104.019000, 1606735109.109000, 1606735109.109000, 1606735226.952000
1606735226.975000, 1606735228.713000, 1606735228.713000, 1606735233.851000, 1606735233.851000, 1606735375.709000
