read_start,read_end,cpu_start,cpu_end,write_start,write_end
1606730170.219000, 1606730293.855000, 1606730293.855000, 1606730299.019000, 1606730299.019000, 1606730409.431000
1606730409.447000, 1606730410.437000, 1606730410.437000, 1606730415.321000, 1606730415.321000, 1606730534.914000
1606730534.928000, 1606730536.169000, 1606730536.169000, 1606730541.478000, 1606730541.478000, 1606730663.445000
