read_start,read_end,cpu_start,cpu_end,write_start,write_end
1606732043.846000, 1606732187.577000, 1606732187.577000, 1606732192.828000, 1606732192.828000, 1606732377.331000
1606732377.351000, 1606732379.071000, 1606732379.071000, 1606732384.656000, 1606732384.656000, 1606732513.604000
1606732513.699000, 1606732514.961000, 1606732514.961000, 1606732519.643000, 1606732519.643000, 1606732663.796000
