read_start,read_end,cpu_start,cpu_end,write_start,write_end
1606726648.744000, 1606726738.151000, 1606726738.151000, 1606726743.389000, 1606726743.389000, 1606726836.221000
1606726836.237000, 1606726837.263000, 1606726837.263000, 1606726842.298000, 1606726842.298000, 1606726936.990000
1606726937.006000, 1606726938.243000, 1606726938.243000, 1606726943.437000, 1606726943.437000, 1606727037.272000
