read_start,read_end,cpu_start,cpu_end,write_start,write_end
1606725507.203000, 1606725577.674000, 1606725577.674000, 1606725582.643000, 1606725582.643000, 1606725654.835000
1606725654.852000, 1606725655.791000, 1606725655.791000, 1606725660.205000, 1606725660.205000, 1606725698.404000
1606725698.420000, 1606725699.368000, 1606725699.368000, 1606725703.758000, 1606725703.758000, 1606725767.469000
