read_start,read_end,cpu_start,cpu_end,write_start,write_end
1606723113.958000, 1606723121.132000, 1606723121.132000, 1606723125.500000, 1606723125.500000, 1606723137.881000
1606723137.896000, 1606723138.942000, 1606723138.942000, 1606723143.305000, 1606723143.305000, 1606723155.674000
1606723155.690000, 1606723156.709000, 1606723156.709000, 1606723161.038000, 1606723161.038000, 1606723172.250000
