read_start,read_end,cpu_start,cpu_end,write_start,write_end
1606732711.658000, 1606732860.609000, 1606732860.609000, 1606732866.120000, 1606732866.120000, 1606733042.538000
1606733042.562000, 1606733044.358000, 1606733044.358000, 1606733049.220000, 1606733049.220000, 1606733202.092000
1606733202.288000, 1606733203.773000, 1606733203.773000, 1606733209.204000, 1606733209.204000, 1606733354.054000
