read_start,read_end,cpu_start,cpu_end,write_start,write_end
1606735419.756000, 1606735600.167000, 1606735600.167000, 1606735605.238000, 1606735605.238000, 1606735815.674000
1606735816.325000, 1606735819.117000, 1606735819.117000, 1606735825.084000, 1606735825.084000, 1606736029.521000
1606736029.595000, 1606736030.644000, 1606736030.644000, 1606736035.397000, 1606736035.397000, 1606736158.629000
