read_start,read_end,cpu_start,cpu_end,write_start,write_end
1606729596.512000, 1606729717.186000, 1606729717.186000, 1606729722.753000, 1606729722.753000, 1606729815.303000
1606729815.318000, 1606729816.414000, 1606729816.414000, 1606729821.186000, 1606729821.186000, 1606729937.130000
1606729937.147000, 1606729938.878000, 1606729938.878000, 1606729943.760000, 1606729943.760000, 1606730084.223000
