read_start,read_end,cpu_start,cpu_end,write_start,write_end
1606730770.108000, 1606730903.137000, 1606730903.137000, 1606730908.741000, 1606730908.741000, 1606731096.405000
1606731096.419000, 1606731097.399000, 1606731097.399000, 1606731102.460000, 1606731102.460000, 1606731216.273000
1606731216.287000, 1606731217.730000, 1606731217.730000, 1606731222.238000, 1606731222.238000, 1606731345.896000
