read_start,read_end,cpu_start,cpu_end,write_start,write_end
1606735419.756000, 1606735598.564000, 1606735598.564000, 1606735603.760000, 1606735603.760000, 1606735815.713000
1606735816.306000, 1606735818.541000, 1606735818.541000, 1606735824.266000, 1606735824.266000, 1606736020.507000
1606736020.597000, 1606736022.327000, 1606736022.327000, 1606736027.419000, 1606736027.419000, 1606736157.643000
