read_start,read_end,cpu_start,cpu_end,write_start,write_end
1606729039.476000, 1606729157.042000, 1606729157.042000, 1606729162.044000, 1606729162.044000, 1606729283.702000
1606729283.717000, 1606729284.831000, 1606729284.831000, 1606729289.631000, 1606729289.631000, 1606729416.029000
1606729416.050000, 1606729417.192000, 1606729417.192000, 1606729421.852000, 1606729421.852000, 1606729545.435000
