read_start,read_end,cpu_start,cpu_end,write_start,write_end
1606725507.197000, 1606725579.116000, 1606725579.116000, 1606725584.460000, 1606725584.460000, 1606725662.721000
1606725662.736000, 1606725663.830000, 1606725663.830000, 1606725669.116000, 1606725669.116000, 1606725750.147000
1606725750.161000, 1606725751.264000, 1606725751.264000, 1606725756.488000, 1606725756.488000, 1606725826.240000
