read_start,read_end,cpu_start,cpu_end,write_start,write_end
1606727529.499000, 1606727616.749000, 1606727616.749000, 1606727621.282000, 1606727621.282000, 1606727974.015000
1606727974.043000, 1606727974.977000, 1606727974.977000, 1606727979.316000, 1606727979.316000, 1606727987.193000
1606727987.208000, 1606727988.166000, 1606727988.166000, 1606727992.507000, 1606727992.507000, 1606728000.710000
