read_start,read_end,cpu_start,cpu_end,write_start,write_end
1606726648.756000, 1606726737.307000, 1606726737.307000, 1606726742.587000, 1606726742.587000, 1606726835.328000
1606726835.341000, 1606726836.340000, 1606726836.340000, 1606726841.513000, 1606726841.513000, 1606726936.251000
1606726936.268000, 1606726937.543000, 1606726937.543000, 1606726942.547000, 1606726942.547000, 1606727038.170000
