read_start,read_end,cpu_start,cpu_end,write_start,write_end
1606734099.176000, 1606734258.995000, 1606734258.995000, 1606734264.572000, 1606734264.572000, 1606734429.944000
1606734429.959000, 1606734431.365000, 1606734431.365000, 1606734436.809000, 1606734436.809000, 1606734600.086000
1606734600.124000, 1606734601.686000, 1606734601.686000, 1606734606.826000, 1606734606.826000, 1606734777.386000
