read_start,read_end,cpu_start,cpu_end,write_start,write_end
1606732711.661000, 1606732857.716000, 1606732857.716000, 1606732863.030000, 1606732863.030000, 1606732954.608000
1606732954.658000, 1606732956.424000, 1606732956.424000, 1606732961.161000, 1606732961.161000, 1606733144.838000
1606733144.991000, 1606733146.657000, 1606733146.657000, 1606733151.310000, 1606733151.310000, 1606733317.095000
