read_start,read_end,cpu_start,cpu_end,write_start,write_end
1606729039.476000, 1606729153.800000, 1606729153.800000, 1606729159.018000, 1606729159.018000, 1606729276.908000
1606729276.924000, 1606729277.861000, 1606729277.861000, 1606729283.007000, 1606729283.007000, 1606729405.081000
1606729405.099000, 1606729407.102000, 1606729407.102000, 1606729412.573000, 1606729412.573000, 1606729545.279000
