read_start,read_end,cpu_start,cpu_end,write_start,write_end
1606729039.489000, 1606729148.682000, 1606729148.682000, 1606729153.926000, 1606729153.926000, 1606729266.316000
1606729266.330000, 1606729267.311000, 1606729267.311000, 1606729271.878000, 1606729271.878000, 1606729392.806000
1606729392.821000, 1606729394.139000, 1606729394.139000, 1606729398.679000, 1606729398.679000, 1606729528.604000
