read_start,read_end,cpu_start,cpu_end,write_start,write_end
1606732043.842000, 1606732185.830000, 1606732185.830000, 1606732191.020000, 1606732191.020000, 1606732287.311000
1606732287.326000, 1606732288.881000, 1606732288.881000, 1606732295.360000, 1606732295.360000, 1606732490.650000
1606732490.733000, 1606732492.337000, 1606732492.337000, 1606732497.083000, 1606732497.083000, 1606732622.488000
