read_start,read_end,cpu_start,cpu_end,write_start,write_end
1606735419.757000, 1606735591.724000, 1606735591.724000, 1606735596.596000, 1606735596.596000, 1606735815.576000
1606735815.618000, 1606735816.877000, 1606735816.877000, 1606735822.686000, 1606735822.686000, 1606735960.542000
1606735960.558000, 1606735962.387000, 1606735962.387000, 1606735967.506000, 1606735967.506000, 1606736125.043000
