read_start,read_end,cpu_start,cpu_end,write_start,write_end
1606734822.809000, 1606734983.344000, 1606734983.344000, 1606734988.462000, 1606734988.462000, 1606735058.302000
1606735058.319000, 1606735060.283000, 1606735060.283000, 1606735065.248000, 1606735065.248000, 1606735182.338000
1606735182.421000, 1606735183.748000, 1606735183.748000, 1606735188.646000, 1606735188.646000, 1606735365.816000
