read_start,read_end,cpu_start,cpu_end,write_start,write_end
1606731395.113000, 1606731531.021000, 1606731531.021000, 1606731536.062000, 1606731536.062000, 1606731621.412000
1606731621.428000, 1606731622.504000, 1606731622.504000, 1606731627.237000, 1606731627.237000, 1606731798.849000
1606731798.867000, 1606731799.919000, 1606731799.919000, 1606731804.700000, 1606731804.700000, 1606731963.809000
