read_start,read_end,cpu_start,cpu_end,write_start,write_end
1606731395.117000, 1606731533.793000, 1606731533.793000, 1606731539.298000, 1606731539.298000, 1606731718.372000
1606731718.395000, 1606731719.451000, 1606731719.451000, 1606731724.191000, 1606731724.191000, 1606731804.672000
1606731804.688000, 1606731805.647000, 1606731805.647000, 1606731810.641000, 1606731810.641000, 1606731983.649000
