read_start,read_end,cpu_start,cpu_end,write_start,write_end
1606734822.832000, 1606734982.682000, 1606734982.682000, 1606734987.935000, 1606734987.935000, 1606735057.811000
1606735057.827000, 1606735059.017000, 1606735059.017000, 1606735063.956000, 1606735063.956000, 1606735178.434000
1606735178.447000, 1606735179.452000, 1606735179.452000, 1606735184.244000, 1606735184.244000, 1606735363.690000
