read_start,read_end,cpu_start,cpu_end,write_start,write_end
1606729596.508000, 1606729715.556000, 1606729715.556000, 1606729720.798000, 1606729720.798000, 1606729810.268000
1606729810.282000, 1606729811.241000, 1606729811.241000, 1606729816.018000, 1606729816.018000, 1606729927.140000
1606729927.150000, 1606729928.079000, 1606729928.079000, 1606729933.084000, 1606729933.084000, 1606730069.011000
