read_start,read_end,cpu_start,cpu_end,write_start,write_end
1606725862.597000, 1606725940.089000, 1606725940.089000, 1606725945.182000, 1606725945.182000, 1606726033.436000
1606726033.452000, 1606726034.428000, 1606726034.428000, 1606726039.390000, 1606726039.390000, 1606726121.685000
1606726121.702000, 1606726122.738000, 1606726122.738000, 1606726127.668000, 1606726127.668000, 1606726204.156000
