read_start,read_end,cpu_start,cpu_end,write_start,write_end
1606727529.486000, 1606727623.344000, 1606727623.344000, 1606727628.297000, 1606727628.297000, 1606727713.198000
1606727713.217000, 1606727714.322000, 1606727714.322000, 1606727718.733000, 1606727718.733000, 1606727813.865000
1606727813.880000, 1606727814.819000, 1606727814.819000, 1606727819.236000, 1606727819.236000, 1606727909.865000
