read_start,read_end,cpu_start,cpu_end,write_start,write_end
1606733401.080000, 1606733552.378000, 1606733552.378000, 1606733557.617000, 1606733557.617000, 1606733649.409000
1606733649.423000, 1606733650.387000, 1606733650.387000, 1606733655.344000, 1606733655.344000, 1606733815.466000
1606733815.503000, 1606733816.928000, 1606733816.928000, 1606733821.893000, 1606733821.893000, 1606733995.497000
