read_start,read_end,cpu_start,cpu_end,write_start,write_end
1606724143.146000, 1606724190.680000, 1606724190.680000, 1606724195.746000, 1606724195.746000, 1606724243.861000
1606724243.875000, 1606724244.854000, 1606724244.854000, 1606724249.600000, 1606724249.600000, 1606724296.976000
1606724296.989000, 1606724297.992000, 1606724297.992000, 1606724302.973000, 1606724302.973000, 1606724351.082000
