read_start,read_end,cpu_start,cpu_end,write_start,write_end
1606730770.099000, 1606730901.370000, 1606730901.370000, 1606730906.850000, 1606730906.850000, 1606730998.937000
1606730998.954000, 1606731000.094000, 1606731000.094000, 1606731004.799000, 1606731004.799000, 1606731190.081000
1606731190.095000, 1606731191.055000, 1606731191.055000, 1606731195.671000, 1606731195.671000, 1606731333.801000
