read_start,read_end,cpu_start,cpu_end,write_start,write_end
1606723761.310000, 1606723798.564000, 1606723798.564000, 1606723803.257000, 1606723803.257000, 1606723843.342000
1606723843.358000, 1606723844.373000, 1606723844.373000, 1606723849.053000, 1606723849.053000, 1606723891.421000
1606723891.430000, 1606723892.359000, 1606723892.359000, 1606723897.085000, 1606723897.085000, 1606723936.698000
