read_start,read_end,cpu_start,cpu_end,write_start,write_end
1606731395.093000, 1606731533.815000, 1606731533.815000, 1606731539.213000, 1606731539.213000, 1606731718.278000
1606731718.299000, 1606731719.828000, 1606731719.828000, 1606731725.775000, 1606731725.775000, 1606731899.136000
1606731899.210000, 1606731900.638000, 1606731900.638000, 1606731906.063000, 1606731906.063000, 1606731999.426000
