read_start,read_end,cpu_start,cpu_end,write_start,write_end
1606734099.195000, 1606734254.090000, 1606734254.090000, 1606734259.277000, 1606734259.277000, 1606734334.486000
1606734334.507000, 1606734335.830000, 1606734335.830000, 1606734341.018000, 1606734341.018000, 1606734521.360000
1606734521.409000, 1606734522.937000, 1606734522.937000, 1606734527.785000, 1606734527.785000, 1606734696.415000
