read_start,read_end,cpu_start,cpu_end,write_start,write_end
1606733401.060000, 1606733551.418000, 1606733551.418000, 1606733556.550000, 1606733556.550000, 1606733648.773000
1606733648.783000, 1606733649.749000, 1606733649.749000, 1606733654.779000, 1606733654.779000, 1606733816.128000
1606733816.153000, 1606733817.987000, 1606733817.987000, 1606733823.090000, 1606733823.090000, 1606734022.480000
