read_start,read_end,cpu_start,cpu_end,write_start,write_end
1606730770.108000, 1606730882.228000, 1606730882.228000, 1606730887.155000, 1606730887.155000, 1606731357.360000
1606731357.377000, 1606731359.188000, 1606731359.188000, 1606731363.530000, 1606731363.530000, 1606731370.377000
1606731370.392000, 1606731371.358000, 1606731371.358000, 1606731375.697000, 1606731375.697000, 1606731382.636000
