read_start,read_end,cpu_start,cpu_end,write_start,write_end
1606733401.062000, 1606733553.755000, 1606733553.755000, 1606733559.250000, 1606733559.250000, 1606733651.256000
1606733651.291000, 1606733652.733000, 1606733652.733000, 1606733657.911000, 1606733657.911000, 1606733825.913000
1606733826.013000, 1606733827.663000, 1606733827.663000, 1606733832.676000, 1606733832.676000, 1606734013.338000
