read_start,read_end,cpu_start,cpu_end,write_start,write_end
1606734822.844000, 1606734983.165000, 1606734983.165000, 1606734988.488000, 1606734988.488000, 1606735058.519000
1606735058.544000, 1606735060.067000, 1606735060.067000, 1606735064.987000, 1606735064.987000, 1606735183.602000
1606735183.655000, 1606735184.805000, 1606735184.805000, 1606735189.755000, 1606735189.755000, 1606735366.146000
