read_start,read_end,cpu_start,cpu_end,write_start,write_end
1606730170.221000, 1606730294.208000, 1606730294.208000, 1606730299.655000, 1606730299.655000, 1606730411.234000
1606730411.245000, 1606730412.371000, 1606730412.371000, 1606730417.261000, 1606730417.261000, 1606730537.362000
1606730537.380000, 1606730539.062000, 1606730539.062000, 1606730545.191000, 1606730545.191000, 1606730666.194000
