read_start,read_end,cpu_start,cpu_end,write_start,write_end
1606734099.188000, 1606734259.366000, 1606734259.366000, 1606734264.651000, 1606734264.651000, 1606734427.247000
1606734427.274000, 1606734429.275000, 1606734429.275000, 1606734434.839000, 1606734434.839000, 1606734602.532000
1606734602.874000, 1606734604.527000, 1606734604.527000, 1606734609.505000, 1606734609.505000, 1606734771.938000
