read_start,read_end,cpu_start,cpu_end,write_start,write_end
1606725507.195000, 1606725579.792000, 1606725579.792000, 1606725584.691000, 1606725584.691000, 1606725662.748000
1606725662.762000, 1606725663.708000, 1606725663.708000, 1606725668.597000, 1606725668.597000, 1606725748.756000
1606725748.774000, 1606725749.724000, 1606725749.724000, 1606725754.889000, 1606725754.889000, 1606725824.080000
