read_start,read_end,cpu_start,cpu_end,write_start,write_end
1606732043.842000, 1606732187.394000, 1606732187.394000, 1606732192.962000, 1606732192.962000, 1606732377.392000
1606732377.421000, 1606732379.153000, 1606732379.153000, 1606732384.401000, 1606732384.401000, 1606732510.950000
1606732511.060000, 1606732512.520000, 1606732512.520000, 1606732516.987000, 1606732516.987000, 1606732664.729000
