read_start,read_end,cpu_start,cpu_end,write_start,write_end
1606733401.066000, 1606733543.571000, 1606733543.571000, 1606733548.602000, 1606733548.602000, 1606733646.167000
1606733646.180000, 1606733647.264000, 1606733647.264000, 1606733652.353000, 1606733652.353000, 1606733813.922000
1606733813.937000, 1606733815.083000, 1606733815.083000, 1606733820.622000, 1606733820.622000, 1606733912.568000
