read_start,read_end,cpu_start,cpu_end,write_start,write_end
1606732043.855000, 1606732186.759000, 1606732186.759000, 1606732192.072000, 1606732192.072000, 1606732376.763000
1606732376.780000, 1606732377.838000, 1606732377.838000, 1606732382.623000, 1606732382.623000, 1606732497.225000
1606732497.244000, 1606732498.279000, 1606732498.279000, 1606732502.935000, 1606732502.935000, 1606732663.467000
