read_start,read_end,cpu_start,cpu_end,write_start,write_end
1606727529.495000, 1606727627.625000, 1606727627.625000, 1606727632.790000, 1606727632.790000, 1606727739.633000
1606727739.646000, 1606727740.616000, 1606727740.616000, 1606727745.632000, 1606727745.632000, 1606727855.274000
1606727855.287000, 1606727856.633000, 1606727856.633000, 1606727862.902000, 1606727862.902000, 1606727965.156000
