read_start,read_end,cpu_start,cpu_end,write_start,write_end
1606732043.850000, 1606732181.402000, 1606732181.402000, 1606732186.769000, 1606732186.769000, 1606732280.382000
1606732280.397000, 1606732281.450000, 1606732281.450000, 1606732286.410000, 1606732286.410000, 1606732388.645000
1606732388.660000, 1606732389.622000, 1606732389.622000, 1606732394.185000, 1606732394.185000, 1606732592.922000
