read_start,read_end,cpu_start,cpu_end,write_start,write_end
1606733401.060000, 1606733548.542000, 1606733548.542000, 1606733553.485000, 1606733553.485000, 1606733647.048000
1606733647.062000, 1606733648.178000, 1606733648.178000, 1606733653.392000, 1606733653.392000, 1606733815.206000
1606733815.221000, 1606733816.859000, 1606733816.859000, 1606733822.396000, 1606733822.396000, 1606734006.815000
