read_start,read_end,cpu_start,cpu_end,write_start,write_end
1606732711.642000, 1606732856.636000, 1606732856.636000, 1606732861.902000, 1606732861.902000, 1606732950.986000
1606732951.000000, 1606732952.453000, 1606732952.453000, 1606732957.342000, 1606732957.342000, 1606733133.132000
1606733133.194000, 1606733134.394000, 1606733134.394000, 1606733139.208000, 1606733139.208000, 1606733308.607000
