read_start,read_end,cpu_start,cpu_end,write_start,write_end
1606730770.099000, 1606730899.213000, 1606730899.213000, 1606730904.184000, 1606730904.184000, 1606730995.094000
1606730995.108000, 1606730996.162000, 1606730996.162000, 1606731001.482000, 1606731001.482000, 1606731105.198000
1606731105.222000, 1606731106.254000, 1606731106.254000, 1606731110.881000, 1606731110.881000, 1606731289.794000
