read_start,read_end,cpu_start,cpu_end,write_start,write_end
1606730770.125000, 1606730903.027000, 1606730903.027000, 1606730908.673000, 1606730908.673000, 1606731096.199000
1606731096.216000, 1606731097.161000, 1606731097.161000, 1606731101.907000, 1606731101.907000, 1606731218.743000
1606731218.756000, 1606731219.703000, 1606731219.703000, 1606731224.173000, 1606731224.173000, 1606731346.594000
