read_start,read_end,cpu_start,cpu_end,write_start,write_end
1606734822.829000, 1606734980.661000, 1606734980.661000, 1606734985.589000, 1606734985.589000, 1606735055.618000
1606735055.633000, 1606735056.568000, 1606735056.568000, 1606735061.532000, 1606735061.532000, 1606735174.572000
1606735174.587000, 1606735175.580000, 1606735175.580000, 1606735180.345000, 1606735180.345000, 1606735360.972000
