read_start,read_end,cpu_start,cpu_end,write_start,write_end
1606733401.073000, 1606733553.658000, 1606733553.658000, 1606733558.947000, 1606733558.947000, 1606733650.395000
1606733650.410000, 1606733651.501000, 1606733651.501000, 1606733656.345000, 1606733656.345000, 1606733817.793000
1606733817.822000, 1606733819.449000, 1606733819.449000, 1606733825.705000, 1606733825.705000, 1606734013.647000
