read_start,read_end,cpu_start,cpu_end,write_start,write_end
1606723761.310000, 1606723798.491000, 1606723798.491000, 1606723803.214000, 1606723803.214000, 1606723845.625000
1606723845.634000, 1606723846.582000, 1606723846.582000, 1606723851.193000, 1606723851.193000, 1606723890.193000
1606723890.207000, 1606723891.193000, 1606723891.193000, 1606723895.923000, 1606723895.923000, 1606723936.482000
