read_start,read_end,cpu_start,cpu_end,write_start,write_end
1606732711.641000, 1606732848.562000, 1606732848.562000, 1606732853.401000, 1606732853.401000, 1606732947.026000
1606732947.040000, 1606732948.014000, 1606732948.014000, 1606732952.997000, 1606732952.997000, 1606733117.138000
1606733117.153000, 1606733118.161000, 1606733118.161000, 1606733123.043000, 1606733123.043000, 1606733291.882000
