read_start,read_end,cpu_start,cpu_end,write_start,write_end
1606724891.723000, 1606724953.656000, 1606724953.656000, 1606724958.632000, 1606724958.632000, 1606725023.227000
1606725023.240000, 1606725024.321000, 1606725024.321000, 1606725029.243000, 1606725029.243000, 1606725094.480000
1606725094.495000, 1606725095.448000, 1606725095.448000, 1606725100.620000, 1606725100.620000, 1606725160.064000
