read_start,read_end,cpu_start,cpu_end,write_start,write_end
1606729039.494000, 1606729156.604000, 1606729156.604000, 1606729162.073000, 1606729162.073000, 1606729283.810000
1606729283.826000, 1606729284.926000, 1606729284.926000, 1606729289.647000, 1606729289.647000, 1606729416.042000
1606729416.063000, 1606729417.030000, 1606729417.030000, 1606729421.687000, 1606729421.687000, 1606729545.491000
