read_start,read_end,cpu_start,cpu_end,write_start,write_end
1606734822.818000, 1606734985.452000, 1606734985.452000, 1606734991.177000, 1606734991.177000, 1606735103.937000
1606735103.954000, 1606735105.482000, 1606735105.482000, 1606735110.083000, 1606735110.083000, 1606735228.928000
1606735229.016000, 1606735230.402000, 1606735230.402000, 1606735234.864000, 1606735234.864000, 1606735375.938000
