read_start,read_end,cpu_start,cpu_end,write_start,write_end
1606732711.654000, 1606732847.626000, 1606732847.626000, 1606732852.602000, 1606732852.602000, 1606732946.785000
1606732946.800000, 1606732947.710000, 1606732947.710000, 1606732952.397000, 1606732952.397000, 1606733047.479000
1606733047.499000, 1606733048.503000, 1606733048.503000, 1606733053.023000, 1606733053.023000, 1606733207.384000
