read_start,read_end,cpu_start,cpu_end,write_start,write_end
1606726245.268000, 1606726326.856000, 1606726326.856000, 1606726331.915000, 1606726331.915000, 1606726419.227000
1606726419.241000, 1606726420.198000, 1606726420.198000, 1606726425.318000, 1606726425.318000, 1606726512.320000
1606726512.333000, 1606726513.252000, 1606726513.252000, 1606726518.122000, 1606726518.122000, 1606726604.589000
