read_start,read_end,cpu_start,cpu_end,write_start,write_end
1606725507.195000, 1606725581.765000, 1606725581.765000, 1606725586.761000, 1606725586.761000, 1606725664.238000
1606725664.254000, 1606725665.269000, 1606725665.269000, 1606725670.048000, 1606725670.048000, 1606725751.039000
1606725751.055000, 1606725752.147000, 1606725752.147000, 1606725756.839000, 1606725756.839000, 1606725826.469000
