read_start,read_end,cpu_start,cpu_end,write_start,write_end
1606728514.557000, 1606728625.827000, 1606728625.827000, 1606728631.136000, 1606728631.136000, 1606728750.425000
1606728750.439000, 1606728751.580000, 1606728751.580000, 1606728756.915000, 1606728756.915000, 1606728879.070000
1606728879.086000, 1606728880.358000, 1606728880.358000, 1606728885.166000, 1606728885.166000, 1606728996.145000
