read_start,read_end,cpu_start,cpu_end,write_start,write_end
1606732043.841000, 1606732187.169000, 1606732187.169000, 1606732192.566000, 1606732192.566000, 1606732377.263000
1606732377.276000, 1606732378.826000, 1606732378.826000, 1606732384.359000, 1606732384.359000, 1606732510.055000
1606732510.149000, 1606732511.303000, 1606732511.303000, 1606732515.936000, 1606732515.936000, 1606732663.988000
