read_start,read_end,cpu_start,cpu_end,write_start,write_end
1606729596.516000, 1606729718.869000, 1606729718.869000, 1606729724.190000, 1606729724.190000, 1606729918.994000
1606729919.010000, 1606729920.188000, 1606729920.188000, 1606729924.732000, 1606729924.732000, 1606730046.005000
1606730046.044000, 1606730047.996000, 1606730047.996000, 1606730053.062000, 1606730053.062000, 1606730121.809000
