read_start,read_end,cpu_start,cpu_end,write_start,write_end
1606726245.279000, 1606726327.986000, 1606726327.986000, 1606726333.145000, 1606726333.145000, 1606726420.790000
1606726420.805000, 1606726421.889000, 1606726421.889000, 1606726427.312000, 1606726427.312000, 1606726515.276000
1606726515.289000, 1606726516.377000, 1606726516.377000, 1606726521.582000, 1606726521.582000, 1606726609.527000
