read_start,read_end,cpu_start,cpu_end,write_start,write_end
1606729596.527000, 1606729712.834000, 1606729712.834000, 1606729717.804000, 1606729717.804000, 1606729796.361000
1606729796.377000, 1606729797.496000, 1606729797.496000, 1606729801.899000, 1606729801.899000, 1606729925.303000
1606729925.320000, 1606729926.272000, 1606729926.272000, 1606729930.990000, 1606729930.990000, 1606730065.795000
