read_start,read_end,cpu_start,cpu_end,write_start,write_end
1606729596.510000, 1606729717.991000, 1606729717.991000, 1606729723.399000, 1606729723.399000, 1606729817.940000
1606729817.954000, 1606729819.054000, 1606729819.054000, 1606729823.848000, 1606729823.848000, 1606729992.018000
1606729992.033000, 1606729993.046000, 1606729993.046000, 1606729997.464000, 1606729997.464000, 1606730104.459000
