read_start,read_end,cpu_start,cpu_end,write_start,write_end
1606723261.435000, 1606723279.053000, 1606723279.053000, 1606723283.778000, 1606723283.778000, 1606723307.892000
1606723307.908000, 1606723309.040000, 1606723309.040000, 1606723313.623000, 1606723313.623000, 1606723336.403000
1606723336.418000, 1606723337.581000, 1606723337.581000, 1606723342.429000, 1606723342.429000, 1606723359.946000
