read_start,read_end,cpu_start,cpu_end,write_start,write_end
1606734099.176000, 1606734260.251000, 1606734260.251000, 1606734265.561000, 1606734265.561000, 1606734430.685000
1606734430.746000, 1606734432.602000, 1606734432.602000, 1606734437.803000, 1606734437.803000, 1606734604.954000
1606734605.077000, 1606734606.521000, 1606734606.521000, 1606734612.044000, 1606734612.044000, 1606734775.394000
