read_start,read_end,cpu_start,cpu_end,write_start,write_end
1606726648.744000, 1606726736.808000, 1606726736.808000, 1606726742.042000, 1606726742.042000, 1606726834.284000
1606726834.297000, 1606726835.376000, 1606726835.376000, 1606726840.538000, 1606726840.538000, 1606726933.759000
1606726933.773000, 1606726934.886000, 1606726934.886000, 1606726939.937000, 1606726939.937000, 1606727030.114000
