read_start,read_end,cpu_start,cpu_end,write_start,write_end
1606730770.101000, 1606730897.149000, 1606730897.149000, 1606730901.857000, 1606730901.857000, 1606730990.426000
1606730990.439000, 1606730991.442000, 1606730991.442000, 1606730996.177000, 1606730996.177000, 1606731099.421000
1606731099.434000, 1606731100.979000, 1606731100.979000, 1606731107.436000, 1606731107.436000, 1606731287.753000
