read_start,read_end,cpu_start,cpu_end,write_start,write_end
1606735419.757000, 1606735589.179000, 1606735589.179000, 1606735593.861000, 1606735593.861000, 1606735815.290000
1606735815.305000, 1606735817.068000, 1606735817.068000, 1606735823.013000, 1606735823.013000, 1606735978.053000
1606735978.088000, 1606735979.182000, 1606735979.182000, 1606735983.714000, 1606735983.714000, 1606736135.869000
