read_start,read_end,cpu_start,cpu_end,write_start,write_end
1606734822.814000, 1606734986.116000, 1606734986.116000, 1606734992.040000, 1606734992.040000, 1606735132.884000
1606735132.900000, 1606735134.824000, 1606735134.824000, 1606735139.933000, 1606735139.933000, 1606735265.736000
1606735265.820000, 1606735267.650000, 1606735267.650000, 1606735272.648000, 1606735272.648000, 1606735383.214000
