read_start,read_end,cpu_start,cpu_end,write_start,write_end
1606735419.757000, 1606735600.658000, 1606735600.658000, 1606735605.733000, 1606735605.733000, 1606735815.679000
1606735815.959000, 1606735818.525000, 1606735818.525000, 1606735824.420000, 1606735824.420000, 1606736023.016000
1606736023.054000, 1606736024.474000, 1606736024.474000, 1606736029.539000, 1606736029.539000, 1606736157.959000
