read_start,read_end,cpu_start,cpu_end,write_start,write_end
1606730170.229000, 1606730296.443000, 1606730296.443000, 1606730301.890000, 1606730301.890000, 1606730415.593000
1606730415.607000, 1606730416.723000, 1606730416.723000, 1606730421.943000, 1606730421.943000, 1606730619.337000
1606730619.369000, 1606730621.329000, 1606730621.329000, 1606730626.541000, 1606730626.541000, 1606730717.458000
