read_start,read_end,cpu_start,cpu_end,write_start,write_end
1606726245.265000, 1606726325.680000, 1606726325.680000, 1606726330.757000, 1606726330.757000, 1606726414.519000
1606726414.535000, 1606726415.500000, 1606726415.500000, 1606726420.503000, 1606726420.503000, 1606726484.327000
1606726484.343000, 1606726485.424000, 1606726485.424000, 1606726490.314000, 1606726490.314000, 1606726566.675000
