read_start,read_end,cpu_start,cpu_end,write_start,write_end
1606728514.557000, 1606728624.757000, 1606728624.757000, 1606728630.090000, 1606728630.090000, 1606728748.781000
1606728748.796000, 1606728749.885000, 1606728749.885000, 1606728755.049000, 1606728755.049000, 1606728877.390000
1606728877.409000, 1606728878.528000, 1606728878.528000, 1606728884.099000, 1606728884.099000, 1606728994.864000
