read_start,read_end,cpu_start,cpu_end,write_start,write_end
1606735419.757000, 1606735595.732000, 1606735595.732000, 1606735600.813000, 1606735600.813000, 1606735815.732000
1606735816.263000, 1606735819.057000, 1606735819.057000, 1606735825.169000, 1606735825.169000, 1606736029.990000
1606736030.067000, 1606736031.098000, 1606736031.098000, 1606736035.842000, 1606736035.842000, 1606736158.676000
