read_start,read_end,cpu_start,cpu_end,write_start,write_end
1606733401.070000, 1606733555.887000, 1606733555.887000, 1606733561.495000, 1606733561.495000, 1606733728.374000
1606733728.412000, 1606733729.931000, 1606733729.931000, 1606733735.179000, 1606733735.179000, 1606733909.275000
1606733909.380000, 1606733910.801000, 1606733910.801000, 1606733916.450000, 1606733916.450000, 1606734053.175000
