read_start,read_end,cpu_start,cpu_end,write_start,write_end
1606728012.682000, 1606728115.736000, 1606728115.736000, 1606728121.247000, 1606728121.247000, 1606728234.228000
1606728234.242000, 1606728235.359000, 1606728235.359000, 1606728240.424000, 1606728240.424000, 1606728343.287000
1606728343.300000, 1606728344.267000, 1606728344.267000, 1606728348.902000, 1606728348.902000, 1606728452.688000
