read_start,read_end,cpu_start,cpu_end,write_start,write_end
1606727077.975000, 1606727166.611000, 1606727166.611000, 1606727171.584000, 1606727171.584000, 1606727252.498000
1606727252.514000, 1606727253.602000, 1606727253.602000, 1606727257.989000, 1606727257.989000, 1606727341.871000
1606727341.886000, 1606727342.827000, 1606727342.827000, 1606727347.246000, 1606727347.246000, 1606727437.458000
