read_start,read_end,cpu_start,cpu_end,write_start,write_end
1606723943.140000, 1606723985.672000, 1606723985.672000, 1606723990.262000, 1606723990.262000, 1606724038.918000
1606724038.937000, 1606724040.046000, 1606724040.046000, 1606724044.895000, 1606724044.895000, 1606724085.198000
1606724085.211000, 1606724086.283000, 1606724086.283000, 1606724091.362000, 1606724091.362000, 1606724135.710000
