read_start,read_end,cpu_start,cpu_end,write_start,write_end
1606735419.757000, 1606735559.578000, 1606735559.578000, 1606735564.320000, 1606735564.320000, 1606735615.592000
1606735615.614000, 1606735617.591000, 1606735617.591000, 1606735622.560000, 1606735622.560000, 1606735815.758000
1606735816.482000, 1606735819.597000, 1606735819.597000, 1606735826.131000, 1606735826.131000, 1606736032.626000
