read_start,read_end,cpu_start,cpu_end,write_start,write_end
1606730770.099000, 1606730899.211000, 1606730899.211000, 1606730904.328000, 1606730904.328000, 1606730995.374000
1606730995.388000, 1606730996.327000, 1606730996.327000, 1606731001.194000, 1606731001.194000, 1606731103.096000
1606731103.117000, 1606731104.679000, 1606731104.679000, 1606731109.569000, 1606731109.569000, 1606731289.301000
