read_start,read_end,cpu_start,cpu_end,write_start,write_end
1606727529.486000, 1606727627.747000, 1606727627.747000, 1606727632.991000, 1606727632.991000, 1606727740.421000
1606727740.435000, 1606727741.406000, 1606727741.406000, 1606727746.425000, 1606727746.425000, 1606727856.467000
1606727856.480000, 1606727857.512000, 1606727857.512000, 1606727862.954000, 1606727862.954000, 1606727965.615000
