read_start,read_end,cpu_start,cpu_end,write_start,write_end
1606729039.482000, 1606729156.784000, 1606729156.784000, 1606729161.992000, 1606729161.992000, 1606729283.364000
1606729283.378000, 1606729284.486000, 1606729284.486000, 1606729289.291000, 1606729289.291000, 1606729415.760000
1606729415.780000, 1606729416.779000, 1606729416.779000, 1606729421.600000, 1606729421.600000, 1606729545.303000
