read_start,read_end,cpu_start,cpu_end,write_start,write_end
1606726245.265000, 1606726329.865000, 1606726329.865000, 1606726335.035000, 1606726335.035000, 1606726422.125000
1606726422.144000, 1606726423.198000, 1606726423.198000, 1606726427.956000, 1606726427.956000, 1606726516.212000
1606726516.238000, 1606726517.388000, 1606726517.388000, 1606726522.193000, 1606726522.193000, 1606726609.898000
