read_start,read_end,cpu_start,cpu_end,write_start,write_end
1606732711.651000, 1606732855.650000, 1606732855.650000, 1606732860.947000, 1606732860.947000, 1606732949.602000
1606732949.618000, 1606732950.571000, 1606732950.571000, 1606732955.668000, 1606732955.668000, 1606733119.253000
1606733119.269000, 1606733120.540000, 1606733120.540000, 1606733126.083000, 1606733126.083000, 1606733299.307000
