read_start,read_end,cpu_start,cpu_end,write_start,write_end
1606729596.523000, 1606729718.810000, 1606729718.810000, 1606729724.384000, 1606729724.384000, 1606729922.869000
1606729922.882000, 1606729923.954000, 1606729923.954000, 1606729928.656000, 1606729928.656000, 1606730066.073000
1606730066.089000, 1606730067.043000, 1606730067.043000, 1606730071.426000, 1606730071.426000, 1606730123.472000
