read_start,read_end,cpu_start,cpu_end,write_start,write_end
1606730170.219000, 1606730298.294000, 1606730298.294000, 1606730303.566000, 1606730303.566000, 1606730523.741000
1606730523.756000, 1606730525.336000, 1606730525.336000, 1606730531.152000, 1606730531.152000, 1606730656.928000
1606730656.998000, 1606730657.965000, 1606730657.965000, 1606730662.818000, 1606730662.818000, 1606730725.294000
