read_start,read_end,cpu_start,cpu_end,write_start,write_end
1606732711.665000, 1606732860.973000, 1606732860.973000, 1606732866.419000, 1606732866.419000, 1606733042.538000
1606733042.562000, 1606733044.378000, 1606733044.378000, 1606733049.224000, 1606733049.224000, 1606733202.087000
1606733202.291000, 1606733203.787000, 1606733203.787000, 1606733208.873000, 1606733208.873000, 1606733352.968000
