read_start,read_end,cpu_start,cpu_end,write_start,write_end
1606729039.495000, 1606729145.472000, 1606729145.472000, 1606729150.033000, 1606729150.033000, 1606729262.852000
1606729262.868000, 1606729263.988000, 1606729263.988000, 1606729268.482000, 1606729268.482000, 1606729387.213000
1606729387.255000, 1606729388.194000, 1606729388.194000, 1606729392.602000, 1606729392.602000, 1606729514.693000
