read_start,read_end,cpu_start,cpu_end,write_start,write_end
1606730770.099000, 1606730894.332000, 1606730894.332000, 1606730899.204000, 1606730899.204000, 1606730988.747000
1606730988.763000, 1606730989.859000, 1606730989.859000, 1606730994.600000, 1606730994.600000, 1606731099.378000
1606731099.392000, 1606731100.695000, 1606731100.695000, 1606731106.890000, 1606731106.890000, 1606731284.011000
