read_start,read_end,cpu_start,cpu_end,write_start,write_end
1606733401.085000, 1606733555.845000, 1606733555.845000, 1606733561.033000, 1606733561.033000, 1606733727.889000
1606733727.907000, 1606733729.163000, 1606733729.163000, 1606733734.082000, 1606733734.082000, 1606733908.003000
1606733908.055000, 1606733909.116000, 1606733909.116000, 1606733914.024000, 1606733914.024000, 1606734047.164000
