read_start,read_end,cpu_start,cpu_end,write_start,write_end
1606696336.393000, 1606696508.179000, 1606696508.179000, 1606696513.976000, 1606696513.976000, 1606696706.294000
1606696706.387000, 1606696709.481000, 1606696709.481000, 1606696715.685000, 1606696715.685000, 1606696906.154000
1606696906.229000, 1606696907.473000, 1606696907.473000, 1606696912.986000, 1606696912.986000, 1606697020.895000
