read_start,read_end,cpu_start,cpu_end,write_start,write_end
1606689867.851000, 1606689973.478000, 1606689973.478000, 1606689979.186000, 1606689979.186000, 1606690084.757000
1606690084.772000, 1606690086.021000, 1606690086.021000, 1606690091.172000, 1606690091.172000, 1606690192.659000
1606690192.676000, 1606690194.451000, 1606690194.451000, 1606690200.639000, 1606690200.639000, 1606690303.613000
