read_start,read_end,cpu_start,cpu_end,write_start,write_end
1606685629.648000, 1606685661.556000, 1606685661.556000, 1606685666.175000, 1606685666.175000, 1606685693.764000
1606685693.777000, 1606685694.744000, 1606685694.744000, 1606685699.407000, 1606685699.407000, 1606685733.668000
1606685733.682000, 1606685734.754000, 1606685734.754000, 1606685739.110000, 1606685739.110000, 1606685769.279000
