read_start,read_end,cpu_start,cpu_end,write_start,write_end
1606695740.914000, 1606695899.997000, 1606695899.997000, 1606695905.468000, 1606695905.468000, 1606696052.903000
1606696052.918000, 1606696054.524000, 1606696054.524000, 1606696058.967000, 1606696058.967000, 1606696224.342000
1606696224.469000, 1606696226.031000, 1606696226.031000, 1606696230.533000, 1606696230.533000, 1606696297.233000
