read_start,read_end,cpu_start,cpu_end,write_start,write_end
1606690863.354000, 1606690980.271000, 1606690980.271000, 1606690985.676000, 1606690985.676000, 1606691097.405000
1606691097.419000, 1606691098.372000, 1606691098.372000, 1606691103.172000, 1606691103.172000, 1606691273.391000
1606691273.405000, 1606691274.888000, 1606691274.888000, 1606691281.008000, 1606691281.008000, 1606691341.972000
