read_start,read_end,cpu_start,cpu_end,write_start,write_end
1606697037.442000, 1606697204.075000, 1606697204.075000, 1606697208.893000, 1606697208.893000, 1606697425.960000
1606697426.015000, 1606697427.057000, 1606697427.057000, 1606697432.860000, 1606697432.860000, 1606697499.369000
1606697499.385000, 1606697500.496000, 1606697500.496000, 1606697505.107000, 1606697505.107000, 1606697659.626000
