read_start,read_end,cpu_start,cpu_end,write_start,write_end
1606697037.442000, 1606697210.926000, 1606697210.926000, 1606697216.294000, 1606697216.294000, 1606697426.986000
1606697427.082000, 1606697429.644000, 1606697429.644000, 1606697436.344000, 1606697436.344000, 1606697629.409000
1606697629.474000, 1606697630.772000, 1606697630.772000, 1606697636.564000, 1606697636.564000, 1606697764.763000
