read_start,read_end,cpu_start,cpu_end,write_start,write_end
1606693759.117000, 1606693901.940000, 1606693901.940000, 1606693907.236000, 1606693907.236000, 1606694003.816000
1606694003.832000, 1606694004.830000, 1606694004.830000, 1606694009.775000, 1606694009.775000, 1606694146.670000
1606694146.688000, 1606694148.009000, 1606694148.009000, 1606694153.231000, 1606694153.231000, 1606694348.866000
