read_start,read_end,cpu_start,cpu_end,write_start,write_end
1606693759.126000, 1606693903.624000, 1606693903.624000, 1606693909.153000, 1606693909.153000, 1606694062.771000
1606694062.785000, 1606694064.869000, 1606694064.869000, 1606694070.046000, 1606694070.046000, 1606694211.619000
1606694211.764000, 1606694213.191000, 1606694213.191000, 1606694217.958000, 1606694217.958000, 1606694354.755000
