read_start,read_end,cpu_start,cpu_end,write_start,write_end
1606693128.062000, 1606693266.397000, 1606693266.397000, 1606693271.969000, 1606693271.969000, 1606693445.249000
1606693445.263000, 1606693446.342000, 1606693446.342000, 1606693451.310000, 1606693451.310000, 1606693595.044000
1606693595.059000, 1606693596.037000, 1606693596.037000, 1606693600.973000, 1606693600.973000, 1606693701.746000
