read_start,read_end,cpu_start,cpu_end,write_start,write_end
1606687435.460000, 1606687508.038000, 1606687508.038000, 1606687513.169000, 1606687513.169000, 1606687583.518000
1606687583.531000, 1606687584.713000, 1606687584.713000, 1606687589.590000, 1606687589.590000, 1606687661.119000
1606687661.133000, 1606687662.158000, 1606687662.158000, 1606687667.087000, 1606687667.087000, 1606687729.774000
