read_start,read_end,cpu_start,cpu_end,write_start,write_end
1606695057.404000, 1606695200.750000, 1606695200.750000, 1606695205.823000, 1606695205.823000, 1606695287.446000
1606695287.461000, 1606695288.590000, 1606695288.590000, 1606695293.420000, 1606695293.420000, 1606695449.770000
1606695449.786000, 1606695450.813000, 1606695450.813000, 1606695455.332000, 1606695455.332000, 1606695599.782000
