read_start,read_end,cpu_start,cpu_end,write_start,write_end
1606689399.558000, 1606689496.953000, 1606689496.953000, 1606689502.042000, 1606689502.042000, 1606689600.264000
1606689600.279000, 1606689601.237000, 1606689601.237000, 1606689605.823000, 1606689605.823000, 1606689694.987000
1606689695.002000, 1606689695.933000, 1606689695.933000, 1606689700.797000, 1606689700.797000, 1606689788.200000
