read_start,read_end,cpu_start,cpu_end,write_start,write_end
1606691945.392000, 1606692070.547000, 1606692070.547000, 1606692076.158000, 1606692076.158000, 1606692177.015000
1606692177.030000, 1606692178.061000, 1606692178.061000, 1606692182.962000, 1606692182.962000, 1606692258.537000
1606692258.560000, 1606692259.513000, 1606692259.513000, 1606692264.142000, 1606692264.142000, 1606692426.823000
