read_start,read_end,cpu_start,cpu_end,write_start,write_end
1606693128.066000, 1606693264.981000, 1606693264.981000, 1606693270.517000, 1606693270.517000, 1606693368.065000
1606693368.085000, 1606693370.271000, 1606693370.271000, 1606693375.808000, 1606693375.808000, 1606693522.882000
1606693523.001000, 1606693525.011000, 1606693525.011000, 1606693530.145000, 1606693530.145000, 1606693696.551000
