read_start,read_end,cpu_start,cpu_end,write_start,write_end
1606689867.852000, 1606689973.506000, 1606689973.506000, 1606689978.793000, 1606689978.793000, 1606690084.482000
1606690084.500000, 1606690085.684000, 1606690085.684000, 1606690090.739000, 1606690090.739000, 1606690189.779000
1606690189.795000, 1606690190.835000, 1606690190.835000, 1606690195.539000, 1606690195.539000, 1606690296.396000
