read_start,read_end,cpu_start,cpu_end,write_start,write_end
1606694393.177000, 1606694531.838000, 1606694531.838000, 1606694536.783000, 1606694536.783000, 1606694627.209000
1606694627.222000, 1606694628.267000, 1606694628.267000, 1606694633.540000, 1606694633.540000, 1606694782.269000
1606694782.317000, 1606694784.630000, 1606694784.630000, 1606694789.478000, 1606694789.478000, 1606694942.764000
