read_start,read_end,cpu_start,cpu_end,write_start,write_end
1606687777.544000, 1606687855.544000, 1606687855.544000, 1606687861.004000, 1606687861.004000, 1606687936.881000
1606687936.894000, 1606687938.052000, 1606687938.052000, 1606687943.342000, 1606687943.342000, 1606688025.947000
1606688025.961000, 1606688027.090000, 1606688027.090000, 1606688031.858000, 1606688031.858000, 1606688103.272000
