read_start,read_end,cpu_start,cpu_end,write_start,write_end
1606696336.393000, 1606696501.939000, 1606696501.939000, 1606696507.175000, 1606696507.175000, 1606696705.191000
1606696705.213000, 1606696706.341000, 1606696706.341000, 1606696711.759000, 1606696711.759000, 1606696847.516000
1606696847.533000, 1606696848.527000, 1606696848.527000, 1606696852.985000, 1606696852.985000, 1606696987.481000
