read_start,read_end,cpu_start,cpu_end,write_start,write_end
1606689867.851000, 1606689972.608000, 1606689972.608000, 1606689978.427000, 1606689978.427000, 1606690084.245000
1606690084.259000, 1606690085.455000, 1606690085.455000, 1606690090.787000, 1606690090.787000, 1606690190.371000
1606690190.386000, 1606690191.421000, 1606690191.421000, 1606690196.301000, 1606690196.301000, 1606690296.662000
