read_start,read_end,cpu_start,cpu_end,write_start,write_end
1606695740.902000, 1606695895.735000, 1606695895.735000, 1606695900.879000, 1606695900.879000, 1606695977.800000
1606695977.819000, 1606695979.710000, 1606695979.710000, 1606695985.464000, 1606695985.464000, 1606696099.280000
1606696099.401000, 1606696100.862000, 1606696100.862000, 1606696105.461000, 1606696105.461000, 1606696276.692000
