read_start,read_end,cpu_start,cpu_end,write_start,write_end
1606685401.636000, 1606685424.423000, 1606685424.423000, 1606685429.289000, 1606685429.289000, 1606685445.758000
1606685445.773000, 1606685446.904000, 1606685446.904000, 1606685451.552000, 1606685451.552000, 1606685475.128000
1606685475.141000, 1606685476.179000, 1606685476.179000, 1606685480.542000, 1606685480.542000, 1606685499.997000
