read_start,read_end,cpu_start,cpu_end,write_start,write_end
1606693128.077000, 1606693257.905000, 1606693257.905000, 1606693262.842000, 1606693262.842000, 1606693357.509000
1606693357.522000, 1606693358.574000, 1606693358.574000, 1606693363.341000, 1606693363.341000, 1606693446.156000
1606693446.182000, 1606693448.533000, 1606693448.533000, 1606693453.620000, 1606693453.620000, 1606693602.659000
