read_start,read_end,cpu_start,cpu_end,write_start,write_end
1606686589.548000, 1606686645.392000, 1606686645.392000, 1606686650.652000, 1606686650.652000, 1606686703.201000
1606686703.215000, 1606686704.216000, 1606686704.216000, 1606686708.916000, 1606686708.916000, 1606686762.166000
1606686762.180000, 1606686763.267000, 1606686763.267000, 1606686768.273000, 1606686768.273000, 1606686823.513000
