read_start,read_end,cpu_start,cpu_end,write_start,write_end
1606686838.411000, 1606686905.287000, 1606686905.287000, 1606686910.033000, 1606686910.033000, 1606686968.065000
1606686968.082000, 1606686969.064000, 1606686969.064000, 1606686973.841000, 1606686973.841000, 1606687033.776000
1606687033.789000, 1606687034.854000, 1606687034.854000, 1606687039.647000, 1606687039.647000, 1606687092.467000
