read_start,read_end,cpu_start,cpu_end,write_start,write_end
1606691392.964000, 1606691514.636000, 1606691514.636000, 1606691520.176000, 1606691520.176000, 1606691611.239000
1606691611.257000, 1606691612.392000, 1606691612.392000, 1606691617.115000, 1606691617.115000, 1606691782.475000
1606691782.490000, 1606691783.425000, 1606691783.425000, 1606691788.116000, 1606691788.116000, 1606691881.565000
