read_start,read_end,cpu_start,cpu_end,write_start,write_end
1606697037.442000, 1606697214.851000, 1606697214.851000, 1606697220.195000, 1606697220.195000, 1606697427.058000
1606697427.509000, 1606697430.468000, 1606697430.468000, 1606697436.433000, 1606697436.433000, 1606697629.653000
1606697629.760000, 1606697631.204000, 1606697631.204000, 1606697638.430000, 1606697638.430000, 1606697766.933000
