read_start,read_end,cpu_start,cpu_end,write_start,write_end
1606685943.384000, 1606685986.893000, 1606685986.893000, 1606685991.618000, 1606685991.618000, 1606686034.521000
1606686034.535000, 1606686035.532000, 1606686035.532000, 1606686040.388000, 1606686040.388000, 1606686079.865000
1606686079.879000, 1606686080.801000, 1606686080.801000, 1606686085.354000, 1606686085.354000, 1606686127.406000
