read_start,read_end,cpu_start,cpu_end,write_start,write_end
1606687435.460000, 1606687507.400000, 1606687507.400000, 1606687512.244000, 1606687512.244000, 1606687581.915000
1606687581.935000, 1606687582.921000, 1606687582.921000, 1606687587.928000, 1606687587.928000, 1606687656.636000
1606687656.650000, 1606687657.659000, 1606687657.659000, 1606687662.257000, 1606687662.257000, 1606687721.048000
