read_start,read_end,cpu_start,cpu_end,write_start,write_end
1606694393.153000, 1606694541.295000, 1606694541.295000, 1606694546.790000, 1606694546.790000, 1606694696.539000
1606694696.558000, 1606694698.814000, 1606694698.814000, 1606694704.386000, 1606694704.386000, 1606694861.114000
1606694861.206000, 1606694863.058000, 1606694863.058000, 1606694869.042000, 1606694869.042000, 1606695014.129000
