read_start,read_end,cpu_start,cpu_end,write_start,write_end
1606696336.392000, 1606696504.430000, 1606696504.430000, 1606696510.239000, 1606696510.239000, 1606696706.099000
1606696706.147000, 1606696708.398000, 1606696708.398000, 1606696715.251000, 1606696715.251000, 1606696904.962000
1606696905.009000, 1606696906.003000, 1606696906.003000, 1606696911.169000, 1606696911.169000, 1606697019.675000
