read_start,read_end,cpu_start,cpu_end,write_start,write_end
1606686589.548000, 1606686644.779000, 1606686644.779000, 1606686650.057000, 1606686650.057000, 1606686701.943000
1606686701.959000, 1606686702.990000, 1606686702.990000, 1606686707.707000, 1606686707.707000, 1606686765.887000
1606686765.901000, 1606686766.991000, 1606686766.991000, 1606686771.628000, 1606686771.628000, 1606686825.792000
