read_start,read_end,cpu_start,cpu_end,write_start,write_end
1606691945.399000, 1606692073.174000, 1606692073.174000, 1606692078.840000, 1606692078.840000, 1606692253.893000
1606692253.907000, 1606692255.025000, 1606692255.025000, 1606692259.929000, 1606692259.929000, 1606692342.471000
1606692342.492000, 1606692344.282000, 1606692344.282000, 1606692349.520000, 1606692349.520000, 1606692466.314000
