read_start,read_end,cpu_start,cpu_end,write_start,write_end
1606689867.855000, 1606689973.212000, 1606689973.212000, 1606689978.864000, 1606689978.864000, 1606690084.555000
1606690084.571000, 1606690085.852000, 1606690085.852000, 1606690091.212000, 1606690091.212000, 1606690193.021000
1606690193.040000, 1606690194.819000, 1606690194.819000, 1606690201.164000, 1606690201.164000, 1606690302.878000
