read_start,read_end,cpu_start,cpu_end,write_start,write_end
1606685259.757000, 1606685270.643000, 1606685270.643000, 1606685275.004000, 1606685275.004000, 1606685282.281000
1606685282.294000, 1606685283.342000, 1606685283.342000, 1606685287.726000, 1606685287.726000, 1606685299.448000
1606685299.464000, 1606685300.549000, 1606685300.549000, 1606685304.887000, 1606685304.887000, 1606685313.243000
