read_start,read_end,cpu_start,cpu_end,write_start,write_end
1606691945.410000, 1606692072.763000, 1606692072.763000, 1606692078.155000, 1606692078.155000, 1606692179.382000
1606692179.401000, 1606692180.383000, 1606692180.383000, 1606692185.149000, 1606692185.149000, 1606692336.401000
1606692336.415000, 1606692337.507000, 1606692337.507000, 1606692342.205000, 1606692342.205000, 1606692436.711000
