read_start,read_end,cpu_start,cpu_end,write_start,write_end
1606689399.550000, 1606689499.322000, 1606689499.322000, 1606689504.824000, 1606689504.824000, 1606689608.295000
1606689608.309000, 1606689609.472000, 1606689609.472000, 1606689614.331000, 1606689614.331000, 1606689724.678000
1606689724.692000, 1606689725.783000, 1606689725.783000, 1606689730.570000, 1606689730.570000, 1606689817.409000
