read_start,read_end,cpu_start,cpu_end,write_start,write_end
1606688535.287000, 1606688622.199000, 1606688622.199000, 1606688627.165000, 1606688627.165000, 1606688713.169000
1606688713.185000, 1606688714.131000, 1606688714.131000, 1606688719.052000, 1606688719.052000, 1606688808.705000
1606688808.718000, 1606688809.687000, 1606688809.687000, 1606688814.390000, 1606688814.390000, 1606688896.879000
