read_start,read_end,cpu_start,cpu_end,write_start,write_end
1606697037.442000, 1606697202.610000, 1606697202.610000, 1606697207.723000, 1606697207.723000, 1606697394.294000
1606697394.385000, 1606697396.199000, 1606697396.199000, 1606697401.783000, 1606697401.783000, 1606697439.053000
1606697439.163000, 1606697441.142000, 1606697441.142000, 1606697445.950000, 1606697445.950000, 1606697633.537000
