read_start,read_end,cpu_start,cpu_end,write_start,write_end
1606690863.359000, 1606690977.994000, 1606690977.994000, 1606690983.297000, 1606690983.297000, 1606691093.622000
1606691093.638000, 1606691094.728000, 1606691094.728000, 1606691099.720000, 1606691099.720000, 1606691182.939000
1606691182.953000, 1606691184.299000, 1606691184.299000, 1606691189.121000, 1606691189.121000, 1606691295.953000
