read_start,read_end,cpu_start,cpu_end,write_start,write_end
1606695740.916000, 1606695899.062000, 1606695899.062000, 1606695904.169000, 1606695904.169000, 1606696036.766000
1606696036.784000, 1606696037.849000, 1606696037.849000, 1606696042.348000, 1606696042.348000, 1606696155.797000
1606696155.839000, 1606696156.906000, 1606696156.906000, 1606696161.339000, 1606696161.339000, 1606696287.589000
