read_start,read_end,cpu_start,cpu_end,write_start,write_end
1606691392.955000, 1606691513.940000, 1606691513.940000, 1606691519.133000, 1606691519.133000, 1606691610.114000
1606691610.129000, 1606691611.226000, 1606691611.226000, 1606691616.095000, 1606691616.095000, 1606691700.605000
1606691700.619000, 1606691702.627000, 1606691702.627000, 1606691707.293000, 1606691707.293000, 1606691886.691000
