read_start,read_end,cpu_start,cpu_end,write_start,write_end
1606693128.085000, 1606693263.106000, 1606693263.106000, 1606693268.610000, 1606693268.610000, 1606693366.426000
1606693366.442000, 1606693367.473000, 1606693367.473000, 1606693372.397000, 1606693372.397000, 1606693519.995000
1606693520.011000, 1606693520.995000, 1606693520.995000, 1606693526.025000, 1606693526.025000, 1606693614.513000
