read_start,read_end,cpu_start,cpu_end,write_start,write_end
1606690863.362000, 1606690980.683000, 1606690980.683000, 1606690985.752000, 1606690985.752000, 1606691099.805000
1606691099.819000, 1606691100.957000, 1606691100.957000, 1606691105.723000, 1606691105.723000, 1606691275.975000
1606691275.994000, 1606691277.740000, 1606691277.740000, 1606691282.377000, 1606691282.377000, 1606691344.066000
