read_start,read_end,cpu_start,cpu_end,write_start,write_end
1606688140.953000, 1606688224.323000, 1606688224.323000, 1606688229.221000, 1606688229.221000, 1606688312.306000
1606688312.319000, 1606688313.447000, 1606688313.447000, 1606688318.343000, 1606688318.343000, 1606688399.124000
1606688399.138000, 1606688400.119000, 1606688400.119000, 1606688404.989000, 1606688404.989000, 1606688485.728000
