read_start,read_end,cpu_start,cpu_end,write_start,write_end
1606687131.501000, 1606687198.960000, 1606687198.960000, 1606687203.704000, 1606687203.704000, 1606687270.502000
1606687270.519000, 1606687271.632000, 1606687271.632000, 1606687276.357000, 1606687276.357000, 1606687346.431000
1606687346.452000, 1606687347.552000, 1606687347.552000, 1606687352.400000, 1606687352.400000, 1606687425.547000
