read_start,read_end,cpu_start,cpu_end,write_start,write_end
1606687777.539000, 1606687855.525000, 1606687855.525000, 1606687860.420000, 1606687860.420000, 1606687935.567000
1606687935.580000, 1606687936.498000, 1606687936.498000, 1606687941.392000, 1606687941.392000, 1606688021.697000
1606688021.713000, 1606688022.729000, 1606688022.729000, 1606688027.325000, 1606688027.325000, 1606688096.350000
