read_start,read_end,cpu_start,cpu_end,write_start,write_end
1606685315.829000, 1606685333.354000, 1606685333.354000, 1606685337.900000, 1606685337.900000, 1606685339.033000
1606685339.043000, 1606685339.962000, 1606685339.962000, 1606685344.310000, 1606685344.310000, 1606685345.295000
1606685345.303000, 1606685346.206000, 1606685346.206000, 1606685350.543000, 1606685350.543000, 1606685351.530000
