read_start,read_end,cpu_start,cpu_end,write_start,write_end
1606691945.407000, 1606692072.826000, 1606692072.826000, 1606692078.471000, 1606692078.471000, 1606692248.657000
1606692248.700000, 1606692250.746000, 1606692250.746000, 1606692256.029000, 1606692256.029000, 1606692345.355000
1606692345.443000, 1606692347.481000, 1606692347.481000, 1606692352.453000, 1606692352.453000, 1606692466.747000
