read_start,read_end,cpu_start,cpu_end,write_start,write_end
1606686136.171000, 1606686183.544000, 1606686183.544000, 1606686188.689000, 1606686188.689000, 1606686231.087000
1606686231.101000, 1606686232.171000, 1606686232.171000, 1606686236.934000, 1606686236.934000, 1606686285.675000
1606686285.691000, 1606686286.808000, 1606686286.808000, 1606686291.572000, 1606686291.572000, 1606686344.832000
