read_start,read_end,cpu_start,cpu_end,write_start,write_end
1606693759.112000, 1606693894.189000, 1606693894.189000, 1606693898.907000, 1606693898.907000, 1606694000.377000
1606694000.391000, 1606694001.416000, 1606694001.416000, 1606694006.519000, 1606694006.519000, 1606694132.411000
1606694132.426000, 1606694133.441000, 1606694133.441000, 1606694138.184000, 1606694138.184000, 1606694267.962000
