read_start,read_end,cpu_start,cpu_end,write_start,write_end
1606693128.063000, 1606693265.991000, 1606693265.991000, 1606693271.561000, 1606693271.561000, 1606693443.139000
1606693443.156000, 1606693444.121000, 1606693444.121000, 1606693449.144000, 1606693449.144000, 1606693527.239000
1606693527.257000, 1606693528.568000, 1606693528.568000, 1606693533.585000, 1606693533.585000, 1606693699.367000
