read_start,read_end,cpu_start,cpu_end,write_start,write_end
1606686136.171000, 1606686183.571000, 1606686183.571000, 1606686188.670000, 1606686188.670000, 1606686231.350000
1606686231.365000, 1606686232.494000, 1606686232.494000, 1606686237.262000, 1606686237.262000, 1606686286.554000
1606686286.568000, 1606686287.537000, 1606686287.537000, 1606686292.274000, 1606686292.274000, 1606686341.197000
