read_start,read_end,cpu_start,cpu_end,write_start,write_end
1606689867.851000, 1606689972.809000, 1606689972.809000, 1606689978.092000, 1606689978.092000, 1606690083.408000
1606690083.423000, 1606690084.390000, 1606690084.390000, 1606690089.638000, 1606690089.638000, 1606690187.352000
1606690187.366000, 1606690188.625000, 1606690188.625000, 1606690194.471000, 1606690194.471000, 1606690293.559000
