read_start,read_end,cpu_start,cpu_end,write_start,write_end
1606688140.953000, 1606688226.115000, 1606688226.115000, 1606688230.973000, 1606688230.973000, 1606688313.563000
1606688313.583000, 1606688314.600000, 1606688314.600000, 1606688319.404000, 1606688319.404000, 1606688400.024000
1606688400.039000, 1606688401.046000, 1606688401.046000, 1606688405.840000, 1606688405.840000, 1606688486.479000
