read_start,read_end,cpu_start,cpu_end,write_start,write_end
1606691945.398000, 1606692063.438000, 1606692063.438000, 1606692068.245000, 1606692068.245000, 1606692472.764000
1606692472.775000, 1606692474.657000, 1606692474.657000, 1606692479.122000, 1606692479.122000, 1606692496.142000
1606692496.156000, 1606692497.150000, 1606692497.150000, 1606692501.489000, 1606692501.489000, 1606692508.318000
