read_start,read_end,cpu_start,cpu_end,write_start,write_end
1606689399.550000, 1606689497.228000, 1606689497.228000, 1606689502.348000, 1606689502.348000, 1606689602.207000
1606689602.220000, 1606689603.158000, 1606689603.158000, 1606689608.068000, 1606689608.068000, 1606689706.259000
1606689706.274000, 1606689707.586000, 1606689707.586000, 1606689712.214000, 1606689712.214000, 1606689797.799000
