read_start,read_end,cpu_start,cpu_end,write_start,write_end
1606686589.548000, 1606686645.186000, 1606686645.186000, 1606686650.010000, 1606686650.010000, 1606686702.290000
1606686702.303000, 1606686703.237000, 1606686703.237000, 1606686708.191000, 1606686708.191000, 1606686759.585000
1606686759.600000, 1606686760.580000, 1606686760.580000, 1606686765.283000, 1606686765.283000, 1606686827.494000
