read_start,read_end,cpu_start,cpu_end,write_start,write_end
1606688535.287000, 1606688621.798000, 1606688621.798000, 1606688626.906000, 1606688626.906000, 1606688712.661000
1606688712.677000, 1606688713.641000, 1606688713.641000, 1606688718.503000, 1606688718.503000, 1606688806.000000
1606688806.015000, 1606688806.974000, 1606688806.974000, 1606688811.860000, 1606688811.860000, 1606688894.842000
