read_start,read_end,cpu_start,cpu_end,write_start,write_end
1606686351.923000, 1606686402.459000, 1606686402.459000, 1606686407.276000, 1606686407.276000, 1606686450.803000
1606686450.818000, 1606686451.803000, 1606686451.803000, 1606686456.315000, 1606686456.315000, 1606686476.532000
1606686476.546000, 1606686477.517000, 1606686477.517000, 1606686481.930000, 1606686481.930000, 1606686512.169000
