read_start,read_end,cpu_start,cpu_end,write_start,write_end
1606697037.442000, 1606697214.898000, 1606697214.898000, 1606697220.526000, 1606697220.526000, 1606697427.067000
1606697428.217000, 1606697430.013000, 1606697430.013000, 1606697435.431000, 1606697435.431000, 1606697622.475000
1606697622.531000, 1606697624.331000, 1606697624.331000, 1606697630.622000, 1606697630.622000, 1606697756.230000
