read_start,read_end,cpu_start,cpu_end,write_start,write_end
1606691392.949000, 1606691511.548000, 1606691511.548000, 1606691516.469000, 1606691516.469000, 1606691604.442000
1606691604.456000, 1606691605.398000, 1606691605.398000, 1606691610.003000, 1606691610.003000, 1606691692.339000
1606691692.356000, 1606691693.899000, 1606691693.899000, 1606691700.101000, 1606691700.101000, 1606691877.944000
