read_start,read_end,cpu_start,cpu_end,write_start,write_end
1606685777.453000, 1606685814.631000, 1606685814.631000, 1606685819.371000, 1606685819.371000, 1606685858.403000
1606685858.418000, 1606685859.359000, 1606685859.359000, 1606685863.770000, 1606685863.770000, 1606685897.763000
1606685897.777000, 1606685898.721000, 1606685898.721000, 1606685903.631000, 1606685903.631000, 1606685931.593000
