read_start,read_end,cpu_start,cpu_end,write_start,write_end
1606696336.393000, 1606696507.116000, 1606696507.116000, 1606696513.267000, 1606696513.267000, 1606696706.294000
1606696706.586000, 1606696709.030000, 1606696709.030000, 1606696714.867000, 1606696714.867000, 1606696903.250000
1606696903.306000, 1606696904.637000, 1606696904.637000, 1606696909.938000, 1606696909.938000, 1606697018.630000
