read_start,read_end,cpu_start,cpu_end,write_start,write_end
1606692522.114000, 1606692653.179000, 1606692653.179000, 1606692658.704000, 1606692658.704000, 1606692755.369000
1606692755.382000, 1606692756.422000, 1606692756.422000, 1606692761.231000, 1606692761.231000, 1606692912.255000
1606692912.269000, 1606692913.909000, 1606692913.909000, 1606692919.376000, 1606692919.376000, 1606693077.377000
