read_start,read_end,cpu_start,cpu_end,write_start,write_end
1606685401.636000, 1606685424.454000, 1606685424.454000, 1606685429.437000, 1606685429.437000, 1606685446.061000
1606685446.074000, 1606685447.166000, 1606685447.166000, 1606685452.000000, 1606685452.000000, 1606685471.178000
1606685471.193000, 1606685472.291000, 1606685472.291000, 1606685476.801000, 1606685476.801000, 1606685498.711000
