read_start,read_end,cpu_start,cpu_end,write_start,write_end
1606693759.111000, 1606693891.368000, 1606693891.368000, 1606693896.212000, 1606693896.212000, 1606693999.607000
1606693999.620000, 1606694000.690000, 1606694000.690000, 1606694006.255000, 1606694006.255000, 1606694359.221000
1606694359.238000, 1606694360.334000, 1606694360.334000, 1606694364.680000, 1606694364.680000, 1606694377.660000
