read_start,read_end,cpu_start,cpu_end,write_start,write_end
1606691392.949000, 1606691513.068000, 1606691513.068000, 1606691518.298000, 1606691518.298000, 1606691608.769000
1606691608.786000, 1606691609.769000, 1606691609.769000, 1606691614.524000, 1606691614.524000, 1606691695.620000
1606691695.648000, 1606691697.099000, 1606691697.099000, 1606691702.031000, 1606691702.031000, 1606691879.531000
