read_start,read_end,cpu_start,cpu_end,write_start,write_end
1606696336.393000, 1606696507.778000, 1606696507.778000, 1606696513.923000, 1606696513.923000, 1606696706.295000
1606696706.384000, 1606696709.354000, 1606696709.354000, 1606696716.832000, 1606696716.832000, 1606696907.524000
1606696907.638000, 1606696908.811000, 1606696908.811000, 1606696913.833000, 1606696913.833000, 1606697021.219000
