read_start,read_end,cpu_start,cpu_end,write_start,write_end
1606697037.442000, 1606697212.211000, 1606697212.211000, 1606697218.482000, 1606697218.482000, 1606697427.032000
1606697427.580000, 1606697430.931000, 1606697430.931000, 1606697437.518000, 1606697437.518000, 1606697631.901000
1606697632.040000, 1606697633.466000, 1606697633.466000, 1606697638.912000, 1606697638.912000, 1606697767.306000
