read_start,read_end,cpu_start,cpu_end,write_start,write_end
1606691392.949000, 1606691510.430000, 1606691510.430000, 1606691515.422000, 1606691515.422000, 1606691601.641000
1606691601.656000, 1606691602.623000, 1606691602.623000, 1606691607.613000, 1606691607.613000, 1606691691.689000
1606691691.706000, 1606691693.228000, 1606691693.228000, 1606691698.051000, 1606691698.051000, 1606691831.802000
