read_start,read_end,cpu_start,cpu_end,write_start,write_end
1606697037.441000, 1606697203.824000, 1606697203.824000, 1606697208.752000, 1606697208.752000, 1606697426.469000
1606697426.500000, 1606697427.706000, 1606697427.706000, 1606697433.123000, 1606697433.123000, 1606697516.998000
1606697517.041000, 1606697518.898000, 1606697518.898000, 1606697525.023000, 1606697525.023000, 1606697676.988000
