read_start,read_end,cpu_start,cpu_end,write_start,write_end
1606695057.408000, 1606695205.225000, 1606695205.225000, 1606695210.062000, 1606695210.062000, 1606695280.326000
1606695280.342000, 1606695281.300000, 1606695281.300000, 1606695286.009000, 1606695286.009000, 1606695383.463000
1606695383.481000, 1606695384.643000, 1606695384.643000, 1606695389.636000, 1606695389.636000, 1606695553.998000
