read_start,read_end,cpu_start,cpu_end,write_start,write_end
1606694393.178000, 1606694530.021000, 1606694530.021000, 1606694534.943000, 1606694534.943000, 1606694625.976000
1606694625.991000, 1606694627.082000, 1606694627.082000, 1606694631.958000, 1606694631.958000, 1606694706.351000
1606694706.369000, 1606694707.436000, 1606694707.436000, 1606694711.953000, 1606694711.953000, 1606694862.602000
