read_start,read_end,cpu_start,cpu_end,write_start,write_end
1606688535.287000, 1606688624.912000, 1606688624.912000, 1606688630.247000, 1606688630.247000, 1606688717.690000
1606688717.705000, 1606688718.784000, 1606688718.784000, 1606688723.664000, 1606688723.664000, 1606688820.670000
1606688820.685000, 1606688821.745000, 1606688821.745000, 1606688826.416000, 1606688826.416000, 1606688910.249000
