read_start,read_end,cpu_start,cpu_end,write_start,write_end
1606686351.923000, 1606686403.057000, 1606686403.057000, 1606686408.447000, 1606686408.447000, 1606686455.810000
1606686455.820000, 1606686456.826000, 1606686456.826000, 1606686461.492000, 1606686461.492000, 1606686508.476000
1606686508.489000, 1606686509.542000, 1606686509.542000, 1606686514.182000, 1606686514.182000, 1606686561.910000
