read_start,read_end,cpu_start,cpu_end,write_start,write_end
1606696336.393000, 1606696507.516000, 1606696507.516000, 1606696513.104000, 1606696513.104000, 1606696706.254000
1606696706.291000, 1606696707.376000, 1606696707.376000, 1606696712.938000, 1606696712.938000, 1606696877.903000
1606696877.919000, 1606696878.881000, 1606696878.881000, 1606696883.506000, 1606696883.506000, 1606697008.159000
