read_start,read_end,cpu_start,cpu_end,write_start,write_end
1606688140.953000, 1606688224.488000, 1606688224.488000, 1606688229.419000, 1606688229.419000, 1606688312.644000
1606688312.660000, 1606688313.800000, 1606688313.800000, 1606688318.659000, 1606688318.659000, 1606688399.295000
1606688399.310000, 1606688400.366000, 1606688400.366000, 1606688405.123000, 1606688405.123000, 1606688485.800000
