read_start,read_end,cpu_start,cpu_end,write_start,write_end
1606690863.354000, 1606690971.788000, 1606690971.788000, 1606690976.609000, 1606690976.609000, 1606691080.888000
1606691080.904000, 1606691082.008000, 1606691082.008000, 1606691086.688000, 1606691086.688000, 1606691174.319000
1606691174.334000, 1606691175.464000, 1606691175.464000, 1606691180.169000, 1606691180.169000, 1606691292.037000
