read_start,read_end,cpu_start,cpu_end,write_start,write_end
1606696336.392000, 1606696499.840000, 1606696499.840000, 1606696505.408000, 1606696505.408000, 1606696665.872000
1606696665.946000, 1606696667.177000, 1606696667.177000, 1606696671.876000, 1606696671.876000, 1606696712.378000
1606696712.458000, 1606696714.940000, 1606696714.940000, 1606696720.158000, 1606696720.158000, 1606696908.271000
