read_start,read_end,cpu_start,cpu_end,write_start,write_end
1606685943.384000, 1606685986.653000, 1606685986.653000, 1606685991.853000, 1606685991.853000, 1606686028.751000
1606686028.766000, 1606686029.848000, 1606686029.848000, 1606686034.624000, 1606686034.624000, 1606686078.459000
1606686078.472000, 1606686079.473000, 1606686079.473000, 1606686084.225000, 1606686084.225000, 1606686126.914000
