read_start,read_end,cpu_start,cpu_end,write_start,write_end
1606694393.171000, 1606694542.333000, 1606694542.333000, 1606694547.803000, 1606694547.803000, 1606694697.345000
1606694697.361000, 1606694699.564000, 1606694699.564000, 1606694704.676000, 1606694704.676000, 1606694862.539000
1606694862.727000, 1606694863.747000, 1606694863.747000, 1606694868.328000, 1606694868.328000, 1606695014.883000
