read_start,read_end,cpu_start,cpu_end,write_start,write_end
1606689867.851000, 1606689972.929000, 1606689972.929000, 1606689978.751000, 1606689978.751000, 1606690084.520000
1606690084.537000, 1606690085.827000, 1606690085.827000, 1606690090.861000, 1606690090.861000, 1606690190.684000
1606690190.697000, 1606690191.704000, 1606690191.704000, 1606690196.582000, 1606690196.582000, 1606690297.876000
