read_start,read_end,cpu_start,cpu_end,write_start,write_end
1606691392.969000, 1606691506.572000, 1606691506.572000, 1606691511.109000, 1606691511.109000, 1606691599.498000
1606691599.514000, 1606691600.584000, 1606691600.584000, 1606691605.108000, 1606691605.108000, 1606691691.451000
1606691691.473000, 1606691692.622000, 1606691692.622000, 1606691697.515000, 1606691697.515000, 1606691795.706000
