read_start,read_end,cpu_start,cpu_end,write_start,write_end
1606692522.137000, 1606692653.667000, 1606692653.667000, 1606692659.025000, 1606692659.025000, 1606692755.982000
1606692755.996000, 1606692756.969000, 1606692756.969000, 1606692761.722000, 1606692761.722000, 1606692912.123000
1606692912.136000, 1606692913.338000, 1606692913.338000, 1606692918.094000, 1606692918.094000, 1606693073.364000
