read_start,read_end,cpu_start,cpu_end,write_start,write_end
1606688535.287000, 1606688625.063000, 1606688625.063000, 1606688629.975000, 1606688629.975000, 1606688717.566000
1606688717.580000, 1606688718.723000, 1606688718.723000, 1606688723.577000, 1606688723.577000, 1606688820.590000
1606688820.602000, 1606688821.751000, 1606688821.751000, 1606688827.146000, 1606688827.146000, 1606688910.967000
