read_start,read_end,cpu_start,cpu_end,write_start,write_end
1606695057.406000, 1606695213.463000, 1606695213.463000, 1606695219.104000, 1606695219.104000, 1606695381.253000
1606695381.267000, 1606695382.267000, 1606695382.267000, 1606695387.133000, 1606695387.133000, 1606695551.353000
1606695551.369000, 1606695552.368000, 1606695552.368000, 1606695557.169000, 1606695557.169000, 1606695707.452000
