read_start,read_end,cpu_start,cpu_end,write_start,write_end
1606695740.894000, 1606695896.019000, 1606695896.019000, 1606695901.036000, 1606695901.036000, 1606695978.030000
1606695978.055000, 1606695980.064000, 1606695980.064000, 1606695985.475000, 1606695985.475000, 1606696099.284000
1606696099.419000, 1606696101.348000, 1606696101.348000, 1606696106.292000, 1606696106.292000, 1606696276.853000
