read_start,read_end,cpu_start,cpu_end,write_start,write_end
1606691392.963000, 1606691514.817000, 1606691514.817000, 1606691519.901000, 1606691519.901000, 1606691610.906000
1606691610.918000, 1606691611.924000, 1606691611.924000, 1606691616.659000, 1606691616.659000, 1606691781.735000
1606691781.753000, 1606691782.698000, 1606691782.698000, 1606691787.385000, 1606691787.385000, 1606691879.494000
