read_start,read_end,cpu_start,cpu_end,write_start,write_end
1606691392.959000, 1606691514.282000, 1606691514.282000, 1606691519.838000, 1606691519.838000, 1606691610.856000
1606691610.871000, 1606691611.899000, 1606691611.899000, 1606691616.715000, 1606691616.715000, 1606691782.584000
1606691782.598000, 1606691783.578000, 1606691783.578000, 1606691788.424000, 1606691788.424000, 1606691881.177000
