read_start,read_end,cpu_start,cpu_end,write_start,write_end
1606713948.235000, 1606714038.730000, 1606714038.730000, 1606714043.839000, 1606714043.839000, 1606714130.123000
1606714130.142000, 1606714131.164000, 1606714131.164000, 1606714136.352000, 1606714136.352000, 1606714223.275000
1606714223.292000, 1606714224.597000, 1606714224.597000, 1606714229.362000, 1606714229.362000, 1606714304.246000
