read_start,read_end,cpu_start,cpu_end,write_start,write_end
1606720390.480000, 1606720541.933000, 1606720541.933000, 1606720546.959000, 1606720546.959000, 1606720622.644000
1606720622.674000, 1606720624.693000, 1606720624.693000, 1606720630.307000, 1606720630.307000, 1606720786.173000
1606720786.265000, 1606720787.807000, 1606720787.807000, 1606720793.155000, 1606720793.155000, 1606720896.757000
