read_start,read_end,cpu_start,cpu_end,write_start,write_end
1606722376.415000, 1606722552.871000, 1606722552.871000, 1606722559.434000, 1606722559.434000, 1606722760.944000
1606722761.522000, 1606722763.220000, 1606722763.220000, 1606722769.371000, 1606722769.371000, 1606722939.728000
1606722939.802000, 1606722941.222000, 1606722941.222000, 1606722945.893000, 1606722945.893000, 1606723067.333000
