read_start,read_end,cpu_start,cpu_end,write_start,write_end
1606712007.343000, 1606712068.014000, 1606712068.014000, 1606712073.363000, 1606712073.363000, 1606712125.766000
1606712125.780000, 1606712126.844000, 1606712126.844000, 1606712131.810000, 1606712131.810000, 1606712190.486000
1606712190.500000, 1606712191.574000, 1606712191.574000, 1606712196.574000, 1606712196.574000, 1606712255.908000
