read_start,read_end,cpu_start,cpu_end,write_start,write_end
1606716734.285000, 1606716856.825000, 1606716856.825000, 1606716862.198000, 1606716862.198000, 1606717017.660000
1606717017.674000, 1606717018.609000, 1606717018.609000, 1606717023.440000, 1606717023.440000, 1606717112.733000
1606717112.747000, 1606717113.743000, 1606717113.743000, 1606717118.386000, 1606717118.386000, 1606717231.169000
