read_start,read_end,cpu_start,cpu_end,write_start,write_end
1606712007.343000, 1606712067.012000, 1606712067.012000, 1606712072.339000, 1606712072.339000, 1606712125.604000
1606712125.617000, 1606712126.711000, 1606712126.711000, 1606712131.439000, 1606712131.439000, 1606712190.246000
1606712190.261000, 1606712191.247000, 1606712191.247000, 1606712195.984000, 1606712195.984000, 1606712255.875000
