read_start,read_end,cpu_start,cpu_end,write_start,write_end
1606717857.477000, 1606717990.391000, 1606717990.391000, 1606717995.667000, 1606717995.667000, 1606718170.179000
1606718170.192000, 1606718171.271000, 1606718171.271000, 1606718176.025000, 1606718176.025000, 1606718252.501000
1606718252.520000, 1606718253.704000, 1606718253.704000, 1606718258.410000, 1606718258.410000, 1606718396.249000
