read_start,read_end,cpu_start,cpu_end,write_start,write_end
1606720390.474000, 1606720544.731000, 1606720544.731000, 1606720549.974000, 1606720549.974000, 1606720698.189000
1606720698.207000, 1606720699.659000, 1606720699.659000, 1606720704.907000, 1606720704.907000, 1606720826.202000
1606720826.281000, 1606720827.567000, 1606720827.567000, 1606720832.378000, 1606720832.378000, 1606720917.217000
