read_start,read_end,cpu_start,cpu_end,write_start,write_end
1606717286.075000, 1606717415.477000, 1606717415.477000, 1606717420.942000, 1606717420.942000, 1606717583.071000
1606717583.087000, 1606717584.065000, 1606717584.065000, 1606717588.876000, 1606717588.876000, 1606717665.295000
1606717665.314000, 1606717666.346000, 1606717666.346000, 1606717670.776000, 1606717670.776000, 1606717810.211000
