read_start,read_end,cpu_start,cpu_end,write_start,write_end
1606712549.157000, 1606712615.851000, 1606712615.851000, 1606712621.230000, 1606712621.230000, 1606712686.378000
1606712686.393000, 1606712687.518000, 1606712687.518000, 1606712692.513000, 1606712692.513000, 1606712762.431000
1606712762.445000, 1606712763.451000, 1606712763.451000, 1606712768.649000, 1606712768.649000, 1606712837.746000
