read_start,read_end,cpu_start,cpu_end,write_start,write_end
1606719729.179000, 1606719878.124000, 1606719878.124000, 1606719883.290000, 1606719883.290000, 1606720039.393000
1606720039.421000, 1606720041.956000, 1606720041.956000, 1606720048.187000, 1606720048.187000, 1606720212.704000
1606720212.866000, 1606720214.484000, 1606720214.484000, 1606720221.126000, 1606720221.126000, 1606720360.397000
