read_start,read_end,cpu_start,cpu_end,write_start,write_end
1606722376.416000, 1606722538.301000, 1606722538.301000, 1606722543.545000, 1606722543.545000, 1606722751.997000
1606722752.162000, 1606722754.226000, 1606722754.226000, 1606722760.314000, 1606722760.314000, 1606722773.189000
1606722773.353000, 1606722775.024000, 1606722775.024000, 1606722779.515000, 1606722779.515000, 1606722967.315000
