read_start,read_end,cpu_start,cpu_end,write_start,write_end
1606712549.166000, 1606712615.273000, 1606712615.273000, 1606712620.618000, 1606712620.618000, 1606712621.907000
1606712621.920000, 1606712623.011000, 1606712623.011000, 1606712627.511000, 1606712627.511000, 1606712628.482000
1606712628.490000, 1606712629.392000, 1606712629.392000, 1606712633.793000, 1606712633.793000, 1606712634.763000
