read_start,read_end,cpu_start,cpu_end,write_start,write_end
1606717857.457000, 1606717982.545000, 1606717982.545000, 1606717987.326000, 1606717987.326000, 1606718074.626000
1606718074.640000, 1606718075.607000, 1606718075.607000, 1606718080.462000, 1606718080.462000, 1606718175.423000
1606718175.441000, 1606718176.947000, 1606718176.947000, 1606718181.802000, 1606718181.802000, 1606718324.587000
