read_start,read_end,cpu_start,cpu_end,write_start,write_end
1606717857.462000, 1606717988.562000, 1606717988.562000, 1606717993.939000, 1606717993.939000, 1606718080.630000
1606718080.642000, 1606718081.748000, 1606718081.748000, 1606718086.574000, 1606718086.574000, 1606718250.977000
1606718250.991000, 1606718251.993000, 1606718251.993000, 1606718256.851000, 1606718256.851000, 1606718346.716000
