read_start,read_end,cpu_start,cpu_end,write_start,write_end
1606719729.195000, 1606719873.897000, 1606719873.897000, 1606719879.562000, 1606719879.562000, 1606719967.626000
1606719967.640000, 1606719968.809000, 1606719968.809000, 1606719973.709000, 1606719973.709000, 1606720107.714000
1606720107.739000, 1606720108.897000, 1606720108.897000, 1606720113.651000, 1606720113.651000, 1606720272.741000
