read_start,read_end,cpu_start,cpu_end,write_start,write_end
1606720390.487000, 1606720542.899000, 1606720542.899000, 1606720548.342000, 1606720548.342000, 1606720684.823000
1606720684.885000, 1606720686.623000, 1606720686.623000, 1606720691.864000, 1606720691.864000, 1606720816.004000
1606720816.094000, 1606720817.452000, 1606720817.452000, 1606720822.522000, 1606720822.522000, 1606720913.870000
