read_start,read_end,cpu_start,cpu_end,write_start,write_end
1606714780.263000, 1606714879.187000, 1606714879.187000, 1606714884.177000, 1606714884.177000, 1606714981.432000
1606714981.449000, 1606714982.391000, 1606714982.391000, 1606714987.420000, 1606714987.420000, 1606715083.013000
1606715083.028000, 1606715084.001000, 1606715084.001000, 1606715089.029000, 1606715089.029000, 1606715173.297000
