read_start,read_end,cpu_start,cpu_end,write_start,write_end
1606721649.589000, 1606721817.584000, 1606721817.584000, 1606721822.969000, 1606721822.969000, 1606722026.212000
1606722026.843000, 1606722029.401000, 1606722029.401000, 1606722035.855000, 1606722035.855000, 1606722213.506000
1606722213.604000, 1606722215.244000, 1606722215.244000, 1606722221.358000, 1606722221.358000, 1606722357.629000
