read_start,read_end,cpu_start,cpu_end,write_start,write_end
1606714780.263000, 1606714874.303000, 1606714874.303000, 1606714879.549000, 1606714879.549000, 1606714968.448000
1606714968.462000, 1606714969.550000, 1606714969.550000, 1606714974.176000, 1606714974.176000, 1606715059.819000
1606715059.833000, 1606715060.777000, 1606715060.777000, 1606715065.407000, 1606715065.407000, 1606715151.595000
