read_start,read_end,cpu_start,cpu_end,write_start,write_end
1606713193.885000, 1606713270.336000, 1606713270.336000, 1606713275.673000, 1606713275.673000, 1606713350.110000
1606713350.123000, 1606713351.229000, 1606713351.229000, 1606713356.247000, 1606713356.247000, 1606713421.927000
1606713421.944000, 1606713423.063000, 1606713423.063000, 1606713427.488000, 1606713427.488000, 1606713489.256000
