read_start,read_end,cpu_start,cpu_end,write_start,write_end
1606720390.479000, 1606720543.343000, 1606720543.343000, 1606720548.502000, 1606720548.502000, 1606720686.265000
1606720686.280000, 1606720687.352000, 1606720687.352000, 1606720692.111000, 1606720692.111000, 1606720802.841000
1606720802.859000, 1606720803.856000, 1606720803.856000, 1606720808.337000, 1606720808.337000, 1606720906.603000
