read_start,read_end,cpu_start,cpu_end,write_start,write_end
1606711196.779000, 1606711234.042000, 1606711234.042000, 1606711238.781000, 1606711238.781000, 1606711271.421000
1606711271.437000, 1606711272.440000, 1606711272.440000, 1606711277.132000, 1606711277.132000, 1606711319.338000
1606711319.351000, 1606711320.308000, 1606711320.308000, 1606711324.840000, 1606711324.840000, 1606711359.200000
