read_start,read_end,cpu_start,cpu_end,write_start,write_end
1606712007.343000, 1606712065.652000, 1606712065.652000, 1606712070.947000, 1606712070.947000, 1606712129.584000
1606712129.598000, 1606712130.625000, 1606712130.625000, 1606712135.205000, 1606712135.205000, 1606712191.242000
1606712191.255000, 1606712192.264000, 1606712192.264000, 1606712197.057000, 1606712197.057000, 1606712255.995000
