read_start,read_end,cpu_start,cpu_end,write_start,write_end
1606717286.064000, 1606717402.794000, 1606717402.794000, 1606717407.306000, 1606717407.306000, 1606717492.009000
1606717492.024000, 1606717492.959000, 1606717492.959000, 1606717497.605000, 1606717497.605000, 1606717584.099000
1606717584.114000, 1606717585.841000, 1606717585.841000, 1606717592.258000, 1606717592.258000, 1606717714.778000
