read_start,read_end,cpu_start,cpu_end,write_start,write_end
1606711561.800000, 1606711609.305000, 1606711609.305000, 1606711614.532000, 1606711614.532000, 1606711656.339000
1606711656.352000, 1606711657.383000, 1606711657.383000, 1606711661.987000, 1606711661.987000, 1606711713.925000
1606711713.938000, 1606711715.037000, 1606711715.037000, 1606711719.710000, 1606711719.710000, 1606711767.058000
