read_start,read_end,cpu_start,cpu_end,write_start,write_end
1606719082.687000, 1606719224.440000, 1606719224.440000, 1606719229.875000, 1606719229.875000, 1606719326.665000
1606719326.680000, 1606719328.007000, 1606719328.007000, 1606719333.708000, 1606719333.708000, 1606719465.958000
1606719466.001000, 1606719467.479000, 1606719467.479000, 1606719472.145000, 1606719472.145000, 1606719618.281000
