read_start,read_end,cpu_start,cpu_end,write_start,write_end
1606713553.505000, 1606713636.929000, 1606713636.929000, 1606713641.956000, 1606713641.956000, 1606713729.340000
1606713729.364000, 1606713730.371000, 1606713730.371000, 1606713735.329000, 1606713735.329000, 1606713819.161000
1606713819.175000, 1606713820.116000, 1606713820.116000, 1606713825.403000, 1606713825.403000, 1606713899.502000
