read_start,read_end,cpu_start,cpu_end,write_start,write_end
1606714780.268000, 1606714879.775000, 1606714879.775000, 1606714885.303000, 1606714885.303000, 1606714983.344000
1606714983.359000, 1606714984.392000, 1606714984.392000, 1606714989.146000, 1606714989.146000, 1606715086.395000
1606715086.409000, 1606715087.831000, 1606715087.831000, 1606715092.907000, 1606715092.907000, 1606715179.535000
