read_start,read_end,cpu_start,cpu_end,write_start,write_end
1606716203.720000, 1606716316.129000, 1606716316.129000, 1606716321.259000, 1606716321.259000, 1606716428.019000
1606716428.032000, 1606716428.990000, 1606716428.990000, 1606716433.689000, 1606716433.689000, 1606716518.600000
1606716518.624000, 1606716519.630000, 1606716519.630000, 1606716524.395000, 1606716524.395000, 1606716625.612000
