read_start,read_end,cpu_start,cpu_end,write_start,write_end
1606719729.167000, 1606719873.518000, 1606719873.518000, 1606719878.552000, 1606719878.552000, 1606719966.953000
1606719966.969000, 1606719968.031000, 1606719968.031000, 1606719972.971000, 1606719972.971000, 1606720108.809000
1606720108.827000, 1606720109.937000, 1606720109.937000, 1606720114.633000, 1606720114.633000, 1606720273.800000
