read_start,read_end,cpu_start,cpu_end,write_start,write_end
1606717286.060000, 1606717409.282000, 1606717409.282000, 1606717414.305000, 1606717414.305000, 1606717494.578000
1606717494.591000, 1606717495.609000, 1606717495.609000, 1606717500.358000, 1606717500.358000, 1606717584.025000
1606717584.043000, 1606717585.096000, 1606717585.096000, 1606717589.823000, 1606717589.823000, 1606717708.531000
