read_start,read_end,cpu_start,cpu_end,write_start,write_end
1606712007.343000, 1606712066.704000, 1606712066.704000, 1606712071.407000, 1606712071.407000, 1606712124.399000
1606712124.413000, 1606712125.496000, 1606712125.496000, 1606712130.209000, 1606712130.209000, 1606712187.158000
1606712187.174000, 1606712188.266000, 1606712188.266000, 1606712192.979000, 1606712192.979000, 1606712258.409000
