read_start,read_end,cpu_start,cpu_end,write_start,write_end
1606719082.695000, 1606719216.741000, 1606719216.741000, 1606719221.368000, 1606719221.368000, 1606719318.445000
1606719318.462000, 1606719319.559000, 1606719319.559000, 1606719324.021000, 1606719324.021000, 1606719396.674000
1606719396.691000, 1606719398.256000, 1606719398.256000, 1606719403.127000, 1606719403.127000, 1606719536.347000
