read_start,read_end,cpu_start,cpu_end,write_start,write_end
1606716203.711000, 1606716316.217000, 1606716316.217000, 1606716321.328000, 1606716321.328000, 1606716428.042000
1606716428.057000, 1606716429.144000, 1606716429.144000, 1606716434.438000, 1606716434.438000, 1606716519.494000
1606716519.508000, 1606716520.928000, 1606716520.928000, 1606716525.896000, 1606716525.896000, 1606716641.530000
