read_start,read_end,cpu_start,cpu_end,write_start,write_end
1606713553.509000, 1606713636.026000, 1606713636.026000, 1606713641.137000, 1606713641.137000, 1606713726.731000
1606713726.761000, 1606713727.871000, 1606713727.871000, 1606713732.885000, 1606713732.885000, 1606713813.266000
1606713813.279000, 1606713814.225000, 1606713814.225000, 1606713818.770000, 1606713818.770000, 1606713882.886000
