read_start,read_end,cpu_start,cpu_end,write_start,write_end
1606717286.082000, 1606717407.615000, 1606717407.615000, 1606717412.447000, 1606717412.447000, 1606717414.190000
1606717414.199000, 1606717415.285000, 1606717415.285000, 1606717420.484000, 1606717420.484000, 1606717500.817000
1606717500.832000, 1606717501.807000, 1606717501.807000, 1606717506.603000, 1606717506.603000, 1606717507.692000
