read_start,read_end,cpu_start,cpu_end,write_start,write_end
1606721649.589000, 1606721819.787000, 1606721819.787000, 1606721825.548000, 1606721825.548000, 1606722026.255000
1606722027.147000, 1606722029.947000, 1606722029.947000, 1606722037.264000, 1606722037.264000, 1606722219.890000
1606722220.039000, 1606722222.007000, 1606722222.007000, 1606722227.586000, 1606722227.586000, 1606722359.368000
