read_start,read_end,cpu_start,cpu_end,write_start,write_end
1606718458.412000, 1606718597.258000, 1606718597.258000, 1606718603.039000, 1606718603.039000, 1606718777.485000
1606718777.501000, 1606718780.202000, 1606718780.202000, 1606718785.413000, 1606718785.413000, 1606718927.030000
1606718927.201000, 1606718928.923000, 1606718928.923000, 1606718935.710000, 1606718935.710000, 1606719040.373000
