read_start,read_end,cpu_start,cpu_end,write_start,write_end
1606721649.589000, 1606721820.212000, 1606721820.212000, 1606721825.516000, 1606721825.516000, 1606722026.328000
1606722027.036000, 1606722028.852000, 1606722028.852000, 1606722034.580000, 1606722034.580000, 1606722201.327000
1606722201.412000, 1606722203.397000, 1606722203.397000, 1606722208.715000, 1606722208.715000, 1606722351.822000
