read_start,read_end,cpu_start,cpu_end,write_start,write_end
1606716203.714000, 1606716319.319000, 1606716319.319000, 1606716324.477000, 1606716324.477000, 1606716433.221000
1606716433.235000, 1606716434.368000, 1606716434.368000, 1606716439.260000, 1606716439.260000, 1606716525.363000
1606716525.401000, 1606716526.644000, 1606716526.644000, 1606716531.167000, 1606716531.167000, 1606716631.484000
