read_start,read_end,cpu_start,cpu_end,write_start,write_end
1606720390.482000, 1606720544.734000, 1606720544.734000, 1606720550.013000, 1606720550.013000, 1606720700.538000
1606720700.555000, 1606720701.762000, 1606720701.762000, 1606720706.508000, 1606720706.508000, 1606720829.624000
1606720829.663000, 1606720830.682000, 1606720830.682000, 1606720835.172000, 1606720835.172000, 1606720917.665000
