read_start,read_end,cpu_start,cpu_end,write_start,write_end
1606711561.799000, 1606711609.413000, 1606711609.413000, 1606711614.621000, 1606711614.621000, 1606711656.837000
1606711656.852000, 1606711657.896000, 1606711657.896000, 1606711662.572000, 1606711662.572000, 1606711710.739000
1606711710.756000, 1606711711.773000, 1606711711.773000, 1606711716.538000, 1606711716.538000, 1606711769.781000
