read_start,read_end,cpu_start,cpu_end,write_start,write_end
1606715230.002000, 1606715330.191000, 1606715330.191000, 1606715335.180000, 1606715335.180000, 1606715428.014000
1606715428.030000, 1606715429.148000, 1606715429.148000, 1606715433.576000, 1606715433.576000, 1606715523.000000
1606715523.049000, 1606715523.998000, 1606715523.998000, 1606715528.409000, 1606715528.409000, 1606715622.294000
