read_start,read_end,cpu_start,cpu_end,write_start,write_end
1606710733.629000, 1606710751.136000, 1606710751.136000, 1606710756.096000, 1606710756.096000, 1606710757.276000
1606710757.286000, 1606710758.377000, 1606710758.377000, 1606710762.750000, 1606710762.750000, 1606710763.726000
1606710763.735000, 1606710764.674000, 1606710764.674000, 1606710769.034000, 1606710769.034000, 1606710770.027000
