read_start,read_end,cpu_start,cpu_end,write_start,write_end
1606719729.167000, 1606719876.307000, 1606719876.307000, 1606719881.607000, 1606719881.607000, 1606719968.873000
1606719968.889000, 1606719969.991000, 1606719969.991000, 1606719974.761000, 1606719974.761000, 1606720126.914000
1606720126.928000, 1606720128.032000, 1606720128.032000, 1606720133.161000, 1606720133.161000, 1606720346.598000
