read_start,read_end,cpu_start,cpu_end,write_start,write_end
1606720390.475000, 1606720544.325000, 1606720544.325000, 1606720549.873000, 1606720549.873000, 1606720696.946000
1606720696.962000, 1606720698.046000, 1606720698.046000, 1606720703.023000, 1606720703.023000, 1606720821.849000
1606720821.890000, 1606720823.221000, 1606720823.221000, 1606720827.872000, 1606720827.872000, 1606720916.106000
