read_start,read_end,cpu_start,cpu_end,write_start,write_end
1606721649.589000, 1606721819.933000, 1606721819.933000, 1606721825.475000, 1606721825.475000, 1606722026.364000
1606722027.247000, 1606722030.053000, 1606722030.053000, 1606722037.730000, 1606722037.730000, 1606722220.747000
1606722220.958000, 1606722223.438000, 1606722223.438000, 1606722229.101000, 1606722229.101000, 1606722359.494000
