read_start,read_end,cpu_start,cpu_end,write_start,write_end
1606720390.476000, 1606720539.882000, 1606720539.882000, 1606720544.967000, 1606720544.967000, 1606720621.706000
1606720621.744000, 1606720622.960000, 1606720622.960000, 1606720627.774000, 1606720627.774000, 1606720750.747000
1606720750.765000, 1606720752.254000, 1606720752.254000, 1606720757.383000, 1606720757.383000, 1606720875.207000
