read_start,read_end,cpu_start,cpu_end,write_start,write_end
1606715230.010000, 1606715336.519000, 1606715336.519000, 1606715341.906000, 1606715341.906000, 1606715448.531000
1606715448.545000, 1606715449.538000, 1606715449.538000, 1606715454.373000, 1606715454.373000, 1606715558.419000
1606715558.433000, 1606715559.964000, 1606715559.964000, 1606715566.300000, 1606715566.300000, 1606715659.087000
