read_start,read_end,cpu_start,cpu_end,write_start,write_end
1606719082.678000, 1606719224.844000, 1606719224.844000, 1606719230.437000, 1606719230.437000, 1606719327.111000
1606719327.130000, 1606719328.943000, 1606719328.943000, 1606719335.262000, 1606719335.262000, 1606719480.985000
1606719481.086000, 1606719483.039000, 1606719483.039000, 1606719487.936000, 1606719487.936000, 1606719674.318000
