read_start,read_end,cpu_start,cpu_end,write_start,write_end
1606717857.457000, 1606717989.889000, 1606717989.889000, 1606717995.258000, 1606717995.258000, 1606718081.961000
1606718081.976000, 1606718083.488000, 1606718083.488000, 1606718089.147000, 1606718089.147000, 1606718255.643000
1606718255.696000, 1606718256.992000, 1606718256.992000, 1606718262.205000, 1606718262.205000, 1606718402.609000
