read_start,read_end,cpu_start,cpu_end,write_start,write_end
1606717857.458000, 1606717989.586000, 1606717989.586000, 1606717994.751000, 1606717994.751000, 1606718081.435000
1606718081.452000, 1606718082.493000, 1606718082.493000, 1606718087.631000, 1606718087.631000, 1606718251.942000
1606718251.961000, 1606718253.720000, 1606718253.720000, 1606718260.358000, 1606718260.358000, 1606718402.092000
