read_start,read_end,cpu_start,cpu_end,write_start,write_end
1606713948.235000, 1606714037.545000, 1606714037.545000, 1606714042.965000, 1606714042.965000, 1606714129.896000
1606714129.909000, 1606714131.077000, 1606714131.077000, 1606714135.952000, 1606714135.952000, 1606714222.932000
1606714222.948000, 1606714224.139000, 1606714224.139000, 1606714229.077000, 1606714229.077000, 1606714304.270000
