read_start,read_end,cpu_start,cpu_end,write_start,write_end
1606716734.294000, 1606716853.735000, 1606716853.735000, 1606716859.031000, 1606716859.031000, 1606716961.228000
1606716961.242000, 1606716962.681000, 1606716962.681000, 1606716968.759000, 1606716968.759000, 1606717093.580000
1606717093.640000, 1606717095.092000, 1606717095.092000, 1606717101.330000, 1606717101.330000, 1606717197.445000
