read_start,read_end,cpu_start,cpu_end,write_start,write_end
1606716203.720000, 1606716320.763000, 1606716320.763000, 1606716325.786000, 1606716325.786000, 1606716436.008000
1606716436.022000, 1606716437.226000, 1606716437.226000, 1606716442.480000, 1606716442.480000, 1606716616.249000
1606716616.294000, 1606716617.288000, 1606716617.288000, 1606716622.067000, 1606716622.067000, 1606716680.174000
