read_start,read_end,cpu_start,cpu_end,write_start,write_end
1606712549.157000, 1606712614.085000, 1606712614.085000, 1606712618.801000, 1606712618.801000, 1606712691.126000
1606712691.136000, 1606712692.188000, 1606712692.188000, 1606712696.696000, 1606712696.696000, 1606712763.069000
1606712763.084000, 1606712764.164000, 1606712764.164000, 1606712769.089000, 1606712769.089000, 1606712837.746000
