read_start,read_end,cpu_start,cpu_end,write_start,write_end
1606715707.038000, 1606715818.970000, 1606715818.970000, 1606715824.250000, 1606715824.250000, 1606715932.215000
1606715932.226000, 1606715933.230000, 1606715933.230000, 1606715938.476000, 1606715938.476000, 1606716105.540000
1606716105.553000, 1606716106.994000, 1606716106.994000, 1606716112.430000, 1606716112.430000, 1606716155.723000
