read_start,read_end,cpu_start,cpu_end,write_start,write_end
1606715230.002000, 1606715328.144000, 1606715328.144000, 1606715332.730000, 1606715332.730000, 1606715664.106000
1606715664.135000, 1606715665.085000, 1606715665.085000, 1606715669.580000, 1606715669.580000, 1606715682.236000
1606715682.251000, 1606715683.320000, 1606715683.320000, 1606715687.867000, 1606715687.867000, 1606715695.096000
