read_start,read_end,cpu_start,cpu_end,write_start,write_end
1606713948.235000, 1606714035.304000, 1606714035.304000, 1606714040.648000, 1606714040.648000, 1606714126.609000
1606714126.622000, 1606714127.712000, 1606714127.712000, 1606714132.744000, 1606714132.744000, 1606714216.289000
1606714216.302000, 1606714217.624000, 1606714217.624000, 1606714223.129000, 1606714223.129000, 1606714293.764000
