read_start,read_end,cpu_start,cpu_end,write_start,write_end
1606712266.852000, 1606712328.066000, 1606712328.066000, 1606712332.835000, 1606712332.835000, 1606712390.861000
1606712390.877000, 1606712391.849000, 1606712391.849000, 1606712396.700000, 1606712396.700000, 1606712453.800000
1606712453.815000, 1606712454.784000, 1606712454.784000, 1606712459.629000, 1606712459.629000, 1606712526.331000
