read_start,read_end,cpu_start,cpu_end,write_start,write_end
1606722376.416000, 1606722552.502000, 1606722552.502000, 1606722557.597000, 1606722557.597000, 1606722760.897000
1606722761.454000, 1606722764.718000, 1606722764.718000, 1606722772.726000, 1606722772.726000, 1606722966.829000
1606722967.177000, 1606722969.146000, 1606722969.146000, 1606722974.409000, 1606722974.409000, 1606723095.389000
