read_start,read_end,cpu_start,cpu_end,write_start,write_end
1606714353.265000, 1606714449.160000, 1606714449.160000, 1606714454.277000, 1606714454.277000, 1606714545.556000
1606714545.570000, 1606714546.596000, 1606714546.596000, 1606714551.431000, 1606714551.431000, 1606714643.079000
1606714643.094000, 1606714644.421000, 1606714644.421000, 1606714650.144000, 1606714650.144000, 1606714733.760000
