read_start,read_end,cpu_start,cpu_end,write_start,write_end
1606712549.164000, 1606712615.731000, 1606712615.731000, 1606712620.664000, 1606712620.664000, 1606712684.703000
1606712684.719000, 1606712685.673000, 1606712685.673000, 1606712690.733000, 1606712690.733000, 1606712767.140000
1606712767.154000, 1606712768.206000, 1606712768.206000, 1606712773.207000, 1606712773.207000, 1606712838.348000
