read_start,read_end,cpu_start,cpu_end,write_start,write_end
1606720949.835000, 1606721111.088000, 1606721111.088000, 1606721115.878000, 1606721115.878000, 1606721306.782000
1606721306.850000, 1606721308.011000, 1606721308.011000, 1606721313.732000, 1606721313.732000, 1606721397.042000
1606721397.082000, 1606721398.202000, 1606721398.202000, 1606721402.695000, 1606721402.695000, 1606721552.684000
