read_start,read_end,cpu_start,cpu_end,write_start,write_end
1606716203.707000, 1606716319.676000, 1606716319.676000, 1606716324.882000, 1606716324.882000, 1606716433.850000
1606716433.870000, 1606716435.431000, 1606716435.431000, 1606716440.470000, 1606716440.470000, 1606716534.801000
1606716534.883000, 1606716536.509000, 1606716536.509000, 1606716541.884000, 1606716541.884000, 1606716678.811000
