read_start,read_end,cpu_start,cpu_end,write_start,write_end
1606720949.836000, 1606721116.348000, 1606721116.348000, 1606721121.650000, 1606721121.650000, 1606721310.328000
1606721310.373000, 1606721311.787000, 1606721311.787000, 1606721317.389000, 1606721317.389000, 1606721501.841000
1606721501.860000, 1606721503.063000, 1606721503.063000, 1606721507.759000, 1606721507.759000, 1606721621.854000
