read_start,read_end,cpu_start,cpu_end,write_start,write_end
1606712007.343000, 1606712068.638000, 1606712068.638000, 1606712073.577000, 1606712073.577000, 1606712125.782000
1606712125.797000, 1606712126.898000, 1606712126.898000, 1606712131.627000, 1606712131.627000, 1606712190.464000
1606712190.480000, 1606712191.471000, 1606712191.471000, 1606712196.208000, 1606712196.208000, 1606712255.966000
