read_start,read_end,cpu_start,cpu_end,write_start,write_end
1606712853.378000, 1606712925.406000, 1606712925.406000, 1606712930.735000, 1606712930.735000, 1606713001.747000
1606713001.761000, 1606713002.877000, 1606713002.877000, 1606713008.187000, 1606713008.187000, 1606713078.548000
1606713078.564000, 1606713079.646000, 1606713079.646000, 1606713084.638000, 1606713084.638000, 1606713147.236000
