read_start,read_end,cpu_start,cpu_end,write_start,write_end
1606721649.588000, 1606721818.368000, 1606721818.368000, 1606721823.514000, 1606721823.514000, 1606722026.219000
1606722027.055000, 1606722029.799000, 1606722029.799000, 1606722036.838000, 1606722036.838000, 1606722218.743000
1606722218.915000, 1606722220.828000, 1606722220.828000, 1606722225.698000, 1606722225.698000, 1606722359.143000
