read_start,read_end,cpu_start,cpu_end,write_start,write_end
1606718458.434000, 1606718591.759000, 1606718591.759000, 1606718596.907000, 1606718596.907000, 1606718691.899000
1606718691.913000, 1606718692.999000, 1606718692.999000, 1606718697.950000, 1606718697.950000, 1606718850.964000
1606718850.983000, 1606718851.935000, 1606718851.935000, 1606718856.406000, 1606718856.406000, 1606718931.665000
