read_start,read_end,cpu_start,cpu_end,write_start,write_end
1606716203.707000, 1606716314.743000, 1606716314.743000, 1606716319.957000, 1606716319.957000, 1606716424.352000
1606716424.365000, 1606716425.393000, 1606716425.393000, 1606716430.155000, 1606716430.155000, 1606716516.776000
1606716516.789000, 1606716518.284000, 1606716518.284000, 1606716523.949000, 1606716523.949000, 1606716631.826000
