read_start,read_end,cpu_start,cpu_end,write_start,write_end
1606721649.588000, 1606721821.740000, 1606721821.740000, 1606721828.370000, 1606721828.370000, 1606722026.298000
1606722027.274000, 1606722029.209000, 1606722029.209000, 1606722034.982000, 1606722034.982000, 1606722206.085000
1606722206.189000, 1606722207.506000, 1606722207.506000, 1606722212.185000, 1606722212.185000, 1606722353.599000
