read_start,read_end,cpu_start,cpu_end,write_start,write_end
1606712853.378000, 1606712924.283000, 1606712924.283000, 1606712929.536000, 1606712929.536000, 1606712993.753000
1606712993.772000, 1606712994.858000, 1606712994.858000, 1606712999.280000, 1606712999.280000, 1606713018.391000
1606713018.405000, 1606713019.347000, 1606713019.347000, 1606713023.792000, 1606713023.792000, 1606713081.009000
