read_start,read_end,cpu_start,cpu_end,write_start,write_end
1606719729.177000, 1606719875.663000, 1606719875.663000, 1606719881.286000, 1606719881.286000, 1606719968.435000
1606719968.454000, 1606719969.449000, 1606719969.449000, 1606719974.263000, 1606719974.263000, 1606720127.304000
1606720127.320000, 1606720128.349000, 1606720128.349000, 1606720133.108000, 1606720133.108000, 1606720344.623000
