read_start,read_end,cpu_start,cpu_end,write_start,write_end
1606715230.006000, 1606715334.769000, 1606715334.769000, 1606715340.352000, 1606715340.352000, 1606715447.483000
1606715447.497000, 1606715448.583000, 1606715448.583000, 1606715453.384000, 1606715453.384000, 1606715554.809000
1606715554.825000, 1606715556.450000, 1606715556.450000, 1606715563.037000, 1606715563.037000, 1606715659.701000
