read_start,read_end,cpu_start,cpu_end,write_start,write_end
1606717286.060000, 1606717415.525000, 1606717415.525000, 1606717421.221000, 1606717421.221000, 1606717583.504000
1606717583.524000, 1606717585.262000, 1606717585.262000, 1606717591.760000, 1606717591.760000, 1606717711.670000
1606717711.741000, 1606717713.054000, 1606717713.054000, 1606717718.432000, 1606717718.432000, 1606717816.149000
