read_start,read_end,cpu_start,cpu_end,write_start,write_end
1606717286.066000, 1606717415.134000, 1606717415.134000, 1606717420.494000, 1606717420.494000, 1606717579.526000
1606717579.544000, 1606717581.547000, 1606717581.547000, 1606717587.358000, 1606717587.358000, 1606717657.356000
1606717657.462000, 1606717659.238000, 1606717659.238000, 1606717664.641000, 1606717664.641000, 1606717813.046000
