read_start,read_end,cpu_start,cpu_end,write_start,write_end
1606714353.280000, 1606714446.556000, 1606714446.556000, 1606714451.706000, 1606714451.706000, 1606714452.945000
1606714452.956000, 1606714453.905000, 1606714453.905000, 1606714458.410000, 1606714458.410000, 1606714459.392000
1606714459.402000, 1606714460.334000, 1606714460.334000, 1606714464.736000, 1606714464.736000, 1606714465.777000
