read_start,read_end,cpu_start,cpu_end,write_start,write_end
1606711048.027000, 1606711079.939000, 1606711079.939000, 1606711084.597000, 1606711084.597000, 1606711115.622000
1606711115.634000, 1606711116.572000, 1606711116.572000, 1606711121.125000, 1606711121.125000, 1606711152.135000
1606711152.148000, 1606711153.108000, 1606711153.108000, 1606711157.836000, 1606711157.836000, 1606711191.393000
