read_start,read_end,cpu_start,cpu_end,write_start,write_end
1606719082.691000, 1606719221.802000, 1606719221.802000, 1606719226.785000, 1606719226.785000, 1606719323.748000
1606719323.763000, 1606719324.875000, 1606719324.875000, 1606719330.092000, 1606719330.092000, 1606719454.561000
1606719454.576000, 1606719455.670000, 1606719455.670000, 1606719460.264000, 1606719460.264000, 1606719604.971000
