read_start,read_end,cpu_start,cpu_end,write_start,write_end
1606715230.006000, 1606715331.357000, 1606715331.357000, 1606715336.467000, 1606715336.467000, 1606715436.129000
1606715436.145000, 1606715437.235000, 1606715437.235000, 1606715441.787000, 1606715441.787000, 1606715530.755000
1606715530.771000, 1606715531.812000, 1606715531.812000, 1606715536.341000, 1606715536.341000, 1606715626.846000
