read_start,read_end,cpu_start,cpu_end,write_start,write_end
1606713948.235000, 1606714038.189000, 1606714038.189000, 1606714043.443000, 1606714043.443000, 1606714130.074000
1606714130.088000, 1606714131.132000, 1606714131.132000, 1606714136.004000, 1606714136.004000, 1606714223.032000
1606714223.047000, 1606714224.591000, 1606714224.591000, 1606714230.992000, 1606714230.992000, 1606714306.761000
