read_start,read_end,cpu_start,cpu_end,write_start,write_end
1606719082.678000, 1606719224.853000, 1606719224.853000, 1606719230.432000, 1606719230.432000, 1606719326.950000
1606719326.967000, 1606719328.579000, 1606719328.579000, 1606719334.982000, 1606719334.982000, 1606719466.182000
1606719466.260000, 1606719467.466000, 1606719467.466000, 1606719472.719000, 1606719472.719000, 1606719620.724000
