read_start,read_end,cpu_start,cpu_end,write_start,write_end
1606722376.416000, 1606722532.725000, 1606722532.725000, 1606722537.338000, 1606722537.338000, 1606722568.769000
1606722568.893000, 1606722570.246000, 1606722570.246000, 1606722576.309000, 1606722576.309000, 1606722761.233000
1606722762.228000, 1606722765.237000, 1606722765.237000, 1606722771.660000, 1606722771.660000, 1606722966.321000
