read_start,read_end,cpu_start,cpu_end,write_start,write_end
1606720390.486000, 1606720540.896000, 1606720540.896000, 1606720546.155000, 1606720546.155000, 1606720622.299000
1606720622.318000, 1606720624.703000, 1606720624.703000, 1606720630.324000, 1606720630.324000, 1606720787.036000
1606720787.142000, 1606720788.934000, 1606720788.934000, 1606720794.382000, 1606720794.382000, 1606720899.325000
