read_start,read_end,cpu_start,cpu_end,write_start,write_end
1606713948.241000, 1606714036.481000, 1606714036.481000, 1606714041.910000, 1606714041.910000, 1606714129.225000
1606714129.238000, 1606714130.249000, 1606714130.249000, 1606714135.595000, 1606714135.595000, 1606714222.623000
1606714222.642000, 1606714224.270000, 1606714224.270000, 1606714230.220000, 1606714230.220000, 1606714304.923000
