read_start,read_end,cpu_start,cpu_end,write_start,write_end
1606721649.589000, 1606721819.281000, 1606721819.281000, 1606721825.749000, 1606721825.749000, 1606722026.291000
1606722027.068000, 1606722030.016000, 1606722030.016000, 1606722036.394000, 1606722036.394000, 1606722217.063000
1606722217.195000, 1606722219.252000, 1606722219.252000, 1606722224.139000, 1606722224.139000, 1606722358.825000
