read_start,read_end,cpu_start,cpu_end,write_start,write_end
1606720390.490000, 1606720536.991000, 1606720536.991000, 1606720541.803000, 1606720541.803000, 1606720621.230000
1606720621.243000, 1606720623.009000, 1606720623.009000, 1606720628.240000, 1606720628.240000, 1606720786.872000
1606720786.939000, 1606720788.420000, 1606720788.420000, 1606720793.662000, 1606720793.662000, 1606720898.067000
