read_start,read_end,cpu_start,cpu_end,write_start,write_end
1606722376.416000, 1606722550.979000, 1606722550.979000, 1606722556.077000, 1606722556.077000, 1606722760.900000
1606722762.268000, 1606722765.158000, 1606722765.158000, 1606722771.506000, 1606722771.506000, 1606722966.143000
1606722966.366000, 1606722968.417000, 1606722968.417000, 1606722973.803000, 1606722973.803000, 1606723095.109000
