read_start,read_end,cpu_start,cpu_end,write_start,write_end
1606716734.285000, 1606716850.699000, 1606716850.699000, 1606716855.522000, 1606716855.522000, 1606716947.839000
1606716947.854000, 1606716948.797000, 1606716948.797000, 1606716953.285000, 1606716953.285000, 1606717018.858000
1606717018.873000, 1606717019.932000, 1606717019.932000, 1606717024.697000, 1606717024.697000, 1606717176.492000
