read_start,read_end,cpu_start,cpu_end,write_start,write_end
1606714780.263000, 1606714879.949000, 1606714879.949000, 1606714885.255000, 1606714885.255000, 1606714983.236000
1606714983.251000, 1606714984.259000, 1606714984.259000, 1606714989.150000, 1606714989.150000, 1606715086.255000
1606715086.269000, 1606715087.458000, 1606715087.458000, 1606715092.348000, 1606715092.348000, 1606715178.331000
