read_start,read_end,cpu_start,cpu_end,write_start,write_end
1606716203.707000, 1606716319.886000, 1606716319.886000, 1606716325.194000, 1606716325.194000, 1606716434.362000
1606716434.376000, 1606716435.819000, 1606716435.819000, 1606716440.573000, 1606716440.573000, 1606716537.898000
1606716537.965000, 1606716539.968000, 1606716539.968000, 1606716544.832000, 1606716544.832000, 1606716678.435000
