read_start,read_end,cpu_start,cpu_end,write_start,write_end
1606715707.044000, 1606715814.497000, 1606715814.497000, 1606715819.676000, 1606715819.676000, 1606715922.618000
1606715922.634000, 1606715923.587000, 1606715923.587000, 1606715927.976000, 1606715927.976000, 1606716006.133000
1606716006.149000, 1606716007.072000, 1606716007.072000, 1606716011.599000, 1606716011.599000, 1606716113.001000
