read_start,read_end,cpu_start,cpu_end,write_start,write_end
1606718458.437000, 1606718584.036000, 1606718584.036000, 1606718588.617000, 1606718588.617000, 1606718590.545000
1606718590.555000, 1606718591.559000, 1606718591.559000, 1606718596.590000, 1606718596.590000, 1606718597.796000
1606718597.806000, 1606718598.810000, 1606718598.810000, 1606718604.121000, 1606718604.121000, 1606718696.045000
