read_start,read_end,cpu_start,cpu_end,write_start,write_end
1606713948.235000, 1606714036.321000, 1606714036.321000, 1606714041.704000, 1606714041.704000, 1606714129.108000
1606714129.124000, 1606714130.245000, 1606714130.245000, 1606714135.219000, 1606714135.219000, 1606714222.050000
1606714222.062000, 1606714223.139000, 1606714223.139000, 1606714227.905000, 1606714227.905000, 1606714303.040000
