read_start,read_end,cpu_start,cpu_end,write_start,write_end
1606713193.889000, 1606713270.151000, 1606713270.151000, 1606713274.977000, 1606713274.977000, 1606713346.869000
1606713346.885000, 1606713347.840000, 1606713347.840000, 1606713352.426000, 1606713352.426000, 1606713388.654000
1606713388.668000, 1606713389.617000, 1606713389.617000, 1606713394.047000, 1606713394.047000, 1606713457.326000
