read_start,read_end,cpu_start,cpu_end,write_start,write_end
1606718458.435000, 1606718595.307000, 1606718595.307000, 1606718600.504000, 1606718600.504000, 1606718695.460000
1606718695.563000, 1606718696.739000, 1606718696.739000, 1606718701.502000, 1606718701.502000, 1606718856.677000
1606718856.691000, 1606718858.833000, 1606718858.833000, 1606718864.313000, 1606718864.313000, 1606719032.992000
