read_start,read_end,cpu_start,cpu_end,write_start,write_end
1606722376.416000, 1606722552.549000, 1606722552.549000, 1606722558.896000, 1606722558.896000, 1606722760.952000
1606722762.029000, 1606722764.954000, 1606722764.954000, 1606722771.120000, 1606722771.120000, 1606722965.423000
1606722965.587000, 1606722967.453000, 1606722967.453000, 1606722972.915000, 1606722972.915000, 1606723094.279000
