read_start,read_end,cpu_start,cpu_end,write_start,write_end
1606722376.416000, 1606722525.812000, 1606722525.812000, 1606722531.030000, 1606722531.030000, 1606722569.114000
1606722569.209000, 1606722570.838000, 1606722570.838000, 1606722576.840000, 1606722576.840000, 1606722761.251000
1606722761.964000, 1606722764.922000, 1606722764.922000, 1606722771.327000, 1606722771.327000, 1606722965.908000
