read_start,read_end,cpu_start,cpu_end,write_start,write_end
1606717286.073000, 1606717415.339000, 1606717415.339000, 1606717420.868000, 1606717420.868000, 1606717583.055000
1606717583.069000, 1606717584.176000, 1606717584.176000, 1606717589.774000, 1606717589.774000, 1606717710.435000
1606717710.481000, 1606717711.443000, 1606717711.443000, 1606717716.159000, 1606717716.159000, 1606717814.536000
