read_start,read_end,cpu_start,cpu_end,write_start,write_end
1606721649.589000, 1606721817.039000, 1606721817.039000, 1606721821.983000, 1606721821.983000, 1606722026.147000
1606722026.511000, 1606722027.969000, 1606722027.969000, 1606722033.701000, 1606722033.701000, 1606722188.669000
1606722188.685000, 1606722190.448000, 1606722190.448000, 1606722195.139000, 1606722195.139000, 1606722343.739000
