read_start,read_end,cpu_start,cpu_end,write_start,write_end
1606718458.428000, 1606718594.695000, 1606718594.695000, 1606718600.032000, 1606718600.032000, 1606718695.056000
1606718695.069000, 1606718696.264000, 1606718696.264000, 1606718701.069000, 1606718701.069000, 1606718856.714000
1606718856.728000, 1606718858.729000, 1606718858.729000, 1606718863.719000, 1606718863.719000, 1606719033.530000
