read_start,read_end,cpu_start,cpu_end,write_start,write_end
1606718458.415000, 1606718596.675000, 1606718596.675000, 1606718602.226000, 1606718602.226000, 1606718776.712000
1606718776.726000, 1606718778.708000, 1606718778.708000, 1606718784.364000, 1606718784.364000, 1606718944.497000
1606718944.572000, 1606718945.780000, 1606718945.780000, 1606718950.312000, 1606718950.312000, 1606719043.273000
