read_start,read_end,cpu_start,cpu_end,write_start,write_end
1606711365.852000, 1606711408.381000, 1606711408.381000, 1606711413.117000, 1606711413.117000, 1606711454.218000
1606711454.231000, 1606711455.283000, 1606711455.283000, 1606711460.171000, 1606711460.171000, 1606711506.186000
1606711506.199000, 1606711507.301000, 1606711507.301000, 1606711512.011000, 1606711512.011000, 1606711554.817000
