read_start,read_end,cpu_start,cpu_end,write_start,write_end
1606720390.492000, 1606720532.048000, 1606720532.048000, 1606720536.799000, 1606720536.799000, 1606720620.746000
1606720620.762000, 1606720622.334000, 1606720622.334000, 1606720627.363000, 1606720627.363000, 1606720749.488000
1606720749.531000, 1606720750.834000, 1606720750.834000, 1606720755.695000, 1606720755.695000, 1606720871.242000
