read_start,read_end,cpu_start,cpu_end,write_start,write_end
1606711196.779000, 1606711233.960000, 1606711233.960000, 1606711238.713000, 1606711238.713000, 1606711275.564000
1606711275.576000, 1606711276.595000, 1606711276.595000, 1606711281.094000, 1606711281.094000, 1606711315.764000
1606711315.780000, 1606711316.713000, 1606711316.713000, 1606711321.226000, 1606711321.226000, 1606711357.111000
