read_start,read_end,cpu_start,cpu_end,write_start,write_end
1606718458.436000, 1606718595.216000, 1606718595.216000, 1606718600.383000, 1606718600.383000, 1606718695.407000
1606718695.425000, 1606718696.610000, 1606718696.610000, 1606718701.377000, 1606718701.377000, 1606718856.207000
1606718856.221000, 1606718857.302000, 1606718857.302000, 1606718862.359000, 1606718862.359000, 1606719028.997000
