read_start,read_end,cpu_start,cpu_end,write_start,write_end
1606717857.457000, 1606717984.743000, 1606717984.743000, 1606717989.561000, 1606717989.561000, 1606718074.901000
1606718074.914000, 1606718075.953000, 1606718075.953000, 1606718080.662000, 1606718080.662000, 1606718175.670000
1606718175.692000, 1606718177.131000, 1606718177.131000, 1606718181.976000, 1606718181.976000, 1606718324.466000
