read_start,read_end,cpu_start,cpu_end,write_start,write_end
1606716203.707000, 1606716314.897000, 1606716314.897000, 1606716320.217000, 1606716320.217000, 1606716424.483000
1606716424.497000, 1606716425.594000, 1606716425.594000, 1606716430.376000, 1606716430.376000, 1606716516.980000
1606716516.993000, 1606716518.453000, 1606716518.453000, 1606716523.430000, 1606716523.430000, 1606716644.605000
