read_start,read_end,cpu_start,cpu_end,write_start,write_end
1606721649.589000, 1606721821.517000, 1606721821.517000, 1606721827.520000, 1606721827.520000, 1606722026.288000
1606722027.254000, 1606722030.070000, 1606722030.070000, 1606722036.141000, 1606722036.141000, 1606722215.477000
1606722215.640000, 1606722217.203000, 1606722217.203000, 1606722222.430000, 1606722222.430000, 1606722358.183000
