read_start,read_end,cpu_start,cpu_end,write_start,write_end
1606719082.679000, 1606719224.133000, 1606719224.133000, 1606719229.869000, 1606719229.869000, 1606719326.816000
1606719326.842000, 1606719328.335000, 1606719328.335000, 1606719334.537000, 1606719334.537000, 1606719479.470000
1606719479.532000, 1606719481.690000, 1606719481.690000, 1606719487.001000, 1606719487.001000, 1606719669.863000
