read_start,read_end,cpu_start,cpu_end,write_start,write_end
1606718458.413000, 1606718596.329000, 1606718596.329000, 1606718601.796000, 1606718601.796000, 1606718774.893000
1606718774.951000, 1606718775.891000, 1606718775.891000, 1606718781.022000, 1606718781.022000, 1606718857.384000
1606718857.427000, 1606718859.538000, 1606718859.538000, 1606718864.396000, 1606718864.396000, 1606719034.250000
