read_start,read_end,cpu_start,cpu_end,write_start,write_end
1606722376.416000, 1606722552.451000, 1606722552.451000, 1606722558.050000, 1606722558.050000, 1606722760.910000
1606722762.230000, 1606722765.406000, 1606722765.406000, 1606722772.450000, 1606722772.450000, 1606722966.755000
1606722966.987000, 1606722969.046000, 1606722969.046000, 1606722975.255000, 1606722975.255000, 1606723095.542000
