read_start,read_end,cpu_start,cpu_end,write_start,write_end
1606714780.275000, 1606714879.918000, 1606714879.918000, 1606714884.883000, 1606714884.883000, 1606714982.754000
1606714982.774000, 1606714983.876000, 1606714983.876000, 1606714989.205000, 1606714989.205000, 1606715086.463000
1606715086.478000, 1606715087.987000, 1606715087.987000, 1606715093.918000, 1606715093.918000, 1606715181.526000
