read_start,read_end,cpu_start,cpu_end,write_start,write_end
1606711048.027000, 1606711079.939000, 1606711079.939000, 1606711084.620000, 1606711084.620000, 1606711111.606000
1606711111.619000, 1606711112.574000, 1606711112.574000, 1606711117.243000, 1606711117.243000, 1606711151.518000
1606711151.532000, 1606711152.515000, 1606711152.515000, 1606711157.290000, 1606711157.290000, 1606711191.953000
