read_start,read_end,cpu_start,cpu_end,write_start,write_end
1606720949.836000, 1606721114.563000, 1606721114.563000, 1606721119.713000, 1606721119.713000, 1606721310.072000
1606721310.111000, 1606721312.237000, 1606721312.237000, 1606721318.270000, 1606721318.270000, 1606721510.172000
1606721510.230000, 1606721511.773000, 1606721511.773000, 1606721517.119000, 1606721517.119000, 1606721629.201000
