read_start,read_end,cpu_start,cpu_end,write_start,write_end
1606711365.852000, 1606711408.394000, 1606711408.394000, 1606711413.460000, 1606711413.460000, 1606711457.642000
1606711457.656000, 1606711458.784000, 1606711458.784000, 1606711463.391000, 1606711463.391000, 1606711504.751000
1606711504.765000, 1606711505.726000, 1606711505.726000, 1606711510.455000, 1606711510.455000, 1606711554.779000
