read_start,read_end,cpu_start,cpu_end,write_start,write_end
1606711365.852000, 1606711408.372000, 1606711408.372000, 1606711413.111000, 1606711413.111000, 1606711414.371000
1606711414.382000, 1606711415.292000, 1606711415.292000, 1606711419.677000, 1606711419.677000, 1606711420.641000
1606711420.649000, 1606711421.552000, 1606711421.552000, 1606711425.905000, 1606711425.905000, 1606711426.888000
