read_start,read_end,cpu_start,cpu_end,write_start,write_end
1606715707.038000, 1606715816.981000, 1606715816.981000, 1606715822.210000, 1606715822.210000, 1606715929.897000
1606715929.911000, 1606715930.917000, 1606715930.917000, 1606715936.119000, 1606715936.119000, 1606716020.786000
1606716020.801000, 1606716022.091000, 1606716022.091000, 1606716027.015000, 1606716027.015000, 1606716132.762000
