read_start,read_end,cpu_start,cpu_end,write_start,write_end
1606713948.235000, 1606714034.887000, 1606714034.887000, 1606714039.854000, 1606714039.854000, 1606714124.368000
1606714124.383000, 1606714125.414000, 1606714125.414000, 1606714130.070000, 1606714130.070000, 1606714202.719000
1606714202.735000, 1606714204.709000, 1606714204.709000, 1606714209.816000, 1606714209.816000, 1606714279.185000
