read_start,read_end,cpu_start,cpu_end,write_start,write_end
1606715230.011000, 1606715332.993000, 1606715332.993000, 1606715338.134000, 1606715338.134000, 1606715443.921000
1606715443.934000, 1606715444.904000, 1606715444.904000, 1606715449.926000, 1606715449.926000, 1606715547.215000
1606715547.229000, 1606715548.600000, 1606715548.600000, 1606715553.471000, 1606715553.471000, 1606715654.703000
