read_start,read_end,cpu_start,cpu_end,write_start,write_end
1606711196.779000, 1606711234.053000, 1606711234.053000, 1606711238.889000, 1606711238.889000, 1606711271.815000
1606711271.829000, 1606711272.787000, 1606711272.787000, 1606711277.412000, 1606711277.412000, 1606711315.648000
1606711315.658000, 1606711316.633000, 1606711316.633000, 1606711321.309000, 1606711321.309000, 1606711358.446000
