read_start,read_end,cpu_start,cpu_end,write_start,write_end
1606720949.836000, 1606721111.835000, 1606721111.835000, 1606721116.621000, 1606721116.621000, 1606721307.599000
1606721307.634000, 1606721309.200000, 1606721309.200000, 1606721318.058000, 1606721318.058000, 1606721508.676000
1606721508.767000, 1606721510.087000, 1606721510.087000, 1606721515.492000, 1606721515.492000, 1606721626.641000
