read_start,read_end,cpu_start,cpu_end,write_start,write_end
1606715230.002000, 1606715334.196000, 1606715334.196000, 1606715339.578000, 1606715339.578000, 1606715446.547000
1606715446.561000, 1606715447.678000, 1606715447.678000, 1606715452.680000, 1606715452.680000, 1606715553.626000
1606715553.642000, 1606715554.734000, 1606715554.734000, 1606715559.394000, 1606715559.394000, 1606715651.179000
