read_start,read_end,cpu_start,cpu_end,write_start,write_end
1606718458.412000, 1606718595.028000, 1606718595.028000, 1606718600.538000, 1606718600.538000, 1606718695.533000
1606718695.554000, 1606718696.748000, 1606718696.748000, 1606718701.508000, 1606718701.508000, 1606718856.503000
1606718856.517000, 1606718858.206000, 1606718858.206000, 1606718863.556000, 1606718863.556000, 1606719033.003000
