read_start,read_end,cpu_start,cpu_end,write_start,write_end
1606720949.836000, 1606721108.923000, 1606721108.923000, 1606721113.693000, 1606721113.693000, 1606721154.918000
1606721154.941000, 1606721156.313000, 1606721156.313000, 1606721161.463000, 1606721161.463000, 1606721311.610000
1606721311.815000, 1606721313.311000, 1606721313.311000, 1606721318.758000, 1606721318.758000, 1606721512.429000
