read_start,read_end,cpu_start,cpu_end,write_start,write_end
1606720949.836000, 1606721110.962000, 1606721110.962000, 1606721115.808000, 1606721115.808000, 1606721306.855000
1606721306.887000, 1606721307.970000, 1606721307.970000, 1606721313.192000, 1606721313.192000, 1606721377.644000
1606721377.662000, 1606721379.495000, 1606721379.495000, 1606721385.200000, 1606721385.200000, 1606721540.456000
