read_start,read_end,cpu_start,cpu_end,write_start,write_end
1606713553.508000, 1606713637.163000, 1606713637.163000, 1606713642.353000, 1606713642.353000, 1606713729.972000
1606713729.994000, 1606713731.047000, 1606713731.047000, 1606713735.915000, 1606713735.915000, 1606713820.459000
1606713820.476000, 1606713821.497000, 1606713821.497000, 1606713826.555000, 1606713826.555000, 1606713901.425000
