read_start,read_end,cpu_start,cpu_end,write_start,write_end
1606712007.343000, 1606712067.418000, 1606712067.418000, 1606712072.786000, 1606712072.786000, 1606712074.015000
1606712074.026000, 1606712075.098000, 1606712075.098000, 1606712079.515000, 1606712079.515000, 1606712080.517000
1606712080.525000, 1606712081.442000, 1606712081.442000, 1606712085.839000, 1606712085.839000, 1606712086.848000
