read_start,read_end,cpu_start,cpu_end,write_start,write_end
1606711561.800000, 1606711609.544000, 1606711609.544000, 1606711614.726000, 1606711614.726000, 1606711656.694000
1606711656.709000, 1606711657.835000, 1606711657.835000, 1606711662.578000, 1606711662.578000, 1606711711.296000
1606711711.311000, 1606711712.259000, 1606711712.259000, 1606711717.019000, 1606711717.019000, 1606711765.972000
