read_start,read_end,cpu_start,cpu_end,write_start,write_end
1606713553.514000, 1606713636.584000, 1606713636.584000, 1606713641.774000, 1606713641.774000, 1606713643.096000
1606713643.108000, 1606713644.052000, 1606713644.052000, 1606713648.497000, 1606713648.497000, 1606713649.478000
1606713649.487000, 1606713650.412000, 1606713650.412000, 1606713654.815000, 1606713654.815000, 1606713656.226000
