read_start,read_end,cpu_start,cpu_end,write_start,write_end
1606715707.039000, 1606715818.198000, 1606715818.198000, 1606715823.401000, 1606715823.401000, 1606715931.235000
1606715931.252000, 1606715932.262000, 1606715932.262000, 1606715937.013000, 1606715937.013000, 1606716027.416000
1606716027.440000, 1606716029.091000, 1606716029.091000, 1606716033.856000, 1606716033.856000, 1606716129.971000
