read_start,read_end,cpu_start,cpu_end,write_start,write_end
1606718458.412000, 1606718582.020000, 1606718582.020000, 1606718586.869000, 1606718586.869000, 1606718953.086000
1606718953.103000, 1606718956.609000, 1606718956.609000, 1606718961.333000, 1606718961.333000, 1606719043.599000
1606719043.661000, 1606719044.762000, 1606719044.762000, 1606719049.114000, 1606719049.114000, 1606719068.248000
