read_start,read_end,cpu_start,cpu_end,write_start,write_end
1606715230.002000, 1606715333.440000, 1606715333.440000, 1606715338.640000, 1606715338.640000, 1606715445.036000
1606715445.049000, 1606715446.003000, 1606715446.003000, 1606715451.204000, 1606715451.204000, 1606715550.288000
1606715550.302000, 1606715552.248000, 1606715552.248000, 1606715559.545000, 1606715559.545000, 1606715657.879000
