read_start,read_end,cpu_start,cpu_end,write_start,write_end
1606713948.244000, 1606714038.043000, 1606714038.043000, 1606714043.230000, 1606714043.230000, 1606714130.002000
1606714130.018000, 1606714131.165000, 1606714131.165000, 1606714136.036000, 1606714136.036000, 1606714222.919000
1606714222.933000, 1606714224.443000, 1606714224.443000, 1606714230.544000, 1606714230.544000, 1606714305.770000
