read_start,read_end,cpu_start,cpu_end,write_start,write_end
1606719082.701000, 1606719225.305000, 1606719225.305000, 1606719230.911000, 1606719230.911000, 1606719327.481000
1606719327.508000, 1606719328.729000, 1606719328.729000, 1606719333.460000, 1606719333.460000, 1606719466.616000
1606719466.658000, 1606719468.239000, 1606719468.239000, 1606719473.378000, 1606719473.378000, 1606719629.583000
