read_start,read_end,cpu_start,cpu_end,write_start,write_end
1606719082.685000, 1606719222.127000, 1606719222.127000, 1606719227.241000, 1606719227.241000, 1606719324.560000
1606719324.574000, 1606719325.659000, 1606719325.659000, 1606719330.719000, 1606719330.719000, 1606719454.406000
1606719454.426000, 1606719455.522000, 1606719455.522000, 1606719460.304000, 1606719460.304000, 1606719607.197000
