read_start,read_end,cpu_start,cpu_end,write_start,write_end
1606719729.197000, 1606719873.310000, 1606719873.310000, 1606719878.335000, 1606719878.335000, 1606719879.726000
1606719879.738000, 1606719880.712000, 1606719880.712000, 1606719886.004000, 1606719886.004000, 1606719969.115000
1606719969.125000, 1606719970.793000, 1606719970.793000, 1606719976.889000, 1606719976.889000, 1606720095.922000
