read_start,read_end,cpu_start,cpu_end,write_start,write_end
1606718458.427000, 1606718592.135000, 1606718592.135000, 1606718597.503000, 1606718597.503000, 1606718692.626000
1606718692.640000, 1606718693.571000, 1606718693.571000, 1606718698.610000, 1606718698.610000, 1606718852.437000
1606718852.451000, 1606718853.430000, 1606718853.430000, 1606718858.205000, 1606718858.205000, 1606719018.843000
