read_start,read_end,cpu_start,cpu_end,write_start,write_end
1606717857.474000, 1606717989.975000, 1606717989.975000, 1606717995.457000, 1606717995.457000, 1606718083.071000
1606718083.088000, 1606718084.171000, 1606718084.171000, 1606718088.853000, 1606718088.853000, 1606718252.386000
1606718252.400000, 1606718253.531000, 1606718253.531000, 1606718258.239000, 1606718258.239000, 1606718396.821000
