read_start,read_end,cpu_start,cpu_end,write_start,write_end
1606711561.800000, 1606711609.694000, 1606711609.694000, 1606711614.433000, 1606711614.433000, 1606711657.078000
1606711657.092000, 1606711658.171000, 1606711658.171000, 1606711662.762000, 1606711662.762000, 1606711710.839000
1606711710.854000, 1606711711.934000, 1606711711.934000, 1606711716.670000, 1606711716.670000, 1606711765.572000
