read_start,read_end,cpu_start,cpu_end,write_start,write_end
1606718458.429000, 1606718596.719000, 1606718596.719000, 1606718602.009000, 1606718602.009000, 1606718775.845000
1606718775.858000, 1606718776.797000, 1606718776.797000, 1606718782.038000, 1606718782.038000, 1606718858.146000
1606718858.175000, 1606718859.811000, 1606718859.811000, 1606718864.671000, 1606718864.671000, 1606719039.700000
