read_start,read_end,cpu_start,cpu_end,write_start,write_end
1606721649.589000, 1606721799.684000, 1606721799.684000, 1606721805.089000, 1606721805.089000, 1606721835.564000
1606721835.631000, 1606721837.271000, 1606721837.271000, 1606721842.492000, 1606721842.492000, 1606722026.411000
1606722027.234000, 1606722028.933000, 1606722028.933000, 1606722034.687000, 1606722034.687000, 1606722202.946000
