read_start,read_end,cpu_start,cpu_end,write_start,write_end
1606713193.885000, 1606713273.748000, 1606713273.748000, 1606713279.087000, 1606713279.087000, 1606713354.314000
1606713354.328000, 1606713355.328000, 1606713355.328000, 1606713360.234000, 1606713360.234000, 1606713435.294000
1606713435.310000, 1606713436.366000, 1606713436.366000, 1606713441.340000, 1606713441.340000, 1606713511.528000
