read_start,read_end,cpu_start,cpu_end,write_start,write_end
1606720390.466000, 1606720529.516000, 1606720529.516000, 1606720534.355000, 1606720534.355000, 1606720619.363000
1606720619.382000, 1606720620.314000, 1606720620.314000, 1606720625.358000, 1606720625.358000, 1606720730.294000
1606720730.308000, 1606720731.322000, 1606720731.322000, 1606720735.710000, 1606720735.710000, 1606720843.524000
