read_start,read_end,cpu_start,cpu_end,write_start,write_end
1606713193.885000, 1606713271.235000, 1606713271.235000, 1606713276.475000, 1606713276.475000, 1606713352.190000
1606713352.205000, 1606713353.301000, 1606713353.301000, 1606713358.366000, 1606713358.366000, 1606713432.615000
1606713432.627000, 1606713433.554000, 1606713433.554000, 1606713438.524000, 1606713438.524000, 1606713507.865000
