read_start,read_end,cpu_start,cpu_end,write_start,write_end
1606717286.068000, 1606717375.127000, 1606717375.127000, 1606717380.199000, 1606717380.199000, 1606717783.006000
1606717783.029000, 1606717786.914000, 1606717786.914000, 1606717791.850000, 1606717791.850000, 1606717822.336000
1606717822.453000, 1606717823.539000, 1606717823.539000, 1606717827.897000, 1606717827.897000, 1606717843.649000
