read_start,read_end,cpu_start,cpu_end,write_start,write_end
1606711048.027000, 1606711079.950000, 1606711079.950000, 1606711084.601000, 1606711084.601000, 1606711111.551000
1606711111.565000, 1606711112.538000, 1606711112.538000, 1606711117.208000, 1606711117.208000, 1606711151.822000
1606711151.834000, 1606711152.787000, 1606711152.787000, 1606711157.524000, 1606711157.524000, 1606711191.176000
