read_start,read_end,cpu_start,cpu_end,write_start,write_end
1606722376.416000, 1606722550.178000, 1606722550.178000, 1606722555.065000, 1606722555.065000, 1606722760.855000
1606722761.340000, 1606722763.413000, 1606722763.413000, 1606722769.215000, 1606722769.215000, 1606722933.741000
1606722933.822000, 1606722935.413000, 1606722935.413000, 1606722940.865000, 1606722940.865000, 1606723064.508000
