read_start,read_end,cpu_start,cpu_end,write_start,write_end
1606722376.416000, 1606722550.797000, 1606722550.797000, 1606722556.258000, 1606722556.258000, 1606722760.908000
1606722762.228000, 1606722764.478000, 1606722764.478000, 1606722770.232000, 1606722770.232000, 1606722960.325000
1606722960.477000, 1606722962.768000, 1606722962.768000, 1606722968.146000, 1606722968.146000, 1606723083.927000
