read_start,read_end,cpu_start,cpu_end,write_start,write_end
1606715707.055000, 1606715818.334000, 1606715818.334000, 1606715823.478000, 1606715823.478000, 1606715824.739000
1606715824.751000, 1606715825.690000, 1606715825.690000, 1606715830.074000, 1606715830.074000, 1606715915.009000
1606715915.020000, 1606715915.933000, 1606715915.933000, 1606715920.316000, 1606715920.316000, 1606715930.023000
