read_start,read_end,cpu_start,cpu_end,write_start,write_end
1606721649.589000, 1606721820.371000, 1606721820.371000, 1606721825.745000, 1606721825.745000, 1606722026.267000
1606722027.241000, 1606722030.095000, 1606722030.095000, 1606722037.780000, 1606722037.780000, 1606722220.813000
1606722221.087000, 1606722222.914000, 1606722222.914000, 1606722227.789000, 1606722227.789000, 1606722359.397000
