read_start,read_end,cpu_start,cpu_end,write_start,write_end
1606722376.416000, 1606722553.905000, 1606722553.905000, 1606722558.875000, 1606722558.875000, 1606722760.950000
1606722762.303000, 1606722765.384000, 1606722765.384000, 1606722771.660000, 1606722771.660000, 1606722966.297000
1606722966.540000, 1606722968.476000, 1606722968.476000, 1606722973.892000, 1606722973.892000, 1606723095.163000
