read_start,read_end,cpu_start,cpu_end,write_start,write_end
1606716734.299000, 1606716855.524000, 1606716855.524000, 1606716861.002000, 1606716861.002000, 1606716963.432000
1606716963.444000, 1606716964.471000, 1606716964.471000, 1606716969.237000, 1606716969.237000, 1606717094.151000
1606717094.170000, 1606717096.016000, 1606717096.016000, 1606717101.697000, 1606717101.697000, 1606717212.303000
