read_start,read_end,cpu_start,cpu_end,write_start,write_end
1606714353.265000, 1606714443.947000, 1606714443.947000, 1606714449.191000, 1606714449.191000, 1606714537.496000
1606714537.509000, 1606714538.586000, 1606714538.586000, 1606714543.293000, 1606714543.293000, 1606714621.838000
1606714621.851000, 1606714622.765000, 1606714622.765000, 1606714627.301000, 1606714627.301000, 1606714706.634000
