read_start,read_end,cpu_start,cpu_end,write_start,write_end
1606714353.265000, 1606714448.624000, 1606714448.624000, 1606714453.789000, 1606714453.789000, 1606714545.505000
1606714545.519000, 1606714546.604000, 1606714546.604000, 1606714551.519000, 1606714551.519000, 1606714642.908000
1606714642.920000, 1606714643.887000, 1606714643.887000, 1606714648.623000, 1606714648.623000, 1606714731.306000
