read_start,read_end,cpu_start,cpu_end,write_start,write_end
1606719729.167000, 1606719877.460000, 1606719877.460000, 1606719882.654000, 1606719882.654000, 1606720037.297000
1606720037.312000, 1606720038.499000, 1606720038.499000, 1606720043.624000, 1606720043.624000, 1606720159.176000
1606720159.222000, 1606720160.218000, 1606720160.218000, 1606720165.200000, 1606720165.200000, 1606720355.409000
