read_start,read_end,cpu_start,cpu_end,write_start,write_end
1606715230.002000, 1606715334.540000, 1606715334.540000, 1606715339.809000, 1606715339.809000, 1606715446.877000
1606715446.891000, 1606715448.007000, 1606715448.007000, 1606715452.984000, 1606715452.984000, 1606715554.133000
1606715554.152000, 1606715555.178000, 1606715555.178000, 1606715559.979000, 1606715559.979000, 1606715654.122000
