read_start,read_end,cpu_start,cpu_end,write_start,write_end
1606713948.239000, 1606714032.740000, 1606714032.740000, 1606714037.619000, 1606714037.619000, 1606714309.587000
1606714309.612000, 1606714310.542000, 1606714310.542000, 1606714314.896000, 1606714314.896000, 1606714327.686000
1606714327.701000, 1606714328.670000, 1606714328.670000, 1606714333.054000, 1606714333.054000, 1606714342.039000
