read_start,read_end,cpu_start,cpu_end,write_start,write_end
1606719082.679000, 1606719219.805000, 1606719219.805000, 1606719224.956000, 1606719224.956000, 1606719319.610000
1606719319.625000, 1606719320.699000, 1606719320.699000, 1606719325.552000, 1606719325.552000, 1606719398.147000
1606719398.162000, 1606719399.554000, 1606719399.554000, 1606719404.468000, 1606719404.468000, 1606719542.269000
