read_start,read_end,cpu_start,cpu_end,write_start,write_end
1606710733.629000, 1606710751.184000, 1606710751.184000, 1606710755.685000, 1606710755.685000, 1606710772.103000
1606710772.122000, 1606710773.079000, 1606710773.079000, 1606710777.424000, 1606710777.424000, 1606710790.991000
1606710791.004000, 1606710791.989000, 1606710791.989000, 1606710796.704000, 1606710796.704000, 1606710812.864000
