read_start,read_end,cpu_start,cpu_end,write_start,write_end
1606721649.589000, 1606721814.861000, 1606721814.861000, 1606721820.030000, 1606721820.030000, 1606722026.098000
1606722026.191000, 1606722027.803000, 1606722027.803000, 1606722033.589000, 1606722033.589000, 1606722187.170000
1606722187.199000, 1606722188.738000, 1606722188.738000, 1606722193.642000, 1606722193.642000, 1606722342.955000
