read_start,read_end,cpu_start,cpu_end,write_start,write_end
1606717286.068000, 1606717405.673000, 1606717405.673000, 1606717410.657000, 1606717410.657000, 1606717494.038000
1606717494.051000, 1606717495.053000, 1606717495.053000, 1606717499.568000, 1606717499.568000, 1606717584.151000
1606717584.171000, 1606717586.179000, 1606717586.179000, 1606717592.649000, 1606717592.649000, 1606717727.291000
