read_start,read_end,cpu_start,cpu_end,write_start,write_end
1606717857.457000, 1606717980.571000, 1606717980.571000, 1606717985.466000, 1606717985.466000, 1606718073.715000
1606718073.731000, 1606718074.837000, 1606718074.837000, 1606718079.974000, 1606718079.974000, 1606718175.241000
1606718175.275000, 1606718176.752000, 1606718176.752000, 1606718181.823000, 1606718181.823000, 1606718325.598000
