read_start,read_end,cpu_start,cpu_end,write_start,write_end
1606717857.460000, 1606717987.008000, 1606717987.008000, 1606717992.229000, 1606717992.229000, 1606718078.913000
1606718078.929000, 1606718080.034000, 1606718080.034000, 1606718084.970000, 1606718084.970000, 1606718180.774000
1606718180.784000, 1606718182.258000, 1606718182.258000, 1606718187.083000, 1606718187.083000, 1606718327.854000
