read_start,read_end,cpu_start,cpu_end,write_start,write_end
1606722376.416000, 1606722544.044000, 1606722544.044000, 1606722548.786000, 1606722548.786000, 1606722760.656000
1606722760.780000, 1606722762.731000, 1606722762.731000, 1606722769.137000, 1606722769.137000, 1606722930.499000
1606722930.556000, 1606722931.768000, 1606722931.768000, 1606722936.468000, 1606722936.468000, 1606723061.837000
