read_start,read_end,cpu_start,cpu_end,write_start,write_end
1606718458.412000, 1606718597.373000, 1606718597.373000, 1606718602.722000, 1606718602.722000, 1606718777.626000
1606718777.657000, 1606718780.250000, 1606718780.250000, 1606718785.171000, 1606718785.171000, 1606718928.363000
1606718928.491000, 1606718930.401000, 1606718930.401000, 1606718935.335000, 1606718935.335000, 1606719043.658000
