read_start,read_end,cpu_start,cpu_end,write_start,write_end
1606720949.835000, 1606721111.729000, 1606721111.729000, 1606721116.723000, 1606721116.723000, 1606721307.741000
1606721307.766000, 1606721309.447000, 1606721309.447000, 1606721315.217000, 1606721315.217000, 1606721453.313000
1606721453.404000, 1606721454.972000, 1606721454.972000, 1606721460.388000, 1606721460.388000, 1606721593.931000
