read_start,read_end,cpu_start,cpu_end,write_start,write_end
1606713553.511000, 1606713637.165000, 1606713637.165000, 1606713642.200000, 1606713642.200000, 1606713729.831000
1606713729.845000, 1606713730.906000, 1606713730.906000, 1606713735.790000, 1606713735.790000, 1606713820.455000
1606713820.479000, 1606713821.496000, 1606713821.496000, 1606713826.303000, 1606713826.303000, 1606713901.263000
