read_start,read_end,cpu_start,cpu_end,write_start,write_end
1606720949.835000, 1606721110.579000, 1606721110.579000, 1606721115.523000, 1606721115.523000, 1606721306.905000
1606721306.935000, 1606721308.115000, 1606721308.115000, 1606721314.677000, 1606721314.677000, 1606721435.206000
1606721435.247000, 1606721437.079000, 1606721437.079000, 1606721443.259000, 1606721443.259000, 1606721582.229000
