read_start,read_end,cpu_start,cpu_end,write_start,write_end
1606712549.157000, 1606712616.545000, 1606712616.545000, 1606712621.290000, 1606712621.290000, 1606712686.177000
1606712686.191000, 1606712687.165000, 1606712687.165000, 1606712692.208000, 1606712692.208000, 1606712762.170000
1606712762.188000, 1606712763.206000, 1606712763.206000, 1606712768.465000, 1606712768.465000, 1606712837.571000
