read_start,read_end,cpu_start,cpu_end,write_start,write_end
1606716734.285000, 1606716853.489000, 1606716853.489000, 1606716859.209000, 1606716859.209000, 1606716961.437000
1606716961.453000, 1606716962.915000, 1606716962.915000, 1606716969.042000, 1606716969.042000, 1606717093.378000
1606717093.425000, 1606717094.639000, 1606717094.639000, 1606717100.032000, 1606717100.032000, 1606717191.950000
