read_start,read_end,cpu_start,cpu_end,write_start,write_end
1606716203.717000, 1606716315.180000, 1606716315.180000, 1606716320.257000, 1606716320.257000, 1606716423.894000
1606716423.907000, 1606716424.882000, 1606716424.882000, 1606716430.016000, 1606716430.016000, 1606716516.691000
1606716516.705000, 1606716518.212000, 1606716518.212000, 1606716523.602000, 1606716523.602000, 1606716625.929000
