read_start,read_end,cpu_start,cpu_end,write_start,write_end
1606720949.836000, 1606721101.372000, 1606721101.372000, 1606721106.004000, 1606721106.004000, 1606721133.595000
1606721133.639000, 1606721134.816000, 1606721134.816000, 1606721139.590000, 1606721139.590000, 1606721310.585000
1606721310.655000, 1606721311.916000, 1606721311.916000, 1606721317.512000, 1606721317.512000, 1606721503.994000
