read_start,read_end,cpu_start,cpu_end,write_start,write_end
1606718458.431000, 1606718588.523000, 1606718588.523000, 1606718593.387000, 1606718593.387000, 1606718689.301000
1606718689.316000, 1606718690.308000, 1606718690.308000, 1606718695.174000, 1606718695.174000, 1606718777.891000
1606718777.925000, 1606718779.625000, 1606718779.625000, 1606718784.650000, 1606718784.650000, 1606718948.386000
