read_start,read_end,cpu_start,cpu_end,write_start,write_end
1606720949.836000, 1606721113.047000, 1606721113.047000, 1606721118.118000, 1606721118.118000, 1606721309.274000
1606721309.341000, 1606721310.942000, 1606721310.942000, 1606721317.428000, 1606721317.428000, 1606721502.326000
1606721502.374000, 1606721503.645000, 1606721503.645000, 1606721508.687000, 1606721508.687000, 1606721622.246000
