read_start,read_end,cpu_start,cpu_end,write_start,write_end
1606716203.723000, 1606716320.589000, 1606716320.589000, 1606716325.923000, 1606716325.923000, 1606716450.504000
1606716450.546000, 1606716451.650000, 1606716451.650000, 1606716456.015000, 1606716456.015000, 1606716617.922000
1606716617.937000, 1606716619.277000, 1606716619.277000, 1606716624.369000, 1606716624.369000, 1606716683.934000
