read_start,read_end,cpu_start,cpu_end,write_start,write_end
1606721649.588000, 1606721812.754000, 1606721812.754000, 1606721817.929000, 1606721817.929000, 1606722025.830000
1606722025.910000, 1606722027.102000, 1606722027.102000, 1606722033.158000, 1606722033.158000, 1606722183.955000
1606722183.974000, 1606722185.499000, 1606722185.499000, 1606722190.452000, 1606722190.452000, 1606722341.087000
