read_start,read_end,cpu_start,cpu_end,write_start,write_end
1606718458.413000, 1606718595.129000, 1606718595.129000, 1606718600.503000, 1606718600.503000, 1606718695.407000
1606718695.427000, 1606718696.636000, 1606718696.636000, 1606718701.405000, 1606718701.405000, 1606718856.754000
1606718856.774000, 1606718858.782000, 1606718858.782000, 1606718863.761000, 1606718863.761000, 1606719033.246000
