read_start,read_end,cpu_start,cpu_end,write_start,write_end
1606715230.013000, 1606715336.060000, 1606715336.060000, 1606715341.359000, 1606715341.359000, 1606715448.273000
1606715448.287000, 1606715449.399000, 1606715449.399000, 1606715454.131000, 1606715454.131000, 1606715557.187000
1606715557.205000, 1606715558.163000, 1606715558.163000, 1606715562.873000, 1606715562.873000, 1606715656.465000
