read_start,read_end,cpu_start,cpu_end,write_start,write_end
1606714780.269000, 1606714880.519000, 1606714880.519000, 1606714885.880000, 1606714885.880000, 1606714983.746000
1606714983.760000, 1606714984.756000, 1606714984.756000, 1606714990.086000, 1606714990.086000, 1606715087.624000
1606715087.641000, 1606715089.465000, 1606715089.465000, 1606715095.111000, 1606715095.111000, 1606715181.562000
