read_start,read_end,cpu_start,cpu_end,write_start,write_end
1606714353.275000, 1606714448.079000, 1606714448.079000, 1606714453.467000, 1606714453.467000, 1606714545.296000
1606714545.306000, 1606714546.451000, 1606714546.451000, 1606714551.244000, 1606714551.244000, 1606714642.930000
1606714642.946000, 1606714644.151000, 1606714644.151000, 1606714649.535000, 1606714649.535000, 1606714733.325000
