read_start,read_end,cpu_start,cpu_end,write_start,write_end
1606717857.467000, 1606717986.880000, 1606717986.880000, 1606717991.995000, 1606717991.995000, 1606718078.642000
1606718078.656000, 1606718079.616000, 1606718079.616000, 1606718084.515000, 1606718084.515000, 1606718180.479000
1606718180.494000, 1606718182.232000, 1606718182.232000, 1606718187.095000, 1606718187.095000, 1606718331.044000
