read_start,read_end,cpu_start,cpu_end,write_start,write_end
1606717857.457000, 1606717980.272000, 1606717980.272000, 1606717984.852000, 1606717984.852000, 1606718409.488000
1606718409.504000, 1606718411.518000, 1606718411.518000, 1606718415.863000, 1606718415.863000, 1606718431.878000
1606718431.893000, 1606718433.048000, 1606718433.048000, 1606718437.387000, 1606718437.387000, 1606718444.251000
