read_start,read_end,cpu_start,cpu_end,write_start,write_end
1606722376.416000, 1606722553.337000, 1606722553.337000, 1606722559.405000, 1606722559.405000, 1606722760.948000
1606722762.293000, 1606722765.479000, 1606722765.479000, 1606722771.442000, 1606722771.442000, 1606722966.035000
1606722966.289000, 1606722968.175000, 1606722968.175000, 1606722973.605000, 1606722973.605000, 1606723094.970000
