read_start,read_end,cpu_start,cpu_end,write_start,write_end
1606718458.412000, 1606718590.282000, 1606718590.282000, 1606718595.336000, 1606718595.336000, 1606718690.499000
1606718690.514000, 1606718691.472000, 1606718691.472000, 1606718696.408000, 1606718696.408000, 1606718780.899000
1606718780.914000, 1606718782.127000, 1606718782.127000, 1606718787.035000, 1606718787.035000, 1606718930.360000
