read_start,read_end,cpu_start,cpu_end,write_start,write_end
1606711048.027000, 1606711079.960000, 1606711079.960000, 1606711085.141000, 1606711085.141000, 1606711111.303000
1606711111.316000, 1606711112.391000, 1606711112.391000, 1606711117.037000, 1606711117.037000, 1606711149.818000
1606711149.835000, 1606711150.924000, 1606711150.924000, 1606711155.852000, 1606711155.852000, 1606711185.078000
