read_start,read_end,cpu_start,cpu_end,write_start,write_end
1606717857.479000, 1606717989.884000, 1606717989.884000, 1606717995.257000, 1606717995.257000, 1606717996.719000
1606717996.732000, 1606717997.667000, 1606717997.667000, 1606718002.088000, 1606718002.088000, 1606718082.082000
1606718082.095000, 1606718083.058000, 1606718083.058000, 1606718087.799000, 1606718087.799000, 1606718176.180000
