read_start,read_end,cpu_start,cpu_end,write_start,write_end
1606713948.235000, 1606714036.654000, 1606714036.654000, 1606714041.811000, 1606714041.811000, 1606714129.261000
1606714129.272000, 1606714130.398000, 1606714130.398000, 1606714135.137000, 1606714135.137000, 1606714221.683000
1606714221.699000, 1606714222.941000, 1606714222.941000, 1606714228.359000, 1606714228.359000, 1606714303.717000
