read_start,read_end,cpu_start,cpu_end,write_start,write_end
1606721649.589000, 1606721820.461000, 1606721820.461000, 1606721825.820000, 1606721825.820000, 1606722026.268000
1606722027.137000, 1606722029.470000, 1606722029.470000, 1606722035.261000, 1606722035.261000, 1606722208.641000
1606722208.756000, 1606722210.157000, 1606722210.157000, 1606722214.755000, 1606722214.755000, 1606722354.663000
