read_start,read_end,cpu_start,cpu_end,write_start,write_end
1606712007.343000, 1606712066.839000, 1606712066.839000, 1606712071.629000, 1606712071.629000, 1606712124.739000
1606712124.755000, 1606712125.717000, 1606712125.717000, 1606712130.985000, 1606712130.985000, 1606712189.935000
1606712189.949000, 1606712191.045000, 1606712191.045000, 1606712195.785000, 1606712195.785000, 1606712255.521000
