read_start,read_end,cpu_start,cpu_end,write_start,write_end
1606716734.285000, 1606716848.410000, 1606716848.410000, 1606716853.049000, 1606716853.049000, 1606717235.969000
1606717235.982000, 1606717238.394000, 1606717238.394000, 1606717242.866000, 1606717242.866000, 1606717260.184000
1606717260.200000, 1606717261.388000, 1606717261.388000, 1606717265.726000, 1606717265.726000, 1606717272.571000
