read_start,read_end,cpu_start,cpu_end,write_start,write_end
1606713948.235000, 1606714035.056000, 1606714035.056000, 1606714040.122000, 1606714040.122000, 1606714125.347000
1606714125.361000, 1606714126.279000, 1606714126.279000, 1606714131.205000, 1606714131.205000, 1606714210.159000
1606714210.173000, 1606714211.095000, 1606714211.095000, 1606714215.541000, 1606714215.541000, 1606714284.237000
