read_start,read_end,cpu_start,cpu_end,write_start,write_end
1606714780.263000, 1606714878.160000, 1606714878.160000, 1606714883.675000, 1606714883.675000, 1606714980.409000
1606714980.424000, 1606714981.480000, 1606714981.480000, 1606714986.485000, 1606714986.485000, 1606715080.544000
1606715080.558000, 1606715081.493000, 1606715081.493000, 1606715086.035000, 1606715086.035000, 1606715168.485000
