read_start,read_end,cpu_start,cpu_end,write_start,write_end
1606713553.505000, 1606713638.699000, 1606713638.699000, 1606713643.761000, 1606713643.761000, 1606713730.279000
1606713730.297000, 1606713731.328000, 1606713731.328000, 1606713736.177000, 1606713736.177000, 1606713820.787000
1606713820.802000, 1606713821.782000, 1606713821.782000, 1606713826.575000, 1606713826.575000, 1606713901.601000
