read_start,read_end,cpu_start,cpu_end,write_start,write_end
1606714780.280000, 1606714879.600000, 1606714879.600000, 1606714884.654000, 1606714884.654000, 1606714982.523000
1606714982.537000, 1606714983.635000, 1606714983.635000, 1606714988.381000, 1606714988.381000, 1606715084.610000
1606715084.622000, 1606715085.549000, 1606715085.549000, 1606715090.240000, 1606715090.240000, 1606715175.192000
