read_start,read_end,cpu_start,cpu_end,write_start,write_end
1606720949.835000, 1606721113.060000, 1606721113.060000, 1606721118.002000, 1606721118.002000, 1606721309.337000
1606721309.359000, 1606721310.515000, 1606721310.515000, 1606721316.199000, 1606721316.199000, 1606721478.922000
1606721478.947000, 1606721480.829000, 1606721480.829000, 1606721487.032000, 1606721487.032000, 1606721611.616000
