read_start,read_end,cpu_start,cpu_end,write_start,write_end
1606713553.505000, 1606713636.228000, 1606713636.228000, 1606713641.429000, 1606713641.429000, 1606713727.498000
1606713727.514000, 1606713728.521000, 1606713728.521000, 1606713733.184000, 1606713733.184000, 1606713812.534000
1606713812.549000, 1606713813.528000, 1606713813.528000, 1606713817.898000, 1606713817.898000, 1606713883.905000
