read_start,read_end,cpu_start,cpu_end,write_start,write_end
1606713193.888000, 1606713272.365000, 1606713272.365000, 1606713277.402000, 1606713277.402000, 1606713353.518000
1606713353.531000, 1606713354.550000, 1606713354.550000, 1606713359.630000, 1606713359.630000, 1606713435.031000
1606713435.047000, 1606713436.174000, 1606713436.174000, 1606713440.999000, 1606713440.999000, 1606713511.435000
