read_start,read_end,cpu_start,cpu_end,write_start,write_end
1606720390.487000, 1606720544.567000, 1606720544.567000, 1606720550.031000, 1606720550.031000, 1606720697.913000
1606720697.931000, 1606720699.235000, 1606720699.235000, 1606720704.082000, 1606720704.082000, 1606720825.157000
1606720825.205000, 1606720826.366000, 1606720826.366000, 1606720830.993000, 1606720830.993000, 1606720916.943000
