read_start,read_end,cpu_start,cpu_end,write_start,write_end
1606720390.465000, 1606720532.068000, 1606720532.068000, 1606720536.939000, 1606720536.939000, 1606720620.702000
1606720620.716000, 1606720621.892000, 1606720621.892000, 1606720626.877000, 1606720626.877000, 1606720744.374000
1606720744.390000, 1606720745.383000, 1606720745.383000, 1606720749.938000, 1606720749.938000, 1606720846.133000
