read_start,read_end,cpu_start,cpu_end,write_start,write_end
1606716734.303000, 1606716854.711000, 1606716854.711000, 1606716860.092000, 1606716860.092000, 1606716962.547000
1606716962.565000, 1606716963.704000, 1606716963.704000, 1606716968.515000, 1606716968.515000, 1606717033.184000
1606717033.218000, 1606717034.218000, 1606717034.218000, 1606717038.735000, 1606717038.735000, 1606717183.765000
