read_start,read_end,cpu_start,cpu_end,write_start,write_end
1606711365.852000, 1606711408.364000, 1606711408.364000, 1606711413.201000, 1606711413.201000, 1606711455.362000
1606711455.378000, 1606711456.462000, 1606711456.462000, 1606711461.189000, 1606711461.189000, 1606711504.157000
1606711504.171000, 1606711505.183000, 1606711505.183000, 1606711509.913000, 1606711509.913000, 1606711556.177000
