read_start,read_end,cpu_start,cpu_end,write_start,write_end
1606720390.469000, 1606720544.929000, 1606720544.929000, 1606720550.226000, 1606720550.226000, 1606720700.802000
1606720700.823000, 1606720702.814000, 1606720702.814000, 1606720708.499000, 1606720708.499000, 1606720831.814000
1606720831.982000, 1606720833.495000, 1606720833.495000, 1606720838.284000, 1606720838.284000, 1606720917.999000
