read_start,read_end,cpu_start,cpu_end,write_start,write_end
1606712007.343000, 1606712064.964000, 1606712064.964000, 1606712069.696000, 1606712069.696000, 1606712123.179000
1606712123.194000, 1606712124.138000, 1606712124.138000, 1606712129.362000, 1606712129.362000, 1606712193.265000
1606712193.279000, 1606712194.374000, 1606712194.374000, 1606712199.185000, 1606712199.185000, 1606712256.273000
