read_start,read_end,cpu_start,cpu_end,write_start,write_end
1606712549.157000, 1606712618.388000, 1606712618.388000, 1606712623.364000, 1606712623.364000, 1606712687.177000
1606712687.192000, 1606712688.161000, 1606712688.161000, 1606712693.108000, 1606712693.108000, 1606712762.649000
1606712762.664000, 1606712763.670000, 1606712763.670000, 1606712768.618000, 1606712768.618000, 1606712837.687000
