read_start,read_end,cpu_start,cpu_end,write_start,write_end
1606719082.683000, 1606719222.119000, 1606719222.119000, 1606719227.464000, 1606719227.464000, 1606719324.767000
1606719324.783000, 1606719326.069000, 1606719326.069000, 1606719331.098000, 1606719331.098000, 1606719455.630000
1606719455.668000, 1606719457.094000, 1606719457.094000, 1606719462.854000, 1606719462.854000, 1606719608.891000
