read_start,read_end,cpu_start,cpu_end,write_start,write_end
1606713553.505000, 1606713636.698000, 1606713636.698000, 1606713642.092000, 1606713642.092000, 1606713729.693000
1606713729.708000, 1606713730.883000, 1606713730.883000, 1606713736.163000, 1606713736.163000, 1606713820.866000
1606713820.884000, 1606713821.871000, 1606713821.871000, 1606713826.597000, 1606713826.597000, 1606713901.263000
