read_start,read_end,cpu_start,cpu_end,write_start,write_end
1606711777.007000, 1606711826.302000, 1606711826.302000, 1606711830.906000, 1606711830.906000, 1606711885.014000
1606711885.025000, 1606711885.968000, 1606711885.968000, 1606711890.547000, 1606711890.547000, 1606711941.224000
1606711941.239000, 1606711942.171000, 1606711942.171000, 1606711946.901000, 1606711946.901000, 1606711998.405000
