read_start,read_end,cpu_start,cpu_end,write_start,write_end
1606719729.171000, 1606719875.573000, 1606719875.573000, 1606719880.914000, 1606719880.914000, 1606719968.344000
1606719968.358000, 1606719969.499000, 1606719969.499000, 1606719974.323000, 1606719974.323000, 1606720127.487000
1606720127.501000, 1606720128.596000, 1606720128.596000, 1606720133.298000, 1606720133.298000, 1606720345.530000
