read_start,read_end,cpu_start,cpu_end,write_start,write_end
1606720949.836000, 1606721114.001000, 1606721114.001000, 1606721119.215000, 1606721119.215000, 1606721309.876000
1606721309.908000, 1606721312.019000, 1606721312.019000, 1606721318.596000, 1606721318.596000, 1606721511.897000
1606721511.968000, 1606721513.118000, 1606721513.118000, 1606721518.393000, 1606721518.393000, 1606721630.745000
