read_start,read_end,cpu_start,cpu_end,write_start,write_end
1606720949.836000, 1606721117.278000, 1606721117.278000, 1606721122.452000, 1606721122.452000, 1606721310.363000
1606721310.527000, 1606721313.606000, 1606721313.606000, 1606721321.082000, 1606721321.082000, 1606721514.897000
1606721515.164000, 1606721517.033000, 1606721517.033000, 1606721521.861000, 1606721521.861000, 1606721632.898000
