read_start,read_end,cpu_start,cpu_end,write_start,write_end
1606715230.003000, 1606715334.649000, 1606715334.649000, 1606715339.936000, 1606715339.936000, 1606715447.103000
1606715447.116000, 1606715448.204000, 1606715448.204000, 1606715452.973000, 1606715452.973000, 1606715554.128000
1606715554.154000, 1606715555.452000, 1606715555.452000, 1606715561.056000, 1606715561.056000, 1606715656.548000
