read_start,read_end,cpu_start,cpu_end,write_start,write_end
1606720390.490000, 1606720545.434000, 1606720545.434000, 1606720550.677000, 1606720550.677000, 1606720705.860000
1606720705.882000, 1606720707.044000, 1606720707.044000, 1606720711.621000, 1606720711.621000, 1606720840.984000
1606720841.028000, 1606720842.899000, 1606720842.899000, 1606720848.852000, 1606720848.852000, 1606720918.523000
