read_start,read_end,cpu_start,cpu_end,write_start,write_end
1606711777.008000, 1606711828.728000, 1606711828.728000, 1606711834.138000, 1606711834.138000, 1606711881.215000
1606711881.231000, 1606711882.335000, 1606711882.335000, 1606711887.122000, 1606711887.122000, 1606711940.586000
1606711940.605000, 1606711941.591000, 1606711941.591000, 1606711946.350000, 1606711946.350000, 1606711998.450000
