read_start,read_end,cpu_start,cpu_end,write_start,write_end
1606720949.836000, 1606721112.698000, 1606721112.698000, 1606721117.834000, 1606721117.834000, 1606721309.081000
1606721309.121000, 1606721310.372000, 1606721310.372000, 1606721316.529000, 1606721316.529000, 1606721485.137000
1606721485.182000, 1606721486.410000, 1606721486.410000, 1606721491.240000, 1606721491.240000, 1606721613.598000
