read_start,read_end,cpu_start,cpu_end,write_start,write_end
1606717286.077000, 1606717413.751000, 1606717413.751000, 1606717419.234000, 1606717419.234000, 1606717503.995000
1606717504.012000, 1606717504.996000, 1606717504.996000, 1606717509.809000, 1606717509.809000, 1606717647.366000
1606717647.379000, 1606717648.443000, 1606717648.443000, 1606717653.183000, 1606717653.183000, 1606717804.937000
