read_start,read_end,cpu_start,cpu_end,write_start,write_end
1606715230.002000, 1606715334.076000, 1606715334.076000, 1606715339.529000, 1606715339.529000, 1606715446.530000
1606715446.547000, 1606715447.688000, 1606715447.688000, 1606715452.709000, 1606715452.709000, 1606715553.539000
1606715553.554000, 1606715554.521000, 1606715554.521000, 1606715559.768000, 1606715559.768000, 1606715652.942000
