read_start,read_end,cpu_start,cpu_end,write_start,write_end
1606719082.694000, 1606719221.033000, 1606719221.033000, 1606719226.238000, 1606719226.238000, 1606719322.562000
1606719322.575000, 1606719323.627000, 1606719323.627000, 1606719328.431000, 1606719328.431000, 1606719454.561000
1606719454.578000, 1606719455.591000, 1606719455.591000, 1606719460.185000, 1606719460.185000, 1606719605.984000
