read_start,read_end,cpu_start,cpu_end,write_start,write_end
1606714353.266000, 1606714446.472000, 1606714446.472000, 1606714451.891000, 1606714451.891000, 1606714543.464000
1606714543.479000, 1606714544.560000, 1606714544.560000, 1606714549.475000, 1606714549.475000, 1606714640.187000
1606714640.200000, 1606714641.250000, 1606714641.250000, 1606714646.455000, 1606714646.455000, 1606714729.436000
