read_start,read_end,cpu_start,cpu_end,write_start,write_end
1606714780.270000, 1606714876.973000, 1606714876.973000, 1606714882.219000, 1606714882.219000, 1606714975.077000
1606714975.095000, 1606714976.049000, 1606714976.049000, 1606714980.513000, 1606714980.513000, 1606715065.510000
1606715065.524000, 1606715066.480000, 1606715066.480000, 1606715070.889000, 1606715070.889000, 1606715157.407000
