read_start,read_end,cpu_start,cpu_end,write_start,write_end
1606719082.698000, 1606719225.107000, 1606719225.107000, 1606719230.335000, 1606719230.335000, 1606719326.964000
1606719326.979000, 1606719328.010000, 1606719328.010000, 1606719332.761000, 1606719332.761000, 1606719464.463000
1606719464.481000, 1606719465.607000, 1606719465.607000, 1606719470.329000, 1606719470.329000, 1606719616.278000
