read_start,read_end,cpu_start,cpu_end,write_start,write_end
1606712549.157000, 1606712616.922000, 1606712616.922000, 1606712622.239000, 1606712622.239000, 1606712686.965000
1606712686.980000, 1606712688.118000, 1606712688.118000, 1606712693.067000, 1606712693.067000, 1606712762.683000
1606712762.705000, 1606712763.807000, 1606712763.807000, 1606712768.526000, 1606712768.526000, 1606712837.450000
