read_start,read_end,cpu_start,cpu_end,write_start,write_end
1606713553.515000, 1606713635.929000, 1606713635.929000, 1606713640.991000, 1606713640.991000, 1606713726.500000
1606713726.515000, 1606713727.470000, 1606713727.470000, 1606713732.433000, 1606713732.433000, 1606713810.006000
1606713810.021000, 1606713810.965000, 1606713810.965000, 1606713815.512000, 1606713815.512000, 1606713885.883000
