read_start,read_end,cpu_start,cpu_end,write_start,write_end
1606711777.008000, 1606711828.591000, 1606711828.591000, 1606711833.686000, 1606711833.686000, 1606711880.765000
1606711880.781000, 1606711881.777000, 1606711881.777000, 1606711886.394000, 1606711886.394000, 1606711942.222000
1606711942.235000, 1606711943.291000, 1606711943.291000, 1606711948.015000, 1606711948.015000, 1606711998.963000
