read_start,read_end,cpu_start,cpu_end,write_start,write_end
1606719082.679000, 1606719211.934000, 1606719211.934000, 1606719216.415000, 1606719216.415000, 1606719680.625000
1606719680.640000, 1606719684.053000, 1606719684.053000, 1606719688.495000, 1606719688.495000, 1606719702.142000
1606719702.156000, 1606719703.138000, 1606719703.138000, 1606719707.478000, 1606719707.478000, 1606719714.247000
