read_start,read_end,cpu_start,cpu_end,write_start,write_end
1606715230.004000, 1606715336.602000, 1606715336.602000, 1606715341.613000, 1606715341.613000, 1606715448.304000
1606715448.318000, 1606715449.268000, 1606715449.268000, 1606715453.996000, 1606715453.996000, 1606715556.335000
1606715556.360000, 1606715558.035000, 1606715558.035000, 1606715562.933000, 1606715562.933000, 1606715656.364000
