read_start,read_end,cpu_start,cpu_end,write_start,write_end
1606714353.268000, 1606714448.206000, 1606714448.206000, 1606714453.659000, 1606714453.659000, 1606714545.365000
1606714545.379000, 1606714546.372000, 1606714546.372000, 1606714551.099000, 1606714551.099000, 1606714642.631000
1606714642.647000, 1606714643.720000, 1606714643.720000, 1606714648.677000, 1606714648.677000, 1606714731.691000
