read_start,read_end,cpu_start,cpu_end,write_start,write_end
1606712007.343000, 1606712067.651000, 1606712067.651000, 1606712072.504000, 1606712072.504000, 1606712125.703000
1606712125.721000, 1606712126.693000, 1606712126.693000, 1606712131.390000, 1606712131.390000, 1606712190.117000
1606712190.133000, 1606712191.144000, 1606712191.144000, 1606712195.882000, 1606712195.882000, 1606712255.552000
