read_start,read_end,cpu_start,cpu_end,write_start,write_end
1606720949.836000, 1606721114.118000, 1606721114.118000, 1606721119.529000, 1606721119.529000, 1606721310.006000
1606721310.054000, 1606721311.324000, 1606721311.324000, 1606721316.945000, 1606721316.945000, 1606721494.665000
1606721494.685000, 1606721496.497000, 1606721496.497000, 1606721502.744000, 1606721502.744000, 1606721619.039000
