read_start,read_end,cpu_start,cpu_end,write_start,write_end
1606713553.505000, 1606713638.094000, 1606713638.094000, 1606713643.430000, 1606713643.430000, 1606713730.209000
1606713730.224000, 1606713731.325000, 1606713731.325000, 1606713736.275000, 1606713736.275000, 1606713820.803000
1606713820.830000, 1606713821.803000, 1606713821.803000, 1606713826.527000, 1606713826.527000, 1606713901.239000
