read_start,read_end,cpu_start,cpu_end,write_start,write_end
1606715707.038000, 1606715818.906000, 1606715818.906000, 1606715824.015000, 1606715824.015000, 1606715932.079000
1606715932.092000, 1606715933.210000, 1606715933.210000, 1606715938.211000, 1606715938.211000, 1606716105.391000
1606716105.405000, 1606716106.464000, 1606716106.464000, 1606716110.914000, 1606716110.914000, 1606716153.840000
