read_start,read_end,cpu_start,cpu_end,write_start,write_end
1606719729.194000, 1606719878.127000, 1606719878.127000, 1606719883.563000, 1606719883.563000, 1606720039.164000
1606720039.181000, 1606720040.730000, 1606720040.730000, 1606720045.676000, 1606720045.676000, 1606720210.312000
1606720210.347000, 1606720211.614000, 1606720211.614000, 1606720216.668000, 1606720216.668000, 1606720358.338000
