read_start,read_end,cpu_start,cpu_end,write_start,write_end
1606719729.194000, 1606719870.053000, 1606719870.053000, 1606719874.849000, 1606719874.849000, 1606719964.748000
1606719964.762000, 1606719965.762000, 1606719965.762000, 1606719970.884000, 1606719970.884000, 1606720089.662000
1606720089.677000, 1606720090.858000, 1606720090.858000, 1606720095.700000, 1606720095.700000, 1606720256.924000
