read_start,read_end,cpu_start,cpu_end,write_start,write_end
1606715707.043000, 1606715815.550000, 1606715815.550000, 1606715821.083000, 1606715821.083000, 1606715928.086000
1606715928.101000, 1606715929.189000, 1606715929.189000, 1606715934.500000, 1606715934.500000, 1606716017.550000
1606716017.585000, 1606716019.465000, 1606716019.465000, 1606716025.581000, 1606716025.581000, 1606716133.920000
