read_start,read_end,cpu_start,cpu_end,write_start,write_end
1606715707.050000, 1606715816.052000, 1606715816.052000, 1606715821.137000, 1606715821.137000, 1606715928.156000
1606715928.170000, 1606715929.239000, 1606715929.239000, 1606715933.925000, 1606715933.925000, 1606716015.894000
1606716015.929000, 1606716016.964000, 1606716016.964000, 1606716021.587000, 1606716021.587000, 1606716119.994000
