read_start,read_end,cpu_start,cpu_end,write_start,write_end
1606716203.709000, 1606716319.985000, 1606716319.985000, 1606716325.397000, 1606716325.397000, 1606716434.682000
1606716434.704000, 1606716436.498000, 1606716436.498000, 1606716441.620000, 1606716441.620000, 1606716619.353000
1606716619.432000, 1606716621.093000, 1606716621.093000, 1606716626.551000, 1606716626.551000, 1606716684.423000
