read_start,read_end,cpu_start,cpu_end,write_start,write_end
1606716734.297000, 1606716856.735000, 1606716856.735000, 1606716862.324000, 1606716862.324000, 1606717017.934000
1606717017.948000, 1606717019.371000, 1606717019.371000, 1606717025.002000, 1606717025.002000, 1606717174.349000
1606717174.420000, 1606717175.521000, 1606717175.521000, 1606717179.907000, 1606717179.907000, 1606717230.981000
