read_start,read_end,cpu_start,cpu_end,write_start,write_end
1606719729.169000, 1606719876.823000, 1606719876.823000, 1606719882.272000, 1606719882.272000, 1606720036.165000
1606720036.223000, 1606720037.807000, 1606720037.807000, 1606720043.306000, 1606720043.306000, 1606720180.916000
1606720180.989000, 1606720182.318000, 1606720182.318000, 1606720186.955000, 1606720186.955000, 1606720362.692000
