read_start,read_end,cpu_start,cpu_end,write_start,write_end
1606711365.852000, 1606711408.384000, 1606711408.384000, 1606711413.188000, 1606711413.188000, 1606711454.706000
1606711454.719000, 1606711455.658000, 1606711455.658000, 1606711460.387000, 1606711460.387000, 1606711504.872000
1606711504.889000, 1606711505.845000, 1606711505.845000, 1606711510.578000, 1606711510.578000, 1606711554.621000
