read_start,read_end,cpu_start,cpu_end,write_start,write_end
1606714780.273000, 1606714879.466000, 1606714879.466000, 1606714885.016000, 1606714885.016000, 1606714982.991000
1606714983.006000, 1606714984.133000, 1606714984.133000, 1606714989.068000, 1606714989.068000, 1606715085.967000
1606715085.980000, 1606715087.080000, 1606715087.080000, 1606715092.356000, 1606715092.356000, 1606715179.743000
