read_start,read_end,cpu_start,cpu_end,write_start,write_end
1606720390.494000, 1606720542.903000, 1606720542.903000, 1606720548.027000, 1606720548.027000, 1606720550.252000
1606720550.265000, 1606720551.206000, 1606720551.206000, 1606720555.687000, 1606720555.687000, 1606720691.603000
1606720691.619000, 1606720692.726000, 1606720692.726000, 1606720697.641000, 1606720697.641000, 1606720791.978000
