read_start,read_end,cpu_start,cpu_end,write_start,write_end
1606720390.465000, 1606720545.179000, 1606720545.179000, 1606720550.650000, 1606720550.650000, 1606720700.303000
1606720700.321000, 1606720701.883000, 1606720701.883000, 1606720706.906000, 1606720706.906000, 1606720831.234000
1606720831.292000, 1606720832.434000, 1606720832.434000, 1606720837.198000, 1606720837.198000, 1606720917.886000
