read_start,read_end,cpu_start,cpu_end,write_start,write_end
1606722376.416000, 1606722554.079000, 1606722554.079000, 1606722560.521000, 1606722560.521000, 1606722760.935000
1606722762.273000, 1606722764.581000, 1606722764.581000, 1606722770.332000, 1606722770.332000, 1606722961.468000
1606722961.622000, 1606722963.088000, 1606722963.088000, 1606722967.876000, 1606722967.876000, 1606723082.783000
