read_start,read_end,cpu_start,cpu_end,write_start,write_end
1606712549.161000, 1606712617.173000, 1606712617.173000, 1606712622.308000, 1606712622.308000, 1606712687.020000
1606712687.039000, 1606712688.112000, 1606712688.112000, 1606712692.951000, 1606712692.951000, 1606712762.676000
1606712762.692000, 1606712763.692000, 1606712763.692000, 1606712768.410000, 1606712768.410000, 1606712837.201000
