read_start,read_end,cpu_start,cpu_end,write_start,write_end
1606717286.060000, 1606717412.371000, 1606717412.371000, 1606717417.475000, 1606717417.475000, 1606717501.896000
1606717501.910000, 1606717502.888000, 1606717502.888000, 1606717507.848000, 1606717507.848000, 1606717591.853000
1606717591.868000, 1606717593.618000, 1606717593.618000, 1606717598.313000, 1606717598.313000, 1606717724.425000
