read_start,read_end,cpu_start,cpu_end,write_start,write_end
1606712266.847000, 1606712327.537000, 1606712327.537000, 1606712332.518000, 1606712332.518000, 1606712389.129000
1606712389.145000, 1606712390.248000, 1606712390.248000, 1606712395.424000, 1606712395.424000, 1606712443.219000
1606712443.237000, 1606712444.324000, 1606712444.324000, 1606712448.754000, 1606712448.754000, 1606712473.499000
