read_start,read_end,cpu_start,cpu_end,write_start,write_end
1606712853.384000, 1606712925.577000, 1606712925.577000, 1606712930.464000, 1606712930.464000, 1606712931.831000
1606712931.844000, 1606712932.821000, 1606712932.821000, 1606712937.290000, 1606712937.290000, 1606712938.323000
1606712938.332000, 1606712939.280000, 1606712939.280000, 1606712943.677000, 1606712943.677000, 1606712944.669000
