read_start,read_end,cpu_start,cpu_end,write_start,write_end
1606722376.416000, 1606722539.092000, 1606722539.092000, 1606722544.311000, 1606722544.311000, 1606722759.580000
1606722759.670000, 1606722760.956000, 1606722760.956000, 1606722768.004000, 1606722768.004000, 1606722870.791000
1606722870.877000, 1606722872.410000, 1606722872.410000, 1606722877.834000, 1606722877.834000, 1606723019.489000
