read_start,read_end,cpu_start,cpu_end,write_start,write_end
1606719729.174000, 1606719877.644000, 1606719877.644000, 1606719882.888000, 1606719882.888000, 1606720038.536000
1606720038.551000, 1606720039.656000, 1606720039.656000, 1606720044.853000, 1606720044.853000, 1606720159.786000
1606720159.816000, 1606720161.100000, 1606720161.100000, 1606720166.307000, 1606720166.307000, 1606720354.690000
