read_start,read_end,cpu_start,cpu_end,write_start,write_end
1606719082.693000, 1606719226.786000, 1606719226.786000, 1606719232.293000, 1606719232.293000, 1606719396.972000
1606719396.995000, 1606719398.882000, 1606719398.882000, 1606719403.706000, 1606719403.706000, 1606719540.873000
1606719541.120000, 1606719542.589000, 1606719542.589000, 1606719547.811000, 1606719547.811000, 1606719673.689000
