read_start,read_end,cpu_start,cpu_end,write_start,write_end
1606712853.378000, 1606712927.425000, 1606712927.425000, 1606712932.692000, 1606712932.692000, 1606713003.171000
1606713003.185000, 1606713004.300000, 1606713004.300000, 1606713009.226000, 1606713009.226000, 1606713079.315000
1606713079.331000, 1606713080.317000, 1606713080.317000, 1606713085.268000, 1606713085.268000, 1606713147.639000
