read_start,read_end,cpu_start,cpu_end,write_start,write_end
1606712853.382000, 1606712926.891000, 1606712926.891000, 1606712931.854000, 1606712931.854000, 1606713002.958000
1606713002.975000, 1606713003.962000, 1606713003.962000, 1606713008.692000, 1606713008.692000, 1606713079.078000
1606713079.093000, 1606713080.200000, 1606713080.200000, 1606713085.154000, 1606713085.154000, 1606713147.617000
