read_start,read_end,cpu_start,cpu_end,write_start,write_end
1606713948.238000, 1606714036.857000, 1606714036.857000, 1606714042.271000, 1606714042.271000, 1606714129.522000
1606714129.536000, 1606714130.716000, 1606714130.716000, 1606714136.072000, 1606714136.072000, 1606714223.166000
1606714223.182000, 1606714224.203000, 1606714224.203000, 1606714228.944000, 1606714228.944000, 1606714303.984000
