read_start,read_end,cpu_start,cpu_end,write_start,write_end
1606715230.002000, 1606715336.548000, 1606715336.548000, 1606715341.988000, 1606715341.988000, 1606715448.584000
1606715448.598000, 1606715449.556000, 1606715449.556000, 1606715454.283000, 1606715454.283000, 1606715557.976000
1606715558.002000, 1606715559.237000, 1606715559.237000, 1606715564.451000, 1606715564.451000, 1606715659.486000
