read_start,read_end,cpu_start,cpu_end,write_start,write_end
1606717857.458000, 1606717988.838000, 1606717988.838000, 1606717994.194000, 1606717994.194000, 1606718080.973000
1606718080.989000, 1606718081.970000, 1606718081.970000, 1606718086.779000, 1606718086.779000, 1606718252.863000
1606718252.877000, 1606718254.495000, 1606718254.495000, 1606718259.870000, 1606718259.870000, 1606718400.484000
