read_start,read_end,cpu_start,cpu_end,write_start,write_end
1606716203.710000, 1606716319.591000, 1606716319.591000, 1606716324.923000, 1606716324.923000, 1606716433.850000
1606716433.870000, 1606716435.445000, 1606716435.445000, 1606716441.477000, 1606716441.477000, 1606716616.912000
1606716616.967000, 1606716618.346000, 1606716618.346000, 1606716623.568000, 1606716623.568000, 1606716682.950000
