read_start,read_end,cpu_start,cpu_end,write_start,write_end
1606712266.850000, 1606712327.867000, 1606712327.867000, 1606712332.834000, 1606712332.834000, 1606712390.857000
1606712390.873000, 1606712391.967000, 1606712391.967000, 1606712397.126000, 1606712397.126000, 1606712455.686000
1606712455.700000, 1606712456.755000, 1606712456.755000, 1606712461.653000, 1606712461.653000, 1606712519.381000
