read_start,read_end,cpu_start,cpu_end,write_start,write_end
1606713553.513000, 1606713637.631000, 1606713637.631000, 1606713642.406000, 1606713642.406000, 1606713729.888000
1606713729.908000, 1606713731.115000, 1606713731.115000, 1606713736.018000, 1606713736.018000, 1606713820.610000
1606713820.628000, 1606713821.746000, 1606713821.746000, 1606713826.468000, 1606713826.468000, 1606713901.190000
