read_start,read_end,cpu_start,cpu_end,write_start,write_end
1606713553.505000, 1606713637.431000, 1606713637.431000, 1606713642.612000, 1606713642.612000, 1606713730.058000
1606713730.074000, 1606713731.249000, 1606713731.249000, 1606713736.403000, 1606713736.403000, 1606713821.134000
1606713821.149000, 1606713822.430000, 1606713822.430000, 1606713827.824000, 1606713827.824000, 1606713901.650000
