read_start,read_end,cpu_start,cpu_end,write_start,write_end
1606710676.033000, 1606710687.008000, 1606710687.008000, 1606710691.363000, 1606710691.363000, 1606710692.457000
1606710692.466000, 1606710693.410000, 1606710693.410000, 1606710697.806000, 1606710697.806000, 1606710698.810000
1606710698.819000, 1606710699.754000, 1606710699.754000, 1606710704.147000, 1606710704.147000, 1606710705.232000
