read_start,read_end,cpu_start,cpu_end,write_start,write_end
1606721649.589000, 1606721806.404000, 1606721806.404000, 1606721811.008000, 1606721811.008000, 1606721836.583000
1606721836.654000, 1606721838.421000, 1606721838.421000, 1606721844.027000, 1606721844.027000, 1606722026.475000
1606722027.300000, 1606722030.319000, 1606722030.319000, 1606722036.371000, 1606722036.371000, 1606722216.889000
