read_start,read_end,cpu_start,cpu_end,write_start,write_end
1606719082.679000, 1606719222.457000, 1606719222.457000, 1606719227.803000, 1606719227.803000, 1606719325.230000
1606719325.243000, 1606719326.584000, 1606719326.584000, 1606719333.068000, 1606719333.068000, 1606719465.309000
1606719465.373000, 1606719466.327000, 1606719466.327000, 1606719471.262000, 1606719471.262000, 1606719618.510000
