read_start,read_end,cpu_start,cpu_end,write_start,write_end
1606716203.707000, 1606716313.543000, 1606716313.543000, 1606716318.212000, 1606716318.212000, 1606716689.062000
1606716689.078000, 1606716690.010000, 1606716690.010000, 1606716694.471000, 1606716694.471000, 1606716707.266000
1606716707.281000, 1606716708.293000, 1606716708.293000, 1606716712.854000, 1606716712.854000, 1606716720.817000
