read_start,read_end,cpu_start,cpu_end,write_start,write_end
1606719729.188000, 1606719871.138000, 1606719871.138000, 1606719876.291000, 1606719876.291000, 1606719965.032000
1606719965.046000, 1606719966.145000, 1606719966.145000, 1606719971.291000, 1606719971.291000, 1606720090.063000
1606720090.073000, 1606720091.056000, 1606720091.056000, 1606720095.814000, 1606720095.814000, 1606720257.684000
