read_start,read_end,cpu_start,cpu_end,write_start,write_end
1606720390.465000, 1606720545.345000, 1606720545.345000, 1606720550.494000, 1606720550.494000, 1606720700.891000
1606720700.924000, 1606720702.947000, 1606720702.947000, 1606720708.234000, 1606720708.234000, 1606720832.535000
1606720832.656000, 1606720834.199000, 1606720834.199000, 1606720839.016000, 1606720839.016000, 1606720918.047000
