read_start,read_end,cpu_start,cpu_end,write_start,write_end
1606714780.263000, 1606714874.625000, 1606714874.625000, 1606714879.292000, 1606714879.292000, 1606715186.931000
1606715186.960000, 1606715187.932000, 1606715187.932000, 1606715192.285000, 1606715192.285000, 1606715205.146000
1606715205.161000, 1606715206.168000, 1606715206.168000, 1606715210.525000, 1606715210.525000, 1606715217.949000
