read_start,read_end,cpu_start,cpu_end,write_start,write_end
1606710816.474000, 1606710839.999000, 1606710839.999000, 1606710844.582000, 1606710844.582000, 1606710863.017000
1606710863.032000, 1606710863.983000, 1606710863.983000, 1606710868.548000, 1606710868.548000, 1606710889.526000
1606710889.540000, 1606710890.477000, 1606710890.477000, 1606710895.176000, 1606710895.176000, 1606710918.590000
