read_start,read_end,cpu_start,cpu_end,write_start,write_end
1606711777.007000, 1606711829.891000, 1606711829.891000, 1606711834.633000, 1606711834.633000, 1606711881.591000
1606711881.604000, 1606711882.593000, 1606711882.593000, 1606711887.368000, 1606711887.368000, 1606711940.489000
1606711940.505000, 1606711941.587000, 1606711941.587000, 1606711946.269000, 1606711946.269000, 1606711997.884000
