read_start,read_end,cpu_start,cpu_end,write_start,write_end
1606718458.412000, 1606718596.828000, 1606718596.828000, 1606718602.601000, 1606718602.601000, 1606718777.402000
1606718777.417000, 1606718780.170000, 1606718780.170000, 1606718785.591000, 1606718785.591000, 1606718927.710000
1606718927.882000, 1606718929.817000, 1606718929.817000, 1606718935.305000, 1606718935.305000, 1606719044.141000
