read_start,read_end,cpu_start,cpu_end,write_start,write_end
1606711777.008000, 1606711828.014000, 1606711828.014000, 1606711833.089000, 1606711833.089000, 1606711879.415000
1606711879.431000, 1606711880.521000, 1606711880.521000, 1606711885.396000, 1606711885.396000, 1606711936.334000
1606711936.353000, 1606711937.307000, 1606711937.307000, 1606711941.827000, 1606711941.827000, 1606711988.071000
