read_start,read_end,cpu_start,cpu_end,write_start,write_end
1606720390.475000, 1606720544.115000, 1606720544.115000, 1606720549.409000, 1606720549.409000, 1606720696.343000
1606720696.361000, 1606720697.480000, 1606720697.480000, 1606720702.528000, 1606720702.528000, 1606720820.909000
1606720820.937000, 1606720822.448000, 1606720822.448000, 1606720827.401000, 1606720827.401000, 1606720915.952000
