read_start,read_end,cpu_start,cpu_end,write_start,write_end
1606711196.779000, 1606711234.020000, 1606711234.020000, 1606711238.770000, 1606711238.770000, 1606711271.573000
1606711271.588000, 1606711272.556000, 1606711272.556000, 1606711277.180000, 1606711277.180000, 1606711315.467000
1606711315.485000, 1606711316.446000, 1606711316.446000, 1606711321.122000, 1606711321.122000, 1606711358.356000
