read_start,read_end,cpu_start,cpu_end,write_start,write_end
1606717857.466000, 1606717982.580000, 1606717982.580000, 1606717987.593000, 1606717987.593000, 1606718074.472000
1606718074.486000, 1606718075.561000, 1606718075.561000, 1606718080.390000, 1606718080.390000, 1606718175.387000
1606718175.405000, 1606718176.754000, 1606718176.754000, 1606718181.925000, 1606718181.925000, 1606718325.687000
