read_start,read_end,cpu_start,cpu_end,write_start,write_end
1606719082.678000, 1606719223.104000, 1606719223.104000, 1606719228.460000, 1606719228.460000, 1606719325.842000
1606719325.862000, 1606719327.016000, 1606719327.016000, 1606719331.905000, 1606719331.905000, 1606719462.939000
1606719462.968000, 1606719464.570000, 1606719464.570000, 1606719470.543000, 1606719470.543000, 1606719620.041000
