read_start,read_end,cpu_start,cpu_end,write_start,write_end
1606717857.478000, 1606717990.468000, 1606717990.468000, 1606717995.726000, 1606717995.726000, 1606718170.493000
1606718170.506000, 1606718171.463000, 1606718171.463000, 1606718176.258000, 1606718176.258000, 1606718253.041000
1606718253.069000, 1606718254.536000, 1606718254.536000, 1606718259.272000, 1606718259.272000, 1606718395.849000
