read_start,read_end,cpu_start,cpu_end,write_start,write_end
1606710676.033000, 1606710686.952000, 1606710686.952000, 1606710691.398000, 1606710691.398000, 1606710698.769000
1606710698.784000, 1606710699.839000, 1606710699.839000, 1606710704.420000, 1606710704.420000, 1606710714.701000
1606710714.719000, 1606710715.800000, 1606710715.800000, 1606710720.140000, 1606710720.140000, 1606710730.929000
