read_start,read_end,cpu_start,cpu_end,write_start,write_end
1606722376.416000, 1606722550.172000, 1606722550.172000, 1606722555.387000, 1606722555.387000, 1606722760.953000
1606722762.282000, 1606722765.161000, 1606722765.161000, 1606722771.264000, 1606722771.264000, 1606722965.779000
1606722966.015000, 1606722968.028000, 1606722968.028000, 1606722973.309000, 1606722973.309000, 1606723094.720000
