read_start,read_end,cpu_start,cpu_end,write_start,write_end
1606721649.588000, 1606721807.281000, 1606721807.281000, 1606721812.365000, 1606721812.365000, 1606721906.427000
1606721906.519000, 1606721908.341000, 1606721908.341000, 1606721913.366000, 1606721913.366000, 1606722027.791000
1606722028.158000, 1606722030.720000, 1606722030.720000, 1606722036.734000, 1606722036.734000, 1606722218.471000
