read_start,read_end,cpu_start,cpu_end,write_start,write_end
1606717857.457000, 1606717990.331000, 1606717990.331000, 1606717995.569000, 1606717995.569000, 1606718169.220000
1606718169.264000, 1606718170.831000, 1606718170.831000, 1606718176.413000, 1606718176.413000, 1606718269.229000
1606718269.292000, 1606718270.537000, 1606718270.537000, 1606718275.330000, 1606718275.330000, 1606718402.650000
