read_start,read_end,cpu_start,cpu_end,write_start,write_end
1606711777.008000, 1606711828.791000, 1606711828.791000, 1606711833.669000, 1606711833.669000, 1606711880.765000
1606711880.779000, 1606711881.726000, 1606711881.726000, 1606711886.554000, 1606711886.554000, 1606711939.344000
1606711939.357000, 1606711940.393000, 1606711940.393000, 1606711945.162000, 1606711945.162000, 1606711999.334000
