read_start,read_end,cpu_start,cpu_end,write_start,write_end
1606716203.723000, 1606716319.139000, 1606716319.139000, 1606716324.427000, 1606716324.427000, 1606716433.288000
1606716433.308000, 1606716434.291000, 1606716434.291000, 1606716439.026000, 1606716439.026000, 1606716528.464000
1606716528.485000, 1606716529.460000, 1606716529.460000, 1606716533.906000, 1606716533.906000, 1606716638.682000
