read_start,read_end,cpu_start,cpu_end,write_start,write_end
1606714353.272000, 1606714446.841000, 1606714446.841000, 1606714452.029000, 1606714452.029000, 1606714543.572000
1606714543.587000, 1606714544.679000, 1606714544.679000, 1606714549.925000, 1606714549.925000, 1606714641.373000
1606714641.393000, 1606714642.410000, 1606714642.410000, 1606714647.272000, 1606714647.272000, 1606714730.271000
