read_start,read_end,cpu_start,cpu_end,write_start,write_end
1606720949.836000, 1606721115.984000, 1606721115.984000, 1606721121.200000, 1606721121.200000, 1606721310.305000
1606721310.342000, 1606721312.893000, 1606721312.893000, 1606721320.768000, 1606721320.768000, 1606721514.798000
1606721514.986000, 1606721516.657000, 1606721516.657000, 1606721521.691000, 1606721521.691000, 1606721632.870000
