read_start,read_end,cpu_start,cpu_end,write_start,write_end
1606717286.060000, 1606717413.463000, 1606717413.463000, 1606717418.703000, 1606717418.703000, 1606717503.418000
1606717503.435000, 1606717504.460000, 1606717504.460000, 1606717509.392000, 1606717509.392000, 1606717646.937000
1606717646.954000, 1606717647.941000, 1606717647.941000, 1606717652.771000, 1606717652.771000, 1606717813.964000
