read_start,read_end,cpu_start,cpu_end,write_start,write_end
1606720390.465000, 1606720537.392000, 1606720537.392000, 1606720542.192000, 1606720542.192000, 1606720621.330000
1606720621.345000, 1606720622.577000, 1606720622.577000, 1606720627.472000, 1606720627.472000, 1606720750.154000
1606720750.169000, 1606720751.259000, 1606720751.259000, 1606720756.107000, 1606720756.107000, 1606720872.337000
