read_start,read_end,cpu_start,cpu_end,write_start,write_end
1606711365.852000, 1606711408.354000, 1606711408.354000, 1606711413.529000, 1606711413.529000, 1606711454.118000
1606711454.131000, 1606711455.237000, 1606711455.237000, 1606711460.396000, 1606711460.396000, 1606711503.606000
1606711503.622000, 1606711504.731000, 1606711504.731000, 1606711509.884000, 1606711509.884000, 1606711556.155000
