read_start,read_end,cpu_start,cpu_end,write_start,write_end
1606717857.458000, 1606717990.243000, 1606717990.243000, 1606717995.620000, 1606717995.620000, 1606718169.896000
1606718169.911000, 1606718171.484000, 1606718171.484000, 1606718178.058000, 1606718178.058000, 1606718265.917000
1606718265.987000, 1606718267.214000, 1606718267.214000, 1606718272.092000, 1606718272.092000, 1606718402.114000
