read_start,read_end,cpu_start,cpu_end,write_start,write_end
1606721649.589000, 1606721816.217000, 1606721816.217000, 1606721821.204000, 1606721821.204000, 1606722026.149000
1606722026.875000, 1606722029.704000, 1606722029.704000, 1606722036.498000, 1606722036.498000, 1606722217.538000
1606722217.674000, 1606722219.318000, 1606722219.318000, 1606722224.503000, 1606722224.503000, 1606722358.930000
