read_start,read_end,cpu_start,cpu_end,write_start,write_end
1606713553.505000, 1606713636.938000, 1606713636.938000, 1606713642.000000, 1606713642.000000, 1606713729.550000
1606713729.564000, 1606713730.640000, 1606713730.640000, 1606713735.524000, 1606713735.524000, 1606713819.900000
1606713819.914000, 1606713821.004000, 1606713821.004000, 1606713825.849000, 1606713825.849000, 1606713900.661000
