read_start,read_end,cpu_start,cpu_end,write_start,write_end
1606714780.281000, 1606714874.695000, 1606714874.695000, 1606714879.849000, 1606714879.849000, 1606714881.404000
1606714881.416000, 1606714882.403000, 1606714882.403000, 1606714887.210000, 1606714887.210000, 1606714889.266000
1606714889.276000, 1606714890.210000, 1606714890.210000, 1606714894.586000, 1606714894.586000, 1606714897.727000
