read_start,read_end,cpu_start,cpu_end,write_start,write_end
1606716734.289000, 1606716853.636000, 1606716853.636000, 1606716858.959000, 1606716858.959000, 1606716960.865000
1606716960.879000, 1606716961.853000, 1606716961.853000, 1606716967.239000, 1606716967.239000, 1606717027.177000
1606717027.195000, 1606717029.196000, 1606717029.196000, 1606717034.447000, 1606717034.447000, 1606717204.147000
