read_start,read_end,cpu_start,cpu_end,write_start,write_end
1606712549.159000, 1606712616.015000, 1606712616.015000, 1606712621.361000, 1606712621.361000, 1606712686.429000
1606712686.445000, 1606712687.419000, 1606712687.419000, 1606712692.135000, 1606712692.135000, 1606712761.862000
1606712761.875000, 1606712762.989000, 1606712762.989000, 1606712768.274000, 1606712768.274000, 1606712837.253000
