read_start,read_end,cpu_start,cpu_end,write_start,write_end
1606720949.836000, 1606721117.444000, 1606721117.444000, 1606721122.812000, 1606721122.812000, 1606721310.384000
1606721310.563000, 1606721313.682000, 1606721313.682000, 1606721320.385000, 1606721320.385000, 1606721514.645000
1606721514.789000, 1606721516.236000, 1606721516.236000, 1606721521.144000, 1606721521.144000, 1606721632.690000
