read_start,read_end,cpu_start,cpu_end,write_start,write_end
1606710923.298000, 1606710949.916000, 1606710949.916000, 1606710954.899000, 1606710954.899000, 1606710975.839000
1606710975.856000, 1606710976.960000, 1606710976.960000, 1606710981.554000, 1606710981.554000, 1606711010.739000
1606711010.756000, 1606711011.707000, 1606711011.707000, 1606711016.714000, 1606711016.714000, 1606711043.504000
