read_start,read_end,cpu_start,cpu_end,write_start,write_end
1606711561.799000, 1606711609.359000, 1606711609.359000, 1606711614.287000, 1606711614.287000, 1606711615.537000
1606711615.548000, 1606711616.460000, 1606711616.460000, 1606711620.881000, 1606711620.881000, 1606711621.854000
1606711621.862000, 1606711622.766000, 1606711622.766000, 1606711627.242000, 1606711627.242000, 1606711628.252000
