read_start,read_end,cpu_start,cpu_end,write_start,write_end
1606716734.285000, 1606716853.914000, 1606716853.914000, 1606716859.134000, 1606716859.134000, 1606716961.299000
1606716961.314000, 1606716962.621000, 1606716962.621000, 1606716968.720000, 1606716968.720000, 1606717093.576000
1606717093.648000, 1606717095.117000, 1606717095.117000, 1606717101.451000, 1606717101.451000, 1606717197.110000
