read_start,read_end,cpu_start,cpu_end,write_start,write_end
1606712853.378000, 1606712926.733000, 1606712926.733000, 1606712931.636000, 1606712931.636000, 1606713002.879000
1606713002.893000, 1606713003.882000, 1606713003.882000, 1606713008.820000, 1606713008.820000, 1606713079.196000
1606713079.211000, 1606713080.218000, 1606713080.218000, 1606713085.172000, 1606713085.172000, 1606713147.613000
