read_start,read_end,cpu_start,cpu_end,write_start,write_end
1606722376.416000, 1606722546.619000, 1606722546.619000, 1606722551.599000, 1606722551.599000, 1606722760.810000
1606722761.509000, 1606722763.901000, 1606722763.901000, 1606722770.555000, 1606722770.555000, 1606722963.382000
1606722963.494000, 1606722965.022000, 1606722965.022000, 1606722973.932000, 1606722973.932000, 1606723095.182000
