read_start,read_end,cpu_start,cpu_end,write_start,write_end
1606717857.475000, 1606717987.712000, 1606717987.712000, 1606717992.870000, 1606717992.870000, 1606718079.708000
1606718079.724000, 1606718080.795000, 1606718080.795000, 1606718085.579000, 1606718085.579000, 1606718250.399000
1606718250.415000, 1606718251.442000, 1606718251.442000, 1606718256.181000, 1606718256.181000, 1606718340.087000
