read_start,read_end,cpu_start,cpu_end,write_start,write_end
1606712549.158000, 1606712616.313000, 1606712616.313000, 1606712621.061000, 1606712621.061000, 1606712685.747000
1606712685.762000, 1606712686.753000, 1606712686.753000, 1606712691.823000, 1606712691.823000, 1606712761.331000
1606712761.344000, 1606712762.310000, 1606712762.310000, 1606712767.334000, 1606712767.334000, 1606712834.122000
