read_start,read_end,cpu_start,cpu_end,write_start,write_end
1606722376.415000, 1606722546.978000, 1606722546.978000, 1606722552.975000, 1606722552.975000, 1606722760.857000
1606722761.481000, 1606722764.593000, 1606722764.593000, 1606722772.694000, 1606722772.694000, 1606722966.831000
1606722967.181000, 1606722969.245000, 1606722969.245000, 1606722974.404000, 1606722974.404000, 1606723095.399000
