read_start,read_end,cpu_start,cpu_end,write_start,write_end
1606720949.835000, 1606721114.705000, 1606721114.705000, 1606721119.976000, 1606721119.976000, 1606721310.380000
1606721310.557000, 1606721313.013000, 1606721313.013000, 1606721319.400000, 1606721319.400000, 1606721513.805000
1606721513.902000, 1606721515.039000, 1606721515.039000, 1606721519.855000, 1606721519.855000, 1606721632.075000
