read_start,read_end,cpu_start,cpu_end,write_start,write_end
1606721649.589000, 1606721819.762000, 1606721819.762000, 1606721825.401000, 1606721825.401000, 1606722026.262000
1606722027.243000, 1606722029.858000, 1606722029.858000, 1606722035.630000, 1606722035.630000, 1606722211.899000
1606722212.071000, 1606722213.628000, 1606722213.628000, 1606722219.751000, 1606722219.751000, 1606722356.713000
