read_start,read_end,cpu_start,cpu_end,write_start,write_end
1606715707.047000, 1606715816.566000, 1606715816.566000, 1606715822.188000, 1606715822.188000, 1606715930.028000
1606715930.045000, 1606715931.084000, 1606715931.084000, 1606715936.183000, 1606715936.183000, 1606716020.901000
1606716020.919000, 1606716022.104000, 1606716022.104000, 1606716026.798000, 1606716026.798000, 1606716124.702000
