read_start,read_end,cpu_start,cpu_end,write_start,write_end
1606717286.061000, 1606717413.811000, 1606717413.811000, 1606717419.253000, 1606717419.253000, 1606717504.015000
1606717504.037000, 1606717505.151000, 1606717505.151000, 1606717509.981000, 1606717509.981000, 1606717647.239000
1606717647.254000, 1606717648.530000, 1606717648.530000, 1606717653.674000, 1606717653.674000, 1606717810.339000
