read_start,read_end,cpu_start,cpu_end,write_start,write_end
1606711365.852000, 1606711408.394000, 1606711408.394000, 1606711413.605000, 1606711413.605000, 1606711454.055000
1606711454.072000, 1606711455.145000, 1606711455.145000, 1606711459.870000, 1606711459.870000, 1606711505.967000
1606711505.981000, 1606711506.907000, 1606711506.907000, 1606711511.509000, 1606711511.509000, 1606711554.296000
