read_start,read_end,cpu_start,cpu_end,write_start,write_end
1606712853.378000, 1606712927.915000, 1606712927.915000, 1606712933.302000, 1606712933.302000, 1606713003.182000
1606713003.192000, 1606713004.308000, 1606713004.308000, 1606713009.231000, 1606713009.231000, 1606713079.322000
1606713079.336000, 1606713080.322000, 1606713080.322000, 1606713085.273000, 1606713085.273000, 1606713147.647000
