read_start,read_end,cpu_start,cpu_end,write_start,write_end
1606720949.835000, 1606721111.711000, 1606721111.711000, 1606721116.792000, 1606721116.792000, 1606721307.999000
1606721308.026000, 1606721309.668000, 1606721309.668000, 1606721317.510000, 1606721317.510000, 1606721503.341000
1606721503.427000, 1606721504.958000, 1606721504.958000, 1606721509.995000, 1606721509.995000, 1606721622.882000
