read_start,read_end,cpu_start,cpu_end,write_start,write_end
1606712853.378000, 1606712926.860000, 1606712926.860000, 1606712931.674000, 1606712931.674000, 1606713002.756000
1606713002.769000, 1606713003.757000, 1606713003.757000, 1606713008.701000, 1606713008.701000, 1606713078.962000
1606713078.976000, 1606713080.015000, 1606713080.015000, 1606713085.025000, 1606713085.025000, 1606713147.591000
