read_start,read_end,cpu_start,cpu_end,write_start,write_end
1606713193.886000, 1606713271.233000, 1606713271.233000, 1606713276.232000, 1606713276.232000, 1606713351.500000
1606713351.513000, 1606713352.498000, 1606713352.498000, 1606713357.505000, 1606713357.505000, 1606713429.848000
1606713429.864000, 1606713430.949000, 1606713430.949000, 1606713435.710000, 1606713435.710000, 1606713501.907000
