read_start,read_end,cpu_start,cpu_end,write_start,write_end
1606713948.243000, 1606714035.345000, 1606714035.345000, 1606714040.514000, 1606714040.514000, 1606714126.497000
1606714126.511000, 1606714127.515000, 1606714127.515000, 1606714132.391000, 1606714132.391000, 1606714214.846000
1606714214.860000, 1606714216.045000, 1606714216.045000, 1606714220.465000, 1606714220.465000, 1606714289.027000
