read_start,read_end,cpu_start,cpu_end,write_start,write_end
1606715230.002000, 1606715336.003000, 1606715336.003000, 1606715341.226000, 1606715341.226000, 1606715448.256000
1606715448.270000, 1606715449.310000, 1606715449.310000, 1606715454.202000, 1606715454.202000, 1606715558.206000
1606715558.221000, 1606715559.536000, 1606715559.536000, 1606715565.276000, 1606715565.276000, 1606715658.795000
