read_start,read_end,cpu_start,cpu_end,write_start,write_end
1606711048.027000, 1606711079.921000, 1606711079.921000, 1606711084.980000, 1606711084.980000, 1606711111.073000
1606711111.090000, 1606711112.174000, 1606711112.174000, 1606711116.718000, 1606711116.718000, 1606711150.066000
1606711150.079000, 1606711151.065000, 1606711151.065000, 1606711155.449000, 1606711155.449000, 1606711186.134000
