read_start,read_end,cpu_start,cpu_end,write_start,write_end
1606719729.167000, 1606719870.955000, 1606719870.955000, 1606719875.943000, 1606719875.943000, 1606719965.119000
1606719965.135000, 1606719966.242000, 1606719966.242000, 1606719971.279000, 1606719971.279000, 1606720097.173000
1606720097.193000, 1606720098.429000, 1606720098.429000, 1606720103.151000, 1606720103.151000, 1606720261.598000
