read_start,read_end,cpu_start,cpu_end,write_start,write_end
1606713193.887000, 1606713268.182000, 1606713268.182000, 1606713272.849000, 1606713272.849000, 1606713512.602000
1606713512.616000, 1606713513.581000, 1606713513.581000, 1606713517.936000, 1606713517.936000, 1606713529.923000
1606713529.937000, 1606713530.902000, 1606713530.902000, 1606713535.256000, 1606713535.256000, 1606713543.501000
