read_start,read_end,cpu_start,cpu_end,write_start,write_end
1606714780.271000, 1606714874.231000, 1606714874.231000, 1606714879.010000, 1606714879.010000, 1606714968.160000
1606714968.176000, 1606714969.136000, 1606714969.136000, 1606714973.768000, 1606714973.768000, 1606715058.661000
1606715058.677000, 1606715059.626000, 1606715059.626000, 1606715064.278000, 1606715064.278000, 1606715149.845000
