read_start,read_end,cpu_start,cpu_end,write_start,write_end
1606720949.836000, 1606721102.809000, 1606721102.809000, 1606721107.393000, 1606721107.393000, 1606721133.906000
1606721133.952000, 1606721135.288000, 1606721135.288000, 1606721139.776000, 1606721139.776000, 1606721310.580000
1606721310.953000, 1606721312.592000, 1606721312.592000, 1606721318.195000, 1606721318.195000, 1606721509.631000
