read_start,read_end,cpu_start,cpu_end,write_start,write_end
1606714353.267000, 1606714446.697000, 1606714446.697000, 1606714452.104000, 1606714452.104000, 1606714544.184000
1606714544.199000, 1606714545.204000, 1606714545.204000, 1606714550.113000, 1606714550.113000, 1606714641.239000
1606714641.253000, 1606714642.294000, 1606714642.294000, 1606714647.090000, 1606714647.090000, 1606714730.083000
