read_start,read_end,cpu_start,cpu_end,write_start,write_end
1606722376.416000, 1606722550.825000, 1606722550.825000, 1606722555.867000, 1606722555.867000, 1606722760.893000
1606722762.240000, 1606722764.960000, 1606722764.960000, 1606722770.667000, 1606722770.667000, 1606722964.142000
1606722964.332000, 1606722966.229000, 1606722966.229000, 1606722973.736000, 1606722973.736000, 1606723095.072000
