read_start,read_end,cpu_start,cpu_end,write_start,write_end
1606717286.082000, 1606717415.707000, 1606717415.707000, 1606717421.498000, 1606717421.498000, 1606717583.504000
1606717583.525000, 1606717584.669000, 1606717584.669000, 1606717589.416000, 1606717589.416000, 1606717709.593000
1606717709.616000, 1606717710.575000, 1606717710.575000, 1606717715.050000, 1606717715.050000, 1606717811.430000
