read_start,read_end,cpu_start,cpu_end,write_start,write_end
1606720949.836000, 1606721117.173000, 1606721117.173000, 1606721122.429000, 1606721122.429000, 1606721310.377000
1606721310.522000, 1606721313.241000, 1606721313.241000, 1606721319.604000, 1606721319.604000, 1606721514.045000
1606721514.152000, 1606721515.525000, 1606721515.525000, 1606721520.680000, 1606721520.680000, 1606721632.516000
