read_start,read_end,cpu_start,cpu_end,write_start,write_end
1606722376.416000, 1606722550.981000, 1606722550.981000, 1606722557.297000, 1606722557.297000, 1606722760.909000
1606722761.527000, 1606722763.929000, 1606722763.929000, 1606722770.512000, 1606722770.512000, 1606722963.063000
1606722963.171000, 1606722964.513000, 1606722964.513000, 1606722970.092000, 1606722970.092000, 1606723089.115000
