read_start,read_end,cpu_start,cpu_end,write_start,write_end
1606711196.779000, 1606711234.022000, 1606711234.022000, 1606711239.208000, 1606711239.208000, 1606711271.719000
1606711271.735000, 1606711272.713000, 1606711272.713000, 1606711277.139000, 1606711277.139000, 1606711310.854000
1606711310.872000, 1606711311.966000, 1606711311.966000, 1606711316.440000, 1606711316.440000, 1606711347.421000
