read_start,read_end,cpu_start,cpu_end,write_start,write_end
1606710816.475000, 1606710840.127000, 1606710840.127000, 1606710845.066000, 1606710845.066000, 1606710863.226000
1606710863.240000, 1606710864.256000, 1606710864.256000, 1606710868.676000, 1606710868.676000, 1606710889.364000
1606710889.379000, 1606710890.409000, 1606710890.409000, 1606710894.837000, 1606710894.837000, 1606710916.068000
