read_start,read_end,cpu_start,cpu_end,write_start,write_end
1606716734.286000, 1606716853.113000, 1606716853.113000, 1606716858.587000, 1606716858.587000, 1606716960.302000
1606716960.317000, 1606716961.398000, 1606716961.398000, 1606716966.509000, 1606716966.509000, 1606717026.324000
1606717026.341000, 1606717027.667000, 1606717027.667000, 1606717032.351000, 1606717032.351000, 1606717189.560000
