read_start,read_end,cpu_start,cpu_end,write_start,write_end
1606721649.589000, 1606721821.361000, 1606721821.361000, 1606721826.509000, 1606721826.509000, 1606722026.291000
1606722027.048000, 1606722028.789000, 1606722028.789000, 1606722034.494000, 1606722034.494000, 1606722200.326000
1606722200.415000, 1606722202.572000, 1606722202.572000, 1606722207.214000, 1606722207.214000, 1606722350.718000
