read_start,read_end,cpu_start,cpu_end,write_start,write_end
1606712853.378000, 1606712925.259000, 1606712925.259000, 1606712930.616000, 1606712930.616000, 1606713001.180000
1606713001.195000, 1606713002.309000, 1606713002.309000, 1606713007.330000, 1606713007.330000, 1606713075.159000
1606713075.176000, 1606713076.205000, 1606713076.205000, 1606713080.846000, 1606713080.846000, 1606713129.505000
