read_start,read_end,cpu_start,cpu_end,write_start,write_end
1606714780.263000, 1606714880.380000, 1606714880.380000, 1606714885.329000, 1606714885.329000, 1606714983.264000
1606714983.277000, 1606714984.349000, 1606714984.349000, 1606714989.311000, 1606714989.311000, 1606715086.553000
1606715086.568000, 1606715088.164000, 1606715088.164000, 1606715094.106000, 1606715094.106000, 1606715182.298000
