read_start,read_end,cpu_start,cpu_end,write_start,write_end
1606719729.166000, 1606719878.515000, 1606719878.515000, 1606719883.991000, 1606719883.991000, 1606720039.261000
1606720039.276000, 1606720041.805000, 1606720041.805000, 1606720047.433000, 1606720047.433000, 1606720213.948000
1606720214.063000, 1606720215.682000, 1606720215.682000, 1606720220.348000, 1606720220.348000, 1606720359.653000
