read_start,read_end,cpu_start,cpu_end,write_start,write_end
1606716203.724000, 1606716315.218000, 1606716315.218000, 1606716320.182000, 1606716320.182000, 1606716425.788000
1606716425.802000, 1606716426.921000, 1606716426.921000, 1606716431.607000, 1606716431.607000, 1606716517.334000
1606716517.353000, 1606716518.320000, 1606716518.320000, 1606716522.966000, 1606716522.966000, 1606716625.704000
