read_start,read_end,cpu_start,cpu_end,write_start,write_end
1606714353.273000, 1606714444.757000, 1606714444.757000, 1606714449.926000, 1606714449.926000, 1606714539.900000
1606714539.916000, 1606714540.882000, 1606714540.882000, 1606714545.709000, 1606714545.709000, 1606714630.697000
1606714630.710000, 1606714632.105000, 1606714632.105000, 1606714637.739000, 1606714637.739000, 1606714716.257000
