read_start,read_end,cpu_start,cpu_end,write_start,write_end
1606716203.726000, 1606716320.299000, 1606716320.299000, 1606716325.345000, 1606716325.345000, 1606716327.521000
1606716327.535000, 1606716328.472000, 1606716328.472000, 1606716332.870000, 1606716332.870000, 1606716428.713000
1606716428.722000, 1606716429.653000, 1606716429.653000, 1606716434.321000, 1606716434.321000, 1606716435.847000
