read_start,read_end,cpu_start,cpu_end,write_start,write_end
1606721649.588000, 1606721810.927000, 1606721810.927000, 1606721815.918000, 1606721815.918000, 1606722025.585000
1606722025.705000, 1606722026.890000, 1606722026.890000, 1606722032.962000, 1606722032.962000, 1606722182.512000
1606722182.541000, 1606722183.868000, 1606722183.868000, 1606722189.067000, 1606722189.067000, 1606722340.126000
