read_start,read_end,cpu_start,cpu_end,write_start,write_end
1606716203.711000, 1606716315.734000, 1606716315.734000, 1606716320.575000, 1606716320.575000, 1606716425.502000
1606716425.516000, 1606716426.486000, 1606716426.486000, 1606716431.259000, 1606716431.259000, 1606716517.397000
1606716517.413000, 1606716518.639000, 1606716518.639000, 1606716523.305000, 1606716523.305000, 1606716626.784000
