read_start,read_end,cpu_start,cpu_end,write_start,write_end
1606720949.835000, 1606721117.050000, 1606721117.050000, 1606721122.034000, 1606721122.034000, 1606721310.359000
1606721310.448000, 1606721313.299000, 1606721313.299000, 1606721321.285000, 1606721321.285000, 1606721514.950000
1606721515.178000, 1606721516.980000, 1606721516.980000, 1606721522.384000, 1606721522.384000, 1606721633.003000
