read_start,read_end,cpu_start,cpu_end,write_start,write_end
1606721649.588000, 1606721816.413000, 1606721816.413000, 1606721821.531000, 1606721821.531000, 1606722026.165000
1606722026.866000, 1606722029.140000, 1606722029.140000, 1606722035.124000, 1606722035.124000, 1606722207.436000
1606722207.533000, 1606722208.867000, 1606722208.867000, 1606722213.960000, 1606722213.960000, 1606722354.361000
