read_start,read_end,cpu_start,cpu_end,write_start,write_end
1606717286.083000, 1606717415.114000, 1606717415.114000, 1606717420.504000, 1606717420.504000, 1606717581.203000
1606717581.217000, 1606717582.149000, 1606717582.149000, 1606717586.903000, 1606717586.903000, 1606717654.338000
1606717654.354000, 1606717655.470000, 1606717655.470000, 1606717659.991000, 1606717659.991000, 1606717808.192000
