read_start,read_end,cpu_start,cpu_end,write_start,write_end
1606712549.157000, 1606712617.602000, 1606712617.602000, 1606712622.918000, 1606712622.918000, 1606712687.115000
1606712687.132000, 1606712688.229000, 1606712688.229000, 1606712693.232000, 1606712693.232000, 1606712762.590000
1606712762.603000, 1606712763.739000, 1606712763.739000, 1606712768.685000, 1606712768.685000, 1606712837.772000
