read_start,read_end,cpu_start,cpu_end,write_start,write_end
1606717286.060000, 1606717414.841000, 1606717414.841000, 1606717420.036000, 1606717420.036000, 1606717504.937000
1606717504.957000, 1606717505.953000, 1606717505.953000, 1606717511.218000, 1606717511.218000, 1606717647.773000
1606717647.794000, 1606717649.129000, 1606717649.129000, 1606717653.868000, 1606717653.868000, 1606717806.523000
