read_start,read_end,cpu_start,cpu_end,write_start,write_end
1606713553.506000, 1606713637.437000, 1606713637.437000, 1606713642.447000, 1606713642.447000, 1606713729.972000
1606713729.994000, 1606713731.115000, 1606713731.115000, 1606713736.021000, 1606713736.021000, 1606713820.644000
1606713820.658000, 1606713821.794000, 1606713821.794000, 1606713826.584000, 1606713826.584000, 1606713901.460000
