read_start,read_end,cpu_start,cpu_end,write_start,write_end
1606716203.707000, 1606716319.668000, 1606716319.668000, 1606716324.805000, 1606716324.805000, 1606716433.701000
1606716433.717000, 1606716435.056000, 1606716435.056000, 1606716440.165000, 1606716440.165000, 1606716530.954000
1606716531.009000, 1606716532.590000, 1606716532.590000, 1606716538.277000, 1606716538.277000, 1606716637.807000
