read_start,read_end,cpu_start,cpu_end,write_start,write_end
1606711777.008000, 1606711828.910000, 1606711828.910000, 1606711834.296000, 1606711834.296000, 1606711881.370000
1606711881.384000, 1606711882.480000, 1606711882.480000, 1606711887.612000, 1606711887.612000, 1606711940.594000
1606711940.610000, 1606711941.544000, 1606711941.544000, 1606711946.223000, 1606711946.223000, 1606711999.251000
