read_start,read_end,cpu_start,cpu_end,write_start,write_end
1606711561.800000, 1606711609.675000, 1606711609.675000, 1606711614.414000, 1606711614.414000, 1606711656.816000
1606711656.829000, 1606711657.828000, 1606711657.828000, 1606711662.617000, 1606711662.617000, 1606711711.343000
1606711711.356000, 1606711712.420000, 1606711712.420000, 1606711717.162000, 1606711717.162000, 1606711765.208000
