read_start,read_end,cpu_start,cpu_end,write_start,write_end
1606721649.588000, 1606721813.510000, 1606721813.510000, 1606721818.293000, 1606721818.293000, 1606722025.933000
1606722026.039000, 1606722027.235000, 1606722027.235000, 1606722033.025000, 1606722033.025000, 1606722182.942000
1606722182.963000, 1606722184.208000, 1606722184.208000, 1606722188.829000, 1606722188.829000, 1606722339.886000
