read_start,read_end,cpu_start,cpu_end,write_start,write_end
1606715230.009000, 1606715332.986000, 1606715332.986000, 1606715338.299000, 1606715338.299000, 1606715444.027000
1606715444.042000, 1606715445.119000, 1606715445.119000, 1606715450.163000, 1606715450.163000, 1606715547.709000
1606715547.722000, 1606715548.759000, 1606715548.759000, 1606715553.158000, 1606715553.158000, 1606715642.000000
