read_start,read_end,cpu_start,cpu_end,write_start,write_end
1606721649.589000, 1606721817.684000, 1606721817.684000, 1606721823.077000, 1606721823.077000, 1606722026.209000
1606722026.863000, 1606722029.187000, 1606722029.187000, 1606722035.713000, 1606722035.713000, 1606722212.585000
1606722212.684000, 1606722214.258000, 1606722214.258000, 1606722220.329000, 1606722220.329000, 1606722356.996000
