read_start,read_end,cpu_start,cpu_end,write_start,write_end
1606721649.589000, 1606721817.520000, 1606721817.520000, 1606721822.654000, 1606721822.654000, 1606722026.165000
1606722026.526000, 1606722028.582000, 1606722028.582000, 1606722034.938000, 1606722034.938000, 1606722205.522000
1606722205.587000, 1606722206.996000, 1606722206.996000, 1606722212.462000, 1606722212.462000, 1606722353.706000
