read_start,read_end,cpu_start,cpu_end,write_start,write_end
1606716203.707000, 1606716320.883000, 1606716320.883000, 1606716326.115000, 1606716326.115000, 1606716509.383000
1606716509.399000, 1606716510.350000, 1606716510.350000, 1606716514.855000, 1606716514.855000, 1606716617.403000
1606716617.417000, 1606716618.391000, 1606716618.391000, 1606716623.104000, 1606716623.104000, 1606716679.889000
