read_start,read_end,cpu_start,cpu_end,write_start,write_end
1606716734.302000, 1606716854.935000, 1606716854.935000, 1606716860.644000, 1606716860.644000, 1606716963.059000
1606716963.081000, 1606716964.235000, 1606716964.235000, 1606716969.008000, 1606716969.008000, 1606717092.207000
1606717092.222000, 1606717093.191000, 1606717093.191000, 1606717097.811000, 1606717097.811000, 1606717185.956000
