read_start,read_end,cpu_start,cpu_end,write_start,write_end
1606710923.298000, 1606710949.920000, 1606710949.920000, 1606710954.530000, 1606710954.530000, 1606710975.986000
1606710976.000000, 1606710976.951000, 1606710976.951000, 1606710981.542000, 1606710981.542000, 1606711011.174000
1606711011.182000, 1606711012.118000, 1606711012.118000, 1606711016.654000, 1606711016.654000, 1606711043.875000
