read_start,read_end,cpu_start,cpu_end,write_start,write_end
1606712853.378000, 1606712923.617000, 1606712923.617000, 1606712928.650000, 1606712928.650000, 1606713150.445000
1606713150.460000, 1606713151.394000, 1606713151.394000, 1606713155.764000, 1606713155.764000, 1606713169.492000
1606713169.511000, 1606713170.460000, 1606713170.460000, 1606713175.295000, 1606713175.295000, 1606713184.451000
