{
    "workflow_execution": {
        "tasks": [
            {
                "color": "",
                "compute": {
                    "end": 17.997394958014745,
                    "start": 13.597394958014746
                },
                "execution_host": {
                    "cores": 32,
                    "flop_rate": 1000000000.0,
                    "hostname": "compute_host",
                    "memory": 268000000000.0
                },
                "failed": -1.0,
                "num_cores_allocated": 1,
                "read": [
                    {
                        "end": 13.597394958014746,
                        "id": "file_0_0",
                        "start": 1.1084536082474228e-18
                    }
                ],
                "task_id": "task_0_0",
                "terminated": -1.0,
                "whole_task": {
                    "end": 31.553748321348312,
                    "start": 1.1084536082474228e-18
                },
                "write": [
                    {
                        "end": 31.553748321348312,
                        "id": "file_0_1",
                        "start": 17.997394958014745
                    }
                ]
            },
            {
                "color": "",
                "compute": {
                    "end": 38.20988923352652,
                    "start": 33.80988923352652
                },
                "execution_host": {
                    "cores": 32,
                    "flop_rate": 1000000000.0,
                    "hostname": "compute_host",
                    "memory": 268000000000.0
                },
                "failed": -1.0,
                "num_cores_allocated": 1,
                "read": [
                    {
                        "end": 33.80988923352652,
                        "id": "file_0_1",
                        "start": 31.553748321348312
                    }
                ],
                "task_id": "task_0_1",
                "terminated": -1.0,
                "whole_task": {
                    "end": 51.766242600000005,
                    "start": 31.553748321348312
                },
                "write": [
                    {
                        "end": 51.766242600000005,
                        "id": "file_0_2",
                        "start": 38.20988923352652
                    }
                ]
            },
            {
                "color": "",
                "compute": {
                    "end": 58.4223835120532,
                    "start": 54.0223835120532
                },
                "execution_host": {
                    "cores": 32,
                    "flop_rate": 1000000000.0,
                    "hostname": "compute_host",
                    "memory": 268000000000.0
                },
                "failed": -1.0,
                "num_cores_allocated": 1,
                "read": [
                    {
                        "end": 54.0223835120532,
                        "id": "file_0_2",
                        "start": 51.766242600000005
                    }
                ],
                "task_id": "task_0_2",
                "terminated": -1.0,
                "whole_task": {
                    "end": 71.9787368765435,
                    "start": 51.766242600000005
                },
                "write": [
                    {
                        "end": 71.9787368765435,
                        "id": "file_0_3",
                        "start": 58.4223835120532
                    }
                ]
            },
            {
                "color": "",
                "compute": {
                    "end": 17.997394958014745,
                    "start": 13.597394958014746
                },
                "execution_host": {
                    "cores": 32,
                    "flop_rate": 1000000000.0,
                    "hostname": "compute_host",
                    "memory": 268000000000.0
                },
                "failed": -1.0,
                "num_cores_allocated": 1,
                "read": [
                    {
                        "end": 13.597394958014746,
                        "id": "file_1_0",
                        "start": 4.433814432989691e-18
                    }
                ],
                "task_id": "task_1_0",
                "terminated": -1.0,
                "whole_task": {
                    "end": 31.553748321348312,
                    "start": 4.433814432989691e-18
                },
                "write": [
                    {
                        "end": 31.553748321348312,
                        "id": "file_1_1",
                        "start": 17.997394958014745
                    }
                ]
            },
            {
                "color": "",
                "compute": {
                    "end": 38.20988923352652,
                    "start": 33.80988923352652
                },
                "execution_host": {
                    "cores": 32,
                    "flop_rate": 1000000000.0,
                    "hostname": "compute_host",
                    "memory": 268000000000.0
                },
                "failed": -1.0,
                "num_cores_allocated": 1,
                "read": [
                    {
                        "end": 33.80988923352652,
                        "id": "file_1_1",
                        "start": 31.553748321348312
                    }
                ],
                "task_id": "task_1_1",
                "terminated": -1.0,
                "whole_task": {
                    "end": 51.766242600000005,
                    "start": 31.553748321348312
                },
                "write": [
                    {
                        "end": 51.766242600000005,
                        "id": "file_1_2",
                        "start": 38.20988923352652
                    }
                ]
            },
            {
                "color": "",
                "compute": {
                    "end": 58.4223835120532,
                    "start": 54.0223835120532
                },
                "execution_host": {
                    "cores": 32,
                    "flop_rate": 1000000000.0,
                    "hostname": "compute_host",
                    "memory": 268000000000.0
                },
                "failed": -1.0,
                "num_cores_allocated": 1,
                "read": [
                    {
                        "end": 54.0223835120532,
                        "id": "file_1_2",
                        "start": 51.766242600000005
                    }
                ],
                "task_id": "task_1_2",
                "terminated": -1.0,
                "whole_task": {
                    "end": 71.9787368765435,
                    "start": 51.766242600000005
                },
                "write": [
                    {
                        "end": 71.9787368765435,
                        "id": "file_1_3",
                        "start": 58.4223835120532
                    }
                ]
            }
        ]
    }
}
