{
    "workflow_execution": {
        "tasks": [
            {
                "color": "",
                "compute": {
                    "end": 24.79583224547735,
                    "start": 20.39583224547735
                },
                "execution_host": {
                    "cores": 32,
                    "flop_rate": 1000000000.0,
                    "hostname": "compute_host",
                    "memory": 268000000000.0
                },
                "failed": -1.0,
                "num_cores_allocated": 1,
                "read": [
                    {
                        "end": 20.39583224547735,
                        "id": "file_0_0",
                        "start": 1.1084536082474228e-18
                    }
                ],
                "task_id": "task_0_0",
                "terminated": -1.0,
                "whole_task": {
                    "end": 45.129841835955055,
                    "start": 1.1084536082474228e-18
                },
                "write": [
                    {
                        "end": 45.129841835955055,
                        "id": "file_0_1",
                        "start": 24.79583224547735
                    }
                ]
            },
            {
                "color": "",
                "compute": {
                    "end": 52.91002010397293,
                    "start": 48.510020103972934
                },
                "execution_host": {
                    "cores": 32,
                    "flop_rate": 1000000000.0,
                    "hostname": "compute_host",
                    "memory": 268000000000.0
                },
                "failed": -1.0,
                "num_cores_allocated": 1,
                "read": [
                    {
                        "end": 48.510020103972934,
                        "id": "file_0_1",
                        "start": 45.129841835955055
                    }
                ],
                "task_id": "task_0_1",
                "terminated": -1.0,
                "whole_task": {
                    "end": 73.24402968988764,
                    "start": 45.129841835955055
                },
                "write": [
                    {
                        "end": 73.24402968988764,
                        "id": "file_0_2",
                        "start": 52.91002010397293
                    }
                ]
            },
            {
                "color": "",
                "compute": {
                    "end": 81.02420795790529,
                    "start": 76.62420795790528
                },
                "execution_host": {
                    "cores": 32,
                    "flop_rate": 1000000000.0,
                    "hostname": "compute_host",
                    "memory": 268000000000.0
                },
                "failed": -1.0,
                "num_cores_allocated": 1,
                "read": [
                    {
                        "end": 76.62420795790528,
                        "id": "file_0_2",
                        "start": 73.24402968988764
                    }
                ],
                "task_id": "task_0_2",
                "terminated": -1.0,
                "whole_task": {
                    "end": 101.35821754382023,
                    "start": 73.24402968988764
                },
                "write": [
                    {
                        "end": 101.35821754382023,
                        "id": "file_0_3",
                        "start": 81.02420795790529
                    }
                ]
            },
            {
                "color": "",
                "compute": {
                    "end": 24.79583224547735,
                    "start": 20.39583224547735
                },
                "execution_host": {
                    "cores": 32,
                    "flop_rate": 1000000000.0,
                    "hostname": "compute_host",
                    "memory": 268000000000.0
                },
                "failed": -1.0,
                "num_cores_allocated": 1,
                "read": [
                    {
                        "end": 20.39583224547735,
                        "id": "file_1_0",
                        "start": 4.433814432989691e-18
                    }
                ],
                "task_id": "task_1_0",
                "terminated": -1.0,
                "whole_task": {
                    "end": 45.129841835955055,
                    "start": 4.433814432989691e-18
                },
                "write": [
                    {
                        "end": 45.129841835955055,
                        "id": "file_1_1",
                        "start": 24.79583224547735
                    }
                ]
            },
            {
                "color": "",
                "compute": {
                    "end": 52.91002010397293,
                    "start": 48.510020103972934
                },
                "execution_host": {
                    "cores": 32,
                    "flop_rate": 1000000000.0,
                    "hostname": "compute_host",
                    "memory": 268000000000.0
                },
                "failed": -1.0,
                "num_cores_allocated": 1,
                "read": [
                    {
                        "end": 48.510020103972934,
                        "id": "file_1_1",
                        "start": 45.129841835955055
                    }
                ],
                "task_id": "task_1_1",
                "terminated": -1.0,
                "whole_task": {
                    "end": 73.24402968988764,
                    "start": 45.129841835955055
                },
                "write": [
                    {
                        "end": 73.24402968988764,
                        "id": "file_1_2",
                        "start": 52.91002010397293
                    }
                ]
            },
            {
                "color": "",
                "compute": {
                    "end": 81.02420795790529,
                    "start": 76.62420795790528
                },
                "execution_host": {
                    "cores": 32,
                    "flop_rate": 1000000000.0,
                    "hostname": "compute_host",
                    "memory": 268000000000.0
                },
                "failed": -1.0,
                "num_cores_allocated": 1,
                "read": [
                    {
                        "end": 76.62420795790528,
                        "id": "file_1_2",
                        "start": 73.24402968988764
                    }
                ],
                "task_id": "task_1_2",
                "terminated": -1.0,
                "whole_task": {
                    "end": 101.35821754382023,
                    "start": 73.24402968988764
                },
                "write": [
                    {
                        "end": 101.35821754382023,
                        "id": "file_1_3",
                        "start": 81.02420795790529
                    }
                ]
            },
            {
                "color": "",
                "compute": {
                    "end": 24.79583224547735,
                    "start": 20.39583224547735
                },
                "execution_host": {
                    "cores": 32,
                    "flop_rate": 1000000000.0,
                    "hostname": "compute_host",
                    "memory": 268000000000.0
                },
                "failed": -1.0,
                "num_cores_allocated": 1,
                "read": [
                    {
                        "end": 20.39583224547735,
                        "id": "file_2_0",
                        "start": 7.75917525773196e-18
                    }
                ],
                "task_id": "task_2_0",
                "terminated": -1.0,