{"cruise_cortex_extraction": {"cputime": 272.45085048675537, "read": 0.08171600332525486, "write": 0.16343200664960023}, "extract_brain_region": {"cputime": 75.76031446456909, "read": 0.2860052801343045, "write": 0.18386100748182344}, "mgdm_segmentation": {"cputime": 614.2867069244384, "read": 0.04085800166274112, "write": 0.2860052801343045}, "mp2rage_skullstripping": {"cputime": 137.20237159729007, "read": 0.6342216258067708, "write": 0.08171600332548223}}