{
  "mp2rage_skullstripping": {
    "cputime": 136.64184379577637,
    "read": 0.23916759784958277,
    "write": 0.006278825020757495
  },
  "mgdm_segmentation": {
    "cputime": 623.8712430000305,
    "read": 0.004523963216939819,
    "write": 0.03629091001675988
  },
  "extract_brain_region": {
    "cputime": 80.50609922409058,
    "read": 0.03629091001675988,
    "write": 0.025095751454841775
  },
  "cruise_cortex_extraction": {
    "cputime": 269.66171407699585,
    "read": 0.0097756764339465,
    "write": 0.05194378034093461
  }
}