{"mp2rage_skullstripping": {"cputime": 136.64184379577637, "read": 0.23465514183044434, "write": 2.2616758346557617}, "mgdm_segmentation": {"cputime": 623.8712430000305, "read": 0.008255720138549805, "write": 11.356703996658325}, "extract_brain_region": {"cputime": 80.50609922409058, "read": 0.09470081329345703, "write": 7.095756769180298}, "cruise_cortex_extraction": {"cputime": 269.66171407699585, "read": 0.015602588653564453, "write": 11.92393159866333}}