{"mp2rage_skullstripping": {"cputime": 137.20237159729004, "read": 0.6076092720031738, "write": 0.20000314712524414}, "mgdm_segmentation": {"cputime": 614.2867069244385, "read": 0.0618131160736084, "write": 1.2886967658996582}, "extract_brain_region": {"cputime": 75.76031446456909, "read": 0.6071243286132812, "write": 0.44809532165527344}, "cruise_cortex_extraction": {"cputime": 272.45085048675537, "read": 0.12237310409545898, "write": 0.3769965171813965}}