{
    "workflow_execution": {
        "tasks": [
            {
                "color": "",
                "compute": {
                    "end": 31.594269527976824,
                    "start": 27.194269527976825
                },
                "execution_host": {
                    "cores": 32,
                    "flop_rate": 1000000000.0,
                    "hostname": "compute_host",
                    "memory_manager_service": 268000000000.0
                },
                "failed": -1.0,
                "num_cores_allocated": 1,
                "read": [
                    {
                        "end": 27.194269527976825,
                        "id": "file_0_0",
                        "start": 1.1084536082474228e-18
                    }
                ],
                "task_id": "task_0_0",
                "terminated": -1.0,
                "whole_task": {
                    "end": 58.70593538959806,
                    "start": 1.1084536082474228e-18
                },
                "write": [
                    {
                        "end": 58.70593538959806,
                        "id": "file_0_1",
                        "start": 31.594269527976824
                    }
                ]
            },
            {
                "color": "",
                "compute": {
                    "end": 67.61015101345556,
                    "start": 63.210151013455565
                },
                "execution_host": {
                    "cores": 32,
                    "flop_rate": 1000000000.0,
                    "hostname": "compute_host",
                    "memory_manager_service": 268000000000.0
                },
                "failed": -1.0,
                "num_cores_allocated": 1,
                "read": [
                    {
                        "end": 63.210151013455565,
                        "id": "file_0_1",
                        "start": 58.70593538959806
                    }
                ],
                "task_id": "task_0_1",
                "terminated": -1.0,
                "whole_task": {
                    "end": 94.72181687526935,
                    "start": 58.70593538959806
                },
                "write": [
                    {
                        "end": 94.72181687526935,
                        "id": "file_0_2",
                        "start": 67.61015101345556
                    }
                ]
            },
            {
                "color": "",
                "compute": {
                    "end": 103.62603249912708,
                    "start": 99.22603249912707
                },
                "execution_host": {
                    "cores": 32,
                    "flop_rate": 1000000000.0,
                    "hostname": "compute_host",
                    "memory_manager_service": 268000000000.0
                },
                "failed": -1.0,
                "num_cores_allocated": 1,
                "read": [
                    {
                        "end": 99.22603249912707,
                        "id": "file_0_2",
                        "start": 94.72181687526935
                    }
                ],
                "task_id": "task_0_2",
                "terminated": -1.0,
                "whole_task": {
                    "end": 130.73769835730337,
                    "start": 94.72181687526935
                },
                "write": [
                    {
                        "end": 130.73769835730337,
                        "id": "file_0_3",
                        "start": 103.62603249912708
                    }
                ]
            },
            {
                "color": "",
                "compute": {
                    "end": 31.594269527976824,
                    "start": 27.194269527976825
                },
                "execution_host": {
                    "cores": 32,
                    "flop_rate": 1000000000.0,
                    "hostname": "compute_host",
                    "memory_manager_service": 268000000000.0
                },
                "failed": -1.0,
                "num_cores_allocated": 1,
                "read": [
                    {
                        "end": 27.194269527976825,
                        "id": "file_1_0",
                        "start": 4.433814432989691e-18
                    }
                ],
                "task_id": "task_1_0",
                "terminated": -1.0,
                "whole_task": {
                    "end": 58.70593538959806,
                    "start": 4.433814432989691e-18
                },
                "write": [
                    {
                        "end": 58.70593538959806,
                        "id": "file_1_1",
                        "start": 31.594269527976824
                    }
                ]
            },
            {
                "color": "",
                "compute": {
                    "end": 67.61015101345556,
                    "start": 63.210151013455565
                },
                "execution_host": {
                    "cores": 32,
                    "flop_rate": 1000000000.0,
                    "hostname": "compute_host",
                    "memory_manager_service": 268000000000.0
                },
                "failed": -1.0,
                "num_cores_allocated": 1,
                "read": [
                    {
                        "end": 63.210151013455565,
                        "id": "file_1_1",
                        "start": 58.70593538959806
                    }
                ],
                "task_id": "task_1_1",
                "terminated": -1.0,
                "whole_task": {
                    "end": 94.72181687526935,
                    "start": 58.70593538959806
                },
                "write": [
                    {
                        "end": 94.72181687526935,
                        "id": "file_1_2",
                        "start": 67.61015101345556
                    }
                ]
            },
            {
                "color": "",
                "compute": {
                    "end": 103.62603249912708,
                    "start": 99.22603249912707
                },
                "execution_host": {
                    "cores": 32,
                    "flop_rate": 1000000000.0,
                    "hostname": "compute_host",
                    "memory_manager_service": 268000000000.0
                },
                "failed": -1.0,
                "num_cores_allocated": 1,
                "read": [
                    {
                        "end": 99.22603249912707,
                        "id": "file_1_2",
                        "start": 94.72181687526935
                    }
                ],
                "task_id": "task_1_2",
                "terminated": -1.0,
                "whole_task": {
                    "end": 130.73769835730337,
                    "start": 94.72181687526935
                },
                "write": [
                    {
                        "end": 130.73769835730337,
                        "id": "file_1_3",
                        "start": 103.62603249912708
                    }
                ]
            },
            {
                "color": "",
                "compute": {
                    "end": 31.594269527976824,
                    "start": 27.194269527976825
                },
                "execution_host": {
                    "cores": 32,
                    "flop_rate": 1000000000.0,
                    "hostname": "compute_host",
                    "memory_manager_service": 268000000000.0
                },
                "failed": -1.0,
                "num_cores_allocated": 1,
                "read": [
                    {
                        "end": 27.194269527976825,
                        "id": "file_2_0",