{
    "workflow_execution": {
        "tasks": [
            {
                "color": "",
                "compute": {
                    "end": 31.594269480074438,
                    "start": 27.19426948007444
                },
                "execution_host": {
                    "cores": 32,
                    "flop_rate": 1000000000.0,
                    "hostname": "compute_host",
                    "memory": 268000000000.0
                },
                "failed": -1.0,
                "num_cores_allocated": 1,
                "read": [
                    {
                        "end": 27.19426948007444,
                        "id": "file_0_0",
                        "start": 1.1084536082474228e-18
                    }
                ],
                "task_id": "task_0_0",
                "terminated": -1.0,
                "whole_task": {
                    "end": 58.705935301123596,
                    "start": 1.1084536082474228e-18
                },
                "write": [
                    {
                        "end": 58.705935301123596,
                        "id": "file_0_1",
                        "start": 31.594269480074438
                    }
                ]
            },
            {
                "color": "",
                "compute": {
                    "end": 67.6101509249811,
                    "start": 63.2101509249811
                },
                "execution_host": {
                    "cores": 32,
                    "flop_rate": 1000000000.0,
                    "hostname": "compute_host",
                    "memory": 268000000000.0
                },
                "failed": -1.0,
                "num_cores_allocated": 1,
                "read": [
                    {
                        "end": 63.2101509249811,
                        "id": "file_0_1",
                        "start": 58.705935301123596
                    }
                ],
                "task_id": "task_0_1",
                "terminated": -1.0,
                "whole_task": {
                    "end": 94.72181673932585,
                    "start": 58.705935301123596
                },
                "write": [
                    {
                        "end": 94.72181673932585,
                        "id": "file_0_2",
                        "start": 67.6101509249811
                    }
                ]
            },
            {
                "color": "",
                "compute": {
                    "end": 103.62603236318357,
                    "start": 99.22603236318356
                },
                "execution_host": {
                    "cores": 32,
                    "flop_rate": 1000000000.0,
                    "hostname": "compute_host",
                    "memory": 268000000000.0
                },
                "failed": -1.0,
                "num_cores_allocated": 1,
                "read": [
                    {
                        "end": 99.22603236318356,
                        "id": "file_0_2",
                        "start": 94.72181673932585
                    }
                ],
                "task_id": "task_0_2",
                "terminated": -1.0,
                "whole_task": {
                    "end": 130.7376981775281,
                    "start": 94.72181673932585
                },
                "write": [
                    {
                        "end": 130.7376981775281,
                        "id": "file_0_3",
                        "start": 103.62603236318357
                    }
                ]
            },
            {
                "color": "",
                "compute": {
                    "end": 31.594269480074438,
                    "start": 27.19426948007444
                },
                "execution_host": {
                    "cores": 32,
                    "flop_rate": 1000000000.0,
                    "hostname": "compute_host",
                    "memory": 268000000000.0
                },
                "failed": -1.0,
                "num_cores_allocated": 1,
                "read": [
                    {
                        "end": 27.19426948007444,
                        "id": "file_1_0",
                        "start": 4.433814432989691e-18
                    }
                ],
                "task_id": "task_1_0",
                "terminated": -1.0,
                "whole_task": {
                    "end": 58.705935301123596,
                    "start": 4.433814432989691e-18
                },
                "write": [
                    {
                        "end": 58.705935301123596,
                        "id": "file_1_1",
                        "start": 31.594269480074438
                    }
                ]
            },
            {
                "color": "",
                "compute": {
                    "end": 67.6101509249811,
                    "start": 63.2101509249811
                },
                "execution_host": {
                    "cores": 32,
                    "flop_rate": 1000000000.0,
                    "hostname": "compute_host",
                    "memory": 268000000000.0
                },
                "failed": -1.0,
                "num_cores_allocated": 1,
                "read": [
                    {
                        "end": 63.2101509249811,
                        "id": "file_1_1",
                        "start": 58.705935301123596
                    }
                ],
                "task_id": "task_1_1",
                "terminated": -1.0,
                "whole_task": {
                    "end": 94.72181673932585,
                    "start": 58.705935301123596
                },
                "write": [
                    {
                        "end": 94.72181673932585,
                        "id": "file_1_2",
                        "start": 67.6101509249811
                    }
                ]
            },
            {
                "color": "",
                "compute": {
                    "end": 103.62603236318357,
                    "start": 99.22603236318356
                },
                "execution_host": {
                    "cores": 32,
                    "flop_rate": 1000000000.0,
                    "hostname": "compute_host",
                    "memory": 268000000000.0
                },
                "failed": -1.0,
                "num_cores_allocated": 1,
                "read": [
                    {
                        "end": 99.22603236318356,
                        "id": "file_1_2",
                        "start": 94.72181673932585
                    }
                ],
                "task_id": "task_1_2",
                "terminated": -1.0,
                "whole_task": {
                    "end": 130.7376981775281,
                    "start": 94.72181673932585
                },
                "write": [
                    {
                        "end": 130.7376981775281,
                        "id": "file_1_3",
                        "start": 103.62603236318357
                    }
                ]
            },
            {
                "color": "",
                "compute": {
                    "end": 31.594269480074438,
                    "start": 27.19426948007444
                },
                "execution_host": {
                    "cores": 32,
                    "flop_rate": 1000000000.0,
                    "hostname": "compute_host",
                    "memory": 268000000000.0
                },
                "failed": -1.0,
                "num_cores_allocated": 1,
                "read": [
                    {
                        "end": 27.19426948007444,
                        "id": "file_2_0",
                        "start": 7.75917525773196e-18
                    }
                ],
                "task_id": "task_2_0",
                "terminated": -1.0,