{
    "workflow_execution": {
        "tasks": [
            {
                "color": "",
                "compute": {
                    "end": 38.39270668403528,
                    "start": 33.992706684035284
                },
                "execution_host": {
                    "cores": 32,
                    "flop_rate": 1000000000.0,
                    "hostname": "compute_host",
                    "memory": 268000000000.0
                },
                "failed": -1.0,
                "num_cores_allocated": 1,
                "read": [
                    {
                        "end": 33.992706684035284,
                        "id": "file_0_0",
                        "start": 1.1084536082474228e-18
                    }
                ],
                "task_id": "task_0_0",
                "terminated": -1.0,
                "whole_task": {
                    "end": 72.28202871685393,
                    "start": 1.1084536082474228e-18
                },
                "write": [
                    {
                        "end": 72.28202871685393,
                        "id": "file_0_1",
                        "start": 38.39270668403528
                    }
                ]
            },
            {
                "color": "",
                "compute": {
                    "end": 82.31028169759037,
                    "start": 77.91028169759036
                },
                "execution_host": {
                    "cores": 32,
                    "flop_rate": 1000000000.0,
                    "hostname": "compute_host",
                    "memory": 268000000000.0
                },
                "failed": -1.0,
                "num_cores_allocated": 1,
                "read": [
                    {
                        "end": 77.91028169759036,
                        "id": "file_0_1",
                        "start": 72.28202871685393
                    }
                ],
                "task_id": "task_0_1",
                "terminated": -1.0,
                "whole_task": {
                    "end": 116.19960372808988,
                    "start": 72.28202871685393
                },
                "write": [
                    {
                        "end": 116.19960372808988,
                        "id": "file_0_2",
                        "start": 82.31028169759037
                    }
                ]
            },
            {
                "color": "",
                "compute": {
                    "end": 126.22785670882632,
                    "start": 121.82785670882632
                },
                "execution_host": {
                    "cores": 32,
                    "flop_rate": 1000000000.0,
                    "hostname": "compute_host",
                    "memory": 268000000000.0
                },
                "failed": -1.0,
                "num_cores_allocated": 1,
                "read": [
                    {
                        "end": 121.82785670882632,
                        "id": "file_0_2",
                        "start": 116.19960372808988
                    }
                ],
                "task_id": "task_0_2",
                "terminated": -1.0,
                "whole_task": {
                    "end": 160.11717873932585,
                    "start": 116.19960372808988
                },
                "write": [
                    {
                        "end": 160.11717873932585,
                        "id": "file_0_3",
                        "start": 126.22785670882632
                    }
                ]
            },
            {
                "color": "",
                "compute": {
                    "end": 38.39270668403528,
                    "start": 33.992706684035284
                },
                "execution_host": {
                    "cores": 32,
                    "flop_rate": 1000000000.0,
                    "hostname": "compute_host",
                    "memory": 268000000000.0
                },
                "failed": -1.0,
                "num_cores_allocated": 1,
                "read": [
                    {
                        "end": 33.992706684035284,
                        "id": "file_1_0",
                        "start": 4.433814432989691e-18
                    }
                ],
                "task_id": "task_1_0",
                "terminated": -1.0,
                "whole_task": {
                    "end": 72.28202871685393,
                    "start": 4.433814432989691e-18
                },
                "write": [
                    {
                        "end": 72.28202871685393,
                        "id": "file_1_1",
                        "start": 38.39270668403528
                    }
                ]
            },
            {
                "color": "",
                "compute": {
                    "end": 82.31028169759037,
                    "start": 77.91028169759036
                },
                "execution_host": {
                    "cores": 32,
                    "flop_rate": 1000000000.0,
                    "hostname": "compute_host",
                    "memory": 268000000000.0
                },
                "failed": -1.0,
                "num_cores_allocated": 1,
                "read": [
                    {
                        "end": 77.91028169759036,
                        "id": "file_1_1",
                        "start": 72.28202871685393
                    }
                ],
                "task_id": "task_1_1",
                "terminated": -1.0,
                "whole_task": {
                    "end": 116.19960372808988,
                    "start": 72.28202871685393
                },
                "write": [
                    {
                        "end": 116.19960372808988,
                        "id": "file_1_2",
                        "start": 82.31028169759037
                    }
                ]
            },
            {
                "color": "",
                "compute": {
                    "end": 126.22785670882632,
                    "start": 121.82785670882632
                },
                "execution_host": {
                    "cores": 32,
                    "flop_rate": 1000000000.0,
                    "hostname": "compute_host",
                    "memory": 268000000000.0
                },
                "failed": -1.0,
                "num_cores_allocated": 1,
                "read": [
                    {
                        "end": 121.82785670882632,
                        "id": "file_1_2",
                        "start": 116.19960372808988
                    }
                ],
                "task_id": "task_1_2",
                "terminated": -1.0,
                "whole_task": {
                    "end": 160.11717873932585,
                    "start": 116.19960372808988
                },
                "write": [
                    {
                        "end": 160.11717873932585,
                        "id": "file_1_3",
                        "start": 126.22785670882632
                    }
                ]
            },
            {
                "color": "",
                "compute": {
                    "end": 38.39270668403528,
                    "start": 33.992706684035284
                },
                "execution_host": {
                    "cores": 32,
                    "flop_rate": 1000000000.0,
                    "hostname": "compute_host",
                    "memory": 268000000000.0
                },
                "failed": -1.0,
                "num_cores_allocated": 1,
                "read": [
                    {
                        "end": 33.992706684035284,
                        "id": "file_2_0",
                        "start": 7.75917525773196e-18
                    }
                ],
                "task_id": "task_2_0",
                "terminated": -1.0,