{
    "workflow_execution": {
        "tasks": [
            {
                "color": "",
                "compute": {
                    "end": 17.99739496257446,
                    "start": 13.597394962574459
                },
                "execution_host": {
                    "cores": 32,
                    "flop_rate": 1000000000.0,
                    "hostname": "compute_host",
                    "memory_manager_service": 268000000000.0
                },
                "failed": -1.0,
                "num_cores_allocated": 1,
                "read": [
                    {
                        "end": 13.597394962574459,
                        "id": "file_0_0",
                        "start": 1.1084536082474228e-18
                    }
                ],
                "task_id": "task_0_0",
                "terminated": -1.0,
                "whole_task": {
                    "end": 31.553748326120694,
                    "start": 1.1084536082474228e-18
                },
                "write": [
                    {
                        "end": 31.553748326120694,
                        "id": "file_0_1",
                        "start": 17.99739496257446
                    }
                ]
            },
            {
                "color": "",
                "compute": {
                    "end": 38.2098892382989,
                    "start": 33.8098892382989
                },
                "execution_host": {
                    "cores": 32,
                    "flop_rate": 1000000000.0,
                    "hostname": "compute_host",
                    "memory_manager_service": 268000000000.0
                },
                "failed": -1.0,
                "num_cores_allocated": 1,
                "read": [
                    {
                        "end": 33.8098892382989,
                        "id": "file_0_1",
                        "start": 31.553748326120694
                    }
                ],
                "task_id": "task_0_1",
                "terminated": -1.0,
                "whole_task": {
                    "end": 51.76624260194609,
                    "start": 31.553748326120694
                },
                "write": [
                    {
                        "end": 51.76624260194609,
                        "id": "file_0_2",
                        "start": 38.2098892382989
                    }
                ]
            },
            {
                "color": "",
                "compute": {
                    "end": 58.42238351412431,
                    "start": 54.022383514124314
                },
                "execution_host": {
                    "cores": 32,
                    "flop_rate": 1000000000.0,
                    "hostname": "compute_host",
                    "memory_manager_service": 268000000000.0
                },
                "failed": -1.0,
                "num_cores_allocated": 1,
                "read": [
                    {
                        "end": 54.022383514124314,
                        "id": "file_0_2",
                        "start": 51.76624260194609
                    }
                ],
                "task_id": "task_0_2",
                "terminated": -1.0,
                "whole_task": {
                    "end": 71.9787368768215,
                    "start": 51.76624260194609
                },
                "write": [
                    {
                        "end": 71.9787368768215,
                        "id": "file_0_3",
                        "start": 58.42238351412431
                    }
                ]
            },
            {
                "color": "",
                "compute": {
                    "end": 17.99739496257446,
                    "start": 13.597394962574459
                },
                "execution_host": {
                    "cores": 32,
                    "flop_rate": 1000000000.0,
                    "hostname": "compute_host",
                    "memory_manager_service": 268000000000.0
                },
                "failed": -1.0,
                "num_cores_allocated": 1,
                "read": [
                    {
                        "end": 13.597394962574459,
                        "id": "file_1_0",
                        "start": 4.433814432989691e-18
                    }
                ],
                "task_id": "task_1_0",
                "terminated": -1.0,
                "whole_task": {
                    "end": 31.553748326120694,
                    "start": 4.433814432989691e-18
                },
                "write": [
                    {
                        "end": 31.553748326120694,
                        "id": "file_1_1",
                        "start": 17.99739496257446
                    }
                ]
            },
            {
                "color": "",
                "compute": {
                    "end": 38.2098892382989,
                    "start": 33.8098892382989
                },
                "execution_host": {
                    "cores": 32,
                    "flop_rate": 1000000000.0,
                    "hostname": "compute_host",
                    "memory_manager_service": 268000000000.0
                },
                "failed": -1.0,
                "num_cores_allocated": 1,
                "read": [
                    {
                        "end": 33.8098892382989,
                        "id": "file_1_1",
                        "start": 31.553748326120694
                    }
                ],
                "task_id": "task_1_1",
                "terminated": -1.0,
                "whole_task": {
                    "end": 51.76624260194609,
                    "start": 31.553748326120694
                },
                "write": [
                    {
                        "end": 51.76624260194609,
                        "id": "file_1_2",
                        "start": 38.2098892382989
                    }
                ]
            },
            {
                "color": "",
                "compute": {
                    "end": 58.42238351412431,
                    "start": 54.022383514124314
                },
                "execution_host": {
                    "cores": 32,
                    "flop_rate": 1000000000.0,
                    "hostname": "compute_host",
                    "memory_manager_service": 268000000000.0
                },
                "failed": -1.0,
                "num_cores_allocated": 1,
                "read": [
                    {
                        "end": 54.022383514124314,
                        "id": "file_1_2",
                        "start": 51.76624260194609
                    }
                ],
                "task_id": "task_1_2",
                "terminated": -1.0,
                "whole_task": {
                    "end": 71.9787368768215,
                    "start": 51.76624260194609
                },
                "write": [
                    {
                        "end": 71.9787368768215,
                        "id": "file_1_3",
                        "start": 58.42238351412431
                    }
                ]
            }
        ]
    }
}
