{
    "workflow_execution": {
        "tasks": [
            {
                "color": "",
                "compute": {
                    "end": 11.19895766348716,
                    "start": 6.798957663487161
                },
                "execution_host": {
                    "cores": 32,
                    "flop_rate": 1000000000.0,
                    "hostname": "compute_host",
                    "memory_manager_service": 268000000000.0
                },
                "failed": -1.0,
                "num_cores_allocated": 1,
                "read": [
                    {
                        "end": 6.798957663487161,
                        "id": "file_0_0",
                        "start": 1.1084536082474228e-18
                    }
                ],
                "task_id": "task_0_0",
                "terminated": -1.0,
                "whole_task": {
                    "end": 17.977654713193573,
                    "start": 1.1084536082474228e-18
                },
                "write": [
                    {
                        "end": 17.977654713193573,
                        "id": "file_0_1",
                        "start": 11.19895766348716
                    }
                ]
            },
            {
                "color": "",
                "compute": {
                    "end": 23.50975826932424,
                    "start": 19.109758269324242
                },
                "execution_host": {
                    "cores": 32,
                    "flop_rate": 1000000000.0,
                    "hostname": "compute_host",
                    "memory_manager_service": 268000000000.0
                },
                "failed": -1.0,
                "num_cores_allocated": 1,
                "read": [
                    {
                        "end": 19.109758269324242,
                        "id": "file_0_1",
                        "start": 17.977654713193573
                    }
                ],
                "task_id": "task_0_1",
                "terminated": -1.0,
                "whole_task": {
                    "end": 30.288455319101125,
                    "start": 17.977654713193573
                },
                "write": [
                    {
                        "end": 30.288455319101125,
                        "id": "file_0_2",
                        "start": 23.50975826932424
                    }
                ]
            },
            {
                "color": "",
                "compute": {
                    "end": 35.8205588752318,
                    "start": 31.420558875231794
                },
                "execution_host": {
                    "cores": 32,
                    "flop_rate": 1000000000.0,
                    "hostname": "compute_host",
                    "memory_manager_service": 268000000000.0
                },
                "failed": -1.0,
                "num_cores_allocated": 1,
                "read": [
                    {
                        "end": 31.420558875231794,
                        "id": "file_0_2",
                        "start": 30.288455319101125
                    }
                ],
                "task_id": "task_0_2",
                "terminated": -1.0,
                "whole_task": {
                    "end": 42.5992559242905,
                    "start": 30.288455319101125
                },
                "write": [
                    {
                        "end": 42.5992559242905,
                        "id": "file_0_3",
                        "start": 35.8205588752318
                    }
                ]
            }
        ]
    }
}
