{
    "workflow_execution": {
        "tasks": [
            {
                "color": "",
                "compute": {
                    "end": 24.795832258960502,
                    "start": 20.3958322589605
                },
                "execution_host": {
                    "cores": 32,
                    "flop_rate": 1000000000.0,
                    "hostname": "compute_host",
                    "memory_manager_service": 268000000000.0
                },
                "failed": -1.0,
                "num_cores_allocated": 1,
                "read": [
                    {
                        "end": 20.3958322589605,
                        "id": "file_0_0",
                        "start": 1.1084536082474228e-18
                    }
                ],
                "task_id": "task_0_0",
                "terminated": -1.0,
                "whole_task": {
                    "end": 45.12984187640449,
                    "start": 1.1084536082474228e-18
                },
                "write": [
                    {
                        "end": 45.12984187640449,
                        "id": "file_0_1",
                        "start": 24.795832258960502
                    }
                ]
            },
            {
                "color": "",
                "compute": {
                    "end": 52.91002014442237,
                    "start": 48.51002014442237
                },
                "execution_host": {
                    "cores": 32,
                    "flop_rate": 1000000000.0,
                    "hostname": "compute_host",
                    "memory_manager_service": 268000000000.0
                },
                "failed": -1.0,
                "num_cores_allocated": 1,
                "read": [
                    {
                        "end": 48.51002014442237,
                        "id": "file_0_1",
                        "start": 45.12984187640449
                    }
                ],
                "task_id": "task_0_1",
                "terminated": -1.0,
                "whole_task": {
                    "end": 73.24402975118727,
                    "start": 45.12984187640449
                },
                "write": [
                    {
                        "end": 73.24402975118727,
                        "id": "file_0_2",
                        "start": 52.91002014442237
                    }
                ]
            },
            {
                "color": "",
                "compute": {
                    "end": 81.02420801920492,
                    "start": 76.62420801920491
                },
                "execution_host": {
                    "cores": 32,
                    "flop_rate": 1000000000.0,
                    "hostname": "compute_host",
                    "memory_manager_service": 268000000000.0
                },
                "failed": -1.0,
                "num_cores_allocated": 1,
                "read": [
                    {
                        "end": 76.62420801920491,
                        "id": "file_0_2",
                        "start": 73.24402975118727
                    }
                ],
                "task_id": "task_0_2",
                "terminated": -1.0,
                "whole_task": {
                    "end": 101.35821763166916,
                    "start": 73.24402975118727
                },
                "write": [
                    {
                        "end": 101.35821763166916,
                        "id": "file_0_3",
                        "start": 81.02420801920492
                    }
                ]
            },
            {
                "color": "",
                "compute": {
                    "end": 24.795832258960502,
                    "start": 20.3958322589605
                },
                "execution_host": {
                    "cores": 32,
                    "flop_rate": 1000000000.0,
                    "hostname": "compute_host",
                    "memory_manager_service": 268000000000.0
                },
                "failed": -1.0,
                "num_cores_allocated": 1,
                "read": [
                    {
                        "end": 20.3958322589605,
                        "id": "file_1_0",
                        "start": 4.433814432989691e-18
                    }
                ],
                "task_id": "task_1_0",
                "terminated": -1.0,
                "whole_task": {
                    "end": 45.12984187640449,
                    "start": 4.433814432989691e-18
                },
                "write": [
                    {
                        "end": 45.12984187640449,
                        "id": "file_1_1",
                        "start": 24.795832258960502
                    }
                ]
            },
            {
                "color": "",
                "compute": {
                    "end": 52.91002014442237,
                    "start": 48.51002014442237
                },
                "execution_host": {
                    "cores": 32,
                    "flop_rate": 1000000000.0,
                    "hostname": "compute_host",
                    "memory_manager_service": 268000000000.0
                },
                "failed": -1.0,
                "num_cores_allocated": 1,
                "read": [
                    {
                        "end": 48.51002014442237,
                        "id": "file_1_1",
                        "start": 45.12984187640449
                    }
                ],
                "task_id": "task_1_1",
                "terminated": -1.0,
                "whole_task": {
                    "end": 73.24402975118727,
                    "start": 45.12984187640449
                },
                "write": [
                    {
                        "end": 73.24402975118727,
                        "id": "file_1_2",
                        "start": 52.91002014442237
                    }
                ]
            },
            {
                "color": "",
                "compute": {
                    "end": 81.02420801920492,
                    "start": 76.62420801920491
                },
                "execution_host": {
                    "cores": 32,
                    "flop_rate": 1000000000.0,
                    "hostname": "compute_host",
                    "memory_manager_service": 268000000000.0
                },
                "failed": -1.0,
                "num_cores_allocated": 1,
                "read": [
                    {
                        "end": 76.62420801920491,
                        "id": "file_1_2",
                        "start": 73.24402975118727
                    }
                ],
                "task_id": "task_1_2",
                "terminated": -1.0,
                "whole_task": {
                    "end": 101.35821763166916,
                    "start": 73.24402975118727
                },
                "write": [
                    {
                        "end": 101.35821763166916,
                        "id": "file_1_3",
                        "start": 81.02420801920492
                    }
                ]
            },
            {
                "color": "",
                "compute": {
                    "end": 24.795832258960502,
                    "start": 20.3958322589605
                },
                "execution_host": {
                    "cores": 32,
                    "flop_rate": 1000000000.0,
                    "hostname": "compute_host",
                    "memory_manager_service": 268000000000.0
                },
                "failed": -1.0,
                "num_cores_allocated": 1,
                "read": [
                    {
                        "end": 20.3958322589605,
                        "id": "file_2_0",