type, start, end
read, 0.000000, 215.053763
write, 370.053763, 500.204301
read, 500.204301, 532.462366
write, 687.462366, 817.440860
read, 817.440860, 977.010753
write, 1132.010753, 1261.784946
