type, start, end
read, 0.000000, 43.010753
write, 71.010753, 78.244026
read, 78.244026, 85.477299
write, 113.477299, 120.710572
read, 120.710572, 127.943845
write, 155.943845, 163.177118
