type, start, end
read, 0.000000, 107.526882
write, 182.526882, 200.610064
read, 200.610064, 218.693247
write, 293.693247, 311.776430
read, 311.776430, 329.859612
write, 404.859612, 422.942795
