type, start, end
read, 0.000000, 107.526882
write, 182.526882, 198.655914
read, 198.655914, 214.784946
write, 289.784946, 305.913978
read, 305.913978, 322.043011
write, 397.043011, 413.172043
