type, start, end
read, 0.000000, 161.290323
write, 271.290323, 334.118280
read, 334.118280, 358.311828
write, 468.311828, 531.086022
read, 531.086022, 555.279570
write, 665.279570, 728.397849
