type, start, end
read, 0.000000, 161.290323
write, 271.290323, 336.084602
read, 336.084602, 363.209376
write, 473.209376, 538.281534
read, 538.281534, 565.406308
write, 675.406308, 741.226939
