read_start,read_end,cpu_start,cpu_end,write_start,write_end
1604803552.891000, 1604803702.785000, 1604803702.785000, 1604803708.642000, 1604803708.642000, 1604803951.543000
1604803951.557000, 1604804049.239000, 1604804049.239000, 1604804054.458000, 1604804054.458000, 1604804112.711000
1604804112.817000, 1604804184.234000, 1604804184.234000, 1604804189.124000, 1604804189.124000, 1604804458.335000
