read_start,read_end,cpu_start,cpu_end,write_start,write_end
1604804545.465000, 1604804700.826000, 1604804700.826000, 1604804706.561000, 1604804706.561000, 1604804962.065000
1604804962.074000, 1604804975.977000, 1604804975.977000, 1604804980.960000, 1604804980.960000, 1604805243.549000
1604805243.576000, 1604805265.594000, 1604805265.594000, 1604805271.309000, 1604805271.309000, 1604805548.762000
