read_start,read_end,cpu_start,cpu_end,write_start,write_end
1604807759.332000, 1604807931.351000, 1604807931.351000, 1604807937.576000, 1604807937.576000, 1604808223.639000
1604808223.657000, 1604808247.114000, 1604808247.114000, 1604808253.479000, 1604808253.479000, 1604808393.466000
1604808393.535000, 1604808555.940000, 1604808555.940000, 1604808562.135000, 1604808562.135000, 1604808717.460000
