read_start,read_end,cpu_start,cpu_end,write_start,write_end
1604807759.333000, 1604807931.351000, 1604807931.351000, 1604807937.906000, 1604807937.906000, 1604808207.273000
1604808207.290000, 1604808217.213000, 1604808217.213000, 1604808222.939000, 1604808222.939000, 1604808288.581000
1604808288.681000, 1604808375.870000, 1604808375.870000, 1604808381.583000, 1604808381.583000, 1604808766.668000
