read_start,read_end,cpu_start,cpu_end,write_start,write_end
1604796702.646000, 1604796807.800000, 1604796807.800000, 1604796813.519000, 1604796813.519000, 1604796991.938000
1604796991.958000, 1604797022.147000, 1604797022.147000, 1604797028.054000, 1604797028.054000, 1604797164.751000
1604797164.769000, 1604797179.323000, 1604797179.323000, 1604797183.884000, 1604797183.884000, 1604797275.739000
