read_start,read_end,cpu_start,cpu_end,write_start,write_end
1604807759.327000, 1604807931.351000, 1604807931.351000, 1604807938.110000, 1604807938.110000, 1604808247.863000
1604808247.875000, 1604808371.616000, 1604808371.616000, 1604808377.492000, 1604808377.492000, 1604808717.308000
1604808717.465000, 1604808722.298000, 1604808722.298000, 1604808726.894000, 1604808726.894000, 1604808753.697000
