read_start,read_end,cpu_start,cpu_end,write_start,write_end
1604791197.854000, 1604791236.660000, 1604791236.660000, 1604791241.904000, 1604791241.904000, 1604791296.341000
1604791296.355000, 1604791305.501000, 1604791305.501000, 1604791310.338000, 1604791310.338000, 1604791357.114000
1604791357.128000, 1604791358.980000, 1604791358.980000, 1604791363.743000, 1604791363.743000, 1604791373.773000
