read_start,read_end,cpu_start,cpu_end,write_start,write_end
1604807759.310000, 1604807931.148000, 1604807931.148000, 1604807937.514000, 1604807937.514000, 1604808224.805000
1604808224.820000, 1604808250.207000, 1604808250.207000, 1604808255.690000, 1604808255.690000, 1604808400.194000
1604808400.264000, 1604808555.964000, 1604808555.964000, 1604808562.320000, 1604808562.320000, 1604808717.453000
