read_start,read_end,cpu_start,cpu_end,write_start,write_end
1604791674.722000, 1604791724.613000, 1604791724.613000, 1604791729.522000, 1604791729.522000, 1604791795.623000
1604791795.653000, 1604791808.803000, 1604791808.803000, 1604791813.792000, 1604791813.792000, 1604791864.259000
1604791864.273000, 1604791887.626000, 1604791887.626000, 1604791892.503000, 1604791892.503000, 1604791946.811000
