read_start,read_end,cpu_start,cpu_end,write_start,write_end
1604798200.473000, 1604798316.616000, 1604798316.616000, 1604798321.996000, 1604798321.996000, 1604798507.456000
1604798507.509000, 1604798543.540000, 1604798543.540000, 1604798549.340000, 1604798549.340000, 1604798758.103000
1604798758.483000, 1604798787.817000, 1604798787.817000, 1604798793.592000, 1604798793.592000, 1604798992.736000
