read_start,read_end,cpu_start,cpu_end,write_start,write_end
1604799923.549000, 1604800051.147000, 1604800051.147000, 1604800057.107000, 1604800057.107000, 1604800267.409000
1604800267.432000, 1604800301.240000, 1604800301.240000, 1604800306.898000, 1604800306.898000, 1604800582.950000
1604800583.595000, 1604800615.131000, 1604800615.131000, 1604800620.908000, 1604800620.908000, 1604800827.993000
