read_start,read_end,cpu_start,cpu_end,write_start,write_end
1604803552.901000, 1604803702.787000, 1604803702.787000, 1604803708.535000, 1604803708.535000, 1604803944.181000
1604803944.196000, 1604803957.702000, 1604803957.702000, 1604803962.801000, 1604803962.801000, 1604804091.532000
1604804091.659000, 1604804150.892000, 1604804150.892000, 1604804158.160000, 1604804158.160000, 1604804458.552000
