read_start,read_end,cpu_start,cpu_end,write_start,write_end
1604803552.912000, 1604803702.790000, 1604803702.790000, 1604803708.784000, 1604803708.784000, 1604803995.503000
1604803995.520000, 1604804093.838000, 1604804093.838000, 1604804098.850000, 1604804098.850000, 1604804166.602000
1604804166.681000, 1604804310.494000, 1604804310.494000, 1604804314.982000, 1604804314.982000, 1604804455.962000
