read_start,read_end,cpu_start,cpu_end,write_start,write_end
1604791674.721000, 1604791724.622000, 1604791724.622000, 1604791729.360000, 1604791729.360000, 1604791795.769000
1604791795.787000, 1604791808.834000, 1604791808.834000, 1604791814.066000, 1604791814.066000, 1604791883.565000
1604791883.579000, 1604791893.743000, 1604791893.743000, 1604791898.702000, 1604791898.702000, 1604791959.404000
