read_start,read_end,cpu_start,cpu_end,write_start,write_end
1604799923.554000, 1604800051.152000, 1604800051.152000, 1604800057.051000, 1604800057.051000, 1604800267.371000
1604800267.394000, 1604800299.787000, 1604800299.787000, 1604800305.150000, 1604800305.150000, 1604800583.009000
1604800583.623000, 1604800615.133000, 1604800615.133000, 1604800620.688000, 1604800620.688000, 1604800826.447000
