read_start,read_end,cpu_start,cpu_end,write_start,write_end
1604804545.463000, 1604804700.825000, 1604804700.825000, 1604804706.558000, 1604804706.558000, 1604804960.380000
1604804960.394000, 1604804971.960000, 1604804971.960000, 1604804976.865000, 1604804976.865000, 1604805243.540000
1604805243.557000, 1604805265.439000, 1604805265.439000, 1604805271.444000, 1604805271.444000, 1604805552.694000
