read_start,read_end,cpu_start,cpu_end,write_start,write_end
1604798200.493000, 1604798316.932000, 1604798316.932000, 1604798322.216000, 1604798322.216000, 1604798511.615000
1604798511.652000, 1604798543.559000, 1604798543.559000, 1604798549.751000, 1604798549.751000, 1604798758.333000
1604798758.815000, 1604798787.821000, 1604798787.821000, 1604798795.927000, 1604798795.927000, 1604798992.863000
