read_start,read_end,cpu_start,cpu_end,write_start,write_end
1604791197.854000, 1604791236.697000, 1604791236.697000, 1604791241.698000, 1604791241.698000, 1604791296.575000
1604791296.595000, 1604791305.719000, 1604791305.719000, 1604791310.658000, 1604791310.658000, 1604791359.744000
1604791359.758000, 1604791365.266000, 1604791365.266000, 1604791370.047000, 1604791370.047000, 1604791400.358000
