read_start,read_end,cpu_start,cpu_end,write_start,write_end
1604806630.970000, 1604806797.365000, 1604806797.365000, 1604806804.225000, 1604806804.225000, 1604807046.218000
1604807046.236000, 1604807056.152000, 1604807056.152000, 1604807062.314000, 1604807062.314000, 1604807409.502000
1604807409.571000, 1604807417.661000, 1604807417.661000, 1604807422.596000, 1604807422.596000, 1604807465.262000
