read_start,read_end,cpu_start,cpu_end,write_start,write_end
1604801749.907000, 1604801888.467000, 1604801888.467000, 1604801893.579000, 1604801893.579000, 1604802123.915000
1604802123.936000, 1604802147.091000, 1604802147.091000, 1604802153.077000, 1604802153.077000, 1604802332.573000
1604802332.623000, 1604802383.122000, 1604802383.122000, 1604802389.126000, 1604802389.126000, 1604802595.764000
