read_start,read_end,cpu_start,cpu_end,write_start,write_end
1604796702.666000, 1604796808.078000, 1604796808.078000, 1604796813.369000, 1604796813.369000, 1604796964.151000
1604796964.166000, 1604797021.825000, 1604797021.825000, 1604797027.475000, 1604797027.475000, 1604797265.978000
1604797265.995000, 1604797276.585000, 1604797276.585000, 1604797281.061000, 1604797281.061000, 1604797350.605000
