read_start,read_end,cpu_start,cpu_end,write_start,write_end
1604800854.210000, 1604800987.131000, 1604800987.131000, 1604800992.951000, 1604800992.951000, 1604801210.401000
1604801210.416000, 1604801231.888000, 1604801231.888000, 1604801237.122000, 1604801237.122000, 1604801463.111000
1604801463.343000, 1604801495.658000, 1604801495.658000, 1604801501.464000, 1604801501.464000, 1604801719.742000
