read_start,read_end,cpu_start,cpu_end,write_start,write_end
1604800854.207000, 1604800987.062000, 1604800987.062000, 1604800992.878000, 1604800992.878000, 1604801227.471000
1604801227.486000, 1604801307.023000, 1604801307.023000, 1604801312.180000, 1604801312.180000, 1604801463.380000
1604801463.610000, 1604801495.664000, 1604801495.664000, 1604801501.451000, 1604801501.451000, 1604801719.193000
