read_start,read_end,cpu_start,cpu_end,write_start,write_end
1604791013.848000, 1604791047.102000, 1604791047.102000, 1604791051.704000, 1604791051.704000, 1604791100.197000
1604791100.211000, 1604791105.267000, 1604791105.267000, 1604791110.770000, 1604791110.770000, 1604791151.204000
1604791151.222000, 1604791157.692000, 1604791157.692000, 1604791162.715000, 1604791162.715000, 1604791190.052000
