read_start,read_end,cpu_start,cpu_end,write_start,write_end
1604804545.469000, 1604804700.825000, 1604804700.825000, 1604804706.619000, 1604804706.619000, 1604804974.053000
1604804974.068000, 1604804999.300000, 1604804999.300000, 1604805004.956000, 1604805004.956000, 1604805211.571000
1604805211.661000, 1604805253.317000, 1604805253.317000, 1604805258.483000, 1604805258.483000, 1604805526.806000
