read_start,read_end,cpu_start,cpu_end,write_start,write_end
1604791674.724000, 1604791724.622000, 1604791724.622000, 1604791729.359000, 1604791729.359000, 1604791796.709000
1604791796.723000, 1604791809.219000, 1604791809.219000, 1604791814.458000, 1604791814.458000, 1604791884.248000
1604791884.263000, 1604791894.412000, 1604791894.412000, 1604791899.461000, 1604791899.461000, 1604791951.828000
