read_start,read_end,cpu_start,cpu_end,write_start,write_end
1604801749.915000, 1604801888.473000, 1604801888.473000, 1604801895.346000, 1604801895.346000, 1604802126.810000
1604802126.834000, 1604802148.983000, 1604802148.983000, 1604802155.746000, 1604802155.746000, 1604802340.942000
1604802341.003000, 1604802386.089000, 1604802386.089000, 1604802394.112000, 1604802394.112000, 1604802604.874000
