read_start,read_end,cpu_start,cpu_end,write_start,write_end
1604804545.459000, 1604804700.823000, 1604804700.823000, 1604804707.336000, 1604804707.336000, 1604804990.417000
1604804990.440000, 1604805120.719000, 1604805120.719000, 1604805126.411000, 1604805126.411000, 1604805366.565000
1604805366.962000, 1604805394.755000, 1604805394.755000, 1604805399.753000, 1604805399.753000, 1604805561.072000
