read_start,read_end,cpu_start,cpu_end,write_start,write_end
1604806630.944000, 1604806797.280000, 1604806797.280000, 1604806803.831000, 1604806803.831000, 1604807046.186000
1604807046.202000, 1604807056.137000, 1604807056.137000, 1604807062.986000, 1604807062.986000, 1604807409.503000
1604807409.604000, 1604807417.656000, 1604807417.656000, 1604807422.538000, 1604807422.538000, 1604807466.423000
