read_start,read_end,cpu_start,cpu_end,write_start,write_end
1604790711.820000, 1604790734.021000, 1604790734.021000, 1604790738.624000, 1604790738.624000, 1604790771.157000
1604790771.170000, 1604790775.919000, 1604790775.919000, 1604790781.182000, 1604790781.182000, 1604790807.408000
1604790807.422000, 1604790811.634000, 1604790811.634000, 1604790816.247000, 1604790816.247000, 1604790836.637000
