read_start,read_end,cpu_start,cpu_end,write_start,write_end
1604804545.469000, 1604804700.825000, 1604804700.825000, 1604804706.655000, 1604804706.655000, 1604804973.044000
1604804973.057000, 1604804997.165000, 1604804997.165000, 1604805002.898000, 1604805002.898000, 1604805366.562000
1604805366.882000, 1604805394.755000, 1604805394.755000, 1604805399.792000, 1604805399.792000, 1604805561.064000
