read_start,read_end,cpu_start,cpu_end,write_start,write_end
1604805596.809000, 1604805757.700000, 1604805757.700000, 1604805764.140000, 1604805764.140000, 1604806039.707000
1604806039.737000, 1604806191.582000, 1604806191.582000, 1604806197.051000, 1604806197.051000, 1604806348.183000
1604806348.283000, 1604806440.715000, 1604806440.715000, 1604806445.857000, 1604806445.857000, 1604806588.972000
