read_start,read_end,cpu_start,cpu_end,write_start,write_end
1604791197.854000, 1604791236.697000, 1604791236.697000, 1604791241.546000, 1604791241.546000, 1604791295.608000
1604791295.617000, 1604791301.972000, 1604791301.972000, 1604791306.759000, 1604791306.759000, 1604791344.855000
1604791344.869000, 1604791346.656000, 1604791346.656000, 1604791350.998000, 1604791350.998000, 1604791367.297000
