read_start,read_end,cpu_start,cpu_end,write_start,write_end
1604792290.918000, 1604792351.992000, 1604792351.992000, 1604792356.745000, 1604792356.745000, 1604792456.438000
1604792456.451000, 1604792466.839000, 1604792466.839000, 1604792471.971000, 1604792471.971000, 1604792565.565000
1604792565.579000, 1604792574.321000, 1604792574.321000, 1604792579.254000, 1604792579.254000, 1604792648.746000
