read_start,read_end,cpu_start,cpu_end,write_start,write_end
1604805596.798000, 1604805757.698000, 1604805757.698000, 1604805763.375000, 1604805763.375000, 1604806010.125000
1604806010.143000, 1604806033.315000, 1604806033.315000, 1604806038.927000, 1604806038.927000, 1604806194.048000
1604806194.103000, 1604806318.887000, 1604806318.887000, 1604806325.829000, 1604806325.829000, 1604806397.097000
