read_start,read_end,cpu_start,cpu_end,write_start,write_end
1604794123.268000, 1604794206.502000, 1604794206.502000, 1604794211.985000, 1604794211.985000, 1604794333.130000
1604794333.143000, 1604794349.232000, 1604794349.232000, 1604794354.642000, 1604794354.642000, 1604794483.516000
1604794483.531000, 1604794502.053000, 1604794502.053000, 1604794507.463000, 1604794507.463000, 1604794624.225000
