read_start,read_end,cpu_start,cpu_end,write_start,write_end
1604797443.895000, 1604797554.901000, 1604797554.901000, 1604797560.090000, 1604797560.090000, 1604797751.749000
1604797751.806000, 1604797781.263000, 1604797781.263000, 1604797786.879000, 1604797786.879000, 1604797961.546000
1604797961.578000, 1604797987.581000, 1604797987.581000, 1604797993.682000, 1604797993.682000, 1604798156.771000
