read_start,read_end,cpu_start,cpu_end,write_start,write_end
1604804545.454000, 1604804700.823000, 1604804700.823000, 1604804706.844000, 1604804706.844000, 1604804976.953000
1604804976.967000, 1604805051.636000, 1604805051.636000, 1604805057.328000, 1604805057.328000, 1604805252.318000
1604805252.434000, 1604805269.562000, 1604805269.562000, 1604805274.929000, 1604805274.929000, 1604805548.650000
