read_start,read_end,cpu_start,cpu_end,write_start,write_end
1604798200.476000, 1604798316.715000, 1604798316.715000, 1604798322.128000, 1604798322.128000, 1604798519.074000
1604798519.084000, 1604798544.101000, 1604798544.101000, 1604798549.506000, 1604798549.506000, 1604798758.103000
1604798758.409000, 1604798787.813000, 1604798787.813000, 1604798795.740000, 1604798795.740000, 1604798993.082000
