read_start,read_end,cpu_start,cpu_end,write_start,write_end
1604799923.537000, 1604800050.833000, 1604800050.833000, 1604800056.635000, 1604800056.635000, 1604800267.464000
1604800267.491000, 1604800301.221000, 1604800301.221000, 1604800306.896000, 1604800306.896000, 1604800582.983000
1604800583.674000, 1604800615.019000, 1604800615.019000, 1604800620.550000, 1604800620.550000, 1604800826.441000
