read_start,read_end,cpu_start,cpu_end,write_start,write_end
1604795239.655000, 1604795333.710000, 1604795333.710000, 1604795339.024000, 1604795339.024000, 1604795517.916000
1604795517.946000, 1604795544.103000, 1604795544.103000, 1604795549.451000, 1604795549.451000, 1604795704.043000
1604795704.077000, 1604795726.833000, 1604795726.833000, 1604795732.838000, 1604795732.838000, 1604795910.218000
