read_start,read_end,cpu_start,cpu_end,write_start,write_end
1604804545.438000, 1604804700.500000, 1604804700.500000, 1604804706.513000, 1604804706.513000, 1604804960.954000
1604804960.968000, 1604804973.588000, 1604804973.588000, 1604804978.788000, 1604804978.788000, 1604805243.543000
1604805243.559000, 1604805265.440000, 1604805265.440000, 1604805271.551000, 1604805271.551000, 1604805533.626000
