read_start,read_end,cpu_start,cpu_end,write_start,write_end
1604794123.273000, 1604794206.507000, 1604794206.507000, 1604794211.648000, 1604794211.648000, 1604794330.342000
1604794330.367000, 1604794347.956000, 1604794347.956000, 1604794353.535000, 1604794353.535000, 1604794459.615000
1604794459.633000, 1604794499.950000, 1604794499.950000, 1604794505.299000, 1604794505.299000, 1604794639.506000
