read_start,read_end,cpu_start,cpu_end,write_start,write_end
1604799019.228000, 1604799141.288000, 1604799141.288000, 1604799146.610000, 1604799146.610000, 1604799362.455000
1604799362.520000, 1604799395.937000, 1604799395.937000, 1604799401.921000, 1604799401.921000, 1604799630.154000
1604799630.195000, 1604799641.586000, 1604799641.586000, 1604799647.385000, 1604799647.385000, 1604799787.691000
