read_start,read_end,cpu_start,cpu_end,write_start,write_end
1604808922.783000, 1604809100.472000, 1604809100.472000, 1604809106.769000, 1604809106.769000, 1604809398.438000
1604809398.461000, 1604809414.002000, 1604809414.002000, 1604809418.887000, 1604809418.887000, 1604809829.306000
1604809829.347000, 1604809842.887000, 1604809842.887000, 1604809850.240000, 1604809850.240000, 1604810106.255000
