read_start,read_end,cpu_start,cpu_end,write_start,write_end
1604794663.105000, 1604794751.777000, 1604794751.777000, 1604794757.224000, 1604794757.224000, 1604794900.495000
1604794900.517000, 1604794925.707000, 1604794925.707000, 1604794931.047000, 1604794931.047000, 1604795001.035000
1604795001.078000, 1604795053.239000, 1604795053.239000, 1604795058.191000, 1604795058.191000, 1604795123.891000
