read_start,read_end,cpu_start,cpu_end,write_start,write_end
1604795239.668000, 1604795334.008000, 1604795334.008000, 1604795339.335000, 1604795339.335000, 1604795518.026000
1604795518.064000, 1604795544.235000, 1604795544.235000, 1604795549.439000, 1604795549.439000, 1604795702.831000
1604795702.862000, 1604795726.746000, 1604795726.746000, 1604795732.430000, 1604795732.430000, 1604795877.011000
