read_start,read_end,cpu_start,cpu_end,write_start,write_end
1604797443.881000, 1604797554.698000, 1604797554.698000, 1604797560.114000, 1604797560.114000, 1604797751.810000
1604797751.827000, 1604797781.287000, 1604797781.287000, 1604797786.885000, 1604797786.885000, 1604797961.362000
1604797961.391000, 1604797987.441000, 1604797987.441000, 1604797993.511000, 1604797993.511000, 1604798150.886000
