read_start,read_end,cpu_start,cpu_end,write_start,write_end
1604799923.553000, 1604800051.152000, 1604800051.152000, 1604800056.906000, 1604800056.906000, 1604800267.441000
1604800267.470000, 1604800301.292000, 1604800301.292000, 1604800308.006000, 1604800308.006000, 1604800582.942000
1604800583.283000, 1604800614.172000, 1604800614.172000, 1604800620.232000, 1604800620.232000, 1604800827.416000
