read_start,read_end,cpu_start,cpu_end,write_start,write_end
1604794123.259000, 1604794206.391000, 1604794206.391000, 1604794211.556000, 1604794211.556000, 1604794330.341000
1604794330.365000, 1604794348.022000, 1604794348.022000, 1604794353.357000, 1604794353.357000, 1604794508.830000
1604794508.844000, 1604794610.634000, 1604794610.634000, 1604794616.722000, 1604794616.722000, 1604794641.912000
