read_start,read_end,cpu_start,cpu_end,write_start,write_end
1604806630.958000, 1604806797.364000, 1604806797.364000, 1604806803.748000, 1604806803.748000, 1604807057.210000
1604807057.223000, 1604807076.980000, 1604807076.980000, 1604807083.335000, 1604807083.335000, 1604807486.239000
1604807486.493000, 1604807503.684000, 1604807503.684000, 1604807509.807000, 1604807509.807000, 1604807627.543000
