read_start,read_end,cpu_start,cpu_end,write_start,write_end
1604798200.479000, 1604798316.821000, 1604798316.821000, 1604798321.945000, 1604798321.945000, 1604798511.525000
1604798511.557000, 1604798542.532000, 1604798542.532000, 1604798548.268000, 1604798548.268000, 1604798758.082000
1604798758.333000, 1604798787.347000, 1604798787.347000, 1604798793.130000, 1604798793.130000, 1604798987.920000
