read_start,read_end,cpu_start,cpu_end,write_start,write_end
1604804545.445000, 1604804700.708000, 1604804700.708000, 1604804707.205000, 1604804707.205000, 1604804990.321000
1604804990.335000, 1604805120.612000, 1604805120.612000, 1604805126.043000, 1604805126.043000, 1604805366.598000
1604805366.739000, 1604805394.754000, 1604805394.754000, 1604805400.387000, 1604805400.387000, 1604805559.274000
