read_start,read_end,cpu_start,cpu_end,write_start,write_end
1604807759.325000, 1604807931.351000, 1604807931.351000, 1604807937.853000, 1604807937.853000, 1604808246.689000
1604808246.705000, 1604808370.499000, 1604808370.499000, 1604808376.126000, 1604808376.126000, 1604808766.664000
1604808766.973000, 1604808778.327000, 1604808778.327000, 1604808783.194000, 1604808783.194000, 1604808868.627000
