read_start,read_end,cpu_start,cpu_end,write_start,write_end
1604799019.239000, 1604799141.293000, 1604799141.293000, 1604799146.509000, 1604799146.509000, 1604799362.455000
1604799362.509000, 1604799395.942000, 1604799395.942000, 1604799401.475000, 1604799401.475000, 1604799591.323000
1604799591.361000, 1604799636.722000, 1604799636.722000, 1604799643.000000, 1604799643.000000, 1604799880.288000
