read_start,read_end,cpu_start,cpu_end,write_start,write_end
1604808922.766000, 1604809100.116000, 1604809100.116000, 1604809105.709000, 1604809105.709000, 1604809371.875000
1604809371.897000, 1604809385.566000, 1604809385.566000, 1604809390.952000, 1604809390.952000, 1604809476.820000
1604809476.891000, 1604809503.313000, 1604809503.313000, 1604809508.455000, 1604809508.455000, 1604809546.361000
