read_start,read_end,cpu_start,cpu_end,write_start,write_end
1604797443.898000, 1604797554.921000, 1604797554.921000, 1604797560.473000, 1604797560.473000, 1604797751.749000
1604797751.806000, 1604797781.265000, 1604797781.265000, 1604797787.051000, 1604797787.051000, 1604798137.146000
1604798137.174000, 1604798151.451000, 1604798151.451000, 1604798155.961000, 1604798155.961000, 1604798175.868000
