read_start,read_end,cpu_start,cpu_end,write_start,write_end
1604806630.941000, 1604806797.180000, 1604806797.180000, 1604806803.038000, 1604806803.038000, 1604807151.209000
1604807151.224000, 1604807198.981000, 1604807198.981000, 1604807204.388000, 1604807204.388000, 1604807651.015000
1604807651.156000, 1604807662.244000, 1604807662.244000, 1604807667.236000, 1604807667.236000, 1604807726.729000
