read_start,read_end,cpu_start,cpu_end,write_start,write_end
1604803552.903000, 1604803702.787000, 1604803702.787000, 1604803708.533000, 1604803708.533000, 1604803939.572000
1604803939.586000, 1604803949.447000, 1604803949.447000, 1604803955.332000, 1604803955.332000, 1604804091.608000
1604804091.779000, 1604804150.966000, 1604804150.966000, 1604804156.299000, 1604804156.299000, 1604804458.497000
