read_start,read_end,cpu_start,cpu_end,write_start,write_end
1604805596.808000, 1604805757.700000, 1604805757.700000, 1604805763.449000, 1604805763.449000, 1604806010.617000
1604806010.628000, 1604806034.622000, 1604806034.622000, 1604806040.885000, 1604806040.885000, 1604806202.786000
1604806202.856000, 1604806319.768000, 1604806319.768000, 1604806324.594000, 1604806324.594000, 1604806396.917000
