read_start,read_end,cpu_start,cpu_end,write_start,write_end
1604806630.951000, 1604806797.361000, 1604806797.361000, 1604806804.109000, 1604806804.109000, 1604807045.841000
1604807045.856000, 1604807055.905000, 1604807055.905000, 1604807061.454000, 1604807061.454000, 1604807253.155000
1604807253.288000, 1604807290.570000, 1604807290.570000, 1604807295.315000, 1604807295.315000, 1604807651.037000
