read_start,read_end,cpu_start,cpu_end,write_start,write_end
1604800854.233000, 1604800987.313000, 1604800987.313000, 1604800993.144000, 1604800993.144000, 1604801226.575000
1604801226.591000, 1604801304.596000, 1604801304.596000, 1604801309.871000, 1604801309.871000, 1604801463.394000
1604801464.665000, 1604801495.705000, 1604801495.705000, 1604801501.736000, 1604801501.736000, 1604801722.915000
