read_start,read_end,cpu_start,cpu_end,write_start,write_end
1604791409.333000, 1604791453.691000, 1604791453.691000, 1604791458.728000, 1604791458.728000, 1604791519.606000
1604791519.616000, 1604791531.388000, 1604791531.388000, 1604791536.500000, 1604791536.500000, 1604791596.555000
1604791596.574000, 1604791607.573000, 1604791607.573000, 1604791612.742000, 1604791612.742000, 1604791663.684000
