read_start,read_end,cpu_start,cpu_end,write_start,write_end
1604795239.655000, 1604795333.703000, 1604795333.703000, 1604795338.992000, 1604795338.992000, 1604795518.024000
1604795518.062000, 1604795544.234000, 1604795544.234000, 1604795549.933000, 1604795549.933000, 1604795705.971000
1604795706.002000, 1604795727.011000, 1604795727.011000, 1604795733.023000, 1604795733.023000, 1604795910.067000
