read_start,read_end,cpu_start,cpu_end,write_start,write_end
1604808922.793000, 1604809100.472000, 1604809100.472000, 1604809106.883000, 1604809106.883000, 1604809826.629000
1604809826.658000, 1604809842.303000, 1604809842.303000, 1604809849.482000, 1604809849.482000, 1604810106.249000
1604810106.569000, 1604810116.338000, 1604810116.338000, 1604810120.696000, 1604810120.696000, 1604810132.060000
