read_start,read_end,cpu_start,cpu_end,write_start,write_end
1604802636.265000, 1604802780.566000, 1604802780.566000, 1604802786.169000, 1604802786.169000, 1604802984.609000
1604802984.635000, 1604802999.275000, 1604802999.275000, 1604803004.804000, 1604803004.804000, 1604803086.182000
1604803086.237000, 1604803120.561000, 1604803120.561000, 1604803127.330000, 1604803127.330000, 1604803304.591000
