read_start,read_end,cpu_start,cpu_end,write_start,write_end
1604806630.937000, 1604806797.116000, 1604806797.116000, 1604806803.390000, 1604806803.390000, 1604807081.266000
1604807081.282000, 1604807176.966000, 1604807176.966000, 1604807181.989000, 1604807181.989000, 1604807486.231000
1604807486.430000, 1604807504.179000, 1604807504.179000, 1604807509.649000, 1604807509.649000, 1604807649.538000
