read_start,read_end,cpu_start,cpu_end,write_start,write_end
1604804545.467000, 1604804700.825000, 1604804700.825000, 1604804707.143000, 1604804707.143000, 1604804990.418000
1604804990.440000, 1604805120.719000, 1604805120.719000, 1604805125.924000, 1604805125.924000, 1604805368.005000
1604805368.113000, 1604805394.819000, 1604805394.819000, 1604805400.417000, 1604805400.417000, 1604805560.038000
