read_start,read_end,cpu_start,cpu_end,write_start,write_end
1604806630.966000, 1604806797.364000, 1604806797.364000, 1604806803.135000, 1604806803.135000, 1604807409.503000
1604807409.527000, 1604807417.060000, 1604807417.060000, 1604807422.254000, 1604807422.254000, 1604807465.413000
1604807465.482000, 1604807468.205000, 1604807468.205000, 1604807472.832000, 1604807472.832000, 1604807485.755000
