read_start,read_end,cpu_start,cpu_end,write_start,write_end
1604790842.368000, 1604790870.079000, 1604790870.079000, 1604790874.681000, 1604790874.681000, 1604790911.312000
1604790911.326000, 1604790917.652000, 1604790917.652000, 1604790922.503000, 1604790922.503000, 1604790962.120000
1604790962.134000, 1604790964.671000, 1604790964.671000, 1604790969.453000, 1604790969.453000, 1604790979.149000
