read_start,read_end,cpu_start,cpu_end,write_start,write_end
1604790711.820000, 1604790734.021000, 1604790734.021000, 1604790738.992000, 1604790738.992000, 1604790770.226000
1604790770.241000, 1604790775.354000, 1604790775.354000, 1604790780.094000, 1604790780.094000, 1604790805.628000
1604790805.643000, 1604790808.625000, 1604790808.625000, 1604790813.327000, 1604790813.327000, 1604790831.694000
