read_start,read_end,cpu_start,cpu_end,write_start,write_end
1604807759.317000, 1604807931.254000, 1604807931.254000, 1604807937.628000, 1604807937.628000, 1604808221.163000
1604808221.177000, 1604808244.173000, 1604808244.173000, 1604808250.615000, 1604808250.615000, 1604808369.248000
1604808369.320000, 1604808530.823000, 1604808530.823000, 1604808535.366000, 1604808535.366000, 1604808867.251000
