read_start,read_end,cpu_start,cpu_end,write_start,write_end
1604791674.723000, 1604791724.621000, 1604791724.621000, 1604791729.779000, 1604791729.779000, 1604791795.624000
1604791795.653000, 1604791808.785000, 1604791808.785000, 1604791813.749000, 1604791813.749000, 1604791886.880000
1604791886.894000, 1604791895.283000, 1604791895.283000, 1604791900.134000, 1604791900.134000, 1604791955.966000
