read_start,read_end,cpu_start,cpu_end,write_start,write_end
1604796702.668000, 1604796808.078000, 1604796808.078000, 1604796813.426000, 1604796813.426000, 1604796991.463000
1604796991.485000, 1604797022.151000, 1604797022.151000, 1604797027.854000, 1604797027.854000, 1604797285.401000
1604797285.417000, 1604797295.050000, 1604797295.050000, 1604797301.184000, 1604797301.184000, 1604797350.948000
