read_start,read_end,cpu_start,cpu_end,write_start,write_end
1604808922.783000, 1604809100.472000, 1604809100.472000, 1604809106.207000, 1604809106.207000, 1604809380.076000
1604809380.090000, 1604809393.711000, 1604809393.711000, 1604809400.488000, 1604809400.488000, 1604809826.634000
1604809826.785000, 1604809842.644000, 1604809842.644000, 1604809849.786000, 1604809849.786000, 1604810106.248000
