read_start,read_end,cpu_start,cpu_end,write_start,write_end
1604792671.884000, 1604792738.537000, 1604792738.537000, 1604792743.277000, 1604792743.277000, 1604792828.103000
1604792828.118000, 1604792852.150000, 1604792852.150000, 1604792857.468000, 1604792857.468000, 1604792948.966000
1604792948.987000, 1604792963.917000, 1604792963.917000, 1604792969.794000, 1604792969.794000, 1604793060.655000
