read_start,read_end,cpu_start,cpu_end,write_start,write_end
1604791013.852000, 1604791047.113000, 1604791047.113000, 1604791051.831000, 1604791051.831000, 1604791096.354000
1604791096.367000, 1604791104.318000, 1604791104.318000, 1604791109.658000, 1604791109.658000, 1604791150.888000
1604791150.902000, 1604791156.428000, 1604791156.428000, 1604791161.142000, 1604791161.142000, 1604791184.705000
