read_start,read_end,cpu_start,cpu_end,write_start,write_end
1604791976.818000, 1604792032.293000, 1604792032.293000, 1604792037.028000, 1604792037.028000, 1604792101.320000
1604792101.333000, 1604792107.554000, 1604792107.554000, 1604792112.391000, 1604792112.391000, 1604792159.630000
1604792159.644000, 1604792184.895000, 1604792184.895000, 1604792189.773000, 1604792189.773000, 1604792259.801000
