read_start,read_end,cpu_start,cpu_end,write_start,write_end
1604808922.780000, 1604809100.469000, 1604809100.469000, 1604809106.162000, 1604809106.162000, 1604809378.002000
1604809378.020000, 1604809392.476000, 1604809392.476000, 1604809398.926000, 1604809398.926000, 1604809826.631000
1604809826.795000, 1604809842.613000, 1604809842.613000, 1604809849.766000, 1604809849.766000, 1604810106.246000
