read_start,read_end,cpu_start,cpu_end,write_start,write_end
1604793091.874000, 1604793163.983000, 1604793163.983000, 1604793168.819000, 1604793168.819000, 1604793282.934000
1604793282.971000, 1604793310.332000, 1604793310.332000, 1604793315.487000, 1604793315.487000, 1604793430.880000
1604793430.902000, 1604793450.880000, 1604793450.880000, 1604793456.641000, 1604793456.641000, 1604793564.231000
