read_start,read_end,cpu_start,cpu_end,write_start,write_end
1604799019.233000, 1604799141.288000, 1604799141.288000, 1604799146.976000, 1604799146.976000, 1604799362.455000
1604799362.508000, 1604799395.941000, 1604799395.941000, 1604799401.469000, 1604799401.469000, 1604799581.418000
1604799581.460000, 1604799635.939000, 1604799635.939000, 1604799642.908000, 1604799642.908000, 1604799880.290000
