read_start,read_end,cpu_start,cpu_end,write_start,write_end
1604802636.269000, 1604802780.568000, 1604802780.568000, 1604802787.135000, 1604802787.135000, 1604802986.763000
1604802986.781000, 1604803000.856000, 1604803000.856000, 1604803006.508000, 1604803006.508000, 1604803096.235000
1604803096.316000, 1604803124.011000, 1604803124.011000, 1604803129.598000, 1604803129.598000, 1604803306.351000
