read_start,read_end,cpu_start,cpu_end,write_start,write_end
1604803552.894000, 1604803702.785000, 1604803702.785000, 1604803709.045000, 1604803709.045000, 1604804061.863000
1604804061.880000, 1604804111.545000, 1604804111.545000, 1604804116.820000, 1604804116.820000, 1604804392.786000
1604804392.876000, 1604804420.812000, 1604804420.812000, 1604804425.984000, 1604804425.984000, 1604804455.953000
