read_start,read_end,cpu_start,cpu_end,write_start,write_end
1604803552.882000, 1604803702.505000, 1604803702.505000, 1604803708.103000, 1604803708.103000, 1604803927.906000
1604803927.927000, 1604803941.578000, 1604803941.578000, 1604803947.486000, 1604803947.486000, 1604804091.448000
1604804091.706000, 1604804150.948000, 1604804150.948000, 1604804157.088000, 1604804157.088000, 1604804458.279000
