read_start,read_end,cpu_start,cpu_end,write_start,write_end
1604800854.221000, 1604800987.311000, 1604800987.311000, 1604800993.054000, 1604800993.054000, 1604801215.088000
1604801215.104000, 1604801237.620000, 1604801237.620000, 1604801244.219000, 1604801244.219000, 1604801463.229000
1604801463.667000, 1604801495.694000, 1604801495.694000, 1604801501.479000, 1604801501.479000, 1604801719.486000
