read_start,read_end,cpu_start,cpu_end,write_start,write_end
1604799923.561000, 1604800051.158000, 1604800051.158000, 1604800056.880000, 1604800056.880000, 1604800267.478000
1604800267.509000, 1604800301.313000, 1604800301.313000, 1604800307.218000, 1604800307.218000, 1604800582.968000
1604800583.686000, 1604800615.136000, 1604800615.136000, 1604800620.809000, 1604800620.809000, 1604800827.414000
