read_start,read_end,cpu_start,cpu_end,write_start,write_end
1604793091.862000, 1604793163.891000, 1604793163.891000, 1604793168.720000, 1604793168.720000, 1604793282.932000
1604793282.973000, 1604793310.325000, 1604793310.325000, 1604793315.566000, 1604793315.566000, 1604793430.968000
1604793430.986000, 1604793450.916000, 1604793450.916000, 1604793456.966000, 1604793456.966000, 1604793564.314000
