read_start,read_end,cpu_start,cpu_end,write_start,write_end
1604803552.881000, 1604803702.539000, 1604803702.539000, 1604803708.119000, 1604803708.119000, 1604803927.908000
1604803927.927000, 1604803941.576000, 1604803941.576000, 1604803947.531000, 1604803947.531000, 1604804091.456000
1604804091.688000, 1604804150.830000, 1604804150.830000, 1604804157.263000, 1604804157.263000, 1604804458.333000
