read_start,read_end,cpu_start,cpu_end,write_start,write_end
1604802636.254000, 1604802780.394000, 1604802780.394000, 1604802786.497000, 1604802786.497000, 1604803014.666000
1604803014.680000, 1604803116.536000, 1604803116.536000, 1604803122.510000, 1604803122.510000, 1604803377.466000
1604803377.525000, 1604803429.502000, 1604803429.502000, 1604803434.096000, 1604803434.096000, 1604803481.676000
