read_start,read_end,cpu_start,cpu_end,write_start,write_end
1604808922.775000, 1604809100.469000, 1604809100.469000, 1604809107.443000, 1604809107.443000, 1604809396.040000
1604809396.056000, 1604809411.705000, 1604809411.705000, 1604809416.758000, 1604809416.758000, 1604809790.711000
1604809790.755000, 1604809796.337000, 1604809796.337000, 1604809801.229000, 1604809801.229000, 1604809816.491000
