read_start,read_end,cpu_start,cpu_end,write_start,write_end
1604805596.798000, 1604805757.698000, 1604805757.698000, 1604805763.758000, 1604805763.758000, 1604806024.302000
1604806024.316000, 1604806065.134000, 1604806065.134000, 1604806070.683000, 1604806070.683000, 1604806323.177000
1604806323.665000, 1604806351.135000, 1604806351.135000, 1604806357.407000, 1604806357.407000, 1604806597.675000
