read_start,read_end,cpu_start,cpu_end,write_start,write_end
1604793091.865000, 1604793163.920000, 1604793163.920000, 1604793169.257000, 1604793169.257000, 1604793282.936000
1604793282.975000, 1604793310.330000, 1604793310.330000, 1604793315.778000, 1604793315.778000, 1604793431.012000
1604793431.032000, 1604793450.944000, 1604793450.944000, 1604793456.325000, 1604793456.325000, 1604793564.231000
