read_start,read_end,cpu_start,cpu_end,write_start,write_end
1604806630.971000, 1604806797.366000, 1604806797.366000, 1604806803.640000, 1604806803.640000, 1604807058.122000
1604807058.144000, 1604807081.532000, 1604807081.532000, 1604807086.914000, 1604807086.914000, 1604807507.477000
1604807507.681000, 1604807537.773000, 1604807537.773000, 1604807542.912000, 1604807542.912000, 1604807647.252000
