read_start,read_end,cpu_start,cpu_end,write_start,write_end
1604800854.209000, 1604800987.070000, 1604800987.070000, 1604800993.038000, 1604800993.038000, 1604801212.773000
1604801212.788000, 1604801235.062000, 1604801235.062000, 1604801240.362000, 1604801240.362000, 1604801463.212000
1604801463.643000, 1604801495.694000, 1604801495.694000, 1604801502.752000, 1604801502.752000, 1604801715.857000
