read_start,read_end,cpu_start,cpu_end,write_start,write_end
1604807759.318000, 1604807931.254000, 1604807931.254000, 1604807936.844000, 1604807936.844000, 1604808208.620000
1604808208.635000, 1604808217.929000, 1604808217.929000, 1604808222.808000, 1604808222.808000, 1604808286.992000
1604808287.106000, 1604808375.768000, 1604808375.768000, 1604808381.195000, 1604808381.195000, 1604808766.667000
