read_start,read_end,cpu_start,cpu_end,write_start,write_end
1604800854.230000, 1604800987.311000, 1604800987.311000, 1604800993.713000, 1604800993.713000, 1604801230.490000
1604801230.507000, 1604801315.049000, 1604801315.049000, 1604801319.975000, 1604801319.975000, 1604801463.469000
1604801464.338000, 1604801495.310000, 1604801495.310000, 1604801500.970000, 1604801500.970000, 1604801719.736000
