read_start,read_end,cpu_start,cpu_end,write_start,write_end
1604800854.226000, 1604800987.311000, 1604800987.311000, 1604800993.098000, 1604800993.098000, 1604801220.769000
1604801220.785000, 1604801244.154000, 1604801244.154000, 1604801249.685000, 1604801249.685000, 1604801496.129000
1604801496.219000, 1604801499.324000, 1604801499.324000, 1604801505.622000, 1604801505.622000, 1604801719.736000
