read_start,read_end,cpu_start,cpu_end,write_start,write_end
1604790842.370000, 1604790870.082000, 1604790870.082000, 1604790874.756000, 1604790874.756000, 1604790911.292000
1604790911.304000, 1604790917.554000, 1604790917.554000, 1604790922.420000, 1604790922.420000, 1604790964.057000
1604790964.067000, 1604790970.010000, 1604790970.010000, 1604790975.328000, 1604790975.328000, 1604791006.791000
