read_start,read_end,cpu_start,cpu_end,write_start,write_end
1604793594.097000, 1604793671.581000, 1604793671.581000, 1604793676.772000, 1604793676.772000, 1604793806.353000
1604793806.375000, 1604793827.182000, 1604793827.182000, 1604793832.533000, 1604793832.533000, 1604793952.428000
1604793952.439000, 1604793971.307000, 1604793971.307000, 1604793977.155000, 1604793977.155000, 1604794099.590000
