read_start,read_end,cpu_start,cpu_end,write_start,write_end
1604796702.658000, 1604796808.078000, 1604796808.078000, 1604796813.513000, 1604796813.513000, 1604796992.386000
1604796992.402000, 1604797022.154000, 1604797022.154000, 1604797028.007000, 1604797028.007000, 1604797147.872000
1604797147.887000, 1604797169.897000, 1604797169.897000, 1604797175.109000, 1604797175.109000, 1604797274.772000
