read_start,read_end,cpu_start,cpu_end,write_start,write_end
1604792290.918000, 1604792351.984000, 1604792351.984000, 1604792356.746000, 1604792356.746000, 1604792449.211000
1604792449.247000, 1604792465.878000, 1604792465.878000, 1604792470.876000, 1604792470.876000, 1604792547.701000
1604792547.718000, 1604792555.488000, 1604792555.488000, 1604792560.535000, 1604792560.535000, 1604792619.849000
