read_start,read_end,cpu_start,cpu_end,write_start,write_end
1604790842.368000, 1604790870.080000, 1604790870.080000, 1604790874.681000, 1604790874.681000, 1604790915.265000
1604790915.279000, 1604790919.203000, 1604790919.203000, 1604790924.177000, 1604790924.177000, 1604790963.531000
1604790963.547000, 1604790969.800000, 1604790969.800000, 1604790974.494000, 1604790974.494000, 1604791003.924000
