read_start,read_end,cpu_start,cpu_end,write_start,write_end
1604790512.074000, 1604790523.178000, 1604790523.178000, 1604790527.536000, 1604790527.536000, 1604790543.049000
1604790543.062000, 1604790545.647000, 1604790545.647000, 1604790550.675000, 1604790550.675000, 1604790567.713000
1604790567.725000, 1604790570.985000, 1604790570.985000, 1604790575.941000, 1604790575.941000, 1604790591.400000
