read_start,read_end,cpu_start,cpu_end,write_start,write_end
1604794663.113000, 1604794751.955000, 1604794751.955000, 1604794757.430000, 1604794757.430000, 1604794902.383000
1604794902.411000, 1604794926.011000, 1604794926.011000, 1604794931.935000, 1604794931.935000, 1604795055.222000
1604795055.267000, 1604795073.214000, 1604795073.214000, 1604795078.412000, 1604795078.412000, 1604795203.294000
