read_start,read_end,cpu_start,cpu_end,write_start,write_end
1604801749.923000, 1604801888.539000, 1604801888.539000, 1604801894.889000, 1604801894.889000, 1604802126.811000
1604802126.834000, 1604802149.013000, 1604802149.013000, 1604802155.870000, 1604802155.870000, 1604802332.622000
1604802333.025000, 1604802383.464000, 1604802383.464000, 1604802389.957000, 1604802389.957000, 1604802590.879000
