read_start,read_end,cpu_start,cpu_end,write_start,write_end
1604806630.970000, 1604806797.364000, 1604806797.364000, 1604806803.144000, 1604806803.144000, 1604807141.605000
1604807141.621000, 1604807193.586000, 1604807193.586000, 1604807198.464000, 1604807198.464000, 1604807486.233000
1604807486.403000, 1604807504.137000, 1604807504.137000, 1604807509.619000, 1604807509.619000, 1604807632.361000
