read_start,read_end,cpu_start,cpu_end,write_start,write_end
1604794123.266000, 1604794206.473000, 1604794206.473000, 1604794211.935000, 1604794211.935000, 1604794330.405000
1604794330.420000, 1604794348.070000, 1604794348.070000, 1604794353.630000, 1604794353.630000, 1604794463.336000
1604794463.352000, 1604794499.952000, 1604794499.952000, 1604794505.522000, 1604794505.522000, 1604794591.719000
