read_start,read_end,cpu_start,cpu_end,write_start,write_end
1604806630.966000, 1604806797.364000, 1604806797.364000, 1604806804.249000, 1604806804.249000, 1604807058.480000
1604807058.508000, 1604807081.709000, 1604807081.709000, 1604807087.543000, 1604807087.543000, 1604807486.231000
1604807486.527000, 1604807503.897000, 1604807503.897000, 1604807509.618000, 1604807509.618000, 1604807631.239000
