read_start,read_end,cpu_start,cpu_end,write_start,write_end
1604808922.797000, 1604809100.472000, 1604809100.472000, 1604809106.272000, 1604809106.272000, 1604809383.069000
1604809383.084000, 1604809394.006000, 1604809394.006000, 1604809399.296000, 1604809399.296000, 1604809826.631000
1604809826.859000, 1604809842.644000, 1604809842.644000, 1604809848.079000, 1604809848.079000, 1604810106.255000
