read_start,read_end,cpu_start,cpu_end,write_start,write_end
1604801749.930000, 1604801888.580000, 1604801888.580000, 1604801893.704000, 1604801893.704000, 1604802123.915000
1604802123.936000, 1604802147.092000, 1604802147.092000, 1604802153.798000, 1604802153.798000, 1604802332.579000
1604802332.771000, 1604802383.316000, 1604802383.316000, 1604802389.074000, 1604802389.074000, 1604802595.446000
