read_start,read_end,cpu_start,cpu_end,write_start,write_end
1604804545.439000, 1604804700.476000, 1604804700.476000, 1604804706.191000, 1604804706.191000, 1604804989.810000
1604804989.824000, 1604805119.689000, 1604805119.689000, 1604805125.332000, 1604805125.332000, 1604805366.563000
1604805366.955000, 1604805394.755000, 1604805394.755000, 1604805399.826000, 1604805399.826000, 1604805559.963000
