read_start,read_end,cpu_start,cpu_end,write_start,write_end
1604791409.338000, 1604791453.701000, 1604791453.701000, 1604791458.440000, 1604791458.440000, 1604791519.246000
1604791519.261000, 1604791531.065000, 1604791531.065000, 1604791536.252000, 1604791536.252000, 1604791596.114000
1604791596.127000, 1604791607.161000, 1604791607.161000, 1604791611.956000, 1604791611.956000, 1604791661.965000
