read_start,read_end,cpu_start,cpu_end,write_start,write_end
1604801749.926000, 1604801888.580000, 1604801888.580000, 1604801894.509000, 1604801894.509000, 1604802155.483000
1604802155.506000, 1604802289.531000, 1604802289.531000, 1604802294.077000, 1604802294.077000, 1604802376.232000
1604802376.324000, 1604802393.198000, 1604802393.198000, 1604802399.230000, 1604802399.230000, 1604802604.881000
