read_start,read_end,cpu_start,cpu_end,write_start,write_end
1604791976.819000, 1604792032.294000, 1604792032.294000, 1604792037.088000, 1604792037.088000, 1604792100.654000
1604792100.669000, 1604792106.594000, 1604792106.594000, 1604792111.369000, 1604792111.369000, 1604792160.886000
1604792160.898000, 1604792186.271000, 1604792186.271000, 1604792191.232000, 1604792191.232000, 1604792263.579000
