read_start,read_end,cpu_start,cpu_end,write_start,write_end
1604803552.889000, 1604803702.730000, 1604803702.730000, 1604803708.793000, 1604803708.793000, 1604804129.840000
1604804129.858000, 1604804187.500000, 1604804187.500000, 1604804192.701000, 1604804192.701000, 1604804458.154000
1604804458.377000, 1604804465.793000, 1604804465.793000, 1604804470.967000, 1604804470.967000, 1604804513.436000
