read_start,read_end,cpu_start,cpu_end,write_start,write_end
1604794123.258000, 1604794206.391000, 1604794206.391000, 1604794211.882000, 1604794211.882000, 1604794332.241000
1604794332.257000, 1604794349.036000, 1604794349.036000, 1604794354.446000, 1604794354.446000, 1604794468.397000
1604794468.425000, 1604794499.954000, 1604794499.954000, 1604794505.514000, 1604794505.514000, 1604794610.533000
