read_start,read_end,cpu_start,cpu_end,write_start,write_end
1604794123.262000, 1604794206.426000, 1604794206.426000, 1604794211.772000, 1604794211.772000, 1604794330.482000
1604794330.503000, 1604794348.145000, 1604794348.145000, 1604794353.458000, 1604794353.458000, 1604794459.612000
1604794459.631000, 1604794499.952000, 1604794499.952000, 1604794505.561000, 1604794505.561000, 1604794591.072000
