read_start,read_end,cpu_start,cpu_end,write_start,write_end
1604793594.111000, 1604793671.765000, 1604793671.765000, 1604793676.995000, 1604793676.995000, 1604793806.509000
1604793806.536000, 1604793827.350000, 1604793827.350000, 1604793832.548000, 1604793832.548000, 1604793951.187000
1604793951.204000, 1604793970.955000, 1604793970.955000, 1604793976.253000, 1604793976.253000, 1604794099.590000
