read_start,read_end,cpu_start,cpu_end,write_start,write_end
1604791976.814000, 1604792032.289000, 1604792032.289000, 1604792037.347000, 1604792037.347000, 1604792104.523000
1604792104.541000, 1604792110.109000, 1604792110.109000, 1604792116.318000, 1604792116.318000, 1604792167.783000
1604792167.798000, 1604792187.934000, 1604792187.934000, 1604792193.705000, 1604792193.705000, 1604792262.627000
