read_start,read_end,cpu_start,cpu_end,write_start,write_end
1604807759.310000, 1604807930.931000, 1604807930.931000, 1604807937.197000, 1604807937.197000, 1604808238.905000
1604808238.923000, 1604808347.786000, 1604808347.786000, 1604808353.368000, 1604808353.368000, 1604808554.977000
1604808555.090000, 1604808580.746000, 1604808580.746000, 1604808585.741000, 1604808585.741000, 1604808873.714000
