read_start,read_end,cpu_start,cpu_end,write_start,write_end
1604807759.320000, 1604807931.350000, 1604807931.350000, 1604807937.777000, 1604807937.777000, 1604808244.166000
1604808244.182000, 1604808366.064000, 1604808366.064000, 1604808371.712000, 1604808371.712000, 1604808766.668000
1604808767.079000, 1604808778.338000, 1604808778.338000, 1604808783.499000, 1604808783.499000, 1604808868.625000
