read_start,read_end,cpu_start,cpu_end,write_start,write_end
1604799923.539000, 1604800050.903000, 1604800050.903000, 1604800056.212000, 1604800056.212000, 1604800267.407000
1604800267.424000, 1604800300.931000, 1604800300.931000, 1604800306.496000, 1604800306.496000, 1604800583.023000
1604800583.692000, 1604800614.967000, 1604800614.967000, 1604800620.542000, 1604800620.542000, 1604800813.888000
