read_start,read_end,cpu_start,cpu_end,write_start,write_end
1604799019.224000, 1604799141.286000, 1604799141.286000, 1604799147.104000, 1604799147.104000, 1604799362.455000
1604799362.513000, 1604799395.924000, 1604799395.924000, 1604799401.638000, 1604799401.638000, 1604799597.866000
1604799597.904000, 1604799636.969000, 1604799636.969000, 1604799643.167000, 1604799643.167000, 1604799873.748000
