read_start,read_end,cpu_start,cpu_end,write_start,write_end
1604808922.770000, 1604809100.290000, 1604809100.290000, 1604809106.433000, 1604809106.433000, 1604809503.180000
1604809503.200000, 1604809528.844000, 1604809528.844000, 1604809534.350000, 1604809534.350000, 1604809983.594000
1604809983.686000, 1604810006.594000, 1604810006.594000, 1604810011.436000, 1604810011.436000, 1604810122.559000
