read_start,read_end,cpu_start,cpu_end,write_start,write_end
1604806630.946000, 1604806797.285000, 1604806797.285000, 1604806803.732000, 1604806803.732000, 1604807058.060000
1604807058.072000, 1604807080.872000, 1604807080.872000, 1604807087.185000, 1604807087.185000, 1604807507.486000
1604807507.662000, 1604807533.603000, 1604807533.603000, 1604807538.302000, 1604807538.302000, 1604807648.123000
