read_start,read_end,cpu_start,cpu_end,write_start,write_end
1604800854.232000, 1604800987.311000, 1604800987.311000, 1604800992.413000, 1604800992.413000, 1604801206.104000
1604801206.134000, 1604801225.842000, 1604801225.842000, 1604801231.135000, 1604801231.135000, 1604801463.110000
1604801463.228000, 1604801494.018000, 1604801494.018000, 1604801499.590000, 1604801499.590000, 1604801529.045000
