read_start,read_end,cpu_start,cpu_end,write_start,write_end
1604792290.921000, 1604792351.992000, 1604792351.992000, 1604792356.752000, 1604792356.752000, 1604792449.210000
1604792449.246000, 1604792465.863000, 1604792465.863000, 1604792471.017000, 1604792471.017000, 1604792547.827000
1604792547.842000, 1604792555.553000, 1604792555.553000, 1604792560.340000, 1604792560.340000, 1604792620.871000
