read_start,read_end,cpu_start,cpu_end,write_start,write_end
1604807759.342000, 1604807931.353000, 1604807931.353000, 1604807937.468000, 1604807937.468000, 1604808225.139000
1604808225.151000, 1604808250.794000, 1604808250.794000, 1604808256.013000, 1604808256.013000, 1604808401.083000
1604808401.157000, 1604808555.967000, 1604808555.967000, 1604808562.140000, 1604808562.140000, 1604808717.453000
