{
    "workflow_execution": {
        "tasks": [
            {
                "color": "",
                "compute": {
                    "end": 17.30322580645811,
                    "start": 12.903225806458106
                },
                "execution_host": {
                    "cores": 32,
                    "flop_rate": 1000000000.0,
                    "hostname": "host01",
                    "memory_manager_service": 268000000000.0
                },
                "failed": -1.0,
                "num_cores_allocated": 1,
                "read": [
                    {
                        "end": 12.903225806458106,
                        "id": "file_0_0",
                        "start": 1.1084536082474228e-18
                    }
                ],
                "task_id": "task_0_0",
                "terminated": -1.0,
                "whole_task": {
                    "end": 30.20645161291621,
                    "start": 1.1084536082474228e-18
                },
                "write": [
                    {
                        "end": 30.20645161291621,
                        "id": "file_0_1",
                        "start": 17.30322580645811
                    }
                ]
            },
            {
                "color": "",
                "compute": {
                    "end": 47.50967741937422,
                    "start": 43.10967741937422
                },
                "execution_host": {
                    "cores": 32,
                    "flop_rate": 1000000000.0,
                    "hostname": "host01",
                    "memory_manager_service": 268000000000.0
                },
                "failed": -1.0,
                "num_cores_allocated": 1,
                "read": [
                    {
                        "end": 43.10967741937422,
                        "id": "file_0_1",
                        "start": 30.20645161291621
                    }
                ],
                "task_id": "task_0_1",
                "terminated": -1.0,
                "whole_task": {
                    "end": 60.41290322583222,
                    "start": 30.20645161291621
                },
                "write": [
                    {
                        "end": 60.41290322583222,
                        "id": "file_0_2",
                        "start": 47.50967741937422
                    }
                ]
            },
            {
                "color": "",
                "compute": {
                    "end": 77.71612903229037,
                    "start": 73.31612903229036
                },
                "execution_host": {
                    "cores": 32,
                    "flop_rate": 1000000000.0,
                    "hostname": "host01",
                    "memory_manager_service": 268000000000.0
                },
                "failed": -1.0,
                "num_cores_allocated": 1,
                "read": [
                    {
                        "end": 73.31612903229036,
                        "id": "file_0_2",
                        "start": 60.41290322583222
                    }
                ],
                "task_id": "task_0_2",
                "terminated": -1.0,
                "whole_task": {
                    "end": 90.61935483874858,
                    "start": 60.41290322583222
                },
                "write": [
                    {
                        "end": 90.61935483874858,
                        "id": "file_0_3",
                        "start": 77.71612903229037
                    }
                ]
            },
            {
                "color": "",
                "compute": {
                    "end": 17.30322580645811,
                    "start": 12.903225806458106
                },
                "execution_host": {
                    "cores": 32,
                    "flop_rate": 1000000000.0,
                    "hostname": "host01",
                    "memory_manager_service": 268000000000.0
                },
                "failed": -1.0,
                "num_cores_allocated": 1,
                "read": [
                    {
                        "end": 12.903225806458106,
                        "id": "file_1_0",
                        "start": 5.542268041237114e-18
                    }
                ],
                "task_id": "task_1_0",
                "terminated": -1.0,
                "whole_task": {
                    "end": 30.20645161291621,
                    "start": 5.542268041237114e-18
                },
                "write": [
                    {
                        "end": 30.20645161291621,
                        "id": "file_1_1",
                        "start": 17.30322580645811
                    }
                ]
            },
            {
                "color": "",
                "compute": {
                    "end": 47.50967741937422,
                    "start": 43.10967741937422
                },
                "execution_host": {
                    "cores": 32,
                    "flop_rate": 1000000000.0,
                    "hostname": "host01",
                    "memory_manager_service": 268000000000.0
                },
                "failed": -1.0,
                "num_cores_allocated": 1,
                "read": [
                    {
                        "end": 43.10967741937422,
                        "id": "file_1_1",
                        "start": 30.20645161291621
                    }
                ],
                "task_id": "task_1_1",
                "terminated": -1.0,
                "whole_task": {
                    "end": 60.41290322583222,
                    "start": 30.20645161291621
                },
                "write": [
                    {
                        "end": 60.41290322583222,
                        "id": "file_1_2",
                        "start": 47.50967741937422
                    }
                ]
            },
            {
                "color": "",
                "compute": {
                    "end": 77.71612903229037,
                    "start": 73.31612903229036
                },
                "execution_host": {
                    "cores": 32,
                    "flop_rate": 1000000000.0,
                    "hostname": "host01",
                    "memory_manager_service": 268000000000.0
                },
                "failed": -1.0,
                "num_cores_allocated": 1,
                "read": [
                    {
                        "end": 73.31612903229036,
                        "id": "file_1_2",
                        "start": 60.41290322583222
                    }
                ],
                "task_id": "task_1_2",
                "terminated": -1.0,
                "whole_task": {
                    "end": 90.61935483874858,
                    "start": 60.41290322583222
                },
                "write": [
                    {
                        "end": 90.61935483874858,
                        "id": "file_1_3",
                        "start": 77.71612903229037
                    }
                ]
            }
        ]
    }
}
