{
    "workflow_execution": {
        "tasks": [
            {
                "color": "",
                "compute": {
                    "end": 23.75483870968715,
                    "start": 19.35483870968715
                },
                "execution_host": {
                    "cores": 32,
                    "flop_rate": 1000000000.0,
                    "hostname": "host01",
                    "memory_manager_service": 268000000000.0
                },
                "failed": -1.0,
                "num_cores_allocated": 1,
                "read": [
                    {
                        "end": 19.35483870968715,
                        "id": "file_0_0",
                        "start": 1.1084536082474228e-18
                    }
                ],
                "task_id": "task_0_0",
                "terminated": -1.0,
                "whole_task": {
                    "end": 43.10967741937437,
                    "start": 1.1084536082474228e-18
                },
                "write": [
                    {
                        "end": 43.10967741937437,
                        "id": "file_0_1",
                        "start": 23.75483870968715
                    }
                ]
            },
            {
                "color": "",
                "compute": {
                    "end": 66.86451612906168,
                    "start": 62.464516129061685
                },
                "execution_host": {
                    "cores": 32,
                    "flop_rate": 1000000000.0,
                    "hostname": "host01",
                    "memory_manager_service": 268000000000.0
                },
                "failed": -1.0,
                "num_cores_allocated": 1,
                "read": [
                    {
                        "end": 62.464516129061685,
                        "id": "file_0_1",
                        "start": 43.10967741937437
                    }
                ],
                "task_id": "task_0_1",
                "terminated": -1.0,
                "whole_task": {
                    "end": 86.21935483874879,
                    "start": 43.10967741937437
                },
                "write": [
                    {
                        "end": 86.21935483874879,
                        "id": "file_0_2",
                        "start": 66.86451612906168
                    }
                ]
            },
            {
                "color": "",
                "compute": {
                    "end": 109.97419354843589,
                    "start": 105.57419354843589
                },
                "execution_host": {
                    "cores": 32,
                    "flop_rate": 1000000000.0,
                    "hostname": "host01",
                    "memory_manager_service": 268000000000.0
                },
                "failed": -1.0,
                "num_cores_allocated": 1,
                "read": [
                    {
                        "end": 105.57419354843589,
                        "id": "file_0_2",
                        "start": 86.21935483874879
                    }
                ],
                "task_id": "task_0_2",
                "terminated": -1.0,
                "whole_task": {
                    "end": 129.32903225812302,
                    "start": 86.21935483874879
                },
                "write": [
                    {
                        "end": 129.32903225812302,
                        "id": "file_0_3",
                        "start": 109.97419354843589
                    }
                ]
            },
            {
                "color": "",
                "compute": {
                    "end": 23.75483870968715,
                    "start": 19.35483870968715
                },
                "execution_host": {
                    "cores": 32,
                    "flop_rate": 1000000000.0,
                    "hostname": "host01",
                    "memory_manager_service": 268000000000.0
                },
                "failed": -1.0,
                "num_cores_allocated": 1,
                "read": [
                    {
                        "end": 19.35483870968715,
                        "id": "file_1_0",
                        "start": 5.542268041237114e-18
                    }
                ],
                "task_id": "task_1_0",
                "terminated": -1.0,
                "whole_task": {
                    "end": 43.10967741937437,
                    "start": 5.542268041237114e-18
                },
                "write": [
                    {
                        "end": 43.10967741937437,
                        "id": "file_1_1",
                        "start": 23.75483870968715
                    }
                ]
            },
            {
                "color": "",
                "compute": {
                    "end": 66.86451612906168,
                    "start": 62.464516129061685
                },
                "execution_host": {
                    "cores": 32,
                    "flop_rate": 1000000000.0,
                    "hostname": "host01",
                    "memory_manager_service": 268000000000.0
                },
                "failed": -1.0,
                "num_cores_allocated": 1,
                "read": [
                    {
                        "end": 62.464516129061685,
                        "id": "file_1_1",
                        "start": 43.10967741937437
                    }
                ],
                "task_id": "task_1_1",
                "terminated": -1.0,
                "whole_task": {
                    "end": 86.21935483874879,
                    "start": 43.10967741937437
                },
                "write": [
                    {
                        "end": 86.21935483874879,
                        "id": "file_1_2",
                        "start": 66.86451612906168
                    }
                ]
            },
            {
                "color": "",
                "compute": {
                    "end": 109.97419354843589,
                    "start": 105.57419354843589
                },
                "execution_host": {
                    "cores": 32,
                    "flop_rate": 1000000000.0,
                    "hostname": "host01",
                    "memory_manager_service": 268000000000.0
                },
                "failed": -1.0,
                "num_cores_allocated": 1,
                "read": [
                    {
                        "end": 105.57419354843589,
                        "id": "file_1_2",
                        "start": 86.21935483874879
                    }
                ],
                "task_id": "task_1_2",
                "terminated": -1.0,
                "whole_task": {
                    "end": 129.32903225812302,
                    "start": 86.21935483874879
                },
                "write": [
                    {
                        "end": 129.32903225812302,
                        "id": "file_1_3",
                        "start": 109.97419354843589
                    }
                ]
            },
            {
                "color": "",
                "compute": {
                    "end": 23.75483870968715,
                    "start": 19.35483870968715
                },
                "execution_host": {
                    "cores": 32,
                    "flop_rate": 1000000000.0,
                    "hostname": "host01",
                    "memory_manager_service": 268000000000.0
                },
                "failed": -1.0,
                "num_cores_allocated": 1,
                "read": [
                    {
                        "end": 19.35483870968715,
                        "id": "file_2_0",
                        "start": 9.976082474226805e-18
                    }
                ],