{
    "workflow_execution": {
        "tasks": [
            {
                "color": "",
                "compute": {
                    "end": 30.20645161291621,
                    "start": 25.806451612916213
                },
                "execution_host": {
                    "cores": 32,
                    "flop_rate": 1000000000.0,
                    "hostname": "host01",
                    "memory_manager_service": 268000000000.0
                },
                "failed": -1.0,
                "num_cores_allocated": 1,
                "read": [
                    {
                        "end": 25.806451612916213,
                        "id": "file_0_0",
                        "start": 1.1084536082474228e-18
                    }
                ],
                "task_id": "task_0_0",
                "terminated": -1.0,
                "whole_task": {
                    "end": 56.01290322583242,
                    "start": 1.1084536082474228e-18
                },
                "write": [
                    {
                        "end": 56.01290322583242,
                        "id": "file_0_1",
                        "start": 30.20645161291621
                    }
                ]
            },
            {
                "color": "",
                "compute": {
                    "end": 86.21935483874849,
                    "start": 81.81935483874848
                },
                "execution_host": {
                    "cores": 32,
                    "flop_rate": 1000000000.0,
                    "hostname": "host01",
                    "memory_manager_service": 268000000000.0
                },
                "failed": -1.0,
                "num_cores_allocated": 1,
                "read": [
                    {
                        "end": 81.81935483874848,
                        "id": "file_0_1",
                        "start": 56.01290322583242
                    }
                ],
                "task_id": "task_0_1",
                "terminated": -1.0,
                "whole_task": {
                    "end": 112.02580645166448,
                    "start": 56.01290322583242
                },
                "write": [
                    {
                        "end": 112.02580645166448,
                        "id": "file_0_2",
                        "start": 86.21935483874849
                    }
                ]
            },
            {
                "color": "",
                "compute": {
                    "end": 142.23225806458063,
                    "start": 137.83225806458063
                },
                "execution_host": {
                    "cores": 32,
                    "flop_rate": 1000000000.0,
                    "hostname": "host01",
                    "memory_manager_service": 268000000000.0
                },
                "failed": -1.0,
                "num_cores_allocated": 1,
                "read": [
                    {
                        "end": 137.83225806458063,
                        "id": "file_0_2",
                        "start": 112.02580645166448
                    }
                ],
                "task_id": "task_0_2",
                "terminated": -1.0,
                "whole_task": {
                    "end": 168.03870967749705,
                    "start": 112.02580645166448
                },
                "write": [
                    {
                        "end": 168.03870967749705,
                        "id": "file_0_3",
                        "start": 142.23225806458063
                    }
                ]
            },
            {
                "color": "",
                "compute": {
                    "end": 30.20645161291621,
                    "start": 25.806451612916213
                },
                "execution_host": {
                    "cores": 32,
                    "flop_rate": 1000000000.0,
                    "hostname": "host01",
                    "memory_manager_service": 268000000000.0
                },
                "failed": -1.0,
                "num_cores_allocated": 1,
                "read": [
                    {
                        "end": 25.806451612916213,
                        "id": "file_1_0",
                        "start": 5.542268041237114e-18
                    }
                ],
                "task_id": "task_1_0",
                "terminated": -1.0,
                "whole_task": {
                    "end": 56.01290322583242,
                    "start": 5.542268041237114e-18
                },
                "write": [
                    {
                        "end": 56.01290322583242,
                        "id": "file_1_1",
                        "start": 30.20645161291621
                    }
                ]
            },
            {
                "color": "",
                "compute": {
                    "end": 86.21935483874849,
                    "start": 81.81935483874848
                },
                "execution_host": {
                    "cores": 32,
                    "flop_rate": 1000000000.0,
                    "hostname": "host01",
                    "memory_manager_service": 268000000000.0
                },
                "failed": -1.0,
                "num_cores_allocated": 1,
                "read": [
                    {
                        "end": 81.81935483874848,
                        "id": "file_1_1",
                        "start": 56.01290322583242
                    }
                ],
                "task_id": "task_1_1",
                "terminated": -1.0,
                "whole_task": {
                    "end": 112.02580645166448,
                    "start": 56.01290322583242
                },
                "write": [
                    {
                        "end": 112.02580645166448,
                        "id": "file_1_2",
                        "start": 86.21935483874849
                    }
                ]
            },
            {
                "color": "",
                "compute": {
                    "end": 142.23225806458063,
                    "start": 137.83225806458063
                },
                "execution_host": {
                    "cores": 32,
                    "flop_rate": 1000000000.0,
                    "hostname": "host01",
                    "memory_manager_service": 268000000000.0
                },
                "failed": -1.0,
                "num_cores_allocated": 1,
                "read": [
                    {
                        "end": 137.83225806458063,
                        "id": "file_1_2",
                        "start": 112.02580645166448
                    }
                ],
                "task_id": "task_1_2",
                "terminated": -1.0,
                "whole_task": {
                    "end": 168.03870967749705,
                    "start": 112.02580645166448
                },
                "write": [
                    {
                        "end": 168.03870967749705,
                        "id": "file_1_3",
                        "start": 142.23225806458063
                    }
                ]
            },
            {
                "color": "",
                "compute": {
                    "end": 30.20645161291621,
                    "start": 25.806451612916213
                },
                "execution_host": {
                    "cores": 32,
                    "flop_rate": 1000000000.0,
                    "hostname": "host01",
                    "memory_manager_service": 268000000000.0
                },
                "failed": -1.0,
                "num_cores_allocated": 1,
                "read": [
                    {
                        "end": 25.806451612916213,
                        "id": "file_2_0",
                        "start": 9.976082474226805e-18
                    }
                ],