{
    "workflow_execution": {
        "tasks": [
            {
                "color": "",
                "compute": {
                    "end": 10.851612903229054,
                    "start": 6.451612903229053
                },
                "execution_host": {
                    "cores": 32,
                    "flop_rate": 1000000000.0,
                    "hostname": "host01",
                    "memory_manager_service": 268000000000.0
                },
                "failed": -1.0,
                "num_cores_allocated": 1,
                "read": [
                    {
                        "end": 6.451612903229053,
                        "id": "file_0_0",
                        "start": 1.1084536082474228e-18
                    }
                ],
                "task_id": "task_0_0",
                "terminated": -1.0,
                "whole_task": {
                    "end": 17.303225806458098,
                    "start": 1.1084536082474228e-18
                },
                "write": [
                    {
                        "end": 17.303225806458098,
                        "id": "file_0_1",
                        "start": 10.851612903229054
                    }
                ]
            },
            {
                "color": "",
                "compute": {
                    "end": 28.1548387096871,
                    "start": 23.754838709687096
                },
                "execution_host": {
                    "cores": 32,
                    "flop_rate": 1000000000.0,
                    "hostname": "host01",
                    "memory_manager_service": 268000000000.0
                },
                "failed": -1.0,
                "num_cores_allocated": 1,
                "read": [
                    {
                        "end": 23.754838709687096,
                        "id": "file_0_1",
                        "start": 17.303225806458098
                    }
                ],
                "task_id": "task_0_1",
                "terminated": -1.0,
                "whole_task": {
                    "end": 34.60645161291614,
                    "start": 17.303225806458098
                },
                "write": [
                    {
                        "end": 34.60645161291614,
                        "id": "file_0_2",
                        "start": 28.1548387096871
                    }
                ]
            },
            {
                "color": "",
                "compute": {
                    "end": 45.45806451614524,
                    "start": 41.058064516145244
                },
                "execution_host": {
                    "cores": 32,
                    "flop_rate": 1000000000.0,
                    "hostname": "host01",
                    "memory_manager_service": 268000000000.0
                },
                "failed": -1.0,
                "num_cores_allocated": 1,
                "read": [
                    {
                        "end": 41.058064516145244,
                        "id": "file_0_2",
                        "start": 34.60645161291614
                    }
                ],
                "task_id": "task_0_2",
                "terminated": -1.0,
                "whole_task": {
                    "end": 51.90967741937435,
                    "start": 34.60645161291614
                },
                "write": [
                    {
                        "end": 51.90967741937435,
                        "id": "file_0_3",
                        "start": 45.45806451614524
                    }
                ]
            }
        ]
    }
}
