{
    "workflow_execution": {
        "tasks": [
            {
                "color": "",
                "compute": {
                    "end": 36.658064516145245,
                    "start": 32.25806451614525
                },
                "execution_host": {
                    "cores": 32,
                    "flop_rate": 1000000000.0,
                    "hostname": "host01",
                    "memory_manager_service": 268000000000.0
                },
                "failed": -1.0,
                "num_cores_allocated": 1,
                "read": [
                    {
                        "end": 32.25806451614525,
                        "id": "file_0_0",
                        "start": 1.1084536082474228e-18
                    }
                ],
                "task_id": "task_0_0",
                "terminated": -1.0,
                "whole_task": {
                    "end": 68.91612903229056,
                    "start": 1.1084536082474228e-18
                },
                "write": [
                    {
                        "end": 68.91612903229056,
                        "id": "file_0_1",
                        "start": 36.658064516145245
                    }
                ]
            },
            {
                "color": "",
                "compute": {
                    "end": 105.57419354843587,
                    "start": 101.17419354843587
                },
                "execution_host": {
                    "cores": 32,
                    "flop_rate": 1000000000.0,
                    "hostname": "host01",
                    "memory_manager_service": 268000000000.0
                },
                "failed": -1.0,
                "num_cores_allocated": 1,
                "read": [
                    {
                        "end": 101.17419354843587,
                        "id": "file_0_1",
                        "start": 68.91612903229056
                    }
                ],
                "task_id": "task_0_1",
                "terminated": -1.0,
                "whole_task": {
                    "end": 137.83225806458105,
                    "start": 68.91612903229056
                },
                "write": [
                    {
                        "end": 137.83225806458105,
                        "id": "file_0_2",
                        "start": 105.57419354843587
                    }
                ]
            },
            {
                "color": "",
                "compute": {
                    "end": 174.49032258072594,
                    "start": 170.09032258072594
                },
                "execution_host": {
                    "cores": 32,
                    "flop_rate": 1000000000.0,
                    "hostname": "host01",
                    "memory_manager_service": 268000000000.0
                },
                "failed": -1.0,
                "num_cores_allocated": 1,
                "read": [
                    {
                        "end": 170.09032258072594,
                        "id": "file_0_2",
                        "start": 137.83225806458105
                    }
                ],
                "task_id": "task_0_2",
                "terminated": -1.0,
                "whole_task": {
                    "end": 206.74838709687083,
                    "start": 137.83225806458105
                },
                "write": [
                    {
                        "end": 206.74838709687083,
                        "id": "file_0_3",
                        "start": 174.49032258072594
                    }
                ]
            },
            {
                "color": "",
                "compute": {
                    "end": 36.658064516145245,
                    "start": 32.25806451614525
                },
                "execution_host": {
                    "cores": 32,
                    "flop_rate": 1000000000.0,
                    "hostname": "host01",
                    "memory_manager_service": 268000000000.0
                },
                "failed": -1.0,
                "num_cores_allocated": 1,
                "read": [
                    {
                        "end": 32.25806451614525,
                        "id": "file_1_0",
                        "start": 5.542268041237114e-18
                    }
                ],
                "task_id": "task_1_0",
                "terminated": -1.0,
                "whole_task": {
                    "end": 68.91612903229056,
                    "start": 5.542268041237114e-18
                },
                "write": [
                    {
                        "end": 68.91612903229056,
                        "id": "file_1_1",
                        "start": 36.658064516145245
                    }
                ]
            },
            {
                "color": "",
                "compute": {
                    "end": 105.57419354843587,
                    "start": 101.17419354843587
                },
                "execution_host": {
                    "cores": 32,
                    "flop_rate": 1000000000.0,
                    "hostname": "host01",
                    "memory_manager_service": 268000000000.0
                },
                "failed": -1.0,
                "num_cores_allocated": 1,
                "read": [
                    {
                        "end": 101.17419354843587,
                        "id": "file_1_1",
                        "start": 68.91612903229056
                    }
                ],
                "task_id": "task_1_1",
                "terminated": -1.0,
                "whole_task": {
                    "end": 137.83225806458105,
                    "start": 68.91612903229056
                },
                "write": [
                    {
                        "end": 137.83225806458105,
                        "id": "file_1_2",
                        "start": 105.57419354843587
                    }
                ]
            },
            {
                "color": "",
                "compute": {
                    "end": 174.49032258072594,
                    "start": 170.09032258072594
                },
                "execution_host": {
                    "cores": 32,
                    "flop_rate": 1000000000.0,
                    "hostname": "host01",
                    "memory_manager_service": 268000000000.0
                },
                "failed": -1.0,
                "num_cores_allocated": 1,
                "read": [
                    {
                        "end": 170.09032258072594,
                        "id": "file_1_2",
                        "start": 137.83225806458105
                    }
                ],
                "task_id": "task_1_2",
                "terminated": -1.0,
                "whole_task": {
                    "end": 206.74838709687083,
                    "start": 137.83225806458105
                },
                "write": [
                    {
                        "end": 206.74838709687083,
                        "id": "file_1_3",
                        "start": 174.49032258072594
                    }
                ]
            },
            {
                "color": "",
                "compute": {
                    "end": 36.658064516145245,
                    "start": 32.25806451614525
                },
                "execution_host": {
                    "cores": 32,
                    "flop_rate": 1000000000.0,
                    "hostname": "host01",
                    "memory_manager_service": 268000000000.0
                },
                "failed": -1.0,
                "num_cores_allocated": 1,
                "read": [
                    {
                        "end": 32.25806451614525,
                        "id": "file_2_0",
                        "start": 9.976082474226805e-18
                    }
                ],