{
    "workflow_execution": {
        "tasks": [
            {
                "color": "",
                "compute": {
                    "end": 11.178436480379933,
                    "start": 6.778436480379932
                },
                "execution_host": {
                    "cores": 32,
                    "flop_rate": 1000000000.0,
                    "hostname": "compute_host",
                    "memory_manager_service": 268000000000.0
                },
                "failed": -1.0,
                "num_cores_allocated": 1,
                "read": [
                    {
                        "end": 6.778436480379932,
                        "id": "file_0_0",
                        "start": 1.1084536082474228e-18
                    }
                ],
                "task_id": "task_0_0",
                "terminated": -1.0,
                "whole_task": {
                    "end": 17.95713352929919,
                    "start": 1.1084536082474228e-18
                },
                "write": [
                    {
                        "end": 17.95713352929919,
                        "id": "file_0_1",
                        "start": 11.178436480379933
                    }
                ]
            },
            {
                "color": "",
                "compute": {
                    "end": 29.135570009679192,
                    "start": 24.735570009679194
                },
                "execution_host": {
                    "cores": 32,
                    "flop_rate": 1000000000.0,
                    "hostname": "compute_host",
                    "memory_manager_service": 268000000000.0
                },
                "failed": -1.0,
                "num_cores_allocated": 1,
                "read": [
                    {
                        "end": 24.735570009679194,
                        "id": "file_0_1",
                        "start": 17.95713352929919
                    }
                ],
                "task_id": "task_0_1",
                "terminated": -1.0,
                "whole_task": {
                    "end": 35.91426705859847,
                    "start": 17.95713352929919
                },
                "write": [
                    {
                        "end": 35.91426705859847,
                        "id": "file_0_2",
                        "start": 29.135570009679192
                    }
                ]
            },
            {
                "color": "",
                "compute": {
                    "end": 47.09270353897838,
                    "start": 42.69270353897838
                },
                "execution_host": {
                    "cores": 32,
                    "flop_rate": 1000000000.0,
                    "hostname": "compute_host",
                    "memory_manager_service": 268000000000.0
                },
                "failed": -1.0,
                "num_cores_allocated": 1,
                "read": [
                    {
                        "end": 42.69270353897838,
                        "id": "file_0_2",
                        "start": 35.91426705859847
                    }
                ],
                "task_id": "task_0_2",
                "terminated": -1.0,
                "whole_task": {
                    "end": 53.87140058789761,
                    "start": 35.91426705859847
                },
                "write": [
                    {
                        "end": 53.87140058789761,
                        "id": "file_0_3",
                        "start": 47.09270353897838
                    }
                ]
            }
        ]
    }
}
