{
    "workflow_execution": {
        "tasks": [
            {
                "color": "",
                "compute": {
                    "end": 17.956092392220533,
                    "start": 13.556092392220535
                },
                "execution_host": {
                    "cores": 32,
                    "flop_rate": 1000000000.0,
                    "hostname": "compute_host",
                    "memory_manager_service": 268000000000.0
                },
                "failed": -1.0,
                "num_cores_allocated": 1,
                "read": [
                    {
                        "end": 13.556092392220535,
                        "id": "file_0_0",
                        "start": 1.1084536082474228e-18
                    }
                ],
                "task_id": "task_0_0",
                "terminated": -1.0,
                "whole_task": {
                    "end": 31.512445755227525,
                    "start": 1.1084536082474228e-18
                },
                "write": [
                    {
                        "end": 31.512445755227525,
                        "id": "file_0_1",
                        "start": 17.956092392220533
                    }
                ]
            },
            {
                "color": "",
                "compute": {
                    "end": 49.46853818340326,
                    "start": 45.06853818340326
                },
                "execution_host": {
                    "cores": 32,
                    "flop_rate": 1000000000.0,
                    "hostname": "compute_host",
                    "memory_manager_service": 268000000000.0
                },
                "failed": -1.0,
                "num_cores_allocated": 1,
                "read": [
                    {
                        "end": 45.06853818340326,
                        "id": "file_0_1",
                        "start": 31.512445755227525
                    }
                ],
                "task_id": "task_0_1",
                "terminated": -1.0,
                "whole_task": {
                    "end": 63.024891546410466,
                    "start": 31.512445755227525
                },
                "write": [
                    {
                        "end": 63.024891546410466,
                        "id": "file_0_2",
                        "start": 49.46853818340326
                    }
                ]
            },
            {
                "color": "",
                "compute": {
                    "end": 80.98098397458601,
                    "start": 76.580983974586
                },
                "execution_host": {
                    "cores": 32,
                    "flop_rate": 1000000000.0,
                    "hostname": "compute_host",
                    "memory_manager_service": 268000000000.0
                },
                "failed": -1.0,
                "num_cores_allocated": 1,
                "read": [
                    {
                        "end": 76.580983974586,
                        "id": "file_0_2",
                        "start": 63.024891546410466
                    }
                ],
                "task_id": "task_0_2",
                "terminated": -1.0,
                "whole_task": {
                    "end": 94.53733733759302,
                    "start": 63.024891546410466
                },
                "write": [
                    {
                        "end": 94.53733733759302,
                        "id": "file_0_3",
                        "start": 80.98098397458601
                    }
                ]
            },
            {
                "color": "",
                "compute": {
                    "end": 17.956092392220533,
                    "start": 13.556092392220535
                },
                "execution_host": {
                    "cores": 32,
                    "flop_rate": 1000000000.0,
                    "hostname": "compute_host",
                    "memory_manager_service": 268000000000.0
                },
                "failed": -1.0,
                "num_cores_allocated": 1,
                "read": [
                    {
                        "end": 13.556092392220535,
                        "id": "file_1_0",
                        "start": 3.3253608247422685e-18
                    }
                ],
                "task_id": "task_1_0",
                "terminated": -1.0,
                "whole_task": {
                    "end": 31.512445755227525,
                    "start": 3.3253608247422685e-18
                },
                "write": [
                    {
                        "end": 31.512445755227525,
                        "id": "file_1_1",
                        "start": 17.956092392220533
                    }
                ]
            },
            {
                "color": "",
                "compute": {
                    "end": 49.46853818340326,
                    "start": 45.06853818340326
                },
                "execution_host": {
                    "cores": 32,
                    "flop_rate": 1000000000.0,
                    "hostname": "compute_host",
                    "memory_manager_service": 268000000000.0
                },
                "failed": -1.0,
                "num_cores_allocated": 1,
                "read": [
                    {
                        "end": 45.06853818340326,
                        "id": "file_1_1",
                        "start": 31.512445755227525
                    }
                ],
                "task_id": "task_1_1",
                "terminated": -1.0,
                "whole_task": {
                    "end": 63.024891546410466,
                    "start": 31.512445755227525
                },
                "write": [
                    {
                        "end": 63.024891546410466,
                        "id": "file_1_2",
                        "start": 49.46853818340326
                    }
                ]
            },
            {
                "color": "",
                "compute": {
                    "end": 80.98098397458601,
                    "start": 76.580983974586
                },
                "execution_host": {
                    "cores": 32,
                    "flop_rate": 1000000000.0,
                    "hostname": "compute_host",
                    "memory_manager_service": 268000000000.0
                },
                "failed": -1.0,
                "num_cores_allocated": 1,
                "read": [
                    {
                        "end": 76.580983974586,
                        "id": "file_1_2",
                        "start": 63.024891546410466
                    }
                ],
                "task_id": "task_1_2",
                "terminated": -1.0,
                "whole_task": {
                    "end": 94.53733733759302,
                    "start": 63.024891546410466
                },
                "write": [
                    {
                        "end": 94.53733733759302,
                        "id": "file_1_3",
                        "start": 80.98098397458601
                    }
                ]
            }
        ]
    }
}
