{
    "workflow_execution": {
        "tasks": [
            {
                "color": "",
                "compute": {
                    "end": 24.73374830855554,
                    "start": 20.33374830855554
                },
                "execution_host": {
                    "cores": 32,
                    "flop_rate": 1000000000.0,
                    "hostname": "compute_host",
                    "memory_manager_service": 268000000000.0
                },
                "failed": -1.0,
                "num_cores_allocated": 1,
                "read": [
                    {
                        "end": 20.33374830855554,
                        "id": "file_0_0",
                        "start": 1.1084536082474228e-18
                    }
                ],
                "task_id": "task_0_0",
                "terminated": -1.0,
                "whole_task": {
                    "end": 45.06775792048194,
                    "start": 1.1084536082474228e-18
                },
                "write": [
                    {
                        "end": 45.06775792048194,
                        "id": "file_0_1",
                        "start": 24.73374830855554
                    }
                ]
            },
            {
                "color": "",
                "compute": {
                    "end": 69.80150622903756,
                    "start": 65.40150622903755
                },
                "execution_host": {
                    "cores": 32,
                    "flop_rate": 1000000000.0,
                    "hostname": "compute_host",
                    "memory_manager_service": 268000000000.0
                },
                "failed": -1.0,
                "num_cores_allocated": 1,
                "read": [
                    {
                        "end": 65.40150622903755,
                        "id": "file_0_1",
                        "start": 45.06775792048194
                    }
                ],
                "task_id": "task_0_1",
                "terminated": -1.0,
                "whole_task": {
                    "end": 90.13551584096356,
                    "start": 45.06775792048194
                },
                "write": [
                    {
                        "end": 90.13551584096356,
                        "id": "file_0_2",
                        "start": 69.80150622903756
                    }
                ]
            },
            {
                "color": "",
                "compute": {
                    "end": 114.86926414951878,
                    "start": 110.46926414951878
                },
                "execution_host": {
                    "cores": 32,
                    "flop_rate": 1000000000.0,
                    "hostname": "compute_host",
                    "memory_manager_service": 268000000000.0
                },
                "failed": -1.0,
                "num_cores_allocated": 1,
                "read": [
                    {
                        "end": 110.46926414951878,
                        "id": "file_0_2",
                        "start": 90.13551584096356
                    }
                ],
                "task_id": "task_0_2",
                "terminated": -1.0,
                "whole_task": {
                    "end": 135.20327376144505,
                    "start": 90.13551584096356
                },
                "write": [
                    {
                        "end": 135.20327376144505,
                        "id": "file_0_3",
                        "start": 114.86926414951878
                    }
                ]
            },
            {
                "color": "",
                "compute": {
                    "end": 24.73374830855554,
                    "start": 20.33374830855554
                },
                "execution_host": {
                    "cores": 32,
                    "flop_rate": 1000000000.0,
                    "hostname": "compute_host",
                    "memory_manager_service": 268000000000.0
                },
                "failed": -1.0,
                "num_cores_allocated": 1,
                "read": [
                    {
                        "end": 20.33374830855554,
                        "id": "file_1_0",
                        "start": 3.3253608247422685e-18
                    }
                ],
                "task_id": "task_1_0",
                "terminated": -1.0,
                "whole_task": {
                    "end": 45.06775792048194,
                    "start": 3.3253608247422685e-18
                },
                "write": [
                    {
                        "end": 45.06775792048194,
                        "id": "file_1_1",
                        "start": 24.73374830855554
                    }
                ]
            },
            {
                "color": "",
                "compute": {
                    "end": 69.80150622903756,
                    "start": 65.40150622903755
                },
                "execution_host": {
                    "cores": 32,
                    "flop_rate": 1000000000.0,
                    "hostname": "compute_host",
                    "memory_manager_service": 268000000000.0
                },
                "failed": -1.0,
                "num_cores_allocated": 1,
                "read": [
                    {
                        "end": 65.40150622903755,
                        "id": "file_1_1",
                        "start": 45.06775792048194
                    }
                ],
                "task_id": "task_1_1",
                "terminated": -1.0,
                "whole_task": {
                    "end": 90.13551584096356,
                    "start": 45.06775792048194
                },
                "write": [
                    {
                        "end": 90.13551584096356,
                        "id": "file_1_2",
                        "start": 69.80150622903756
                    }
                ]
            },
            {
                "color": "",
                "compute": {
                    "end": 114.86926414951878,
                    "start": 110.46926414951878
                },
                "execution_host": {
                    "cores": 32,
                    "flop_rate": 1000000000.0,
                    "hostname": "compute_host",
                    "memory_manager_service": 268000000000.0
                },
                "failed": -1.0,
                "num_cores_allocated": 1,
                "read": [
                    {
                        "end": 110.46926414951878,
                        "id": "file_1_2",
                        "start": 90.13551584096356
                    }
                ],
                "task_id": "task_1_2",
                "terminated": -1.0,
                "whole_task": {
                    "end": 135.20327376144505,
                    "start": 90.13551584096356
                },
                "write": [
                    {
                        "end": 135.20327376144505,
                        "id": "file_1_3",
                        "start": 114.86926414951878
                    }
                ]
            },
            {
                "color": "",
                "compute": {
                    "end": 24.73374830855554,
                    "start": 20.33374830855554
                },
                "execution_host": {
                    "cores": 32,
                    "flop_rate": 1000000000.0,
                    "hostname": "compute_host",
                    "memory_manager_service": 268000000000.0
                },
                "failed": -1.0,
                "num_cores_allocated": 1,
                "read": [
                    {
                        "end": 20.33374830855554,
                        "id": "file_2_0",