{
    "workflow_execution": {
        "tasks": [
            {
                "color": "",
                "compute": {
                    "end": 31.511404188935458,
                    "start": 27.111404188935456
                },
                "execution_host": {
                    "cores": 32,
                    "flop_rate": 1000000000.0,
                    "hostname": "compute_host",
                    "memory_manager_service": 268000000000.0
                },
                "failed": -1.0,
                "num_cores_allocated": 1,
                "read": [
                    {
                        "end": 27.111404188935456,
                        "id": "file_0_0",
                        "start": 1.1084536082474228e-18
                    }
                ],
                "task_id": "task_0_0",
                "terminated": -1.0,
                "whole_task": {
                    "end": 58.62307004978112,
                    "start": 1.1084536082474228e-18
                },
                "write": [
                    {
                        "end": 58.62307004978112,
                        "id": "file_0_1",
                        "start": 31.511404188935458
                    }
                ]
            },
            {
                "color": "",
                "compute": {
                    "end": 90.13447423871685,
                    "start": 85.73447423871684
                },
                "execution_host": {
                    "cores": 32,
                    "flop_rate": 1000000000.0,
                    "hostname": "compute_host",
                    "memory_manager_service": 268000000000.0
                },
                "failed": -1.0,
                "num_cores_allocated": 1,
                "read": [
                    {
                        "end": 85.73447423871684,
                        "id": "file_0_1",
                        "start": 58.62307004978112
                    }
                ],
                "task_id": "task_0_1",
                "terminated": -1.0,
                "whole_task": {
                    "end": 117.24614009956272,
                    "start": 58.62307004978112
                },
                "write": [
                    {
                        "end": 117.24614009956272,
                        "id": "file_0_2",
                        "start": 90.13447423871685
                    }
                ]
            },
            {
                "color": "",
                "compute": {
                    "end": 148.75754428849822,
                    "start": 144.35754428849822
                },
                "execution_host": {
                    "cores": 32,
                    "flop_rate": 1000000000.0,
                    "hostname": "compute_host",
                    "memory_manager_service": 268000000000.0
                },
                "failed": -1.0,
                "num_cores_allocated": 1,
                "read": [
                    {
                        "end": 144.35754428849822,
                        "id": "file_0_2",
                        "start": 117.24614009956272
                    }
                ],
                "task_id": "task_0_2",
                "terminated": -1.0,
                "whole_task": {
                    "end": 175.86921014934376,
                    "start": 117.24614009956272
                },
                "write": [
                    {
                        "end": 175.86921014934376,
                        "id": "file_0_3",
                        "start": 148.75754428849822
                    }
                ]
            },
            {
                "color": "",
                "compute": {
                    "end": 31.511404188935458,
                    "start": 27.111404188935456
                },
                "execution_host": {
                    "cores": 32,
                    "flop_rate": 1000000000.0,
                    "hostname": "compute_host",
                    "memory_manager_service": 268000000000.0
                },
                "failed": -1.0,
                "num_cores_allocated": 1,
                "read": [
                    {
                        "end": 27.111404188935456,
                        "id": "file_1_0",
                        "start": 3.3253608247422685e-18
                    }
                ],
                "task_id": "task_1_0",
                "terminated": -1.0,
                "whole_task": {
                    "end": 58.62307004978112,
                    "start": 3.3253608247422685e-18
                },
                "write": [
                    {
                        "end": 58.62307004978112,
                        "id": "file_1_1",
                        "start": 31.511404188935458
                    }
                ]
            },
            {
                "color": "",
                "compute": {
                    "end": 90.13447423871685,
                    "start": 85.73447423871684
                },
                "execution_host": {
                    "cores": 32,
                    "flop_rate": 1000000000.0,
                    "hostname": "compute_host",
                    "memory_manager_service": 268000000000.0
                },
                "failed": -1.0,
                "num_cores_allocated": 1,
                "read": [
                    {
                        "end": 85.73447423871684,
                        "id": "file_1_1",
                        "start": 58.62307004978112
                    }
                ],
                "task_id": "task_1_1",
                "terminated": -1.0,
                "whole_task": {
                    "end": 117.24614009956272,
                    "start": 58.62307004978112
                },
                "write": [
                    {
                        "end": 117.24614009956272,
                        "id": "file_1_2",
                        "start": 90.13447423871685
                    }
                ]
            },
            {
                "color": "",
                "compute": {
                    "end": 148.75754428849822,
                    "start": 144.35754428849822
                },
                "execution_host": {
                    "cores": 32,
                    "flop_rate": 1000000000.0,
                    "hostname": "compute_host",
                    "memory_manager_service": 268000000000.0
                },
                "failed": -1.0,
                "num_cores_allocated": 1,
                "read": [
                    {
                        "end": 144.35754428849822,
                        "id": "file_1_2",
                        "start": 117.24614009956272
                    }
                ],
                "task_id": "task_1_2",
                "terminated": -1.0,
                "whole_task": {
                    "end": 175.86921014934376,
                    "start": 117.24614009956272
                },
                "write": [
                    {
                        "end": 175.86921014934376,
                        "id": "file_1_3",
                        "start": 148.75754428849822
                    }
                ]
            },
            {
                "color": "",
                "compute": {
                    "end": 31.511404188935458,
                    "start": 27.111404188935456
                },
                "execution_host": {
                    "cores": 32,
                    "flop_rate": 1000000000.0,
                    "hostname": "compute_host",
                    "memory_manager_service": 268000000000.0
                },
                "failed": -1.0,
                "num_cores_allocated": 1,
                "read": [
                    {
                        "end": 27.111404188935456,
                        "id": "file_2_0",