{
    "workflow_execution": {
        "tasks": [
            {
                "color": "",
                "compute": {
                    "end": 17.956092393536426,
                    "start": 13.556092393536428
                },
                "execution_host": {
                    "cores": 32,
                    "flop_rate": 1000000000.0,
                    "hostname": "compute_host",
                    "memory": 268000000000.0
                },
                "failed": -1.0,
                "num_cores_allocated": 1,
                "read": [
                    {
                        "end": 13.556092393536428,
                        "id": "file_0_0",
                        "start": 1.1084536082474228e-18
                    }
                ],
                "task_id": "task_0_0",
                "terminated": -1.0,
                "whole_task": {
                    "end": 31.512445755056177,
                    "start": 1.1084536082474228e-18
                },
                "write": [
                    {
                        "end": 31.512445755056177,
                        "id": "file_0_1",
                        "start": 17.956092393536426
                    }
                ]
            },
            {
                "color": "",
                "compute": {
                    "end": 49.46853818468668,
                    "start": 45.06853818468668
                },
                "execution_host": {
                    "cores": 32,
                    "flop_rate": 1000000000.0,
                    "hostname": "compute_host",
                    "memory": 268000000000.0
                },
                "failed": -1.0,
                "num_cores_allocated": 1,
                "read": [
                    {
                        "end": 45.06853818468668,
                        "id": "file_0_1",
                        "start": 31.512445755056177
                    }
                ],
                "task_id": "task_0_1",
                "terminated": -1.0,
                "whole_task": {
                    "end": 63.024891548314606,
                    "start": 31.512445755056177
                },
                "write": [
                    {
                        "end": 63.024891548314606,
                        "id": "file_0_2",
                        "start": 49.46853818468668
                    }
                ]
            },
            {
                "color": "",
                "compute": {
                    "end": 80.9809839755589,
                    "start": 76.5809839755589
                },
                "execution_host": {
                    "cores": 32,
                    "flop_rate": 1000000000.0,
                    "hostname": "compute_host",
                    "memory": 268000000000.0
                },
                "failed": -1.0,
                "num_cores_allocated": 1,
                "read": [
                    {
                        "end": 76.5809839755589,
                        "id": "file_0_2",
                        "start": 63.024891548314606
                    }
                ],
                "task_id": "task_0_2",
                "terminated": -1.0,
                "whole_task": {
                    "end": 94.53733733707865,
                    "start": 63.024891548314606
                },
                "write": [
                    {
                        "end": 94.53733733707865,
                        "id": "file_0_3",
                        "start": 80.9809839755589
                    }
                ]
            },
            {
                "color": "",
                "compute": {
                    "end": 17.956092393536426,
                    "start": 13.556092393536428
                },
                "execution_host": {
                    "cores": 32,
                    "flop_rate": 1000000000.0,
                    "hostname": "compute_host",
                    "memory": 268000000000.0
                },
                "failed": -1.0,
                "num_cores_allocated": 1,
                "read": [
                    {
                        "end": 13.556092393536428,
                        "id": "file_1_0",
                        "start": 3.3253608247422685e-18
                    }
                ],
                "task_id": "task_1_0",
                "terminated": -1.0,
                "whole_task": {
                    "end": 31.512445755056177,
                    "start": 3.3253608247422685e-18
                },
                "write": [
                    {
                        "end": 31.512445755056177,
                        "id": "file_1_1",
                        "start": 17.956092393536426
                    }
                ]
            },
            {
                "color": "",
                "compute": {
                    "end": 49.46853818468668,
                    "start": 45.06853818468668
                },
                "execution_host": {
                    "cores": 32,
                    "flop_rate": 1000000000.0,
                    "hostname": "compute_host",
                    "memory": 268000000000.0
                },
                "failed": -1.0,
                "num_cores_allocated": 1,
                "read": [
                    {
                        "end": 45.06853818468668,
                        "id": "file_1_1",
                        "start": 31.512445755056177
                    }
                ],
                "task_id": "task_1_1",
                "terminated": -1.0,
                "whole_task": {
                    "end": 63.024891548314606,
                    "start": 31.512445755056177
                },
                "write": [
                    {
                        "end": 63.024891548314606,
                        "id": "file_1_2",
                        "start": 49.46853818468668
                    }
                ]
            },
            {
                "color": "",
                "compute": {
                    "end": 80.9809839755589,
                    "start": 76.5809839755589
                },
                "execution_host": {
                    "cores": 32,
                    "flop_rate": 1000000000.0,
                    "hostname": "compute_host",
                    "memory": 268000000000.0
                },
                "failed": -1.0,
                "num_cores_allocated": 1,
                "read": [
                    {
                        "end": 76.5809839755589,
                        "id": "file_1_2",
                        "start": 63.024891548314606
                    }
                ],
                "task_id": "task_1_2",
                "terminated": -1.0,
                "whole_task": {
                    "end": 94.53733733707865,
                    "start": 63.024891548314606
                },
                "write": [
                    {
                        "end": 94.53733733707865,
                        "id": "file_1_3",
                        "start": 80.9809839755589
                    }
                ]
            }
        ]
    }
}
