{
    "workflow_execution": {
        "tasks": [
            {
                "color": "",
                "compute": {
                    "end": 38.28905998461716,
                    "start": 33.88905998461716
                },
                "execution_host": {
                    "cores": 32,
                    "flop_rate": 1000000000.0,
                    "hostname": "compute_host",
                    "memory": 268000000000.0
                },
                "failed": -1.0,
                "num_cores_allocated": 1,
                "read": [
                    {
                        "end": 33.88905998461716,
                        "id": "file_0_0",
                        "start": 1.1084536082474228e-18
                    }
                ],
                "task_id": "task_0_0",
                "terminated": -1.0,
                "whole_task": {
                    "end": 72.17838202022472,
                    "start": 1.1084536082474228e-18
                },
                "write": [
                    {
                        "end": 72.17838202022472,
                        "id": "file_0_1",
                        "start": 38.28905998461716
                    }
                ]
            },
            {
                "color": "",
                "compute": {
                    "end": 110.46744200708909,
                    "start": 106.06744200708908
                },
                "execution_host": {
                    "cores": 32,
                    "flop_rate": 1000000000.0,
                    "hostname": "compute_host",
                    "memory": 268000000000.0
                },
                "failed": -1.0,
                "num_cores_allocated": 1,
                "read": [
                    {
                        "end": 106.06744200708908,
                        "id": "file_0_1",
                        "start": 72.17838202022472
                    }
                ],
                "task_id": "task_0_1",
                "terminated": -1.0,
                "whole_task": {
                    "end": 144.35676404269665,
                    "start": 72.17838202022472
                },
                "write": [
                    {
                        "end": 144.35676404269665,
                        "id": "file_0_2",
                        "start": 110.46744200708909
                    }
                ]
            },
            {
                "color": "",
                "compute": {
                    "end": 182.64582402956103,
                    "start": 178.24582402956102
                },
                "execution_host": {
                    "cores": 32,
                    "flop_rate": 1000000000.0,
                    "hostname": "compute_host",
                    "memory": 268000000000.0
                },
                "failed": -1.0,
                "num_cores_allocated": 1,
                "read": [
                    {
                        "end": 178.24582402956102,
                        "id": "file_0_2",
                        "start": 144.35676404269665
                    }
                ],
                "task_id": "task_0_2",
                "terminated": -1.0,
                "whole_task": {
                    "end": 216.53514606516856,
                    "start": 144.35676404269665
                },
                "write": [
                    {
                        "end": 216.53514606516856,
                        "id": "file_0_3",
                        "start": 182.64582402956103
                    }
                ]
            },
            {
                "color": "",
                "compute": {
                    "end": 38.28905998461716,
                    "start": 33.88905998461716
                },
                "execution_host": {
                    "cores": 32,
                    "flop_rate": 1000000000.0,
                    "hostname": "compute_host",
                    "memory": 268000000000.0
                },
                "failed": -1.0,
                "num_cores_allocated": 1,
                "read": [
                    {
                        "end": 33.88905998461716,
                        "id": "file_1_0",
                        "start": 3.3253608247422685e-18
                    }
                ],
                "task_id": "task_1_0",
                "terminated": -1.0,
                "whole_task": {
                    "end": 72.17838202022472,
                    "start": 3.3253608247422685e-18
                },
                "write": [
                    {
                        "end": 72.17838202022472,
                        "id": "file_1_1",
                        "start": 38.28905998461716
                    }
                ]
            },
            {
                "color": "",
                "compute": {
                    "end": 110.46744200708909,
                    "start": 106.06744200708908
                },
                "execution_host": {
                    "cores": 32,
                    "flop_rate": 1000000000.0,
                    "hostname": "compute_host",
                    "memory": 268000000000.0
                },
                "failed": -1.0,
                "num_cores_allocated": 1,
                "read": [
                    {
                        "end": 106.06744200708908,
                        "id": "file_1_1",
                        "start": 72.17838202022472
                    }
                ],
                "task_id": "task_1_1",
                "terminated": -1.0,
                "whole_task": {
                    "end": 144.35676404269665,
                    "start": 72.17838202022472
                },
                "write": [
                    {
                        "end": 144.35676404269665,
                        "id": "file_1_2",
                        "start": 110.46744200708909
                    }
                ]
            },
            {
                "color": "",
                "compute": {
                    "end": 182.64582402956103,
                    "start": 178.24582402956102
                },
                "execution_host": {
                    "cores": 32,
                    "flop_rate": 1000000000.0,
                    "hostname": "compute_host",
                    "memory": 268000000000.0
                },
                "failed": -1.0,
                "num_cores_allocated": 1,
                "read": [
                    {
                        "end": 178.24582402956102,
                        "id": "file_1_2",
                        "start": 144.35676404269665
                    }
                ],
                "task_id": "task_1_2",
                "terminated": -1.0,
                "whole_task": {
                    "end": 216.53514606516856,
                    "start": 144.35676404269665
                },
                "write": [
                    {
                        "end": 216.53514606516856,
                        "id": "file_1_3",
                        "start": 182.64582402956103
                    }
                ]
            },
            {
                "color": "",
                "compute": {
                    "end": 38.28905998461716,
                    "start": 33.88905998461716
                },
                "execution_host": {
                    "cores": 32,
                    "flop_rate": 1000000000.0,
                    "hostname": "compute_host",
                    "memory": 268000000000.0
                },
                "failed": -1.0,
                "num_cores_allocated": 1,
                "read": [
                    {
                        "end": 33.88905998461716,
                        "id": "file_2_0",
                        "start": 5.542268041237114e-18
                    }
                ],
                "task_id": "task_2_0",
                "terminated": -1.0,