read_start,read_end,cpu_start,cpu_end,write_start,write_end
1608314164.621000, 1608314180.752000, 1608314180.752000, 1608314185.163000, 1608314185.163000, 1608314186.240000
1608314186.251000, 1608314187.218000, 1608314187.218000, 1608314191.600000, 1608314191.600000, 1608314192.875000
1608314192.887000, 1608314193.785000, 1608314193.785000, 1608314198.221000, 1608314198.221000, 1608314199.380000
