read_start,read_end,cpu_start,cpu_end,write_start,write_end
1608314323.555000, 1608314344.871000, 1608314344.871000, 1608314349.882000, 1608314349.882000, 1608314351.032000
1608314351.042000, 1608314352.109000, 1608314352.109000, 1608314356.696000, 1608314356.696000, 1608314357.826000
1608314357.836000, 1608314358.775000, 1608314358.775000, 1608314363.341000, 1608314363.341000, 1608314364.464000
