read_start,read_end,cpu_start,cpu_end,write_start,write_end
1608314489.839000, 1608314516.406000, 1608314516.406000, 1608314520.821000, 1608314520.821000, 1608314521.921000
1608314521.932000, 1608314522.907000, 1608314522.907000, 1608314527.332000, 1608314527.332000, 1608314528.587000
1608314528.598000, 1608314529.568000, 1608314529.568000, 1608314534.132000, 1608314534.132000, 1608314535.395000
