read_start,read_end,cpu_start,cpu_end,write_start,write_end
1608314011.689000, 1608314022.654000, 1608314022.654000, 1608314027.631000, 1608314027.631000, 1608314028.750000
1608314028.759000, 1608314029.816000, 1608314029.816000, 1608314034.192000, 1608314034.192000, 1608314035.298000
1608314035.307000, 1608314036.321000, 1608314036.321000, 1608314040.689000, 1608314040.689000, 1608314041.940000
