read_start,read_end,cpu_start,cpu_end,write_start,write_end
1608314323.554000, 1608314344.877000, 1608314344.877000, 1608314349.454000, 1608314349.454000, 1608314350.643000
1608314350.654000, 1608314351.598000, 1608314351.598000, 1608314356.509000, 1608314356.509000, 1608314357.809000
1608314357.819000, 1608314358.850000, 1608314358.850000, 1608314363.539000, 1608314363.539000, 1608314364.843000
