read_start,read_end,cpu_start,cpu_end,write_start,write_end
1608313865.673000, 1608313871.551000, 1608313871.551000, 1608313875.909000, 1608313875.909000, 1608313876.876000
1608313876.887000, 1608313877.813000, 1608313877.813000, 1608313882.162000, 1608313882.162000, 1608313883.138000
1608313883.148000, 1608313884.058000, 1608313884.058000, 1608313888.407000, 1608313888.407000, 1608313889.386000
