read_start,read_end,cpu_start,cpu_end,write_start,write_end
1608314489.837000, 1608314516.411000, 1608314516.411000, 1608314521.027000, 1608314521.027000, 1608314522.165000
1608314522.176000, 1608314523.219000, 1608314523.219000, 1608314527.704000, 1608314527.704000, 1608314529.035000
1608314529.045000, 1608314529.962000, 1608314529.962000, 1608314534.516000, 1608314534.516000, 1608314535.680000
