read_start,read_end,cpu_start,cpu_end,write_start,write_end
1608314489.841000, 1608314516.411000, 1608314516.411000, 1608314521.096000, 1608314521.096000, 1608314522.231000
1608314522.241000, 1608314523.196000, 1608314523.196000, 1608314527.805000, 1608314527.805000, 1608314528.965000
1608314528.975000, 1608314529.921000, 1608314529.921000, 1608314534.670000, 1608314534.670000, 1608314535.820000
