read_start,read_end,cpu_start,cpu_end,write_start,write_end
1608314164.621000, 1608314180.774000, 1608314180.774000, 1608314185.160000, 1608314185.160000, 1608314186.255000
1608314186.264000, 1608314187.191000, 1608314187.191000, 1608314191.776000, 1608314191.776000, 1608314192.877000
1608314192.888000, 1608314193.797000, 1608314193.797000, 1608314198.265000, 1608314198.265000, 1608314199.363000
