read_start,read_end,cpu_start,cpu_end,write_start,write_end
1608314489.836000, 1608314516.359000, 1608314516.359000, 1608314520.985000, 1608314520.985000, 1608314522.123000
1608314522.133000, 1608314523.090000, 1608314523.090000, 1608314527.701000, 1608314527.701000, 1608314528.865000
1608314528.875000, 1608314529.821000, 1608314529.821000, 1608314534.578000, 1608314534.578000, 1608314535.744000
