read_start,read_end,cpu_start,cpu_end,write_start,write_end
1608314011.689000, 1608314022.652000, 1608314022.652000, 1608314027.028000, 1608314027.028000, 1608314028.112000
1608314028.123000, 1608314029.027000, 1608314029.027000, 1608314033.839000, 1608314033.839000, 1608314035.097000
1608314035.107000, 1608314036.163000, 1608314036.163000, 1608314040.553000, 1608314040.553000, 1608314041.604000
