read_start,read_end,cpu_start,cpu_end,write_start,write_end
1606746355.279000, 1606746475.663000, 1606746475.663000, 1606746480.591000, 1606746480.591000, 1606747026.480000
1606747026.497000, 1606747029.165000, 1606747029.165000, 1606747033.509000, 1606747033.509000, 1606747040.338000
1606747040.352000, 1606747041.337000, 1606747041.337000, 1606747045.675000, 1606747045.675000, 1606747052.466000
