read_start,read_end,cpu_start,cpu_end,write_start,write_end
1606742040.968000, 1606742155.553000, 1606742155.553000, 1606742161.094000, 1606742161.094000, 1606742280.797000
1606742280.810000, 1606742281.747000, 1606742281.747000, 1606742286.787000, 1606742286.787000, 1606742406.833000
1606742406.849000, 1606742407.958000, 1606742407.958000, 1606742413.170000, 1606742413.170000, 1606742529.449000
