read_start,read_end,cpu_start,cpu_end,write_start,write_end
1606746355.290000, 1606746510.986000, 1606746510.986000, 1606746516.439000, 1606746516.439000, 1606746676.919000
1606746676.950000, 1606746679.039000, 1606746679.039000, 1606746684.042000, 1606746684.042000, 1606746867.147000
1606746867.291000, 1606746869.173000, 1606746869.173000, 1606746874.096000, 1606746874.096000, 1606747020.981000
