read_start,read_end,cpu_start,cpu_end,write_start,write_end
1606743156.550000, 1606743280.675000, 1606743280.675000, 1606743286.035000, 1606743286.035000, 1606743380.328000
1606743380.342000, 1606743381.418000, 1606743381.418000, 1606743386.178000, 1606743386.178000, 1606743490.732000
1606743490.758000, 1606743491.986000, 1606743491.986000, 1606743496.787000, 1606743496.787000, 1606743681.149000
