read_start,read_end,cpu_start,cpu_end,write_start,write_end
1606737439.213000, 1606737492.479000, 1606737492.479000, 1606737497.208000, 1606737497.208000, 1606737550.036000
1606737550.053000, 1606737551.056000, 1606737551.056000, 1606737556.144000, 1606737556.144000, 1606737608.776000
1606737608.790000, 1606737609.884000, 1606737609.884000, 1606737614.623000, 1606737614.623000, 1606737662.735000
