read_start,read_end,cpu_start,cpu_end,write_start,write_end
1606745005.478000, 1606745143.530000, 1606745143.530000, 1606745148.803000, 1606745148.803000, 1606745223.703000
1606745223.717000, 1606745224.875000, 1606745224.875000, 1606745229.830000, 1606745229.830000, 1606745400.650000
1606745400.677000, 1606745401.683000, 1606745401.683000, 1606745406.446000, 1606745406.446000, 1606745573.154000
