read_start,read_end,cpu_start,cpu_end,write_start,write_end
1606742589.127000, 1606742708.719000, 1606742708.719000, 1606742713.909000, 1606742713.909000, 1606742806.681000
1606742806.695000, 1606742807.666000, 1606742807.666000, 1606742812.540000, 1606742812.540000, 1606742931.068000
1606742931.082000, 1606742932.467000, 1606742932.467000, 1606742937.782000, 1606742937.782000, 1606743057.899000
