read_start,read_end,cpu_start,cpu_end,write_start,write_end
1606747640.093000, 1606747815.929000, 1606747815.929000, 1606747821.326000, 1606747821.326000, 1606748021.709000
1606748022.441000, 1606748025.616000, 1606748025.616000, 1606748033.643000, 1606748033.643000, 1606748224.314000
1606748224.606000, 1606748226.456000, 1606748226.456000, 1606748231.818000, 1606748231.818000, 1606748346.347000
