read_start,read_end,cpu_start,cpu_end,write_start,write_end
1606743756.913000, 1606743889.126000, 1606743889.126000, 1606743894.656000, 1606743894.656000, 1606743993.973000
1606743993.985000, 1606743994.977000, 1606743994.977000, 1606743999.711000, 1606743999.711000, 1606744130.528000
1606744130.544000, 1606744131.713000, 1606744131.713000, 1606744136.461000, 1606744136.461000, 1606744314.396000
