read_start,read_end,cpu_start,cpu_end,write_start,write_end
1606737213.641000, 1606737261.002000, 1606737261.002000, 1606737265.717000, 1606737265.717000, 1606737313.460000
1606737313.476000, 1606737314.432000, 1606737314.432000, 1606737319.663000, 1606737319.663000, 1606737420.639000
1606737420.652000, 1606737421.718000, 1606737421.718000, 1606737426.055000, 1606737426.055000, 1606737432.799000
