read_start,read_end,cpu_start,cpu_end,write_start,write_end
1606742040.968000, 1606742152.820000, 1606742152.820000, 1606742158.164000, 1606742158.164000, 1606742262.499000
1606742262.516000, 1606742263.601000, 1606742263.601000, 1606742268.007000, 1606742268.007000, 1606742376.963000
1606742376.978000, 1606742377.932000, 1606742377.932000, 1606742382.330000, 1606742382.330000, 1606742504.069000
