read_start,read_end,cpu_start,cpu_end,write_start,write_end
1606738921.105000, 1606738998.098000, 1606738998.098000, 1606739003.151000, 1606739003.151000, 1606739084.011000
1606739084.025000, 1606739085.119000, 1606739085.119000, 1606739089.965000, 1606739089.965000, 1606739173.727000
1606739173.741000, 1606739174.696000, 1606739174.696000, 1606739179.946000, 1606739179.946000, 1606739256.119000
