read_start,read_end,cpu_start,cpu_end,write_start,write_end
1606741034.353000, 1606741134.228000, 1606741134.228000, 1606741139.427000, 1606741139.427000, 1606741238.905000
1606741238.919000, 1606741239.996000, 1606741239.996000, 1606741244.879000, 1606741244.879000, 1606741343.237000
1606741343.251000, 1606741345.002000, 1606741345.002000, 1606741351.067000, 1606741351.067000, 1606741460.051000
