read_start,read_end,cpu_start,cpu_end,write_start,write_end
1606739693.262000, 1606739782.681000, 1606739782.681000, 1606739787.712000, 1606739787.712000, 1606739879.787000
1606739879.801000, 1606739880.910000, 1606739880.910000, 1606739885.623000, 1606739885.623000, 1606739979.557000
1606739979.573000, 1606739981.063000, 1606739981.063000, 1606739986.350000, 1606739986.350000, 1606740069.984000
