read_start,read_end,cpu_start,cpu_end,write_start,write_end
1606747067.541000, 1606747225.731000, 1606747225.731000, 1606747231.171000, 1606747231.171000, 1606747367.873000
1606747367.886000, 1606747368.993000, 1606747368.993000, 1606747373.562000, 1606747373.562000, 1606747498.986000
1606747499.029000, 1606747499.985000, 1606747499.985000, 1606747504.393000, 1606747504.393000, 1606747614.687000
