read_start,read_end,cpu_start,cpu_end,write_start,write_end
1606745668.044000, 1606745817.593000, 1606745817.593000, 1606745822.846000, 1606745822.846000, 1606745976.878000
1606745976.900000, 1606745979.233000, 1606745979.233000, 1606745984.463000, 1606745984.463000, 1606746154.186000
1606746154.301000, 1606746155.926000, 1606746155.926000, 1606746160.898000, 1606746160.898000, 1606746308.983000
