read_start,read_end,cpu_start,cpu_end,write_start,write_end
1606744373.747000, 1606744509.372000, 1606744509.372000, 1606744514.450000, 1606744514.450000, 1606744615.000000
1606744615.015000, 1606744615.959000, 1606744615.959000, 1606744620.745000, 1606744620.745000, 1606744804.388000
1606744804.402000, 1606744805.404000, 1606744805.404000, 1606744809.943000, 1606744809.943000, 1606744918.940000
