read_start,read_end,cpu_start,cpu_end,write_start,write_end
1606736428.499000, 1606736449.829000, 1606736449.829000, 1606736454.388000, 1606736454.388000, 1606736478.395000
1606736478.410000, 1606736479.343000, 1606736479.343000, 1606736483.870000, 1606736483.870000, 1606736507.591000
1606736507.605000, 1606736508.508000, 1606736508.508000, 1606736513.034000, 1606736513.034000, 1606736537.018000
