read_start,read_end,cpu_start,cpu_end,write_start,write_end
1606738921.105000, 1606738997.763000, 1606738997.763000, 1606739002.459000, 1606739002.459000, 1606739082.377000
1606739082.391000, 1606739083.430000, 1606739083.430000, 1606739088.742000, 1606739088.742000, 1606739170.911000
1606739170.927000, 1606739171.857000, 1606739171.857000, 1606739176.545000, 1606739176.545000, 1606739249.157000
