read_start,read_end,cpu_start,cpu_end,write_start,write_end
1606741034.346000, 1606741136.107000, 1606741136.107000, 1606741140.941000, 1606741140.941000, 1606741245.966000
1606741245.981000, 1606741246.975000, 1606741246.975000, 1606741251.652000, 1606741251.652000, 1606741351.059000
1606741351.077000, 1606741352.674000, 1606741352.674000, 1606741358.502000, 1606741358.502000, 1606741459.175000
