read_start,read_end,cpu_start,cpu_end,write_start,write_end
1606737013.038000, 1606737055.487000, 1606737055.487000, 1606737060.109000, 1606737060.109000, 1606737102.140000
1606737102.155000, 1606737103.298000, 1606737103.298000, 1606737108.024000, 1606737108.024000, 1606737156.227000
1606737156.239000, 1606737157.292000, 1606737157.292000, 1606737161.891000, 1606737161.891000, 1606737205.699000
