read_start,read_end,cpu_start,cpu_end,write_start,write_end
1606738573.439000, 1606738642.904000, 1606738642.904000, 1606738647.836000, 1606738647.836000, 1606738887.620000
1606738887.635000, 1606738888.560000, 1606738888.560000, 1606738892.896000, 1606738892.896000, 1606738899.681000
1606738899.696000, 1606738900.633000, 1606738900.633000, 1606738904.970000, 1606738904.970000, 1606738911.753000
