read_start,read_end,cpu_start,cpu_end,write_start,write_end
1606736831.909000, 1606736869.138000, 1606736869.138000, 1606736873.718000, 1606736873.718000, 1606736914.122000
1606736914.135000, 1606736915.110000, 1606736915.110000, 1606736919.834000, 1606736919.834000, 1606736959.404000
1606736959.421000, 1606736960.380000, 1606736960.380000, 1606736965.410000, 1606736965.410000, 1606737007.937000
