read_start,read_end,cpu_start,cpu_end,write_start,write_end
1606743156.545000, 1606743284.502000, 1606743284.502000, 1606743289.763000, 1606743289.763000, 1606743479.102000
1606743479.116000, 1606743480.158000, 1606743480.158000, 1606743484.866000, 1606743484.866000, 1606743609.111000
1606743609.128000, 1606743611.014000, 1606743611.014000, 1606743618.587000, 1606743618.587000, 1606743712.082000
