read_start,read_end,cpu_start,cpu_end,write_start,write_end
1606745005.470000, 1606745146.430000, 1606745146.430000, 1606745151.797000, 1606745151.797000, 1606745226.818000
1606745226.834000, 1606745228.947000, 1606745228.947000, 1606745234.255000, 1606745234.255000, 1606745401.858000
1606745401.981000, 1606745403.261000, 1606745403.261000, 1606745408.172000, 1606745408.172000, 1606745587.638000
