read_start,read_end,cpu_start,cpu_end,write_start,write_end
1606745668.053000, 1606745810.707000, 1606745810.707000, 1606745815.636000, 1606745815.636000, 1606745898.554000
1606745898.575000, 1606745899.576000, 1606745899.576000, 1606745904.528000, 1606745904.528000, 1606746070.216000
1606746070.233000, 1606746071.916000, 1606746071.916000, 1606746077.148000, 1606746077.148000, 1606746246.521000
