read_start,read_end,cpu_start,cpu_end,write_start,write_end
1606738247.736000, 1606738315.366000, 1606738315.366000, 1606738320.774000, 1606738320.774000, 1606738390.567000
1606738390.581000, 1606738391.614000, 1606738391.614000, 1606738396.345000, 1606738396.345000, 1606738468.441000
1606738468.456000, 1606738469.453000, 1606738469.453000, 1606738474.192000, 1606738474.192000, 1606738535.915000
