read_start,read_end,cpu_start,cpu_end,write_start,write_end
1606748363.261000, 1606748544.110000, 1606748544.110000, 1606748549.386000, 1606748549.386000, 1606748753.045000
1606748754.313000, 1606748757.225000, 1606748757.225000, 1606748763.238000, 1606748763.238000, 1606748958.336000
1606748958.623000, 1606748960.552000, 1606748960.552000, 1606748966.373000, 1606748966.373000, 1606749091.775000
