read_start,read_end,cpu_start,cpu_end,write_start,write_end
1606748363.261000, 1606748522.622000, 1606748522.622000, 1606748527.150000, 1606748527.150000, 1606748558.114000
1606748558.178000, 1606748559.306000, 1606748559.306000, 1606748563.858000, 1606748563.858000, 1606748753.143000
1606748753.313000, 1606748755.206000, 1606748755.206000, 1606748761.119000, 1606748761.119000, 1606748930.573000
