read_start,read_end,cpu_start,cpu_end,write_start,write_end
1606739295.503000, 1606739378.923000, 1606739378.923000, 1606739384.328000, 1606739384.328000, 1606739474.137000
1606739474.152000, 1606739475.286000, 1606739475.286000, 1606739480.189000, 1606739480.189000, 1606739568.238000
1606739568.251000, 1606739569.218000, 1606739569.218000, 1606739574.513000, 1606739574.513000, 1606739654.341000
