read_start,read_end,cpu_start,cpu_end,write_start,write_end
1606745668.052000, 1606745817.502000, 1606745817.502000, 1606745822.703000, 1606745822.703000, 1606745976.745000
1606745976.763000, 1606745979.089000, 1606745979.089000, 1606745984.515000, 1606745984.515000, 1606746146.191000
1606746146.328000, 1606746147.625000, 1606746147.625000, 1606746152.684000, 1606746152.684000, 1606746308.338000
