read_start,read_end,cpu_start,cpu_end,write_start,write_end
1606748363.261000, 1606748533.990000, 1606748533.990000, 1606748538.979000, 1606748538.979000, 1606748752.933000
1606748753.408000, 1606748756.225000, 1606748756.225000, 1606748763.433000, 1606748763.433000, 1606748958.687000
1606748958.894000, 1606748960.916000, 1606748960.916000, 1606748966.551000, 1606748966.551000, 1606749091.844000
