read_start,read_end,cpu_start,cpu_end,write_start,write_end
1606747067.531000, 1606747223.970000, 1606747223.970000, 1606747229.436000, 1606747229.436000, 1606747350.721000
1606747350.735000, 1606747351.703000, 1606747351.703000, 1606747356.388000, 1606747356.388000, 1606747485.926000
1606747485.939000, 1606747487.042000, 1606747487.042000, 1606747492.045000, 1606747492.045000, 1606747609.549000
