read_start,read_end,cpu_start,cpu_end,write_start,write_end
1606737948.206000, 1606738009.466000, 1606738009.466000, 1606738014.524000, 1606738014.524000, 1606738077.825000
1606738077.840000, 1606738078.772000, 1606738078.772000, 1606738083.619000, 1606738083.619000, 1606738141.503000
1606738141.519000, 1606738142.438000, 1606738142.438000, 1606738147.363000, 1606738147.363000, 1606738193.657000
