read_start,read_end,cpu_start,cpu_end,write_start,write_end
1606742040.968000, 1606742155.430000, 1606742155.430000, 1606742160.774000, 1606742160.774000, 1606742279.737000
1606742279.753000, 1606742280.869000, 1606742280.869000, 1606742286.092000, 1606742286.092000, 1606742405.168000
1606742405.184000, 1606742407.012000, 1606742407.012000, 1606742411.638000, 1606742411.638000, 1606742528.557000
