read_start,read_end,cpu_start,cpu_end,write_start,write_end
1606747640.093000, 1606747815.885000, 1606747815.885000, 1606747821.280000, 1606747821.280000, 1606748021.703000
1606748021.945000, 1606748025.281000, 1606748025.281000, 1606748033.097000, 1606748033.097000, 1606748223.887000
1606748223.997000, 1606748225.253000, 1606748225.253000, 1606748230.427000, 1606748230.427000, 1606748346.005000
