read_start,read_end,cpu_start,cpu_end,write_start,write_end
1606744373.742000, 1606744504.300000, 1606744504.300000, 1606744509.209000, 1606744509.209000, 1606744610.494000
1606744610.508000, 1606744611.489000, 1606744611.489000, 1606744616.371000, 1606744616.371000, 1606744718.488000
1606744718.502000, 1606744719.860000, 1606744719.860000, 1606744724.695000, 1606744724.695000, 1606744913.548000
