read_start,read_end,cpu_start,cpu_end,write_start,write_end
1606739693.261000, 1606739778.465000, 1606739778.465000, 1606739783.409000, 1606739783.409000, 1606739866.418000
1606739866.434000, 1606739867.528000, 1606739867.528000, 1606739871.945000, 1606739871.945000, 1606739943.305000
1606739943.319000, 1606739944.272000, 1606739944.272000, 1606739948.715000, 1606739948.715000, 1606740029.746000
