read_start,read_end,cpu_start,cpu_end,write_start,write_end
1606740112.309000, 1606740206.598000, 1606740206.598000, 1606740211.844000, 1606740211.844000, 1606740316.706000
1606740316.720000, 1606740317.678000, 1606740317.678000, 1606740322.557000, 1606740322.557000, 1606740424.835000
1606740424.857000, 1606740425.903000, 1606740425.903000, 1606740430.714000, 1606740430.714000, 1606740520.339000
