read_start,read_end,cpu_start,cpu_end,write_start,write_end
1606745668.044000, 1606745808.748000, 1606745808.748000, 1606745813.870000, 1606745813.870000, 1606745898.487000
1606745898.510000, 1606745899.684000, 1606745899.684000, 1606745904.581000, 1606745904.581000, 1606746069.627000
1606746069.641000, 1606746070.767000, 1606746070.767000, 1606746075.654000, 1606746075.654000, 1606746232.816000
