read_start,read_end,cpu_start,cpu_end,write_start,write_end
1606747640.094000, 1606747809.540000, 1606747809.540000, 1606747814.335000, 1606747814.335000, 1606748021.527000
1606748021.576000, 1606748024.791000, 1606748024.791000, 1606748032.139000, 1606748032.139000, 1606748222.656000
1606748222.737000, 1606748223.925000, 1606748223.925000, 1606748229.308000, 1606748229.308000, 1606748345.500000
