read_start,read_end,cpu_start,cpu_end,write_start,write_end
1606743756.923000, 1606743890.540000, 1606743890.540000, 1606743895.944000, 1606743895.944000, 1606744108.955000
1606744108.969000, 1606744109.902000, 1606744109.902000, 1606744114.528000, 1606744114.528000, 1606744217.733000
1606744217.747000, 1606744218.720000, 1606744218.720000, 1606744223.185000, 1606744223.185000, 1606744330.147000
