read_start,read_end,cpu_start,cpu_end,write_start,write_end
1606736321.758000, 1606736339.315000, 1606736339.315000, 1606736344.164000, 1606736344.164000, 1606736370.578000
1606736370.593000, 1606736371.618000, 1606736371.618000, 1606736375.964000, 1606736375.964000, 1606736400.351000
1606736400.364000, 1606736401.344000, 1606736401.344000, 1606736405.692000, 1606736405.692000, 1606736423.985000
