read_start,read_end,cpu_start,cpu_end,write_start,write_end
1606743756.907000, 1606743883.469000, 1606743883.469000, 1606743888.323000, 1606743888.323000, 1606743986.933000
1606743986.947000, 1606743987.911000, 1606743987.911000, 1606743992.772000, 1606743992.772000, 1606744116.597000
1606744116.614000, 1606744117.805000, 1606744117.805000, 1606744122.546000, 1606744122.546000, 1606744237.654000
