read_start,read_end,cpu_start,cpu_end,write_start,write_end
1606746355.282000, 1606746509.578000, 1606746509.578000, 1606746515.261000, 1606746515.261000, 1606746676.182000
1606746676.199000, 1606746678.283000, 1606746678.283000, 1606746683.921000, 1606746683.921000, 1606746867.242000
1606746867.480000, 1606746869.027000, 1606746869.027000, 1606746874.150000, 1606746874.150000, 1606747020.386000
