read_start,read_end,cpu_start,cpu_end,write_start,write_end
1606738247.734000, 1606738316.278000, 1606738316.278000, 1606738321.124000, 1606738321.124000, 1606738390.608000
1606738390.632000, 1606738391.765000, 1606738391.765000, 1606738396.535000, 1606738396.535000, 1606738468.632000
1606738468.646000, 1606738469.775000, 1606738469.775000, 1606738474.971000, 1606738474.971000, 1606738536.383000
