read_start,read_end,cpu_start,cpu_end,write_start,write_end
1606741034.343000, 1606741139.618000, 1606741139.618000, 1606741144.897000, 1606741144.897000, 1606741254.490000
1606741254.506000, 1606741255.491000, 1606741255.491000, 1606741260.786000, 1606741260.786000, 1606741369.021000
1606741369.038000, 1606741370.437000, 1606741370.437000, 1606741376.568000, 1606741376.568000, 1606741478.161000
