read_start,read_end,cpu_start,cpu_end,write_start,write_end
1606736831.909000, 1606736869.142000, 1606736869.142000, 1606736873.752000, 1606736873.752000, 1606736914.334000
1606736914.350000, 1606736915.334000, 1606736915.334000, 1606736920.444000, 1606736920.444000, 1606736960.691000
1606736960.705000, 1606736961.724000, 1606736961.724000, 1606736966.386000, 1606736966.386000, 1606737006.530000
