read_start,read_end,cpu_start,cpu_end,write_start,write_end
1606741034.361000, 1606741139.781000, 1606741139.781000, 1606741145.119000, 1606741145.119000, 1606741254.630000
1606741254.645000, 1606741255.647000, 1606741255.647000, 1606741260.412000, 1606741260.412000, 1606741368.440000
1606741368.470000, 1606741369.432000, 1606741369.432000, 1606741374.162000, 1606741374.162000, 1606741475.926000
