read_start,read_end,cpu_start,cpu_end,write_start,write_end
1606736540.168000, 1606736566.757000, 1606736566.757000, 1606736571.363000, 1606736571.363000, 1606736601.303000
1606736601.320000, 1606736602.298000, 1606736602.298000, 1606736606.892000, 1606736606.892000, 1606736636.326000
1606736636.340000, 1606736637.287000, 1606736637.287000, 1606736641.893000, 1606736641.893000, 1606736668.748000
