read_start,read_end,cpu_start,cpu_end,write_start,write_end
1606741034.355000, 1606741136.163000, 1606741136.163000, 1606741141.392000, 1606741141.392000, 1606741248.230000
1606741248.240000, 1606741249.306000, 1606741249.306000, 1606741254.018000, 1606741254.018000, 1606741354.283000
1606741354.296000, 1606741355.361000, 1606741355.361000, 1606741360.183000, 1606741360.183000, 1606741459.411000
