read_start,read_end,cpu_start,cpu_end,write_start,write_end
1606740564.889000, 1606740664.876000, 1606740664.876000, 1606740670.322000, 1606740670.322000, 1606740774.352000
1606740774.367000, 1606740775.329000, 1606740775.329000, 1606740780.035000, 1606740780.035000, 1606740889.811000
1606740889.829000, 1606740890.772000, 1606740890.772000, 1606740895.519000, 1606740895.519000, 1606740991.268000
