read_start,read_end,cpu_start,cpu_end,write_start,write_end
1606742040.975000, 1606742156.167000, 1606742156.167000, 1606742161.909000, 1606742161.909000, 1606742282.684000
1606742282.701000, 1606742283.827000, 1606742283.827000, 1606742289.075000, 1606742289.075000, 1606742411.819000
1606742411.834000, 1606742412.857000, 1606742412.857000, 1606742417.780000, 1606742417.780000, 1606742538.960000
