read_start,read_end,cpu_start,cpu_end,write_start,write_end
1606738921.105000, 1606738999.950000, 1606738999.950000, 1606739005.232000, 1606739005.232000, 1606739085.695000
1606739085.709000, 1606739086.828000, 1606739086.828000, 1606739091.545000, 1606739091.545000, 1606739175.514000
1606739175.527000, 1606739176.519000, 1606739176.519000, 1606739181.268000, 1606739181.268000, 1606739256.988000
