read_start,read_end,cpu_start,cpu_end,write_start,write_end
1606747067.517000, 1606747217.700000, 1606747217.700000, 1606747223.059000, 1606747223.059000, 1606747303.079000
1606747303.100000, 1606747304.355000, 1606747304.355000, 1606747309.242000, 1606747309.242000, 1606747426.726000
1606747426.741000, 1606747427.751000, 1606747427.751000, 1606747432.231000, 1606747432.231000, 1606747565.098000
