read_start,read_end,cpu_start,cpu_end,write_start,write_end
1606736672.596000, 1606736704.484000, 1606736704.484000, 1606736709.085000, 1606736709.085000, 1606736744.349000
1606736744.362000, 1606736745.427000, 1606736745.427000, 1606736750.342000, 1606736750.342000, 1606736785.649000
1606736785.662000, 1606736786.750000, 1606736786.750000, 1606736791.767000, 1606736791.767000, 1606736827.037000
