read_start,read_end,cpu_start,cpu_end,write_start,write_end
1606741520.989000, 1606741629.694000, 1606741629.694000, 1606741635.202000, 1606741635.202000, 1606741753.529000
1606741753.544000, 1606741754.681000, 1606741754.681000, 1606741759.972000, 1606741759.972000, 1606741876.555000
1606741876.569000, 1606741877.829000, 1606741877.829000, 1606741884.085000, 1606741884.085000, 1606741996.416000
