read_start,read_end,cpu_start,cpu_end,write_start,write_end
1606748363.260000, 1606748533.302000, 1606748533.302000, 1606748538.058000, 1606748538.058000, 1606748752.907000
1606748753.388000, 1606748755.463000, 1606748755.463000, 1606748762.033000, 1606748762.033000, 1606748948.877000
1606748948.952000, 1606748950.196000, 1606748950.196000, 1606748954.950000, 1606748954.950000, 1606749082.902000
