read_start,read_end,cpu_start,cpu_end,write_start,write_end
1606743156.548000, 1606743279.050000, 1606743279.050000, 1606743284.372000, 1606743284.372000, 1606743374.467000
1606743374.481000, 1606743375.541000, 1606743375.541000, 1606743380.263000, 1606743380.263000, 1606743480.222000
1606743480.235000, 1606743481.277000, 1606743481.277000, 1606743486.548000, 1606743486.548000, 1606743611.604000
