read_start,read_end,cpu_start,cpu_end,write_start,write_end
1606737439.213000, 1606737491.012000, 1606737491.012000, 1606737495.816000, 1606737495.816000, 1606737549.381000
1606737549.394000, 1606737550.495000, 1606737550.495000, 1606737555.234000, 1606737555.234000, 1606737608.142000
1606737608.158000, 1606737609.155000, 1606737609.155000, 1606737613.897000, 1606737613.897000, 1606737661.560000
