read_start,read_end,cpu_start,cpu_end,write_start,write_end
1606738573.441000, 1606738644.637000, 1606738644.637000, 1606738649.339000, 1606738649.339000, 1606738722.987000
1606738723.001000, 1606738723.935000, 1606738723.935000, 1606738728.783000, 1606738728.783000, 1606738798.128000
1606738798.145000, 1606738799.085000, 1606738799.085000, 1606738803.431000, 1606738803.431000, 1606738861.754000
