read_start,read_end,cpu_start,cpu_end,write_start,write_end
1606746355.279000, 1606746506.841000, 1606746506.841000, 1606746512.284000, 1606746512.284000, 1606746598.538000
1606746598.552000, 1606746599.728000, 1606746599.728000, 1606746604.700000, 1606746604.700000, 1606746770.863000
1606746770.930000, 1606746772.822000, 1606746772.822000, 1606746777.911000, 1606746777.911000, 1606746946.450000
