read_start,read_end,cpu_start,cpu_end,write_start,write_end
1606747067.525000, 1606747224.305000, 1606747224.305000, 1606747229.546000, 1606747229.546000, 1606747350.265000
1606747350.280000, 1606747351.217000, 1606747351.217000, 1606747355.941000, 1606747355.941000, 1606747484.889000
1606747484.903000, 1606747485.910000, 1606747485.910000, 1606747490.739000, 1606747490.739000, 1606747608.644000
