read_start,read_end,cpu_start,cpu_end,write_start,write_end
1606739693.262000, 1606739783.745000, 1606739783.745000, 1606739788.981000, 1606739788.981000, 1606739880.347000
1606739880.364000, 1606739881.540000, 1606739881.540000, 1606739886.430000, 1606739886.430000, 1606739980.457000
1606739980.472000, 1606739982.069000, 1606739982.069000, 1606739988.989000, 1606739988.989000, 1606740070.635000
