read_start,read_end,cpu_start,cpu_end,write_start,write_end
1606744373.737000, 1606744501.096000, 1606744501.096000, 1606744506.142000, 1606744506.142000, 1606744609.646000
1606744609.660000, 1606744610.748000, 1606744610.748000, 1606744615.621000, 1606744615.621000, 1606744717.211000
1606744717.226000, 1606744718.229000, 1606744718.229000, 1606744723.040000, 1606744723.040000, 1606744909.332000
