read_start,read_end,cpu_start,cpu_end,write_start,write_end
1606748363.261000, 1606748543.397000, 1606748543.397000, 1606748548.369000, 1606748548.369000, 1606748753.055000
1606748754.194000, 1606748757.066000, 1606748757.066000, 1606748763.202000, 1606748763.202000, 1606748958.260000
1606748958.508000, 1606748960.406000, 1606748960.406000, 1606748966.235000, 1606748966.235000, 1606749091.731000
