read_start,read_end,cpu_start,cpu_end,write_start,write_end
1606741520.987000, 1606741632.460000, 1606741632.460000, 1606741637.566000, 1606741637.566000, 1606741755.576000
1606741755.591000, 1606741756.641000, 1606741756.641000, 1606741761.612000, 1606741761.612000, 1606741879.125000
1606741879.136000, 1606741880.357000, 1606741880.357000, 1606741885.391000, 1606741885.391000, 1606741999.212000
