read_start,read_end,cpu_start,cpu_end,write_start,write_end
1606743756.910000, 1606743887.021000, 1606743887.021000, 1606743892.436000, 1606743892.436000, 1606743990.919000
1606743990.933000, 1606743992.016000, 1606743992.016000, 1606743997.284000, 1606743997.284000, 1606744119.078000
1606744119.092000, 1606744120.646000, 1606744120.646000, 1606744126.338000, 1606744126.338000, 1606744289.729000
