read_start,read_end,cpu_start,cpu_end,write_start,write_end
1606748363.260000, 1606748538.828000, 1606748538.828000, 1606748544.500000, 1606748544.500000, 1606748753.008000
1606748753.449000, 1606748755.597000, 1606748755.597000, 1606748761.918000, 1606748761.918000, 1606748947.203000
1606748947.285000, 1606748948.563000, 1606748948.563000, 1606748953.375000, 1606748953.375000, 1606749082.404000
