read_start,read_end,cpu_start,cpu_end,write_start,write_end
1606744373.732000, 1606744512.718000, 1606744512.718000, 1606744518.015000, 1606744518.015000, 1606744713.244000
1606744713.260000, 1606744714.289000, 1606744714.289000, 1606744719.292000, 1606744719.292000, 1606744818.317000
1606744818.343000, 1606744819.671000, 1606744819.671000, 1606744824.464000, 1606744824.464000, 1606744960.919000
