read_start,read_end,cpu_start,cpu_end,write_start,write_end
1606736540.168000, 1606736566.757000, 1606736566.757000, 1606736571.360000, 1606736571.360000, 1606736601.211000
1606736601.223000, 1606736602.239000, 1606736602.239000, 1606736606.815000, 1606736606.815000, 1606736636.295000
1606736636.310000, 1606736637.311000, 1606736637.311000, 1606736641.885000, 1606736641.885000, 1606736668.854000
