read_start,read_end,cpu_start,cpu_end,write_start,write_end
1606739693.261000, 1606739782.810000, 1606739782.810000, 1606739788.365000, 1606739788.365000, 1606739880.284000
1606739880.302000, 1606739881.477000, 1606739881.477000, 1606739886.373000, 1606739886.373000, 1606739980.415000
1606739980.429000, 1606739981.990000, 1606739981.990000, 1606739988.778000, 1606739988.778000, 1606740070.545000
