read_start,read_end,cpu_start,cpu_end,write_start,write_end
1606741520.986000, 1606741625.917000, 1606741625.917000, 1606741630.740000, 1606741630.740000, 1606742003.762000
1606742003.788000, 1606742004.885000, 1606742004.885000, 1606742009.224000, 1606742009.224000, 1606742016.546000
1606742016.561000, 1606742017.558000, 1606742017.558000, 1606742021.899000, 1606742021.899000, 1606742028.714000
