read_start,read_end,cpu_start,cpu_end,write_start,write_end
1606744373.757000, 1606744512.126000, 1606744512.126000, 1606744517.705000, 1606744517.705000, 1606744713.080000
1606744713.095000, 1606744714.222000, 1606744714.222000, 1606744718.965000, 1606744718.965000, 1606744818.950000
1606744818.979000, 1606744820.392000, 1606744820.392000, 1606744825.295000, 1606744825.295000, 1606744962.078000
