read_start,read_end,cpu_start,cpu_end,write_start,write_end
1606747640.093000, 1606747813.105000, 1606747813.105000, 1606747818.351000, 1606747818.351000, 1606748021.620000
1606748021.667000, 1606748024.781000, 1606748024.781000, 1606748032.128000, 1606748032.128000, 1606748222.573000
1606748222.665000, 1606748223.842000, 1606748223.842000, 1606748229.223000, 1606748229.223000, 1606748345.405000
