read_start,read_end,cpu_start,cpu_end,write_start,write_end
1606742040.973000, 1606742146.418000, 1606742146.418000, 1606742151.349000, 1606742151.349000, 1606742551.614000
1606742551.629000, 1606742553.462000, 1606742553.462000, 1606742557.804000, 1606742557.804000, 1606742564.749000
1606742564.763000, 1606742565.764000, 1606742565.764000, 1606742570.105000, 1606742570.105000, 1606742576.948000
