read_start,read_end,cpu_start,cpu_end,write_start,write_end
1606744373.755000, 1606744505.896000, 1606744505.896000, 1606744510.622000, 1606744510.622000, 1606744609.561000
1606744609.575000, 1606744610.492000, 1606744610.492000, 1606744615.256000, 1606744615.256000, 1606744716.597000
1606744716.611000, 1606744717.927000, 1606744717.927000, 1606744722.721000, 1606744722.721000, 1606744908.562000
