read_start,read_end,cpu_start,cpu_end,write_start,write_end
1606737948.204000, 1606738009.574000, 1606738009.574000, 1606738014.326000, 1606738014.326000, 1606738215.303000
1606738215.317000, 1606738216.384000, 1606738216.384000, 1606738220.722000, 1606738220.722000, 1606738227.554000
1606738227.569000, 1606738228.501000, 1606738228.501000, 1606738232.840000, 1606738232.840000, 1606738239.625000
