read_start,read_end,cpu_start,cpu_end,write_start,write_end
1606745005.483000, 1606745147.891000, 1606745147.891000, 1606745153.409000, 1606745153.409000, 1606745324.796000
1606745324.811000, 1606745326.079000, 1606745326.079000, 1606745331.010000, 1606745331.010000, 1606745406.062000
1606745406.173000, 1606745407.673000, 1606745407.673000, 1606745412.380000, 1606745412.380000, 1606745596.774000
