read_start,read_end,cpu_start,cpu_end,write_start,write_end
1606743156.545000, 1606743279.530000, 1606743279.530000, 1606743284.845000, 1606743284.845000, 1606743377.269000
1606743377.284000, 1606743378.385000, 1606743378.385000, 1606743383.352000, 1606743383.352000, 1606743483.687000
1606743483.701000, 1606743485.176000, 1606743485.176000, 1606743489.794000, 1606743489.794000, 1606743616.291000
