read_start,read_end,cpu_start,cpu_end,write_start,write_end
1606746355.294000, 1606746504.120000, 1606746504.120000, 1606746509.192000, 1606746509.192000, 1606746595.143000
1606746595.159000, 1606746596.172000, 1606746596.172000, 1606746601.178000, 1606746601.178000, 1606746770.236000
1606746770.251000, 1606746772.234000, 1606746772.234000, 1606746777.505000, 1606746777.505000, 1606746948.601000
