read_start,read_end,cpu_start,cpu_end,write_start,write_end
1606745005.480000, 1606745146.963000, 1606745146.963000, 1606745152.510000, 1606745152.510000, 1606745227.595000
1606745227.610000, 1606745229.201000, 1606745229.201000, 1606745233.990000, 1606745233.990000, 1606745401.876000
1606745401.956000, 1606745403.831000, 1606745403.831000, 1606745409.921000, 1606745409.921000, 1606745598.554000
