read_start,read_end,cpu_start,cpu_end,write_start,write_end
1606737682.582000, 1606737741.164000, 1606737741.164000, 1606737745.867000, 1606737745.867000, 1606737804.233000
1606737804.249000, 1606737805.271000, 1606737805.271000, 1606737810.001000, 1606737810.001000, 1606737868.557000
1606737868.572000, 1606737869.557000, 1606737869.557000, 1606737874.295000, 1606737874.295000, 1606737927.525000
