read_start,read_end,cpu_start,cpu_end,write_start,write_end
1606747640.093000, 1606747816.412000, 1606747816.412000, 1606747821.707000, 1606747821.707000, 1606748021.711000
1606748021.990000, 1606748023.836000, 1606748023.836000, 1606748029.520000, 1606748029.520000, 1606748184.429000
1606748184.444000, 1606748186.169000, 1606748186.169000, 1606748191.866000, 1606748191.866000, 1606748326.358000
