read_start,read_end,cpu_start,cpu_end,write_start,write_end
1606738247.734000, 1606738315.696000, 1606738315.696000, 1606738320.432000, 1606738320.432000, 1606738390.287000
1606738390.301000, 1606738391.319000, 1606738391.319000, 1606738396.037000, 1606738396.037000, 1606738468.063000
1606738468.079000, 1606738469.074000, 1606738469.074000, 1606738473.814000, 1606738473.814000, 1606738535.423000
