read_start,read_end,cpu_start,cpu_end,write_start,write_end
1606748363.260000, 1606748543.308000, 1606748543.308000, 1606748548.327000, 1606748548.327000, 1606748753.057000
1606748754.334000, 1606748757.098000, 1606748757.098000, 1606748763.162000, 1606748763.162000, 1606748958.140000
1606748958.406000, 1606748960.254000, 1606748960.254000, 1606748965.783000, 1606748965.783000, 1606749091.586000
