read_start,read_end,cpu_start,cpu_end,write_start,write_end
1606737682.582000, 1606737738.988000, 1606737738.988000, 1606737744.235000, 1606737744.235000, 1606737802.984000
1606737803.003000, 1606737804.079000, 1606737804.079000, 1606737808.886000, 1606737808.886000, 1606737865.314000
1606737865.329000, 1606737866.422000, 1606737866.422000, 1606737871.146000, 1606737871.146000, 1606737932.118000
