read_start,read_end,cpu_start,cpu_end,write_start,write_end
1606743756.906000, 1606743887.944000, 1606743887.944000, 1606743893.186000, 1606743893.186000, 1606743992.114000
1606743992.128000, 1606743993.097000, 1606743993.097000, 1606743997.934000, 1606743997.934000, 1606744121.507000
1606744121.522000, 1606744122.485000, 1606744122.485000, 1606744127.205000, 1606744127.205000, 1606744298.575000
