read_start,read_end,cpu_start,cpu_end,write_start,write_end
1606745668.060000, 1606745816.333000, 1606745816.333000, 1606745821.579000, 1606745821.579000, 1606745976.351000
1606745976.366000, 1606745977.548000, 1606745977.548000, 1606745982.384000, 1606745982.384000, 1606746142.780000
1606746142.794000, 1606746143.855000, 1606746143.855000, 1606746148.797000, 1606746148.797000, 1606746308.173000
