read_start,read_end,cpu_start,cpu_end,write_start,write_end
1606736175.546000, 1606736183.030000, 1606736183.030000, 1606736187.782000, 1606736187.782000, 1606736199.493000
1606736199.520000, 1606736200.538000, 1606736200.538000, 1606736204.883000, 1606736204.883000, 1606736214.314000
1606736214.337000, 1606736215.320000, 1606736215.320000, 1606736219.668000, 1606736219.668000, 1606736231.139000
