read_start,read_end,cpu_start,cpu_end,write_start,write_end
1606742589.127000, 1606742687.002000, 1606742687.002000, 1606742691.418000, 1606742691.418000, 1606743118.521000
1606743118.534000, 1606743120.844000, 1606743120.844000, 1606743125.184000, 1606743125.184000, 1606743132.025000
1606743132.040000, 1606743133.032000, 1606743133.032000, 1606743137.370000, 1606743137.370000, 1606743144.188000
