read_start,read_end,cpu_start,cpu_end,write_start,write_end
1606740564.872000, 1606740659.467000, 1606740659.467000, 1606740664.148000, 1606740664.148000, 1606740998.062000
1606740998.087000, 1606740999.008000, 1606740999.008000, 1606741003.348000, 1606741003.348000, 1606741010.221000
1606741010.236000, 1606741011.195000, 1606741011.195000, 1606741015.540000, 1606741015.540000, 1606741022.425000
