read_start,read_end,cpu_start,cpu_end,write_start,write_end
1606748363.261000, 1606748534.609000, 1606748534.609000, 1606748539.410000, 1606748539.410000, 1606748752.925000
1606748753.510000, 1606748756.334000, 1606748756.334000, 1606748763.518000, 1606748763.518000, 1606748958.677000
1606748958.910000, 1606748961.068000, 1606748961.068000, 1606748966.398000, 1606748966.398000, 1606749091.796000
