read_start,read_end,cpu_start,cpu_end,write_start,write_end
1606738573.439000, 1606738646.515000, 1606738646.515000, 1606738651.649000, 1606738651.649000, 1606738726.799000
1606738726.816000, 1606738727.828000, 1606738727.828000, 1606738732.637000, 1606738732.637000, 1606738810.193000
1606738810.208000, 1606738811.209000, 1606738811.209000, 1606738816.535000, 1606738816.535000, 1606738883.719000
