read_start,read_end,cpu_start,cpu_end,write_start,write_end
1606736540.168000, 1606736566.753000, 1606736566.753000, 1606736571.737000, 1606736571.737000, 1606736601.371000
1606736601.384000, 1606736602.453000, 1606736602.453000, 1606736607.045000, 1606736607.045000, 1606736636.245000
1606736636.259000, 1606736637.236000, 1606736637.236000, 1606736641.837000, 1606736641.837000, 1606736668.652000
