read_start,read_end,cpu_start,cpu_end,write_start,write_end
1606744373.749000, 1606744511.941000, 1606744511.941000, 1606744517.359000, 1606744517.359000, 1606744712.532000
1606744712.546000, 1606744713.587000, 1606744713.587000, 1606744718.569000, 1606744718.569000, 1606744813.366000
1606744813.387000, 1606744814.715000, 1606744814.715000, 1606744819.694000, 1606744819.694000, 1606744955.446000
