read_start,read_end,cpu_start,cpu_end,write_start,write_end
1606743756.904000, 1606743885.911000, 1606743885.911000, 1606743890.945000, 1606743890.945000, 1606743988.648000
1606743988.663000, 1606743989.726000, 1606743989.726000, 1606743994.669000, 1606743994.669000, 1606744117.782000
1606744117.797000, 1606744118.869000, 1606744118.869000, 1606744124.104000, 1606744124.104000, 1606744256.118000
