read_start,read_end,cpu_start,cpu_end,write_start,write_end
1606743756.929000, 1606743865.078000, 1606743865.078000, 1606743869.951000, 1606743869.951000, 1606744334.988000
1606744335.004000, 1606744336.939000, 1606744336.939000, 1606744341.277000, 1606744341.277000, 1606744348.306000
1606744348.321000, 1606744349.263000, 1606744349.263000, 1606744353.605000, 1606744353.605000, 1606744360.447000
