read_start,read_end,cpu_start,cpu_end,write_start,write_end
1606744373.734000, 1606744499.009000, 1606744499.009000, 1606744503.962000, 1606744503.962000, 1606744967.200000
1606744967.214000, 1606744969.012000, 1606744969.012000, 1606744973.351000, 1606744973.351000, 1606744980.228000
1606744980.243000, 1606744981.217000, 1606744981.217000, 1606744985.556000, 1606744985.556000, 1606744992.404000
