read_start,read_end,cpu_start,cpu_end,write_start,write_end
1606748363.260000, 1606748541.237000, 1606748541.237000, 1606748546.598000, 1606748546.598000, 1606748753.023000
1606748754.223000, 1606748756.112000, 1606748756.112000, 1606748761.912000, 1606748761.912000, 1606748947.084000
1606748947.191000, 1606748948.474000, 1606748948.474000, 1606748952.909000, 1606748952.909000, 1606749082.216000
