read_start,read_end,cpu_start,cpu_end,write_start,write_end
1606741520.986000, 1606741632.363000, 1606741632.363000, 1606741637.452000, 1606741637.452000, 1606741755.487000
1606741755.505000, 1606741756.656000, 1606741756.656000, 1606741761.758000, 1606741761.758000, 1606741879.098000
1606741879.114000, 1606741880.409000, 1606741880.409000, 1606741886.593000, 1606741886.593000, 1606741998.889000
