read_start,read_end,cpu_start,cpu_end,write_start,write_end
1606739295.503000, 1606739378.310000, 1606739378.310000, 1606739383.639000, 1606739383.639000, 1606739473.104000
1606739473.117000, 1606739474.200000, 1606739474.200000, 1606739479.236000, 1606739479.236000, 1606739567.064000
1606739567.078000, 1606739568.014000, 1606739568.014000, 1606739572.947000, 1606739572.947000, 1606739652.362000
