read_start,read_end,cpu_start,cpu_end,write_start,write_end
1606742040.968000, 1606742149.944000, 1606742149.944000, 1606742154.443000, 1606742154.443000, 1606742244.433000
1606742244.448000, 1606742245.395000, 1606742245.395000, 1606742249.802000, 1606742249.802000, 1606742359.306000
1606742359.330000, 1606742360.284000, 1606742360.284000, 1606742364.695000, 1606742364.695000, 1606742489.522000
