read_start,read_end,cpu_start,cpu_end,write_start,write_end
1606745005.459000, 1606745141.936000, 1606745141.936000, 1606745146.975000, 1606745146.975000, 1606745222.179000
1606745222.195000, 1606745223.155000, 1606745223.155000, 1606745228.082000, 1606745228.082000, 1606745335.231000
1606745335.244000, 1606745336.457000, 1606745336.457000, 1606745341.730000, 1606745341.730000, 1606745494.043000
