read_start,read_end,cpu_start,cpu_end,write_start,write_end
1606745668.044000, 1606745804.516000, 1606745804.516000, 1606745809.751000, 1606745809.751000, 1606745897.593000
1606745897.609000, 1606745898.717000, 1606745898.717000, 1606745903.724000, 1606745903.724000, 1606746066.801000
1606746066.815000, 1606746067.795000, 1606746067.795000, 1606746072.733000, 1606746072.733000, 1606746219.441000
