read_start,read_end,cpu_start,cpu_end,write_start,write_end
1606741034.356000, 1606741138.334000, 1606741138.334000, 1606741143.647000, 1606741143.647000, 1606741252.615000
1606741252.631000, 1606741253.569000, 1606741253.569000, 1606741258.362000, 1606741258.362000, 1606741364.950000
1606741364.965000, 1606741365.887000, 1606741365.887000, 1606741370.465000, 1606741370.465000, 1606741473.337000
