read_start,read_end,cpu_start,cpu_end,write_start,write_end
1606747640.093000, 1606747811.729000, 1606747811.729000, 1606747817.011000, 1606747817.011000, 1606748021.611000
1606748021.653000, 1606748023.158000, 1606748023.158000, 1606748028.827000, 1606748028.827000, 1606748148.079000
1606748148.095000, 1606748149.100000, 1606748149.100000, 1606748153.488000, 1606748153.488000, 1606748299.466000
