read_start,read_end,cpu_start,cpu_end,write_start,write_end
1606742040.986000, 1606742156.312000, 1606742156.312000, 1606742161.691000, 1606742161.691000, 1606742282.329000
1606742282.343000, 1606742283.431000, 1606742283.431000, 1606742288.265000, 1606742288.265000, 1606742410.461000
1606742410.474000, 1606742411.400000, 1606742411.400000, 1606742416.138000, 1606742416.138000, 1606742537.967000
