read_start,read_end,cpu_start,cpu_end,write_start,write_end
1606745668.044000, 1606745816.730000, 1606745816.730000, 1606745822.001000, 1606745822.001000, 1606745976.246000
1606745976.263000, 1606745978.110000, 1606745978.110000, 1606745983.916000, 1606745983.916000, 1606746146.551000
1606746146.612000, 1606746147.983000, 1606746147.983000, 1606746153.310000, 1606746153.310000, 1606746308.343000
