read_start,read_end,cpu_start,cpu_end,write_start,write_end
1606742040.968000, 1606742157.689000, 1606742157.689000, 1606742162.964000, 1606742162.964000, 1606742284.093000
1606742284.109000, 1606742285.109000, 1606742285.109000, 1606742290.305000, 1606742290.305000, 1606742413.712000
1606742413.726000, 1606742415.106000, 1606742415.106000, 1606742420.075000, 1606742420.075000, 1606742540.011000
