read_start,read_end,cpu_start,cpu_end,write_start,write_end
1606739295.511000, 1606739378.961000, 1606739378.961000, 1606739384.274000, 1606739384.274000, 1606739474.047000
1606739474.065000, 1606739475.090000, 1606739475.090000, 1606739480.012000, 1606739480.012000, 1606739568.229000
1606739568.242000, 1606739569.340000, 1606739569.340000, 1606739574.079000, 1606739574.079000, 1606739654.177000
