read_start,read_end,cpu_start,cpu_end,write_start,write_end
1606746355.294000, 1606746510.464000, 1606746510.464000, 1606746516.019000, 1606746516.019000, 1606746676.759000
1606746676.786000, 1606746679.312000, 1606746679.312000, 1606746684.523000, 1606746684.523000, 1606746865.637000
1606746865.759000, 1606746866.985000, 1606746866.985000, 1606746871.823000, 1606746871.823000, 1606747015.926000
