read_start,read_end,cpu_start,cpu_end,write_start,write_end
1606741520.987000, 1606741629.929000, 1606741629.929000, 1606741635.290000, 1606741635.290000, 1606741753.496000
1606741753.510000, 1606741754.493000, 1606741754.493000, 1606741759.795000, 1606741759.795000, 1606741876.094000
1606741876.109000, 1606741877.624000, 1606741877.624000, 1606741883.063000, 1606741883.063000, 1606741998.588000
