read_start,read_end,cpu_start,cpu_end,write_start,write_end
1606736540.168000, 1606736566.691000, 1606736566.691000, 1606736571.080000, 1606736571.080000, 1606736599.903000
1606736599.922000, 1606736601.016000, 1606736601.016000, 1606736605.899000, 1606736605.899000, 1606736632.627000
1606736632.643000, 1606736633.746000, 1606736633.746000, 1606736638.287000, 1606736638.287000, 1606736653.450000
