read_start,read_end,cpu_start,cpu_end,write_start,write_end
1606747640.094000, 1606747803.406000, 1606747803.406000, 1606747808.203000, 1606747808.203000, 1606747987.985000
1606747988.056000, 1606747989.294000, 1606747989.294000, 1606747993.859000, 1606747993.859000, 1606748025.763000
1606748025.841000, 1606748027.267000, 1606748027.267000, 1606748033.438000, 1606748033.438000, 1606748224.189000
