read_start,read_end,cpu_start,cpu_end,write_start,write_end
1606740564.885000, 1606740663.851000, 1606740663.851000, 1606740669.079000, 1606740669.079000, 1606740772.793000
1606740772.808000, 1606740773.763000, 1606740773.763000, 1606740778.806000, 1606740778.806000, 1606740887.842000
1606740887.856000, 1606740888.815000, 1606740888.815000, 1606740893.763000, 1606740893.763000, 1606740989.000000
