read_start,read_end,cpu_start,cpu_end,write_start,write_end
1606745005.459000, 1606745142.399000, 1606745142.399000, 1606745147.511000, 1606745147.511000, 1606745222.062000
1606745222.075000, 1606745223.090000, 1606745223.090000, 1606745228.408000, 1606745228.408000, 1606745344.666000
1606745344.682000, 1606745345.809000, 1606745345.809000, 1606745350.464000, 1606745350.464000, 1606745497.165000
