read_start,read_end,cpu_start,cpu_end,write_start,write_end
1606741520.991000, 1606741629.816000, 1606741629.816000, 1606741635.343000, 1606741635.343000, 1606741753.662000
1606741753.676000, 1606741754.697000, 1606741754.697000, 1606741759.939000, 1606741759.939000, 1606741876.981000
1606741876.996000, 1606741878.396000, 1606741878.396000, 1606741884.674000, 1606741884.674000, 1606741995.124000
