read_start,read_end,cpu_start,cpu_end,write_start,write_end
1606742589.143000, 1606742710.283000, 1606742710.283000, 1606742715.983000, 1606742715.983000, 1606742810.244000
1606742810.259000, 1606742811.232000, 1606742811.232000, 1606742816.008000, 1606742816.008000, 1606742940.021000
1606742940.036000, 1606742941.080000, 1606742941.080000, 1606742945.985000, 1606742945.985000, 1606743087.012000
