read_start,read_end,cpu_start,cpu_end,write_start,write_end
1606737948.202000, 1606738009.642000, 1606738009.642000, 1606738014.837000, 1606738014.837000, 1606738078.885000
1606738078.895000, 1606738079.838000, 1606738079.838000, 1606738084.733000, 1606738084.733000, 1606738146.862000
1606738146.876000, 1606738147.815000, 1606738147.815000, 1606738153.039000, 1606738153.039000, 1606738211.525000
