read_start,read_end,cpu_start,cpu_end,write_start,write_end
1606738573.446000, 1606738646.332000, 1606738646.332000, 1606738651.301000, 1606738651.301000, 1606738726.638000
1606738726.652000, 1606738727.801000, 1606738727.801000, 1606738732.615000, 1606738732.615000, 1606738810.147000
1606738810.161000, 1606738811.165000, 1606738811.165000, 1606738815.884000, 1606738815.884000, 1606738882.869000
