read_start,read_end,cpu_start,cpu_end,write_start,write_end
1606745668.051000, 1606745817.880000, 1606745817.880000, 1606745822.935000, 1606745822.935000, 1606745976.887000
1606745976.910000, 1606745979.426000, 1606745979.426000, 1606745984.654000, 1606745984.654000, 1606746153.027000
1606746153.142000, 1606746154.359000, 1606746154.359000, 1606746158.995000, 1606746158.995000, 1606746308.531000
