read_start,read_end,cpu_start,cpu_end,write_start,write_end
1606739693.271000, 1606739781.242000, 1606739781.242000, 1606739786.389000, 1606739786.389000, 1606739878.212000
1606739878.226000, 1606739879.177000, 1606739879.177000, 1606739884.295000, 1606739884.295000, 1606739977.676000
1606739977.689000, 1606739978.662000, 1606739978.662000, 1606739983.829000, 1606739983.829000, 1606740066.901000
