read_start,read_end,cpu_start,cpu_end,write_start,write_end
1606741034.343000, 1606741132.956000, 1606741132.956000, 1606741138.138000, 1606741138.138000, 1606741238.591000
1606741238.612000, 1606741239.727000, 1606741239.727000, 1606741244.182000, 1606741244.182000, 1606741341.549000
1606741341.568000, 1606741342.499000, 1606741342.499000, 1606741347.406000, 1606741347.406000, 1606741444.571000
