read_start,read_end,cpu_start,cpu_end,write_start,write_end
1606743156.545000, 1606743283.117000, 1606743283.117000, 1606743288.635000, 1606743288.635000, 1606743384.068000
1606743384.085000, 1606743385.318000, 1606743385.318000, 1606743390.456000, 1606743390.456000, 1606743594.694000
1606743594.722000, 1606743596.017000, 1606743596.017000, 1606743601.190000, 1606743601.190000, 1606743711.644000
