read_start,read_end,cpu_start,cpu_end,write_start,write_end
1606737213.641000, 1606737260.916000, 1606737260.916000, 1606737265.622000, 1606737265.622000, 1606737320.026000
1606737320.040000, 1606737321.040000, 1606737321.040000, 1606737325.462000, 1606737325.462000, 1606737368.333000
1606737368.357000, 1606737369.359000, 1606737369.359000, 1606737374.236000, 1606737374.236000, 1606737418.923000
