read_start,read_end,cpu_start,cpu_end,write_start,write_end
1606738921.105000, 1606738999.738000, 1606738999.738000, 1606739005.087000, 1606739005.087000, 1606739085.643000
1606739085.657000, 1606739086.709000, 1606739086.709000, 1606739091.685000, 1606739091.685000, 1606739175.705000
1606739175.719000, 1606739176.853000, 1606739176.853000, 1606739182.141000, 1606739182.141000, 1606739257.243000
