read_start,read_end,cpu_start,cpu_end,write_start,write_end
1606736672.596000, 1606736704.418000, 1606736704.418000, 1606736709.042000, 1606736709.042000, 1606736745.589000
1606736745.603000, 1606736746.542000, 1606736746.542000, 1606736751.108000, 1606736751.108000, 1606736785.820000
1606736785.835000, 1606736786.795000, 1606736786.795000, 1606736791.396000, 1606736791.396000, 1606736826.227000
