read_start,read_end,cpu_start,cpu_end,write_start,write_end
1606747067.516000, 1606747225.808000, 1606747225.808000, 1606747231.247000, 1606747231.247000, 1606747367.427000
1606747367.443000, 1606747368.498000, 1606747368.498000, 1606747373.454000, 1606747373.454000, 1606747509.563000
1606747509.590000, 1606747510.635000, 1606747510.635000, 1606747515.242000, 1606747515.242000, 1606747617.372000
