read_start,read_end,cpu_start,cpu_end,write_start,write_end
1606738921.106000, 1606739000.941000, 1606739000.941000, 1606739005.889000, 1606739005.889000, 1606739085.858000
1606739085.873000, 1606739086.856000, 1606739086.856000, 1606739091.574000, 1606739091.574000, 1606739175.606000
1606739175.619000, 1606739176.626000, 1606739176.626000, 1606739181.394000, 1606739181.394000, 1606739257.057000
