read_start,read_end,cpu_start,cpu_end,write_start,write_end
1606739693.272000, 1606739782.084000, 1606739782.084000, 1606739787.353000, 1606739787.353000, 1606739879.548000
1606739879.563000, 1606739880.705000, 1606739880.705000, 1606739885.979000, 1606739885.979000, 1606739980.150000
1606739980.166000, 1606739981.620000, 1606739981.620000, 1606739986.512000, 1606739986.512000, 1606740069.464000
