read_start,read_end,cpu_start,cpu_end,write_start,write_end
1606741520.993000, 1606741629.240000, 1606741629.240000, 1606741634.603000, 1606741634.603000, 1606741750.825000
1606741750.838000, 1606741751.934000, 1606741751.934000, 1606741757.084000, 1606741757.084000, 1606741867.568000
1606741867.605000, 1606741869.485000, 1606741869.485000, 1606741873.940000, 1606741873.940000, 1606741979.654000
