read_start,read_end,cpu_start,cpu_end,write_start,write_end
1606747640.094000, 1606747816.811000, 1606747816.811000, 1606747822.454000, 1606747822.454000, 1606748021.698000
1606748022.135000, 1606748025.751000, 1606748025.751000, 1606748033.296000, 1606748033.296000, 1606748224.134000
1606748224.382000, 1606748226.220000, 1606748226.220000, 1606748231.228000, 1606748231.228000, 1606748346.225000
