read_start,read_end,cpu_start,cpu_end,write_start,write_end
1606745005.459000, 1606745148.123000, 1606745148.123000, 1606745153.587000, 1606745153.587000, 1606745325.581000
1606745325.601000, 1606745327.102000, 1606745327.102000, 1606745333.183000, 1606745333.183000, 1606745491.396000
1606745491.498000, 1606745493.332000, 1606745493.332000, 1606745498.749000, 1606745498.749000, 1606745624.114000
