read_start,read_end,cpu_start,cpu_end,write_start,write_end
1606747640.093000, 1606747761.342000, 1606747761.342000, 1606747765.801000, 1606747765.801000, 1606747828.354000
1606747828.375000, 1606747830.172000, 1606747830.172000, 1606747834.957000, 1606747834.957000, 1606748021.777000
1606748022.548000, 1606748025.532000, 1606748025.532000, 1606748034.020000, 1606748034.020000, 1606748224.442000
