read_start,read_end,cpu_start,cpu_end,write_start,write_end
1606738573.439000, 1606738645.307000, 1606738645.307000, 1606738650.360000, 1606738650.360000, 1606738725.403000
1606738725.416000, 1606738726.506000, 1606738726.506000, 1606738731.486000, 1606738731.486000, 1606738808.115000
1606738808.130000, 1606738809.062000, 1606738809.062000, 1606738813.885000, 1606738813.885000, 1606738880.378000
