read_start,read_end,cpu_start,cpu_end,write_start,write_end
1606745668.054000, 1606745816.025000, 1606745816.025000, 1606745821.308000, 1606745821.308000, 1606745975.306000
1606745975.321000, 1606745976.358000, 1606745976.358000, 1606745981.606000, 1606745981.606000, 1606746116.496000
1606746116.513000, 1606746117.540000, 1606746117.540000, 1606746121.973000, 1606746121.973000, 1606746254.320000
