read_start,read_end,cpu_start,cpu_end,write_start,write_end
1606745668.066000, 1606745805.573000, 1606745805.573000, 1606745810.449000, 1606745810.449000, 1606745897.568000
1606745897.583000, 1606745898.697000, 1606745898.697000, 1606745903.613000, 1606745903.613000, 1606746063.179000
1606746063.221000, 1606746064.232000, 1606746064.232000, 1606746068.670000, 1606746068.670000, 1606746153.535000
