read_start,read_end,cpu_start,cpu_end,write_start,write_end
1606737948.202000, 1606738012.104000, 1606738012.104000, 1606738016.943000, 1606738016.943000, 1606738080.251000
1606738080.270000, 1606738081.345000, 1606738081.345000, 1606738086.418000, 1606738086.418000, 1606738149.878000
1606738149.892000, 1606738150.995000, 1606738150.995000, 1606738155.704000, 1606738155.704000, 1606738214.940000
