read_start,read_end,cpu_start,cpu_end,write_start,write_end
1606745005.459000, 1606745145.134000, 1606745145.134000, 1606745150.469000, 1606745150.469000, 1606745225.293000
1606745225.311000, 1606745226.425000, 1606745226.425000, 1606745231.326000, 1606745231.326000, 1606745403.026000
1606745403.041000, 1606745404.171000, 1606745404.171000, 1606745409.107000, 1606745409.107000, 1606745593.774000
