read_start,read_end,cpu_start,cpu_end,write_start,write_end
1606743156.545000, 1606743282.627000, 1606743282.627000, 1606743288.361000, 1606743288.361000, 1606743383.532000
1606743383.547000, 1606743384.542000, 1606743384.542000, 1606743389.306000, 1606743389.306000, 1606743593.690000
1606743593.702000, 1606743594.991000, 1606743594.991000, 1606743600.154000, 1606743600.154000, 1606743708.489000
