read_start,read_end,cpu_start,cpu_end,write_start,write_end
1606742589.128000, 1606742708.929000, 1606742708.929000, 1606742714.401000, 1606742714.401000, 1606742807.642000
1606742807.658000, 1606742808.655000, 1606742808.655000, 1606742813.394000, 1606742813.394000, 1606742933.118000
1606742933.135000, 1606742934.726000, 1606742934.726000, 1606742940.653000, 1606742940.653000, 1606743064.686000
