read_start,read_end,cpu_start,cpu_end,write_start,write_end
1606738247.735000, 1606738316.969000, 1606738316.969000, 1606738321.889000, 1606738321.889000, 1606738390.765000
1606738390.779000, 1606738391.804000, 1606738391.804000, 1606738396.580000, 1606738396.580000, 1606738468.659000
1606738468.671000, 1606738469.784000, 1606738469.784000, 1606738474.540000, 1606738474.540000, 1606738536.220000
