read_start,read_end,cpu_start,cpu_end,write_start,write_end
1606737013.037000, 1606737055.565000, 1606737055.565000, 1606737060.303000, 1606737060.303000, 1606737102.361000
1606737102.376000, 1606737103.383000, 1606737103.383000, 1606737108.562000, 1606737108.562000, 1606737154.049000
1606737154.063000, 1606737155.171000, 1606737155.171000, 1606737160.234000, 1606737160.234000, 1606737205.435000
