read_start,read_end,cpu_start,cpu_end,write_start,write_end
1606747640.092000, 1606747810.413000, 1606747810.413000, 1606747815.179000, 1606747815.179000, 1606748021.753000
1606748022.292000, 1606748023.892000, 1606748023.892000, 1606748029.604000, 1606748029.604000, 1606748187.688000
1606748187.705000, 1606748189.383000, 1606748189.383000, 1606748193.727000, 1606748193.727000, 1606748327.267000
