read_start,read_end,cpu_start,cpu_end,write_start,write_end
1606740564.872000, 1606740663.024000, 1606740663.024000, 1606740668.120000, 1606740668.120000, 1606740770.994000
1606740771.007000, 1606740772.032000, 1606740772.032000, 1606740776.845000, 1606740776.845000, 1606740881.888000
1606740881.905000, 1606740883.910000, 1606740883.910000, 1606740889.265000, 1606740889.265000, 1606740986.195000
