read_start,read_end,cpu_start,cpu_end,write_start,write_end
1606740564.880000, 1606740664.371000, 1606740664.371000, 1606740669.969000, 1606740669.969000, 1606740774.002000
1606740774.016000, 1606740775.020000, 1606740775.020000, 1606740779.959000, 1606740779.959000, 1606740889.804000
1606740889.823000, 1606740890.815000, 1606740890.815000, 1606740895.676000, 1606740895.676000, 1606740991.577000
