read_start,read_end,cpu_start,cpu_end,write_start,write_end
1606737439.213000, 1606737491.394000, 1606737491.394000, 1606737496.600000, 1606737496.600000, 1606737550.008000
1606737550.022000, 1606737551.146000, 1606737551.146000, 1606737556.342000, 1606737556.342000, 1606737608.921000
1606737608.933000, 1606737610.023000, 1606737610.023000, 1606737614.765000, 1606737614.765000, 1606737662.853000
