read_start,read_end,cpu_start,cpu_end,write_start,write_end
1606747067.543000, 1606747223.197000, 1606747223.197000, 1606747228.370000, 1606747228.370000, 1606747304.671000
1606747304.690000, 1606747306.550000, 1606747306.550000, 1606747311.514000, 1606747311.514000, 1606747470.245000
1606747470.348000, 1606747471.917000, 1606747471.917000, 1606747476.810000, 1606747476.810000, 1606747599.953000
