read_start,read_end,cpu_start,cpu_end,write_start,write_end
1606739693.264000, 1606739780.109000, 1606739780.109000, 1606739785.028000, 1606739785.028000, 1606739876.308000
1606739876.321000, 1606739877.276000, 1606739877.276000, 1606739882.349000, 1606739882.349000, 1606739973.384000
1606739973.398000, 1606739974.351000, 1606739974.351000, 1606739979.054000, 1606739979.054000, 1606740059.167000
