read_start,read_end,cpu_start,cpu_end,write_start,write_end
1606745005.474000, 1606745149.537000, 1606745149.537000, 1606745154.740000, 1606745154.740000, 1606745327.620000
1606745327.643000, 1606745329.053000, 1606745329.053000, 1606745333.799000, 1606745333.799000, 1606745487.792000
1606745487.878000, 1606745489.021000, 1606745489.021000, 1606745493.825000, 1606745493.825000, 1606745617.825000
