read_start,read_end,cpu_start,cpu_end,write_start,write_end
1606740564.885000, 1606740661.288000, 1606740661.288000, 1606740666.151000, 1606740666.151000, 1606740758.089000
1606740758.105000, 1606740759.226000, 1606740759.226000, 1606740763.605000, 1606740763.605000, 1606740844.375000
1606740844.390000, 1606740845.341000, 1606740845.341000, 1606740849.716000, 1606740849.716000, 1606740943.318000
