read_start,read_end,cpu_start,cpu_end,write_start,write_end
1606747640.093000, 1606747815.279000, 1606747815.279000, 1606747820.617000, 1606747820.617000, 1606748021.709000
1606748021.930000, 1606748025.198000, 1606748025.198000, 1606748033.107000, 1606748033.107000, 1606748224.070000
1606748224.260000, 1606748225.699000, 1606748225.699000, 1606748230.854000, 1606748230.854000, 1606748346.127000
