read_start,read_end,cpu_start,cpu_end,write_start,write_end
1606736428.499000, 1606736449.781000, 1606736449.781000, 1606736454.342000, 1606736454.342000, 1606736477.520000
1606736477.536000, 1606736478.475000, 1606736478.475000, 1606736483.362000, 1606736483.362000, 1606736507.078000
1606736507.091000, 1606736508.025000, 1606736508.025000, 1606736512.416000, 1606736512.416000, 1606736536.032000
