read_start,read_end,cpu_start,cpu_end,write_start,write_end
1606739295.508000, 1606739378.239000, 1606739378.239000, 1606739383.574000, 1606739383.574000, 1606739473.134000
1606739473.148000, 1606739474.206000, 1606739474.206000, 1606739479.023000, 1606739479.023000, 1606739566.365000
1606739566.379000, 1606739567.369000, 1606739567.369000, 1606739572.034000, 1606739572.034000, 1606739649.919000
