read_start,read_end,cpu_start,cpu_end,write_start,write_end
1606747640.093000, 1606747814.733000, 1606747814.733000, 1606747820.069000, 1606747820.069000, 1606748021.693000
1606748021.967000, 1606748023.537000, 1606748023.537000, 1606748029.247000, 1606748029.247000, 1606748171.749000
1606748171.765000, 1606748172.774000, 1606748172.774000, 1606748177.230000, 1606748177.230000, 1606748317.286000
