read_start,read_end,cpu_start,cpu_end,write_start,write_end
1606746355.302000, 1606746510.680000, 1606746510.680000, 1606746516.104000, 1606746516.104000, 1606746676.523000
1606746676.550000, 1606746678.832000, 1606746678.832000, 1606746684.082000, 1606746684.082000, 1606746866.038000
1606746866.193000, 1606746867.860000, 1606746867.860000, 1606746873.035000, 1606746873.035000, 1606747019.440000
