read_start,read_end,cpu_start,cpu_end,write_start,write_end
1606737439.213000, 1606737490.581000, 1606737490.581000, 1606737495.810000, 1606737495.810000, 1606737548.894000
1606737548.909000, 1606737549.937000, 1606737549.937000, 1606737554.777000, 1606737554.777000, 1606737607.298000
1606737607.314000, 1606737608.433000, 1606737608.433000, 1606737613.653000, 1606737613.653000, 1606737668.337000
