read_start,read_end,cpu_start,cpu_end,write_start,write_end
1606738921.116000, 1606738997.840000, 1606738997.840000, 1606739002.720000, 1606739002.720000, 1606739083.126000
1606739083.141000, 1606739084.085000, 1606739084.085000, 1606739088.927000, 1606739088.927000, 1606739171.622000
1606739171.637000, 1606739172.545000, 1606739172.545000, 1606739177.189000, 1606739177.189000, 1606739251.124000
