read_start,read_end,cpu_start,cpu_end,write_start,write_end
1606737213.642000, 1606737261.224000, 1606737261.224000, 1606737266.110000, 1606737266.110000, 1606737314.576000
1606737314.590000, 1606737315.753000, 1606737315.753000, 1606737320.493000, 1606737320.493000, 1606737367.279000
1606737367.294000, 1606737368.289000, 1606737368.289000, 1606737373.027000, 1606737373.027000, 1606737418.303000
