read_start,read_end,cpu_start,cpu_end,write_start,write_end
1606743156.545000, 1606743284.056000, 1606743284.056000, 1606743289.611000, 1606743289.611000, 1606743478.811000
1606743478.825000, 1606743480.245000, 1606743480.245000, 1606743486.524000, 1606743486.524000, 1606743611.299000
1606743611.352000, 1606743612.958000, 1606743612.958000, 1606743618.955000, 1606743618.955000, 1606743713.342000
