read_start,read_end,cpu_start,cpu_end,write_start,write_end
1606747640.093000, 1606747805.729000, 1606747805.729000, 1606747810.586000, 1606747810.586000, 1606748020.301000
1606748020.344000, 1606748021.575000, 1606748021.575000, 1606748027.942000, 1606748027.942000, 1606748092.008000
1606748092.052000, 1606748093.894000, 1606748093.894000, 1606748099.759000, 1606748099.759000, 1606748255.761000
