read_start,read_end,cpu_start,cpu_end,write_start,write_end
1606742589.146000, 1606742709.369000, 1606742709.369000, 1606742714.538000, 1606742714.538000, 1606742808.037000
1606742808.051000, 1606742809.129000, 1606742809.129000, 1606742813.807000, 1606742813.807000, 1606742933.648000
1606742933.667000, 1606742934.801000, 1606742934.801000, 1606742939.527000, 1606742939.527000, 1606743055.246000
