read_start,read_end,cpu_start,cpu_end,write_start,write_end
1606747640.092000, 1606747814.868000, 1606747814.868000, 1606747819.970000, 1606747819.970000, 1606748021.706000
1606748022.445000, 1606748023.756000, 1606748023.756000, 1606748029.443000, 1606748029.443000, 1606748180.844000
1606748180.860000, 1606748182.884000, 1606748182.884000, 1606748187.616000, 1606748187.616000, 1606748323.923000
