read_start,read_end,cpu_start,cpu_end,write_start,write_end
1606743756.918000, 1606743883.707000, 1606743883.707000, 1606743888.462000, 1606743888.462000, 1606743986.798000
1606743986.812000, 1606743987.762000, 1606743987.762000, 1606743992.451000, 1606743992.451000, 1606744115.917000
1606744115.939000, 1606744117.287000, 1606744117.287000, 1606744122.195000, 1606744122.195000, 1606744236.659000
