read_start,read_end,cpu_start,cpu_end,write_start,write_end
1606743156.567000, 1606743282.413000, 1606743282.413000, 1606743288.110000, 1606743288.110000, 1606743383.113000
1606743383.127000, 1606743384.210000, 1606743384.210000, 1606743388.892000, 1606743388.892000, 1606743593.445000
1606743593.458000, 1606743594.390000, 1606743594.390000, 1606743598.876000, 1606743598.876000, 1606743707.464000
