read_start,read_end,cpu_start,cpu_end,write_start,write_end
1606760752.122000, 1606760914.824000, 1606760914.824000, 1606760920.142000, 1606760920.142000, 1606761043.270000
1606761043.285000, 1606761044.271000, 1606761044.271000, 1606761048.631000, 1606761048.631000, 1606761158.526000
1606761158.541000, 1606761159.515000, 1606761159.515000, 1606761163.901000, 1606761163.901000, 1606761313.329000
