read_start,read_end,cpu_start,cpu_end,write_start,write_end
1606749602.088000, 1606749634.006000, 1606749634.006000, 1606749638.670000, 1606749638.670000, 1606749673.703000
1606749673.719000, 1606749674.771000, 1606749674.771000, 1606749679.435000, 1606749679.435000, 1606749715.873000
1606749715.883000, 1606749716.971000, 1606749716.971000, 1606749721.570000, 1606749721.570000, 1606749756.256000
