read_start,read_end,cpu_start,cpu_end,write_start,write_end
1606760022.656000, 1606760182.480000, 1606760182.480000, 1606760187.741000, 1606760187.741000, 1606760353.701000
1606760353.726000, 1606760355.459000, 1606760355.459000, 1606760360.665000, 1606760360.665000, 1606760549.867000
1606760549.964000, 1606760551.322000, 1606760551.322000, 1606760556.201000, 1606760556.201000, 1606760704.305000
