read_start,read_end,cpu_start,cpu_end,write_start,write_end
1606760022.632000, 1606760153.327000, 1606760153.327000, 1606760158.075000, 1606760158.075000, 1606760710.359000
1606760710.376000, 1606760712.803000, 1606760712.803000, 1606760717.142000, 1606760717.142000, 1606760723.952000
1606760723.967000, 1606760724.981000, 1606760724.981000, 1606760729.322000, 1606760729.322000, 1606760736.121000
