read_start,read_end,cpu_start,cpu_end,write_start,write_end
1606750867.913000, 1606750930.209000, 1606750930.209000, 1606750935.610000, 1606750935.610000, 1606751000.916000
1606751000.932000, 1606751001.917000, 1606751001.917000, 1606751006.697000, 1606751006.697000, 1606751075.210000
1606751075.227000, 1606751076.218000, 1606751076.218000, 1606751081.021000, 1606751081.021000, 1606751149.806000
