read_start,read_end,cpu_start,cpu_end,write_start,write_end
1606755017.155000, 1606755133.708000, 1606755133.708000, 1606755138.869000, 1606755138.869000, 1606755251.639000
1606755251.653000, 1606755252.736000, 1606755252.736000, 1606755257.575000, 1606755257.575000, 1606755392.321000
1606755392.334000, 1606755393.308000, 1606755393.308000, 1606755397.760000, 1606755397.760000, 1606755501.776000
