read_start,read_end,cpu_start,cpu_end,write_start,write_end
1606757336.296000, 1606757474.468000, 1606757474.468000, 1606757480.074000, 1606757480.074000, 1606757654.699000
1606757654.715000, 1606757656.134000, 1606757656.134000, 1606757661.811000, 1606757661.811000, 1606757833.747000
1606757833.794000, 1606757835.036000, 1606757835.036000, 1606757839.898000, 1606757839.898000, 1606757924.277000
