read_start,read_end,cpu_start,cpu_end,write_start,write_end
1606758631.558000, 1606758781.116000, 1606758781.116000, 1606758786.494000, 1606758786.494000, 1606758941.064000
1606758941.093000, 1606758942.603000, 1606758942.603000, 1606758947.642000, 1606758947.642000, 1606759115.848000
1606759115.929000, 1606759117.772000, 1606759117.772000, 1606759122.553000, 1606759122.553000, 1606759267.952000
