read_start,read_end,cpu_start,cpu_end,write_start,write_end
1606759314.224000, 1606759468.900000, 1606759468.900000, 1606759474.037000, 1606759474.037000, 1606759633.873000
1606759633.888000, 1606759635.429000, 1606759635.429000, 1606759640.413000, 1606759640.413000, 1606759810.415000
1606759810.488000, 1606759811.501000, 1606759811.501000, 1606759816.222000, 1606759816.222000, 1606759970.473000
