read_start,read_end,cpu_start,cpu_end,write_start,write_end
1606752234.906000, 1606752318.223000, 1606752318.223000, 1606752323.323000, 1606752323.323000, 1606752414.741000
1606752414.755000, 1606752415.808000, 1606752415.808000, 1606752420.692000, 1606752420.692000, 1606752515.457000
1606752515.475000, 1606752516.588000, 1606752516.588000, 1606752521.569000, 1606752521.569000, 1606752607.043000
