read_start,read_end,cpu_start,cpu_end,write_start,write_end
1606756723.002000, 1606756855.470000, 1606756855.470000, 1606756860.888000, 1606756860.888000, 1606756955.254000
1606756955.271000, 1606756957.259000, 1606756957.259000, 1606756962.125000, 1606756962.125000, 1606757142.229000
1606757142.336000, 1606757143.724000, 1606757143.724000, 1606757149.180000, 1606757149.180000, 1606757274.179000
