read_start,read_end,cpu_start,cpu_end,write_start,write_end
1606757970.652000, 1606758113.662000, 1606758113.662000, 1606758119.298000, 1606758119.298000, 1606758311.046000
1606758311.062000, 1606758312.061000, 1606758312.061000, 1606758316.923000, 1606758316.923000, 1606758411.969000
1606758411.987000, 1606758412.948000, 1606758412.948000, 1606758417.701000, 1606758417.701000, 1606758586.542000
