read_start,read_end,cpu_start,cpu_end,write_start,write_end
1606753990.305000, 1606754096.058000, 1606754096.058000, 1606754101.293000, 1606754101.293000, 1606754215.651000
1606754215.670000, 1606754216.795000, 1606754216.795000, 1606754221.536000, 1606754221.536000, 1606754332.660000
1606754332.675000, 1606754333.621000, 1606754333.621000, 1606754338.355000, 1606754338.355000, 1606754450.154000
