read_start,read_end,cpu_start,cpu_end,write_start,write_end
1606757970.678000, 1606758113.326000, 1606758113.326000, 1606758118.647000, 1606758118.647000, 1606758211.590000
1606758211.604000, 1606758212.883000, 1606758212.883000, 1606758217.599000, 1606758217.599000, 1606758407.090000
1606758407.153000, 1606758408.494000, 1606758408.494000, 1606758413.557000, 1606758413.557000, 1606758579.631000
