read_start,read_end,cpu_start,cpu_end,write_start,write_end
1606757336.305000, 1606757474.980000, 1606757474.980000, 1606757480.561000, 1606757480.561000, 1606757654.983000
1606757655.007000, 1606757656.347000, 1606757656.347000, 1606757662.123000, 1606757662.123000, 1606757833.351000
1606757833.418000, 1606757834.543000, 1606757834.543000, 1606757839.374000, 1606757839.374000, 1606757924.253000
