read_start,read_end,cpu_start,cpu_end,write_start,write_end
1606749760.847000, 1606749798.074000, 1606749798.074000, 1606749802.683000, 1606749802.683000, 1606749843.266000
1606749843.279000, 1606749844.367000, 1606749844.367000, 1606749849.459000, 1606749849.459000, 1606749889.187000
1606749889.202000, 1606749890.259000, 1606749890.259000, 1606749894.983000, 1606749894.983000, 1606749934.888000
