read_start,read_end,cpu_start,cpu_end,write_start,write_end
1606761358.637000, 1606761532.526000, 1606761532.526000, 1606761537.770000, 1606761537.770000, 1606761744.690000
1606761744.738000, 1606761746.579000, 1606761746.579000, 1606761752.336000, 1606761752.336000, 1606761904.742000
1606761904.759000, 1606761905.762000, 1606761905.762000, 1606761910.408000, 1606761910.408000, 1606762051.511000
