read_start,read_end,cpu_start,cpu_end,write_start,write_end
1606751862.400000, 1606751940.632000, 1606751940.632000, 1606751945.732000, 1606751945.732000, 1606752027.989000
1606752028.003000, 1606752029.154000, 1606752029.154000, 1606752034.192000, 1606752034.192000, 1606752117.929000
1606752117.942000, 1606752119.075000, 1606752119.075000, 1606752123.803000, 1606752123.803000, 1606752196.628000
