read_start,read_end,cpu_start,cpu_end,write_start,write_end
1606759314.199000, 1606759461.034000, 1606759461.034000, 1606759465.978000, 1606759465.978000, 1606759540.381000
1606759540.402000, 1606759541.389000, 1606759541.389000, 1606759546.767000, 1606759546.767000, 1606759726.910000
1606759726.931000, 1606759728.407000, 1606759728.407000, 1606759733.665000, 1606759733.665000, 1606759892.027000
