read_start,read_end,cpu_start,cpu_end,write_start,write_end
1606758631.563000, 1606758781.307000, 1606758781.307000, 1606758786.787000, 1606758786.787000, 1606758941.212000
1606758941.233000, 1606758942.764000, 1606758942.764000, 1606758947.615000, 1606758947.615000, 1606759115.959000
1606759116.097000, 1606759118.073000, 1606759118.073000, 1606759123.168000, 1606759123.168000, 1606759269.477000
