read_start,read_end,cpu_start,cpu_end,write_start,write_end
1606751171.226000, 1606751240.015000, 1606751240.015000, 1606751245.166000, 1606751245.166000, 1606751314.291000
1606751314.307000, 1606751315.389000, 1606751315.389000, 1606751320.101000, 1606751320.101000, 1606751393.396000
1606751393.409000, 1606751394.363000, 1606751394.363000, 1606751399.080000, 1606751399.080000, 1606751475.012000
