read_start,read_end,cpu_start,cpu_end,write_start,write_end
1606751171.226000, 1606751236.974000, 1606751236.974000, 1606751241.791000, 1606751241.791000, 1606751478.110000
1606751478.126000, 1606751479.098000, 1606751479.098000, 1606751483.438000, 1606751483.438000, 1606751490.479000
1606751490.494000, 1606751491.427000, 1606751491.427000, 1606751495.766000, 1606751495.766000, 1606751502.643000
