read_start,read_end,cpu_start,cpu_end,write_start,write_end
1606753990.289000, 1606754093.596000, 1606754093.596000, 1606754098.851000, 1606754098.851000, 1606754211.695000
1606754211.709000, 1606754212.733000, 1606754212.733000, 1606754217.437000, 1606754217.437000, 1606754325.122000
1606754325.137000, 1606754326.721000, 1606754326.721000, 1606754331.152000, 1606754331.152000, 1606754442.831000
