read_start,read_end,cpu_start,cpu_end,write_start,write_end
1606758631.550000, 1606758767.402000, 1606758767.402000, 1606758772.136000, 1606758772.136000, 1606758859.761000
1606758859.777000, 1606758860.724000, 1606758860.724000, 1606758865.655000, 1606758865.655000, 1606759028.826000
1606759028.841000, 1606759029.808000, 1606759029.808000, 1606759034.312000, 1606759034.312000, 1606759116.328000
