read_start,read_end,cpu_start,cpu_end,write_start,write_end
1606752646.826000, 1606752736.682000, 1606752736.682000, 1606752742.065000, 1606752742.065000, 1606752835.504000
1606752835.519000, 1606752836.675000, 1606752836.675000, 1606752841.523000, 1606752841.523000, 1606752938.608000
1606752938.631000, 1606752939.981000, 1606752939.981000, 1606752944.925000, 1606752944.925000, 1606753028.641000
