read_start,read_end,cpu_start,cpu_end,write_start,write_end
1606751511.387000, 1606751584.668000, 1606751584.668000, 1606751589.649000, 1606751589.649000, 1606751665.977000
1606751665.990000, 1606751666.951000, 1606751666.951000, 1606751671.676000, 1606751671.676000, 1606751749.815000
1606751749.831000, 1606751750.958000, 1606751750.958000, 1606751755.813000, 1606751755.813000, 1606751824.895000
