read_start,read_end,cpu_start,cpu_end,write_start,write_end
1606757336.296000, 1606757471.344000, 1606757471.344000, 1606757477.003000, 1606757477.003000, 1606757560.813000
1606757560.827000, 1606757562.033000, 1606757562.033000, 1606757566.892000, 1606757566.892000, 1606757737.338000
1606757737.351000, 1606757738.834000, 1606757738.834000, 1606757744.395000, 1606757744.395000, 1606757903.427000
