read_start,read_end,cpu_start,cpu_end,write_start,write_end
1606758631.554000, 1606758773.082000, 1606758773.082000, 1606758778.278000, 1606758778.278000, 1606758861.151000
1606758861.166000, 1606758862.155000, 1606758862.155000, 1606758867.020000, 1606758867.020000, 1606759037.005000
1606759037.024000, 1606759038.936000, 1606759038.936000, 1606759044.435000, 1606759044.435000, 1606759196.100000
