read_start,read_end,cpu_start,cpu_end,write_start,write_end
1606755017.140000, 1606755130.281000, 1606755130.281000, 1606755135.582000, 1606755135.582000, 1606755244.991000
1606755245.005000, 1606755246.084000, 1606755246.084000, 1606755250.929000, 1606755250.929000, 1606755363.118000
1606755363.130000, 1606755364.065000, 1606755364.065000, 1606755368.878000, 1606755368.878000, 1606755486.953000
