read_start,read_end,cpu_start,cpu_end,write_start,write_end
1606759314.205000, 1606759466.121000, 1606759466.121000, 1606759471.502000, 1606759471.502000, 1606759555.232000
1606759555.294000, 1606759557.230000, 1606759557.230000, 1606759562.366000, 1606759562.366000, 1606759733.389000
1606759733.508000, 1606759735.084000, 1606759735.084000, 1606759739.861000, 1606759739.861000, 1606759901.069000
