read_start,read_end,cpu_start,cpu_end,write_start,write_end
1606761358.637000, 1606761535.417000, 1606761535.417000, 1606761540.622000, 1606761540.622000, 1606761745.086000
1606761745.209000, 1606761747.812000, 1606761747.812000, 1606761754.112000, 1606761754.112000, 1606761947.284000
1606761947.366000, 1606761948.820000, 1606761948.820000, 1606761953.887000, 1606761953.887000, 1606762073.206000
