read_start,read_end,cpu_start,cpu_end,write_start,write_end
1606753067.267000, 1606753157.567000, 1606753157.567000, 1606753162.282000, 1606753162.282000, 1606753477.638000
1606753477.670000, 1606753478.611000, 1606753478.611000, 1606753482.951000, 1606753482.951000, 1606753490.152000
1606753490.167000, 1606753491.111000, 1606753491.111000, 1606753495.450000, 1606753495.450000, 1606753502.290000
