read_start,read_end,cpu_start,cpu_end,write_start,write_end
1606750360.360000, 1606750410.854000, 1606750410.854000, 1606750415.708000, 1606750415.708000, 1606750475.714000
1606750475.730000, 1606750476.731000, 1606750476.731000, 1606750481.729000, 1606750481.729000, 1606750530.171000
1606750530.185000, 1606750531.154000, 1606750531.154000, 1606750535.899000, 1606750535.899000, 1606750588.773000
