read_start,read_end,cpu_start,cpu_end,write_start,write_end
1606760022.641000, 1606760172.785000, 1606760172.785000, 1606760177.893000, 1606760177.893000, 1606760281.175000
1606760281.188000, 1606760282.219000, 1606760282.219000, 1606760287.258000, 1606760287.258000, 1606760442.068000
1606760442.082000, 1606760443.041000, 1606760443.041000, 1606760447.582000, 1606760447.582000, 1606760551.044000
