read_start,read_end,cpu_start,cpu_end,write_start,write_end
1606751862.397000, 1606751940.199000, 1606751940.199000, 1606751945.667000, 1606751945.667000, 1606752028.015000
1606752028.029000, 1606752029.187000, 1606752029.187000, 1606752034.347000, 1606752034.347000, 1606752118.129000
1606752118.144000, 1606752119.128000, 1606752119.128000, 1606752123.854000, 1606752123.854000, 1606752196.556000
