read_start,read_end,cpu_start,cpu_end,write_start,write_end
1606760752.099000, 1606760905.959000, 1606760905.959000, 1606760910.721000, 1606760910.721000, 1606760996.833000
1606760996.849000, 1606760997.904000, 1606760997.904000, 1606761003.003000, 1606761003.003000, 1606761109.275000
1606761109.289000, 1606761110.292000, 1606761110.292000, 1606761115.070000, 1606761115.070000, 1606761295.941000
