read_start,read_end,cpu_start,cpu_end,write_start,write_end
1606750867.919000, 1606750929.544000, 1606750929.544000, 1606750934.839000, 1606750934.839000, 1606751000.469000
1606751000.484000, 1606751001.637000, 1606751001.637000, 1606751006.841000, 1606751006.841000, 1606751075.347000
1606751075.361000, 1606751076.491000, 1606751076.491000, 1606751081.520000, 1606751081.520000, 1606751150.024000
