read_start,read_end,cpu_start,cpu_end,write_start,write_end
1606753990.299000, 1606754095.957000, 1606754095.957000, 1606754101.267000, 1606754101.267000, 1606754215.731000
1606754215.750000, 1606754216.867000, 1606754216.867000, 1606754221.618000, 1606754221.618000, 1606754332.956000
1606754332.969000, 1606754334.047000, 1606754334.047000, 1606754338.954000, 1606754338.954000, 1606754449.118000
