read_start,read_end,cpu_start,cpu_end,write_start,write_end
1606750601.469000, 1606750658.269000, 1606750658.269000, 1606750663.013000, 1606750663.013000, 1606750723.359000
1606750723.374000, 1606750724.382000, 1606750724.382000, 1606750729.190000, 1606750729.190000, 1606750787.385000
1606750787.401000, 1606750788.448000, 1606750788.448000, 1606750793.298000, 1606750793.298000, 1606750844.905000
