read_start,read_end,cpu_start,cpu_end,write_start,write_end
1606750360.360000, 1606750411.487000, 1606750411.487000, 1606750416.285000, 1606750416.285000, 1606750469.397000
1606750469.413000, 1606750470.528000, 1606750470.528000, 1606750475.344000, 1606750475.344000, 1606750535.745000
1606750535.758000, 1606750536.832000, 1606750536.832000, 1606750541.235000, 1606750541.235000, 1606750589.686000
