read_start,read_end,cpu_start,cpu_end,write_start,write_end
1606753067.267000, 1606753160.285000, 1606753160.285000, 1606753165.836000, 1606753165.836000, 1606753265.361000
1606753265.378000, 1606753266.468000, 1606753266.468000, 1606753271.698000, 1606753271.698000, 1606753373.710000
1606753373.724000, 1606753374.692000, 1606753374.692000, 1606753379.771000, 1606753379.771000, 1606753471.739000
