read_start,read_end,cpu_start,cpu_end,write_start,write_end
1606756124.866000, 1606756250.610000, 1606756250.610000, 1606756256.186000, 1606756256.186000, 1606756352.835000
1606756352.849000, 1606756353.824000, 1606756353.824000, 1606756358.566000, 1606756358.566000, 1606756485.447000
1606756485.462000, 1606756486.608000, 1606756486.608000, 1606756491.667000, 1606756491.667000, 1606756660.893000
