read_start,read_end,cpu_start,cpu_end,write_start,write_end
1606760022.632000, 1606760175.482000, 1606760175.482000, 1606760180.637000, 1606760180.637000, 1606760281.357000
1606760281.379000, 1606760282.695000, 1606760282.695000, 1606760288.104000, 1606760288.104000, 1606760450.653000
1606760450.669000, 1606760451.747000, 1606760451.747000, 1606760457.121000, 1606760457.121000, 1606760624.254000
