read_start,read_end,cpu_start,cpu_end,write_start,write_end
1606750601.466000, 1606750657.745000, 1606750657.745000, 1606750662.464000, 1606750662.464000, 1606750722.272000
1606750722.286000, 1606750723.330000, 1606750723.330000, 1606750728.126000, 1606750728.126000, 1606750784.224000
1606750784.239000, 1606750785.301000, 1606750785.301000, 1606750789.859000, 1606750789.859000, 1606750851.573000
