read_start,read_end,cpu_start,cpu_end,write_start,write_end
1606750360.361000, 1606750412.021000, 1606750412.021000, 1606750416.755000, 1606750416.755000, 1606750470.102000
1606750470.122000, 1606750471.105000, 1606750471.105000, 1606750475.890000, 1606750475.890000, 1606750528.463000
1606750528.480000, 1606750529.431000, 1606750529.431000, 1606750534.668000, 1606750534.668000, 1606750588.353000
