read_start,read_end,cpu_start,cpu_end,write_start,write_end
1606754495.865000, 1606754606.094000, 1606754606.094000, 1606754611.351000, 1606754611.351000, 1606754727.067000
1606754727.084000, 1606754728.031000, 1606754728.031000, 1606754732.839000, 1606754732.839000, 1606754854.290000
1606754854.307000, 1606754855.364000, 1606754855.364000, 1606754860.460000, 1606754860.460000, 1606754974.879000
