read_start,read_end,cpu_start,cpu_end,write_start,write_end
1606756124.870000, 1606756246.441000, 1606756246.441000, 1606756251.387000, 1606756251.387000, 1606756343.962000
1606756343.976000, 1606756344.963000, 1606756344.963000, 1606756349.641000, 1606756349.641000, 1606756479.699000
1606756479.728000, 1606756481.289000, 1606756481.289000, 1606756486.650000, 1606756486.650000, 1606756598.620000
