read_start,read_end,cpu_start,cpu_end,write_start,write_end
1606752646.826000, 1606752734.348000, 1606752734.348000, 1606752739.473000, 1606752739.473000, 1606752833.164000
1606752833.177000, 1606752834.118000, 1606752834.118000, 1606752839.131000, 1606752839.131000, 1606752933.937000
1606752933.952000, 1606752934.898000, 1606752934.898000, 1606752939.747000, 1606752939.747000, 1606753020.903000
