read_start,read_end,cpu_start,cpu_end,write_start,write_end
1606757336.299000, 1606757465.966000, 1606757465.966000, 1606757470.956000, 1606757470.956000, 1606757551.025000
1606757551.048000, 1606757552.131000, 1606757552.131000, 1606757556.777000, 1606757556.777000, 1606757657.657000
1606757657.670000, 1606757658.655000, 1606757658.655000, 1606757663.630000, 1606757663.630000, 1606757838.099000
