read_start,read_end,cpu_start,cpu_end,write_start,write_end
1606752234.904000, 1606752318.062000, 1606752318.062000, 1606752323.304000, 1606752323.304000, 1606752414.914000
1606752414.928000, 1606752415.936000, 1606752415.936000, 1606752420.830000, 1606752420.830000, 1606752515.433000
1606752515.449000, 1606752516.449000, 1606752516.449000, 1606752521.284000, 1606752521.284000, 1606752606.966000
