read_start,read_end,cpu_start,cpu_end,write_start,write_end
1606757970.675000, 1606758114.383000, 1606758114.383000, 1606758119.852000, 1606758119.852000, 1606758313.717000
1606758313.735000, 1606758315.176000, 1606758315.176000, 1606758320.142000, 1606758320.142000, 1606758450.999000
1606758451.072000, 1606758452.240000, 1606758452.240000, 1606758456.728000, 1606758456.728000, 1606758587.425000
