read_start,read_end,cpu_start,cpu_end,write_start,write_end
1606757970.656000, 1606758111.305000, 1606758111.305000, 1606758116.880000, 1606758116.880000, 1606758208.559000
1606758208.575000, 1606758209.984000, 1606758209.984000, 1606758215.700000, 1606758215.700000, 1606758405.964000
1606758406.006000, 1606758407.075000, 1606758407.075000, 1606758411.884000, 1606758411.884000, 1606758545.086000
