read_start,read_end,cpu_start,cpu_end,write_start,write_end
1606756124.872000, 1606756244.337000, 1606756244.337000, 1606756249.186000, 1606756249.186000, 1606756343.480000
1606756343.496000, 1606756344.611000, 1606756344.611000, 1606756349.288000, 1606756349.288000, 1606756478.741000
1606756478.755000, 1606756479.774000, 1606756479.774000, 1606756484.594000, 1606756484.594000, 1606756591.695000
