read_start,read_end,cpu_start,cpu_end,write_start,write_end
1606750360.360000, 1606750411.660000, 1606750411.660000, 1606750416.378000, 1606750416.378000, 1606750469.706000
1606750469.723000, 1606750470.706000, 1606750470.706000, 1606750475.955000, 1606750475.955000, 1606750528.994000
1606750529.008000, 1606750530.119000, 1606750530.119000, 1606750534.911000, 1606750534.911000, 1606750588.063000
