read_start,read_end,cpu_start,cpu_end,write_start,write_end
1606759314.195000, 1606759463.473000, 1606759463.473000, 1606759468.611000, 1606759468.611000, 1606759542.235000
1606759542.249000, 1606759543.248000, 1606759543.248000, 1606759548.177000, 1606759548.177000, 1606759727.545000
1606759727.574000, 1606759729.065000, 1606759729.065000, 1606759734.509000, 1606759734.509000, 1606759892.814000
