read_start,read_end,cpu_start,cpu_end,write_start,write_end
1606753990.307000, 1606754096.202000, 1606754096.202000, 1606754101.626000, 1606754101.626000, 1606754216.307000
1606754216.321000, 1606754217.297000, 1606754217.297000, 1606754222.030000, 1606754222.030000, 1606754333.114000
1606754333.135000, 1606754334.087000, 1606754334.087000, 1606754338.815000, 1606754338.815000, 1606754448.956000
