read_start,read_end,cpu_start,cpu_end,write_start,write_end
1606750601.466000, 1606750658.525000, 1606750658.525000, 1606750663.930000, 1606750663.930000, 1606750723.789000
1606750723.803000, 1606750724.849000, 1606750724.849000, 1606750729.735000, 1606750729.735000, 1606750788.410000
1606750788.423000, 1606750789.489000, 1606750789.489000, 1606750794.395000, 1606750794.395000, 1606750847.922000
