read_start,read_end,cpu_start,cpu_end,write_start,write_end
1606755551.826000, 1606755670.341000, 1606755670.341000, 1606755676.009000, 1606755676.009000, 1606755778.754000
1606755778.771000, 1606755779.856000, 1606755779.856000, 1606755784.591000, 1606755784.591000, 1606755914.663000
1606755914.677000, 1606755915.878000, 1606755915.878000, 1606755921.240000, 1606755921.240000, 1606756046.318000
