read_start,read_end,cpu_start,cpu_end,write_start,write_end
1606760752.097000, 1606760916.196000, 1606760916.196000, 1606760921.465000, 1606760921.465000, 1606761062.139000
1606761062.155000, 1606761063.374000, 1606761063.374000, 1606761068.380000, 1606761068.380000, 1606761217.181000
1606761217.224000, 1606761219.060000, 1606761219.060000, 1606761224.034000, 1606761224.034000, 1606761325.219000
