read_start,read_end,cpu_start,cpu_end,write_start,write_end
1606760022.664000, 1606760181.797000, 1606760181.797000, 1606760187.191000, 1606760187.191000, 1606760352.344000
1606760352.365000, 1606760353.381000, 1606760353.381000, 1606760358.518000, 1606760358.518000, 1606760546.128000
1606760546.144000, 1606760547.367000, 1606760547.367000, 1606760553.171000, 1606760553.171000, 1606760703.002000
