read_start,read_end,cpu_start,cpu_end,write_start,write_end
1606749470.349000, 1606749496.947000, 1606749496.947000, 1606749501.554000, 1606749501.554000, 1606749531.653000
1606749531.666000, 1606749532.627000, 1606749532.627000, 1606749537.222000, 1606749537.222000, 1606749566.595000
1606749566.609000, 1606749567.551000, 1606749567.551000, 1606749572.093000, 1606749572.093000, 1606749597.585000
