read_start,read_end,cpu_start,cpu_end,write_start,write_end
1606757336.296000, 1606757475.056000, 1606757475.056000, 1606757480.467000, 1606757480.467000, 1606757654.983000
1606757655.008000, 1606757656.506000, 1606757656.506000, 1606757662.272000, 1606757662.272000, 1606757836.305000
1606757836.370000, 1606757837.727000, 1606757837.727000, 1606757842.891000, 1606757842.891000, 1606757924.206000
