read_start,read_end,cpu_start,cpu_end,write_start,write_end
1606753067.278000, 1606753160.561000, 1606753160.561000, 1606753165.992000, 1606753165.992000, 1606753265.526000
1606753265.541000, 1606753266.494000, 1606753266.494000, 1606753271.231000, 1606753271.231000, 1606753372.125000
1606753372.138000, 1606753373.069000, 1606753373.069000, 1606753377.723000, 1606753377.723000, 1606753467.485000
