read_start,read_end,cpu_start,cpu_end,write_start,write_end
1606750140.081000, 1606750187.869000, 1606750187.869000, 1606750192.879000, 1606750192.879000, 1606750240.763000
1606750240.778000, 1606750241.925000, 1606750241.925000, 1606750246.665000, 1606750246.665000, 1606750293.477000
1606750293.492000, 1606750294.473000, 1606750294.473000, 1606750299.219000, 1606750299.219000, 1606750347.723000
