read_start,read_end,cpu_start,cpu_end,write_start,write_end
1606751511.387000, 1606751585.448000, 1606751585.448000, 1606751590.763000, 1606751590.763000, 1606751666.409000
1606751666.424000, 1606751667.459000, 1606751667.459000, 1606751672.252000, 1606751672.252000, 1606751750.350000
1606751750.367000, 1606751751.355000, 1606751751.355000, 1606751756.072000, 1606751756.072000, 1606751825.042000
