read_start,read_end,cpu_start,cpu_end,write_start,write_end
1606759314.210000, 1606759466.349000, 1606759466.349000, 1606759471.707000, 1606759471.707000, 1606759615.855000
1606759615.874000, 1606759616.861000, 1606759616.861000, 1606759621.304000, 1606759621.304000, 1606759730.723000
1606759730.747000, 1606759732.511000, 1606759732.511000, 1606759737.634000, 1606759737.634000, 1606759900.810000
