read_start,read_end,cpu_start,cpu_end,write_start,write_end
1606759314.208000, 1606759466.779000, 1606759466.779000, 1606759472.186000, 1606759472.186000, 1606759629.135000
1606759629.149000, 1606759630.100000, 1606759630.100000, 1606759634.995000, 1606759634.995000, 1606759803.381000
1606759803.401000, 1606759804.434000, 1606759804.434000, 1606759809.156000, 1606759809.156000, 1606759963.807000
