read_start,read_end,cpu_start,cpu_end,write_start,write_end
1606751171.230000, 1606751237.413000, 1606751237.413000, 1606751242.218000, 1606751242.218000, 1606751311.333000
1606751311.348000, 1606751312.402000, 1606751312.402000, 1606751317.097000, 1606751317.097000, 1606751384.164000
1606751384.180000, 1606751385.259000, 1606751385.259000, 1606751389.670000, 1606751389.670000, 1606751449.089000
