read_start,read_end,cpu_start,cpu_end,write_start,write_end
1606752234.904000, 1606752317.391000, 1606752317.391000, 1606752322.434000, 1606752322.434000, 1606752413.323000
1606752413.338000, 1606752414.424000, 1606752414.424000, 1606752419.443000, 1606752419.443000, 1606752511.823000
1606752511.839000, 1606752512.826000, 1606752512.826000, 1606752517.640000, 1606752517.640000, 1606752600.607000
