read_start,read_end,cpu_start,cpu_end,write_start,write_end
1606760022.652000, 1606760182.829000, 1606760182.829000, 1606760188.059000, 1606760188.059000, 1606760354.056000
1606760354.070000, 1606760355.846000, 1606760355.846000, 1606760360.945000, 1606760360.945000, 1606760548.593000
1606760548.723000, 1606760549.928000, 1606760549.928000, 1606760554.870000, 1606760554.870000, 1606760703.036000
