read_start,read_end,cpu_start,cpu_end,write_start,write_end
1606761358.637000, 1606761537.013000, 1606761537.013000, 1606761542.174000, 1606761542.174000, 1606761745.092000
1606761745.197000, 1606761748.257000, 1606761748.257000, 1606761755.840000, 1606761755.840000, 1606761950.355000
1606761950.467000, 1606761952.241000, 1606761952.241000, 1606761956.982000, 1606761956.982000, 1606762074.574000
