read_start,read_end,cpu_start,cpu_end,write_start,write_end
1606756124.857000, 1606756253.036000, 1606756253.036000, 1606756257.992000, 1606756257.992000, 1606756471.272000
1606756471.288000, 1606756472.919000, 1606756472.919000, 1606756478.367000, 1606756478.367000, 1606756594.346000
1606756594.425000, 1606756595.423000, 1606756595.423000, 1606756600.282000, 1606756600.282000, 1606756675.251000
