read_start,read_end,cpu_start,cpu_end,write_start,write_end
1606749359.588000, 1606749380.868000, 1606749380.868000, 1606749385.226000, 1606749385.226000, 1606749408.346000
1606749408.363000, 1606749409.297000, 1606749409.297000, 1606749414.149000, 1606749414.149000, 1606749436.731000
1606749436.747000, 1606749437.865000, 1606749437.865000, 1606749442.720000, 1606749442.720000, 1606749463.166000
