read_start,read_end,cpu_start,cpu_end,write_start,write_end
1606757970.672000, 1606758111.544000, 1606758111.544000, 1606758117.210000, 1606758117.210000, 1606758208.746000
1606758208.769000, 1606758209.953000, 1606758209.953000, 1606758214.899000, 1606758214.899000, 1606758404.856000
1606758404.886000, 1606758406.085000, 1606758406.085000, 1606758411.178000, 1606758411.178000, 1606758541.667000
