read_start,read_end,cpu_start,cpu_end,write_start,write_end
1606749941.008000, 1606749983.512000, 1606749983.512000, 1606749988.130000, 1606749988.130000, 1606750036.648000
1606750036.663000, 1606750037.675000, 1606750037.675000, 1606750042.121000, 1606750042.121000, 1606750082.929000
1606750082.943000, 1606750083.990000, 1606750083.990000, 1606750089.047000, 1606750089.047000, 1606750132.854000
