read_start,read_end,cpu_start,cpu_end,write_start,write_end
1606751862.398000, 1606751940.630000, 1606751940.630000, 1606751945.794000, 1606751945.794000, 1606752028.083000
1606752028.101000, 1606752029.176000, 1606752029.176000, 1606752033.967000, 1606752033.967000, 1606752117.750000
1606752117.766000, 1606752118.898000, 1606752118.898000, 1606752123.737000, 1606752123.737000, 1606752196.539000
