read_start,read_end,cpu_start,cpu_end,write_start,write_end
1606750601.470000, 1606750658.270000, 1606750658.270000, 1606750663.093000, 1606750663.093000, 1606750723.614000
1606750723.628000, 1606750724.640000, 1606750724.640000, 1606750729.858000, 1606750729.858000, 1606750788.487000
1606750788.501000, 1606750789.611000, 1606750789.611000, 1606750794.344000, 1606750794.344000, 1606750847.688000
