read_start,read_end,cpu_start,cpu_end,write_start,write_end
1606751862.397000, 1606751941.163000, 1606751941.163000, 1606751946.529000, 1606751946.529000, 1606752028.410000
1606752028.426000, 1606752029.460000, 1606752029.460000, 1606752034.245000, 1606752034.245000, 1606752118.009000
1606752118.029000, 1606752119.023000, 1606752119.023000, 1606752123.751000, 1606752123.751000, 1606752196.467000
