read_start,read_end,cpu_start,cpu_end,write_start,write_end
1606756124.875000, 1606756245.476000, 1606756245.476000, 1606756250.402000, 1606756250.402000, 1606756343.091000
1606756343.107000, 1606756344.227000, 1606756344.227000, 1606756348.920000, 1606756348.920000, 1606756477.897000
1606756477.914000, 1606756478.904000, 1606756478.904000, 1606756483.714000, 1606756483.714000, 1606756588.144000
