read_start,read_end,cpu_start,cpu_end,write_start,write_end
1606757970.670000, 1606758114.428000, 1606758114.428000, 1606758119.767000, 1606758119.767000, 1606758313.392000
1606758313.406000, 1606758314.667000, 1606758314.667000, 1606758319.573000, 1606758319.573000, 1606758429.109000
1606758429.157000, 1606758430.120000, 1606758430.120000, 1606758434.544000, 1606758434.544000, 1606758587.144000
