read_start,read_end,cpu_start,cpu_end,write_start,write_end
1606757336.296000, 1606757474.282000, 1606757474.282000, 1606757479.822000, 1606757479.822000, 1606757654.703000
1606757654.721000, 1606757655.793000, 1606757655.793000, 1606757660.539000, 1606757660.539000, 1606757744.834000
1606757744.854000, 1606757746.009000, 1606757746.009000, 1606757750.968000, 1606757750.968000, 1606757921.337000
