read_start,read_end,cpu_start,cpu_end,write_start,write_end
1606757336.296000, 1606757470.881000, 1606757470.881000, 1606757476.160000, 1606757476.160000, 1606757559.388000
1606757559.402000, 1606757560.471000, 1606757560.471000, 1606757565.260000, 1606757565.260000, 1606757662.399000
1606757662.413000, 1606757663.949000, 1606757663.949000, 1606757668.904000, 1606757668.904000, 1606757845.157000
