read_start,read_end,cpu_start,cpu_end,write_start,write_end
1606759314.195000, 1606759461.176000, 1606759461.176000, 1606759465.947000, 1606759465.947000, 1606759540.169000
1606759540.183000, 1606759541.271000, 1606759541.271000, 1606759546.606000, 1606759546.606000, 1606759727.380000
1606759727.397000, 1606759728.993000, 1606759728.993000, 1606759734.432000, 1606759734.432000, 1606759893.341000
