read_start,read_end,cpu_start,cpu_end,write_start,write_end
1606749174.157000, 1606749186.863000, 1606749186.863000, 1606749191.526000, 1606749191.526000, 1606749210.097000
1606749210.111000, 1606749211.209000, 1606749211.209000, 1606749215.718000, 1606749215.718000, 1606749230.261000
1606749230.275000, 1606749231.338000, 1606749231.338000, 1606749235.826000, 1606749235.826000, 1606749252.062000
