read_start,read_end,cpu_start,cpu_end,write_start,write_end
1606760752.109000, 1606760917.749000, 1606760917.749000, 1606760923.253000, 1606760923.253000, 1606761096.690000
1606761096.706000, 1606761097.913000, 1606761097.913000, 1606761102.471000, 1606761102.471000, 1606761271.837000
1606761271.872000, 1606761273.310000, 1606761273.310000, 1606761278.446000, 1606761278.446000, 1606761331.906000
