read_start,read_end,cpu_start,cpu_end,write_start,write_end
1606752234.904000, 1606752317.941000, 1606752317.941000, 1606752323.015000, 1606752323.015000, 1606752414.459000
1606752414.473000, 1606752415.468000, 1606752415.468000, 1606752420.762000, 1606752420.762000, 1606752515.468000
1606752515.483000, 1606752516.610000, 1606752516.610000, 1606752521.446000, 1606752521.446000, 1606752606.996000
