read_start,read_end,cpu_start,cpu_end,write_start,write_end
1606757970.668000, 1606758112.976000, 1606758112.976000, 1606758118.509000, 1606758118.509000, 1606758210.034000
1606758210.050000, 1606758211.233000, 1606758211.233000, 1606758215.964000, 1606758215.964000, 1606758405.130000
1606758405.144000, 1606758406.106000, 1606758406.106000, 1606758410.812000, 1606758410.812000, 1606758537.118000
