read_start,read_end,cpu_start,cpu_end,write_start,write_end
1606750360.360000, 1606750413.605000, 1606750413.605000, 1606750418.965000, 1606750418.965000, 1606750470.918000
1606750470.933000, 1606750471.977000, 1606750471.977000, 1606750476.923000, 1606750476.923000, 1606750529.528000
1606750529.545000, 1606750530.636000, 1606750530.636000, 1606750535.360000, 1606750535.360000, 1606750588.610000
