read_start,read_end,cpu_start,cpu_end,write_start,write_end
1606752646.835000, 1606752735.904000, 1606752735.904000, 1606752741.279000, 1606752741.279000, 1606752835.175000
1606752835.190000, 1606752836.369000, 1606752836.369000, 1606752841.286000, 1606752841.286000, 1606752938.460000
1606752938.479000, 1606752939.780000, 1606752939.780000, 1606752945.707000, 1606752945.707000, 1606753029.189000
