read_start,read_end,cpu_start,cpu_end,write_start,write_end
1606752234.909000, 1606752316.559000, 1606752316.559000, 1606752321.648000, 1606752321.648000, 1606752411.362000
1606752411.375000, 1606752412.314000, 1606752412.314000, 1606752417.463000, 1606752417.463000, 1606752503.810000
1606752503.824000, 1606752504.892000, 1606752504.892000, 1606752509.284000, 1606752509.284000, 1606752588.946000
