read_start,read_end,cpu_start,cpu_end,write_start,write_end
1606757336.296000, 1606757473.546000, 1606757473.546000, 1606757478.999000, 1606757478.999000, 1606757578.904000
1606757578.959000, 1606757580.981000, 1606757580.981000, 1606757586.242000, 1606757586.242000, 1606757738.119000
1606757738.232000, 1606757739.904000, 1606757739.904000, 1606757745.298000, 1606757745.298000, 1606757913.479000
