read_start,read_end,cpu_start,cpu_end,write_start,write_end
1606753067.267000, 1606753159.197000, 1606753159.197000, 1606753164.284000, 1606753164.284000, 1606753258.439000
1606753258.453000, 1606753259.448000, 1606753259.448000, 1606753264.000000, 1606753264.000000, 1606753330.717000
1606753330.730000, 1606753331.825000, 1606753331.825000, 1606753336.623000, 1606753336.623000, 1606753427.101000
