read_start,read_end,cpu_start,cpu_end,write_start,write_end
1606761358.636000, 1606761536.574000, 1606761536.574000, 1606761541.929000, 1606761541.929000, 1606761745.096000
1606761745.668000, 1606761747.813000, 1606761747.813000, 1606761753.505000, 1606761753.505000, 1606761942.516000
1606761942.538000, 1606761943.572000, 1606761943.572000, 1606761947.965000, 1606761947.965000, 1606762068.956000
