read_start,read_end,cpu_start,cpu_end,write_start,write_end
1606753067.277000, 1606753160.924000, 1606753160.924000, 1606753165.877000, 1606753165.877000, 1606753265.353000
1606753265.366000, 1606753266.334000, 1606753266.334000, 1606753271.536000, 1606753271.536000, 1606753373.369000
1606753373.383000, 1606753374.347000, 1606753374.347000, 1606753379.617000, 1606753379.617000, 1606753471.304000
