read_start,read_end,cpu_start,cpu_end,write_start,write_end
1606757336.296000, 1606757470.687000, 1606757470.687000, 1606757475.553000, 1606757475.553000, 1606757557.999000
1606757558.015000, 1606757558.975000, 1606757558.975000, 1606757563.919000, 1606757563.919000, 1606757660.349000
1606757660.364000, 1606757661.801000, 1606757661.801000, 1606757667.113000, 1606757667.113000, 1606757856.144000
