read_start,read_end,cpu_start,cpu_end,write_start,write_end
1606750601.466000, 1606750659.480000, 1606750659.480000, 1606750664.269000, 1606750664.269000, 1606750723.829000
1606750723.847000, 1606750724.843000, 1606750724.843000, 1606750729.605000, 1606750729.605000, 1606750788.206000
1606750788.222000, 1606750789.217000, 1606750789.217000, 1606750793.957000, 1606750793.957000, 1606750847.245000
