read_start,read_end,cpu_start,cpu_end,write_start,write_end
1606753990.289000, 1606754096.717000, 1606754096.717000, 1606754102.008000, 1606754102.008000, 1606754216.898000
1606754216.911000, 1606754217.891000, 1606754217.891000, 1606754223.085000, 1606754223.085000, 1606754334.064000
1606754334.078000, 1606754335.860000, 1606754335.860000, 1606754341.947000, 1606754341.947000, 1606754453.133000
