read_start,read_end,cpu_start,cpu_end,write_start,write_end
1606755017.140000, 1606755134.102000, 1606755134.102000, 1606755139.099000, 1606755139.099000, 1606755265.664000
1606755265.680000, 1606755267.160000, 1606755267.160000, 1606755272.078000, 1606755272.078000, 1606755394.702000
1606755394.750000, 1606755396.035000, 1606755396.035000, 1606755401.271000, 1606755401.271000, 1606755503.399000
