read_start,read_end,cpu_start,cpu_end,write_start,write_end
1606749602.088000, 1606749634.005000, 1606749634.005000, 1606749639.192000, 1606749639.192000, 1606749674.444000
1606749674.457000, 1606749675.497000, 1606749675.497000, 1606749680.198000, 1606749680.198000, 1606749715.299000
1606749715.315000, 1606749716.386000, 1606749716.386000, 1606749720.985000, 1606749720.985000, 1606749756.085000
