read_start,read_end,cpu_start,cpu_end,write_start,write_end
1606750140.081000, 1606750187.991000, 1606750187.991000, 1606750193.208000, 1606750193.208000, 1606750240.771000
1606750240.786000, 1606750241.909000, 1606750241.909000, 1606750246.648000, 1606750246.648000, 1606750293.297000
1606750293.314000, 1606750294.297000, 1606750294.297000, 1606750299.037000, 1606750299.037000, 1606750347.349000
