read_start,read_end,cpu_start,cpu_end,write_start,write_end
1606753514.351000, 1606753613.291000, 1606753613.291000, 1606753618.868000, 1606753618.868000, 1606753724.845000
1606753724.858000, 1606753725.852000, 1606753725.852000, 1606753730.995000, 1606753730.995000, 1606753839.465000
1606753839.481000, 1606753840.504000, 1606753840.504000, 1606753845.360000, 1606753845.360000, 1606753947.973000
