read_start,read_end,cpu_start,cpu_end,write_start,write_end
1606756723.006000, 1606756854.078000, 1606756854.078000, 1606756859.409000, 1606756859.409000, 1606756952.255000
1606756952.277000, 1606756953.239000, 1606756953.239000, 1606756958.000000, 1606756958.000000, 1606757063.054000
1606757063.072000, 1606757064.039000, 1606757064.039000, 1606757068.450000, 1606757068.450000, 1606757219.224000
