read_start,read_end,cpu_start,cpu_end,write_start,write_end
1606754495.853000, 1606754599.816000, 1606754599.816000, 1606754604.861000, 1606754604.861000, 1606754707.617000
1606754707.634000, 1606754708.730000, 1606754708.730000, 1606754713.287000, 1606754713.287000, 1606754820.906000
1606754820.922000, 1606754821.865000, 1606754821.865000, 1606754826.459000, 1606754826.459000, 1606754933.832000
