read_start,read_end,cpu_start,cpu_end,write_start,write_end
1606756124.861000, 1606756240.717000, 1606756240.717000, 1606756245.642000, 1606756245.642000, 1606756684.652000
1606756684.664000, 1606756686.250000, 1606756686.250000, 1606756690.593000, 1606756690.593000, 1606756697.446000
1606756697.460000, 1606756698.445000, 1606756698.445000, 1606756702.786000, 1606756702.786000, 1606756709.594000
