read_start,read_end,cpu_start,cpu_end,write_start,write_end
1606755017.153000, 1606755131.390000, 1606755131.390000, 1606755136.826000, 1606755136.826000, 1606755247.166000
1606755247.179000, 1606755248.253000, 1606755248.253000, 1606755252.967000, 1606755252.967000, 1606755365.835000
1606755365.853000, 1606755367.071000, 1606755367.071000, 1606755371.715000, 1606755371.715000, 1606755491.828000
