read_start,read_end,cpu_start,cpu_end,write_start,write_end
1606750601.466000, 1606750660.051000, 1606750660.051000, 1606750665.027000, 1606750665.027000, 1606750723.946000
1606750723.960000, 1606750725.053000, 1606750725.053000, 1606750729.797000, 1606750729.797000, 1606750788.377000
1606750788.393000, 1606750789.382000, 1606750789.382000, 1606750794.113000, 1606750794.113000, 1606750847.523000
