read_start,read_end,cpu_start,cpu_end,write_start,write_end
1606749257.420000, 1606749275.063000, 1606749275.063000, 1606749279.918000, 1606749279.918000, 1606749302.573000
1606749302.586000, 1606749303.730000, 1606749303.730000, 1606749308.650000, 1606749308.650000, 1606749331.527000
1606749331.540000, 1606749332.679000, 1606749332.679000, 1606749337.221000, 1606749337.221000, 1606749355.126000
