read_start,read_end,cpu_start,cpu_end,write_start,write_end
1606749602.088000, 1606749633.997000, 1606749633.997000, 1606749638.627000, 1606749638.627000, 1606749673.379000
1606749673.398000, 1606749674.336000, 1606749674.336000, 1606749679.451000, 1606749679.451000, 1606749713.958000
1606749713.973000, 1606749715.070000, 1606749715.070000, 1606749720.194000, 1606749720.194000, 1606749756.532000
