read_start,read_end,cpu_start,cpu_end,write_start,write_end
1606758631.552000, 1606758760.961000, 1606758760.961000, 1606758765.705000, 1606758765.705000, 1606759274.025000
1606759274.041000, 1606759276.123000, 1606759276.123000, 1606759280.468000, 1606759280.468000, 1606759287.264000
1606759287.280000, 1606759288.269000, 1606759288.269000, 1606759292.612000, 1606759292.612000, 1606759299.387000
