read_start,read_end,cpu_start,cpu_end,write_start,write_end
1606753990.293000, 1606754091.906000, 1606754091.906000, 1606754096.835000, 1606754096.835000, 1606754207.133000
1606754207.148000, 1606754208.083000, 1606754208.083000, 1606754212.786000, 1606754212.786000, 1606754317.299000
1606754317.313000, 1606754318.392000, 1606754318.392000, 1606754323.614000, 1606754323.614000, 1606754429.218000
