read_start,read_end,cpu_start,cpu_end,write_start,write_end
1606758631.566000, 1606758779.939000, 1606758779.939000, 1606758785.213000, 1606758785.213000, 1606758939.457000
1606758939.471000, 1606758940.641000, 1606758940.641000, 1606758945.654000, 1606758945.654000, 1606759116.268000
1606759116.369000, 1606759118.264000, 1606759118.264000, 1606759123.063000, 1606759123.063000, 1606759267.376000
