read_start,read_end,cpu_start,cpu_end,write_start,write_end
1606749941.008000, 1606749983.538000, 1606749983.538000, 1606749988.267000, 1606749988.267000, 1606750030.359000
1606750030.380000, 1606750031.413000, 1606750031.413000, 1606750036.452000, 1606750036.452000, 1606750081.739000
1606750081.762000, 1606750082.854000, 1606750082.854000, 1606750087.584000, 1606750087.584000, 1606750132.461000
