read_start,read_end,cpu_start,cpu_end,write_start,write_end
1606756722.992000, 1606756852.759000, 1606756852.759000, 1606756858.297000, 1606756858.297000, 1606756949.107000
1606756949.121000, 1606756950.898000, 1606756950.898000, 1606756957.538000, 1606756957.538000, 1606757057.774000
1606757057.855000, 1606757059.249000, 1606757059.249000, 1606757064.038000, 1606757064.038000, 1606757218.576000
