read_start,read_end,cpu_start,cpu_end,write_start,write_end
1606761358.636000, 1606761528.134000, 1606761528.134000, 1606761532.922000, 1606761532.922000, 1606761556.494000
1606761556.562000, 1606761557.885000, 1606761557.885000, 1606761562.525000, 1606761562.525000, 1606761745.192000
1606761745.873000, 1606761747.491000, 1606761747.491000, 1606761753.208000, 1606761753.208000, 1606761937.686000
