read_start,read_end,cpu_start,cpu_end,write_start,write_end
1606761358.637000, 1606761533.945000, 1606761533.945000, 1606761539.406000, 1606761539.406000, 1606761745.018000
1606761745.112000, 1606761747.292000, 1606761747.292000, 1606761753.300000, 1606761753.300000, 1606761939.840000
1606761939.900000, 1606761941.151000, 1606761941.151000, 1606761946.053000, 1606761946.053000, 1606762068.108000
