read_start,read_end,cpu_start,cpu_end,write_start,write_end
1606757336.296000, 1606757471.710000, 1606757471.710000, 1606757477.359000, 1606757477.359000, 1606757561.115000
1606757561.132000, 1606757562.316000, 1606757562.316000, 1606757567.170000, 1606757567.170000, 1606757736.452000
1606757736.467000, 1606757737.551000, 1606757737.551000, 1606757742.569000, 1606757742.569000, 1606757869.310000
