read_start,read_end,cpu_start,cpu_end,write_start,write_end
1606760022.632000, 1606760175.275000, 1606760175.275000, 1606760180.250000, 1606760180.250000, 1606760281.530000
1606760281.548000, 1606760282.699000, 1606760282.699000, 1606760288.177000, 1606760288.177000, 1606760450.561000
1606760450.577000, 1606760451.618000, 1606760451.618000, 1606760456.811000, 1606760456.811000, 1606760623.435000
