read_start,read_end,cpu_start,cpu_end,write_start,write_end
1606752646.832000, 1606752734.727000, 1606752734.727000, 1606752739.920000, 1606752739.920000, 1606752833.884000
1606752833.903000, 1606752834.935000, 1606752834.935000, 1606752839.962000, 1606752839.962000, 1606752936.686000
1606752936.699000, 1606752937.773000, 1606752937.773000, 1606752943.068000, 1606752943.068000, 1606753027.453000
