read_start,read_end,cpu_start,cpu_end,write_start,write_end
1606758631.566000, 1606758775.215000, 1606758775.215000, 1606758780.330000, 1606758780.330000, 1606758861.816000
1606758861.832000, 1606758862.917000, 1606758862.917000, 1606758867.850000, 1606758867.850000, 1606759036.889000
1606759036.902000, 1606759038.627000, 1606759038.627000, 1606759044.029000, 1606759044.029000, 1606759195.325000
