read_start,read_end,cpu_start,cpu_end,write_start,write_end
1606758631.562000, 1606758779.819000, 1606758779.819000, 1606758785.014000, 1606758785.014000, 1606758937.289000
1606758937.303000, 1606758938.579000, 1606758938.579000, 1606758943.498000, 1606758943.498000, 1606759046.284000
1606759046.329000, 1606759047.416000, 1606759047.416000, 1606759052.294000, 1606759052.294000, 1606759204.703000
