read_start,read_end,cpu_start,cpu_end,write_start,write_end
1606753067.269000, 1606753160.294000, 1606753160.294000, 1606753165.413000, 1606753165.413000, 1606753263.813000
1606753263.827000, 1606753264.785000, 1606753264.785000, 1606753269.931000, 1606753269.931000, 1606753368.296000
1606753368.309000, 1606753369.375000, 1606753369.375000, 1606753373.803000, 1606753373.803000, 1606753458.203000
