read_start,read_end,cpu_start,cpu_end,write_start,write_end
1606757336.310000, 1606757474.230000, 1606757474.230000, 1606757479.869000, 1606757479.869000, 1606757654.410000
1606757654.427000, 1606757655.611000, 1606757655.611000, 1606757660.351000, 1606757660.351000, 1606757743.605000
1606757743.619000, 1606757744.611000, 1606757744.611000, 1606757749.342000, 1606757749.342000, 1606757920.245000
