read_start,read_end,cpu_start,cpu_end,write_start,write_end
1606756722.995000, 1606756856.228000, 1606756856.228000, 1606756862.010000, 1606756862.010000, 1606757043.197000
1606757043.210000, 1606757044.312000, 1606757044.312000, 1606757049.684000, 1606757049.684000, 1606757174.101000
1606757174.130000, 1606757175.119000, 1606757175.119000, 1606757179.807000, 1606757179.807000, 1606757292.379000
