read_start,read_end,cpu_start,cpu_end,write_start,write_end
1606759314.222000, 1606759466.158000, 1606759466.158000, 1606759472.082000, 1606759472.082000, 1606759625.685000
1606759625.699000, 1606759627.318000, 1606759627.318000, 1606759632.263000, 1606759632.263000, 1606759806.268000
1606759806.348000, 1606759808.129000, 1606759808.129000, 1606759813.461000, 1606759813.461000, 1606759976.977000
