read_start,read_end,cpu_start,cpu_end,write_start,write_end
1606752646.833000, 1606752735.634000, 1606752735.634000, 1606752740.785000, 1606752740.785000, 1606752834.928000
1606752834.943000, 1606752835.971000, 1606752835.971000, 1606752840.869000, 1606752840.869000, 1606752937.873000
1606752937.889000, 1606752938.881000, 1606752938.881000, 1606752943.842000, 1606752943.842000, 1606753027.554000
