read_start,read_end,cpu_start,cpu_end,write_start,write_end
1606753990.289000, 1606754091.661000, 1606754091.661000, 1606754096.537000, 1606754096.537000, 1606754206.121000
1606754206.134000, 1606754207.089000, 1606754207.089000, 1606754212.127000, 1606754212.127000, 1606754316.051000
1606754316.064000, 1606754317.660000, 1606754317.660000, 1606754322.438000, 1606754322.438000, 1606754452.351000
