read_start,read_end,cpu_start,cpu_end,write_start,write_end
1606759314.194000, 1606759467.376000, 1606759467.376000, 1606759472.881000, 1606759472.881000, 1606759633.809000
1606759633.827000, 1606759635.486000, 1606759635.486000, 1606759640.532000, 1606759640.532000, 1606759809.991000
1606759810.078000, 1606759811.342000, 1606759811.342000, 1606759816.699000, 1606759816.699000, 1606759973.565000
