read_start,read_end,cpu_start,cpu_end,write_start,write_end
1606759314.200000, 1606759455.900000, 1606759455.900000, 1606759460.692000, 1606759460.692000, 1606759981.465000
1606759981.481000, 1606759983.516000, 1606759983.516000, 1606759987.858000, 1606759987.858000, 1606759994.676000
1606759994.691000, 1606759995.677000, 1606759995.677000, 1606760000.018000, 1606760000.018000, 1606760006.809000
