read_start,read_end,cpu_start,cpu_end,write_start,write_end
1606757336.309000, 1606757474.133000, 1606757474.133000, 1606757479.710000, 1606757479.710000, 1606757654.586000
1606757654.607000, 1606757655.771000, 1606757655.771000, 1606757660.515000, 1606757660.515000, 1606757744.361000
1606757744.381000, 1606757745.389000, 1606757745.389000, 1606757750.077000, 1606757750.077000, 1606757921.366000
