read_start,read_end,cpu_start,cpu_end,write_start,write_end
1606757336.301000, 1606757474.721000, 1606757474.721000, 1606757480.323000, 1606757480.323000, 1606757654.961000
1606757654.978000, 1606757656.307000, 1606757656.307000, 1606757661.914000, 1606757661.914000, 1606757837.970000
1606757838.029000, 1606757839.025000, 1606757839.025000, 1606757843.633000, 1606757843.633000, 1606757924.543000
