read_start,read_end,cpu_start,cpu_end,write_start,write_end
1606756124.874000, 1606756250.202000, 1606756250.202000, 1606756255.524000, 1606756255.524000, 1606756349.355000
1606756349.373000, 1606756350.438000, 1606756350.438000, 1606756355.003000, 1606756355.003000, 1606756482.223000
1606756482.243000, 1606756483.775000, 1606756483.775000, 1606756488.952000, 1606756488.952000, 1606756606.253000
