read_start,read_end,cpu_start,cpu_end,write_start,write_end
1606756722.990000, 1606756853.794000, 1606756853.794000, 1606756859.222000, 1606756859.222000, 1606756951.834000
1606756951.848000, 1606756952.905000, 1606756952.905000, 1606756958.134000, 1606756958.134000, 1606757112.760000
1606757112.784000, 1606757113.848000, 1606757113.848000, 1606757118.279000, 1606757118.279000, 1606757232.021000
