read_start,read_end,cpu_start,cpu_end,write_start,write_end
1606750867.922000, 1606750929.460000, 1606750929.460000, 1606750934.618000, 1606750934.618000, 1606751000.303000
1606751000.318000, 1606751001.315000, 1606751001.315000, 1606751006.141000, 1606751006.141000, 1606751074.329000
1606751074.345000, 1606751075.297000, 1606751075.297000, 1606751080.621000, 1606751080.621000, 1606751148.968000
