read_start,read_end,cpu_start,cpu_end,write_start,write_end
1606757970.653000, 1606758112.289000, 1606758112.289000, 1606758117.732000, 1606758117.732000, 1606758209.080000
1606758209.094000, 1606758210.773000, 1606758210.773000, 1606758217.074000, 1606758217.074000, 1606758407.190000
1606758407.254000, 1606758408.788000, 1606758408.788000, 1606758413.821000, 1606758413.821000, 1606758581.510000
