read_start,read_end,cpu_start,cpu_end,write_start,write_end
1606755017.152000, 1606755129.978000, 1606755129.978000, 1606755135.257000, 1606755135.257000, 1606755244.374000
1606755244.388000, 1606755245.467000, 1606755245.467000, 1606755250.096000, 1606755250.096000, 1606755361.671000
1606755361.684000, 1606755362.639000, 1606755362.639000, 1606755367.171000, 1606755367.171000, 1606755488.363000
