read_start,read_end,cpu_start,cpu_end,write_start,write_end
1606754495.853000, 1606754607.215000, 1606754607.215000, 1606754612.379000, 1606754612.379000, 1606754728.598000
1606754728.612000, 1606754729.615000, 1606754729.615000, 1606754734.583000, 1606754734.583000, 1606754856.060000
1606754856.073000, 1606754857.175000, 1606754857.175000, 1606754862.235000, 1606754862.235000, 1606754975.496000
