read_start,read_end,cpu_start,cpu_end,write_start,write_end
1606754495.866000, 1606754607.201000, 1606754607.201000, 1606754612.090000, 1606754612.090000, 1606754728.029000
1606754728.043000, 1606754728.987000, 1606754728.987000, 1606754733.795000, 1606754733.795000, 1606754855.373000
1606754855.389000, 1606754856.481000, 1606754856.481000, 1606754861.585000, 1606754861.585000, 1606754974.965000
