read_start,read_end,cpu_start,cpu_end,write_start,write_end
1606752646.825000, 1606752733.222000, 1606752733.222000, 1606752738.623000, 1606752738.623000, 1606752830.652000
1606752830.665000, 1606752831.655000, 1606752831.655000, 1606752836.341000, 1606752836.341000, 1606752918.059000
1606752918.073000, 1606752919.149000, 1606752919.149000, 1606752923.545000, 1606752923.545000, 1606752999.958000
