read_start,read_end,cpu_start,cpu_end,write_start,write_end
1606754495.853000, 1606754603.294000, 1606754603.294000, 1606754608.448000, 1606754608.448000, 1606754718.459000
1606754718.475000, 1606754719.581000, 1606754719.581000, 1606754724.052000, 1606754724.052000, 1606754831.151000
1606754831.207000, 1606754832.175000, 1606754832.175000, 1606754836.630000, 1606754836.630000, 1606754952.024000
