read_start,read_end,cpu_start,cpu_end,write_start,write_end
1606755551.819000, 1606755671.502000, 1606755671.502000, 1606755677.211000, 1606755677.211000, 1606755782.254000
1606755782.270000, 1606755783.374000, 1606755783.374000, 1606755788.154000, 1606755788.154000, 1606755920.997000
1606755921.011000, 1606755922.035000, 1606755922.035000, 1606755926.552000, 1606755926.552000, 1606756048.380000
