read_start,read_end,cpu_start,cpu_end,write_start,write_end
1606751171.229000, 1606751238.612000, 1606751238.612000, 1606751243.372000, 1606751243.372000, 1606751313.548000
1606751313.561000, 1606751314.562000, 1606751314.562000, 1606751319.505000, 1606751319.505000, 1606751392.973000
1606751392.986000, 1606751393.946000, 1606751393.946000, 1606751398.769000, 1606751398.769000, 1606751474.963000
