read_start,read_end,cpu_start,cpu_end,write_start,write_end
1606753990.289000, 1606754089.951000, 1606754089.951000, 1606754094.773000, 1606754094.773000, 1606754200.780000
1606754200.796000, 1606754201.742000, 1606754201.742000, 1606754206.198000, 1606754206.198000, 1606754308.823000
1606754308.838000, 1606754309.798000, 1606754309.798000, 1606754314.214000, 1606754314.214000, 1606754417.064000
