read_start,read_end,cpu_start,cpu_end,write_start,write_end
1606756722.987000, 1606756853.593000, 1606756853.593000, 1606756858.887000, 1606756858.887000, 1606756951.186000
1606756951.205000, 1606756952.639000, 1606756952.639000, 1606756958.120000, 1606756958.120000, 1606757122.599000
1606757122.641000, 1606757123.837000, 1606757123.837000, 1606757128.439000, 1606757128.439000, 1606757241.668000
