read_start,read_end,cpu_start,cpu_end,write_start,write_end
1606749257.420000, 1606749274.934000, 1606749274.934000, 1606749279.820000, 1606749279.820000, 1606749304.289000
1606749304.305000, 1606749305.298000, 1606749305.298000, 1606749309.821000, 1606749309.821000, 1606749332.176000
1606749332.191000, 1606749333.178000, 1606749333.178000, 1606749337.684000, 1606749337.684000, 1606749354.973000
