read_start,read_end,cpu_start,cpu_end,write_start,write_end
1606753990.298000, 1606754091.291000, 1606754091.291000, 1606754096.398000, 1606754096.398000, 1606754204.979000
1606754204.992000, 1606754206.021000, 1606754206.021000, 1606754210.645000, 1606754210.645000, 1606754314.108000
1606754314.121000, 1606754315.893000, 1606754315.893000, 1606754321.311000, 1606754321.311000, 1606754437.704000
