read_start,read_end,cpu_start,cpu_end,write_start,write_end
1606757970.653000, 1606758103.466000, 1606758103.466000, 1606758108.278000, 1606758108.278000, 1606758592.260000
1606758592.275000, 1606758594.251000, 1606758594.251000, 1606758598.593000, 1606758598.593000, 1606758605.449000
1606758605.464000, 1606758606.430000, 1606758606.430000, 1606758610.768000, 1606758610.768000, 1606758617.606000
