read_start,read_end,cpu_start,cpu_end,write_start,write_end
1606755017.137000, 1606755129.534000, 1606755129.534000, 1606755134.530000, 1606755134.530000, 1606755242.154000
1606755242.167000, 1606755243.133000, 1606755243.133000, 1606755248.223000, 1606755248.223000, 1606755359.287000
1606755359.328000, 1606755360.606000, 1606755360.606000, 1606755365.416000, 1606755365.416000, 1606755487.909000
