read_start,read_end,cpu_start,cpu_end,write_start,write_end
1606759314.215000, 1606759468.436000, 1606759468.436000, 1606759473.651000, 1606759473.651000, 1606759634.416000
1606759634.433000, 1606759636.182000, 1606759636.182000, 1606759641.265000, 1606759641.265000, 1606759815.195000
1606759815.308000, 1606759816.873000, 1606759816.873000, 1606759822.581000, 1606759822.581000, 1606759972.455000
