read_start,read_end,cpu_start,cpu_end,write_start,write_end
1606753067.271000, 1606753159.556000, 1606753159.556000, 1606753165.164000, 1606753165.164000, 1606753263.075000
1606753263.089000, 1606753264.145000, 1606753264.145000, 1606753269.331000, 1606753269.331000, 1606753364.718000
1606753364.733000, 1606753365.846000, 1606753365.846000, 1606753370.339000, 1606753370.339000, 1606753455.167000
