read_start,read_end,cpu_start,cpu_end,write_start,write_end
1606755551.817000, 1606755671.692000, 1606755671.692000, 1606755677.138000, 1606755677.138000, 1606755781.934000
1606755781.947000, 1606755782.914000, 1606755782.914000, 1606755788.068000, 1606755788.068000, 1606755921.189000
1606755921.206000, 1606755922.600000, 1606755922.600000, 1606755928.332000, 1606755928.332000, 1606756051.855000
