read_start,read_end,cpu_start,cpu_end,write_start,write_end
1606758631.567000, 1606758776.027000, 1606758776.027000, 1606758781.191000, 1606758781.191000, 1606758862.595000
1606758862.609000, 1606758863.703000, 1606758863.703000, 1606758868.574000, 1606758868.574000, 1606759036.869000
1606759036.886000, 1606759038.219000, 1606759038.219000, 1606759043.002000, 1606759043.002000, 1606759168.091000
