read_start,read_end,cpu_start,cpu_end,write_start,write_end
1606756124.855000, 1606756243.442000, 1606756243.442000, 1606756248.606000, 1606756248.606000, 1606756343.414000
1606756343.429000, 1606756344.522000, 1606756344.522000, 1606756349.305000, 1606756349.305000, 1606756478.836000
1606756478.853000, 1606756480.006000, 1606756480.006000, 1606756485.055000, 1606756485.055000, 1606756593.784000
