read_start,read_end,cpu_start,cpu_end,write_start,write_end
1606750867.915000, 1606750929.836000, 1606750929.836000, 1606750935.128000, 1606750935.128000, 1606751000.553000
1606751000.566000, 1606751001.708000, 1606751001.708000, 1606751006.502000, 1606751006.502000, 1606751075.070000
1606751075.083000, 1606751076.197000, 1606751076.197000, 1606751080.938000, 1606751080.938000, 1606751149.883000
