read_start,read_end,cpu_start,cpu_end,write_start,write_end
1606760022.633000, 1606760171.034000, 1606760171.034000, 1606760176.230000, 1606760176.230000, 1606760280.418000
1606760280.431000, 1606760281.524000, 1606760281.524000, 1606760286.999000, 1606760286.999000, 1606760441.138000
1606760441.151000, 1606760442.207000, 1606760442.207000, 1606760447.031000, 1606760447.031000, 1606760558.380000
