read_start,read_end,cpu_start,cpu_end,write_start,write_end
1606759314.221000, 1606759463.746000, 1606759463.746000, 1606759469.386000, 1606759469.386000, 1606759542.900000
1606759542.913000, 1606759544.033000, 1606759544.033000, 1606759548.828000, 1606759548.828000, 1606759728.194000
1606759728.214000, 1606759729.643000, 1606759729.643000, 1606759734.622000, 1606759734.622000, 1606759893.319000
