read_start,read_end,cpu_start,cpu_end,write_start,write_end
1606756124.859000, 1606756251.218000, 1606756251.218000, 1606756256.854000, 1606756256.854000, 1606756463.029000
1606756463.060000, 1606756464.095000, 1606756464.095000, 1606756468.822000, 1606756468.822000, 1606756577.781000
1606756577.805000, 1606756578.847000, 1606756578.847000, 1606756583.516000, 1606756583.516000, 1606756672.447000
