read_start,read_end,cpu_start,cpu_end,write_start,write_end
1606756723.006000, 1606756854.668000, 1606756854.668000, 1606756860.268000, 1606756860.268000, 1606756953.379000
1606756953.395000, 1606756954.496000, 1606756954.496000, 1606756959.211000, 1606756959.211000, 1606757134.078000
1606757134.091000, 1606757135.062000, 1606757135.062000, 1606757139.485000, 1606757139.485000, 1606757269.073000
