read_start,read_end,cpu_start,cpu_end,write_start,write_end
1606760022.632000, 1606760179.738000, 1606760179.738000, 1606760185.105000, 1606760185.105000, 1606760283.206000
1606760283.227000, 1606760284.746000, 1606760284.746000, 1606760290.057000, 1606760290.057000, 1606760453.140000
1606760453.224000, 1606760454.757000, 1606760454.757000, 1606760460.338000, 1606760460.338000, 1606760633.644000
