read_start,read_end,cpu_start,cpu_end,write_start,write_end
1606753514.352000, 1606753609.157000, 1606753609.157000, 1606753613.974000, 1606753613.974000, 1606753953.832000
1606753953.863000, 1606753954.801000, 1606753954.801000, 1606753959.139000, 1606753959.139000, 1606753966.042000
1606753966.058000, 1606753966.988000, 1606753966.988000, 1606753971.324000, 1606753971.324000, 1606753978.165000
