read_start,read_end,cpu_start,cpu_end,write_start,write_end
1606749760.847000, 1606749798.065000, 1606749798.065000, 1606749802.706000, 1606749802.706000, 1606749843.236000
1606749843.252000, 1606749844.216000, 1606749844.216000, 1606749848.945000, 1606749848.945000, 1606749888.987000
1606749888.996000, 1606749889.977000, 1606749889.977000, 1606749895.044000, 1606749895.044000, 1606749934.995000
