read_start,read_end,cpu_start,cpu_end,write_start,write_end
1606756124.867000, 1606756250.720000, 1606756250.720000, 1606756256.202000, 1606756256.202000, 1606756352.940000
1606756352.952000, 1606756353.941000, 1606756353.941000, 1606756358.684000, 1606756358.684000, 1606756486.001000
1606756486.017000, 1606756487.473000, 1606756487.473000, 1606756493.050000, 1606756493.050000, 1606756670.714000
