read_start,read_end,cpu_start,cpu_end,write_start,write_end
1606755551.817000, 1606755671.601000, 1606755671.601000, 1606755676.822000, 1606755676.822000, 1606755781.525000
1606755781.539000, 1606755782.475000, 1606755782.475000, 1606755787.285000, 1606755787.285000, 1606755918.346000
1606755918.360000, 1606755919.471000, 1606755919.471000, 1606755924.526000, 1606755924.526000, 1606756049.373000
