read_start,read_end,cpu_start,cpu_end,write_start,write_end
1606749760.847000, 1606749797.983000, 1606749797.983000, 1606749802.582000, 1606749802.582000, 1606749845.046000
1606749845.055000, 1606749846.059000, 1606749846.059000, 1606749850.747000, 1606749850.747000, 1606749889.521000
1606749889.535000, 1606749890.603000, 1606749890.603000, 1606749895.325000, 1606749895.325000, 1606749935.097000
