read_start,read_end,cpu_start,cpu_end,write_start,write_end
1606760752.092000, 1606760913.620000, 1606760913.620000, 1606760918.863000, 1606760918.863000, 1606760998.990000
1606760999.039000, 1606761000.376000, 1606761000.376000, 1606761005.621000, 1606761005.621000, 1606761124.002000
1606761124.079000, 1606761125.450000, 1606761125.450000, 1606761130.297000, 1606761130.297000, 1606761305.066000
