read_start,read_end,cpu_start,cpu_end,write_start,write_end
1606751862.397000, 1606751937.784000, 1606751937.784000, 1606751942.573000, 1606751942.573000, 1606752200.288000
1606752200.304000, 1606752201.269000, 1606752201.269000, 1606752205.610000, 1606752205.610000, 1606752212.457000
1606752212.472000, 1606752213.426000, 1606752213.426000, 1606752217.764000, 1606752217.764000, 1606752224.571000
