read_start,read_end,cpu_start,cpu_end,write_start,write_end
1606758631.569000, 1606758776.885000, 1606758776.885000, 1606758782.379000, 1606758782.379000, 1606758863.606000
1606758863.619000, 1606758864.967000, 1606758864.967000, 1606758869.973000, 1606758869.973000, 1606759042.630000
1606759042.680000, 1606759043.807000, 1606759043.807000, 1606759048.461000, 1606759048.461000, 1606759205.278000
