read_start,read_end,cpu_start,cpu_end,write_start,write_end
1606755017.137000, 1606755133.554000, 1606755133.554000, 1606755138.829000, 1606755138.829000, 1606755251.298000
1606755251.313000, 1606755252.350000, 1606755252.350000, 1606755257.091000, 1606755257.091000, 1606755391.829000
1606755391.846000, 1606755393.200000, 1606755393.200000, 1606755397.964000, 1606755397.964000, 1606755505.669000
