read_start,read_end,cpu_start,cpu_end,write_start,write_end
1606760022.644000, 1606760180.425000, 1606760180.425000, 1606760185.748000, 1606760185.748000, 1606760283.377000
1606760283.405000, 1606760285.317000, 1606760285.317000, 1606760290.335000, 1606760290.335000, 1606760452.802000
1606760452.960000, 1606760454.290000, 1606760454.290000, 1606760459.598000, 1606760459.598000, 1606760649.580000
