read_start,read_end,cpu_start,cpu_end,write_start,write_end
1606761358.636000, 1606761538.366000, 1606761538.366000, 1606761544.436000, 1606761544.436000, 1606761745.150000
1606761745.592000, 1606761747.902000, 1606761747.902000, 1606761753.681000, 1606761753.681000, 1606761944.191000
1606761944.226000, 1606761945.754000, 1606761945.754000, 1606761952.158000, 1606761952.158000, 1606762071.820000
