read_start,read_end,cpu_start,cpu_end,write_start,write_end
1606760752.092000, 1606760911.902000, 1606760911.902000, 1606760917.007000, 1606760917.007000, 1606760997.925000
1606760997.942000, 1606760999.176000, 1606760999.176000, 1606761004.367000, 1606761004.367000, 1606761115.109000
1606761115.129000, 1606761116.703000, 1606761116.703000, 1606761121.734000, 1606761121.734000, 1606761300.927000
