read_start,read_end,cpu_start,cpu_end,write_start,write_end
1606758631.573000, 1606758774.945000, 1606758774.945000, 1606758779.729000, 1606758779.729000, 1606758861.079000
1606758861.093000, 1606758862.227000, 1606758862.227000, 1606758867.117000, 1606758867.117000, 1606759037.129000
1606759037.150000, 1606759038.534000, 1606759038.534000, 1606759043.329000, 1606759043.329000, 1606759198.367000
