read_start,read_end,cpu_start,cpu_end,write_start,write_end
1606758631.549000, 1606758773.429000, 1606758773.429000, 1606758778.142000, 1606758778.142000, 1606758860.920000
1606758860.936000, 1606758861.964000, 1606758861.964000, 1606758867.032000, 1606758867.032000, 1606759037.163000
1606759037.199000, 1606759039.213000, 1606759039.213000, 1606759044.695000, 1606759044.695000, 1606759220.953000
