read_start,read_end,cpu_start,cpu_end,write_start,write_end
1606753990.302000, 1606754096.055000, 1606754096.055000, 1606754101.262000, 1606754101.262000, 1606754215.610000
1606754215.624000, 1606754216.739000, 1606754216.739000, 1606754221.619000, 1606754221.619000, 1606754332.834000
1606754332.848000, 1606754333.880000, 1606754333.880000, 1606754338.935000, 1606754338.935000, 1606754451.269000
