read_start,read_end,cpu_start,cpu_end,write_start,write_end
1606756722.999000, 1606756852.152000, 1606756852.152000, 1606756857.670000, 1606756857.670000, 1606756947.462000
1606756947.482000, 1606756948.490000, 1606756948.490000, 1606756953.515000, 1606756953.515000, 1606757046.388000
1606757046.419000, 1606757047.998000, 1606757047.998000, 1606757053.015000, 1606757053.015000, 1606757221.148000
