read_start,read_end,cpu_start,cpu_end,write_start,write_end
1606753067.279000, 1606753161.394000, 1606753161.394000, 1606753166.995000, 1606753166.995000, 1606753266.521000
1606753266.534000, 1606753267.504000, 1606753267.504000, 1606753272.233000, 1606753272.233000, 1606753374.548000
1606753374.563000, 1606753375.506000, 1606753375.506000, 1606753380.237000, 1606753380.237000, 1606753472.060000
