read_start,read_end,cpu_start,cpu_end,write_start,write_end
1606760752.094000, 1606760906.337000, 1606760906.337000, 1606760910.982000, 1606760910.982000, 1606760996.889000
1606760996.905000, 1606760998.073000, 1606760998.073000, 1606761003.186000, 1606761003.186000, 1606761110.188000
1606761110.203000, 1606761111.673000, 1606761111.673000, 1606761116.835000, 1606761116.835000, 1606761297.667000
