read_start,read_end,cpu_start,cpu_end,write_start,write_end
1606756722.987000, 1606756854.783000, 1606756854.783000, 1606756860.213000, 1606756860.213000, 1606756953.214000
1606756953.233000, 1606756954.752000, 1606756954.752000, 1606756960.387000, 1606756960.387000, 1606757150.010000
1606757150.064000, 1606757151.087000, 1606757151.087000, 1606757155.618000, 1606757155.618000, 1606757283.396000
