read_start,read_end,cpu_start,cpu_end,write_start,write_end
1606760022.662000, 1606760175.112000, 1606760175.112000, 1606760180.327000, 1606760180.327000, 1606760281.402000
1606760281.416000, 1606760282.899000, 1606760282.899000, 1606760288.069000, 1606760288.069000, 1606760454.018000
1606760454.057000, 1606760455.715000, 1606760455.715000, 1606760460.901000, 1606760460.901000, 1606760628.353000
