read_start,read_end,cpu_start,cpu_end,write_start,write_end
1606756723.007000, 1606756854.837000, 1606756854.837000, 1606756860.322000, 1606756860.322000, 1606756953.404000
1606756953.427000, 1606756954.877000, 1606756954.877000, 1606756960.451000, 1606756960.451000, 1606757152.175000
1606757152.219000, 1606757153.918000, 1606757153.918000, 1606757158.971000, 1606757158.971000, 1606757284.521000
