read_start,read_end,cpu_start,cpu_end,write_start,write_end
1606755551.817000, 1606755669.776000, 1606755669.776000, 1606755675.082000, 1606755675.082000, 1606755776.157000
1606755776.178000, 1606755777.200000, 1606755777.200000, 1606755781.754000, 1606755781.754000, 1606755910.496000
1606755910.511000, 1606755912.121000, 1606755912.121000, 1606755917.217000, 1606755917.217000, 1606756054.552000
