read_start,read_end,cpu_start,cpu_end,write_start,write_end
1606758631.573000, 1606758780.684000, 1606758780.684000, 1606758786.028000, 1606758786.028000, 1606758940.867000
1606758940.890000, 1606758942.093000, 1606758942.093000, 1606758946.913000, 1606758946.913000, 1606759116.008000
1606759116.079000, 1606759117.679000, 1606759117.679000, 1606759122.463000, 1606759122.463000, 1606759267.501000
