read_start,read_end,cpu_start,cpu_end,write_start,write_end
1606754495.854000, 1606754600.782000, 1606754600.782000, 1606754605.582000, 1606754605.582000, 1606754710.209000
1606754710.222000, 1606754711.255000, 1606754711.255000, 1606754715.701000, 1606754715.701000, 1606754823.591000
1606754823.605000, 1606754825.106000, 1606754825.106000, 1606754829.960000, 1606754829.960000, 1606754950.036000
