read_start,read_end,cpu_start,cpu_end,write_start,write_end
1606753514.340000, 1606753612.831000, 1606753612.831000, 1606753618.054000, 1606753618.054000, 1606753723.120000
1606753723.135000, 1606753724.165000, 1606753724.165000, 1606753729.137000, 1606753729.137000, 1606753835.282000
1606753835.296000, 1606753836.876000, 1606753836.876000, 1606753841.763000, 1606753841.763000, 1606753939.467000
