read_start,read_end,cpu_start,cpu_end,write_start,write_end
1606758631.557000, 1606758770.228000, 1606758770.228000, 1606758775.013000, 1606758775.013000, 1606758860.037000
1606758860.051000, 1606758861.043000, 1606758861.043000, 1606758866.170000, 1606758866.170000, 1606759036.537000
1606759036.554000, 1606759037.973000, 1606759037.973000, 1606759042.817000, 1606759042.817000, 1606759153.185000
