read_start,read_end,cpu_start,cpu_end,write_start,write_end
1606758631.549000, 1606758777.976000, 1606758777.976000, 1606758783.394000, 1606758783.394000, 1606758864.290000
1606758864.303000, 1606758865.295000, 1606758865.295000, 1606758870.075000, 1606758870.075000, 1606759036.917000
1606759036.931000, 1606759038.653000, 1606759038.653000, 1606759043.599000, 1606759043.599000, 1606759213.832000
