read_start,read_end,cpu_start,cpu_end,write_start,write_end
1606758631.572000, 1606758780.410000, 1606758780.410000, 1606758785.979000, 1606758785.979000, 1606758940.759000
1606758940.774000, 1606758941.860000, 1606758941.860000, 1606758946.681000, 1606758946.681000, 1606759115.540000
1606759115.571000, 1606759116.631000, 1606759116.631000, 1606759121.457000, 1606759121.457000, 1606759267.529000
