read_start,read_end,cpu_start,cpu_end,write_start,write_end
1606760022.632000, 1606760182.282000, 1606760182.282000, 1606760187.726000, 1606760187.726000, 1606760353.650000
1606760353.666000, 1606760355.113000, 1606760355.113000, 1606760359.970000, 1606760359.970000, 1606760547.348000
1606760547.390000, 1606760548.547000, 1606760548.547000, 1606760553.616000, 1606760553.616000, 1606760703.892000
