read_start,read_end,cpu_start,cpu_end,write_start,write_end
1606755551.828000, 1606755672.815000, 1606755672.815000, 1606755678.271000, 1606755678.271000, 1606755785.398000
1606755785.414000, 1606755786.870000, 1606755786.870000, 1606755792.349000, 1606755792.349000, 1606755934.898000
1606755934.970000, 1606755936.101000, 1606755936.101000, 1606755940.770000, 1606755940.770000, 1606756057.080000
