read_start,read_end,cpu_start,cpu_end,write_start,write_end
1606757336.296000, 1606757471.971000, 1606757471.971000, 1606757477.466000, 1606757477.466000, 1606757561.153000
1606757561.174000, 1606757562.296000, 1606757562.296000, 1606757567.079000, 1606757567.079000, 1606757736.908000
1606757736.922000, 1606757738.376000, 1606757738.376000, 1606757743.235000, 1606757743.235000, 1606757907.119000
