read_start,read_end,cpu_start,cpu_end,write_start,write_end
1606757336.296000, 1606757471.423000, 1606757471.423000, 1606757476.816000, 1606757476.816000, 1606757560.695000
1606757560.708000, 1606757561.780000, 1606757561.780000, 1606757566.658000, 1606757566.658000, 1606757731.871000
1606757731.886000, 1606757732.901000, 1606757732.901000, 1606757737.582000, 1606757737.582000, 1606757844.987000
