read_start,read_end,cpu_start,cpu_end,write_start,write_end
1606760752.118000, 1606760911.730000, 1606760911.730000, 1606760916.740000, 1606760916.740000, 1606760997.829000
1606760997.849000, 1606760999.893000, 1606760999.893000, 1606761005.452000, 1606761005.452000, 1606761121.222000
1606761121.326000, 1606761122.571000, 1606761122.571000, 1606761127.182000, 1606761127.182000, 1606761303.974000
