read_start,read_end,cpu_start,cpu_end,write_start,write_end
1606753514.339000, 1606753611.897000, 1606753611.897000, 1606753617.181000, 1606753617.181000, 1606753720.071000
1606753720.086000, 1606753721.105000, 1606753721.105000, 1606753725.784000, 1606753725.784000, 1606753821.347000
1606753821.360000, 1606753822.399000, 1606753822.399000, 1606753826.833000, 1606753826.833000, 1606753919.479000
