read_start,read_end,cpu_start,cpu_end,write_start,write_end
1606749941.008000, 1606749983.562000, 1606749983.562000, 1606749988.287000, 1606749988.287000, 1606750030.275000
1606750030.291000, 1606750031.407000, 1606750031.407000, 1606750036.116000, 1606750036.116000, 1606750080.642000
1606750080.658000, 1606750081.761000, 1606750081.761000, 1606750086.531000, 1606750086.531000, 1606750134.482000
