read_start,read_end,cpu_start,cpu_end,write_start,write_end
1606756722.986000, 1606756856.032000, 1606756856.032000, 1606756861.610000, 1606756861.610000, 1606757040.666000
1606757040.680000, 1606757042.081000, 1606757042.081000, 1606757048.111000, 1606757048.111000, 1606757166.400000
1606757166.475000, 1606757167.673000, 1606757167.673000, 1606757172.467000, 1606757172.467000, 1606757291.840000
