read_start,read_end,cpu_start,cpu_end,write_start,write_end
1606752234.904000, 1606752314.972000, 1606752314.972000, 1606752319.879000, 1606752319.879000, 1606752404.879000
1606752404.895000, 1606752405.833000, 1606752405.833000, 1606752410.304000, 1606752410.304000, 1606752480.127000
1606752480.142000, 1606752481.081000, 1606752481.081000, 1606752485.931000, 1606752485.931000, 1606752566.282000
