read_start,read_end,cpu_start,cpu_end,write_start,write_end
1606750867.917000, 1606750929.451000, 1606750929.451000, 1606750934.442000, 1606750934.442000, 1606750999.828000
1606750999.842000, 1606751000.812000, 1606751000.812000, 1606751005.695000, 1606751005.695000, 1606751072.494000
1606751072.510000, 1606751073.473000, 1606751073.473000, 1606751078.629000, 1606751078.629000, 1606751141.921000
