read_start,read_end,cpu_start,cpu_end,write_start,write_end
1606750867.912000, 1606750931.803000, 1606750931.803000, 1606750936.781000, 1606750936.781000, 1606751001.051000
1606751001.066000, 1606751002.144000, 1606751002.144000, 1606751006.885000, 1606751006.885000, 1606751075.415000
1606751075.428000, 1606751076.434000, 1606751076.434000, 1606751081.165000, 1606751081.165000, 1606751149.911000
