read_start,read_end,cpu_start,cpu_end,write_start,write_end
1606750360.360000, 1606750412.240000, 1606750412.240000, 1606750416.934000, 1606750416.934000, 1606750470.392000
1606750470.406000, 1606750471.498000, 1606750471.498000, 1606750476.252000, 1606750476.252000, 1606750528.981000
1606750528.997000, 1606750529.955000, 1606750529.955000, 1606750534.690000, 1606750534.690000, 1606750587.133000
