read_start,read_end,cpu_start,cpu_end,write_start,write_end
1606752646.826000, 1606752737.290000, 1606752737.290000, 1606752742.157000, 1606752742.157000, 1606752835.484000
1606752835.498000, 1606752836.465000, 1606752836.465000, 1606752841.223000, 1606752841.223000, 1606752938.513000
1606752938.530000, 1606752939.609000, 1606752939.609000, 1606752944.404000, 1606752944.404000, 1606753028.327000
