read_start,read_end,cpu_start,cpu_end,write_start,write_end
1606759314.215000, 1606759466.470000, 1606759466.470000, 1606759472.068000, 1606759472.068000, 1606759623.486000
1606759623.503000, 1606759625.476000, 1606759625.476000, 1606759630.909000, 1606759630.909000, 1606759736.658000
1606759736.754000, 1606759738.599000, 1606759738.599000, 1606759743.181000, 1606759743.181000, 1606759905.007000
