read_start,read_end,cpu_start,cpu_end,write_start,write_end
1608313694.284000, 1608313720.794000, 1608313720.794000, 1608313725.411000, 1608313725.411000, 1608313726.589000
1608313726.600000, 1608313727.583000, 1608313727.583000, 1608313732.257000, 1608313732.257000, 1608313733.561000
1608313733.572000, 1608313734.572000, 1608313734.572000, 1608313739.255000, 1608313739.255000, 1608313740.539000
