read_start,read_end,cpu_start,cpu_end,write_start,write_end
1608313529.256000, 1608313550.551000, 1608313550.551000, 1608313555.245000, 1608313555.245000, 1608313556.359000
1608313556.371000, 1608313557.431000, 1608313557.431000, 1608313562.027000, 1608313562.027000, 1608313563.197000
1608313563.208000, 1608313564.169000, 1608313564.169000, 1608313568.878000, 1608313568.878000, 1608313570.168000
