read_start,read_end,cpu_start,cpu_end,write_start,write_end
1608313370.700000, 1608313386.897000, 1608313386.897000, 1608313391.278000, 1608313391.278000, 1608313392.378000
1608313392.391000, 1608313393.334000, 1608313393.334000, 1608313397.917000, 1608313397.917000, 1608313399.030000
1608313399.040000, 1608313399.980000, 1608313399.980000, 1608313404.575000, 1608313404.575000, 1608313405.686000
