read_start,read_end,cpu_start,cpu_end,write_start,write_end
1608313694.284000, 1608313720.823000, 1608313720.823000, 1608313725.868000, 1608313725.868000, 1608313727.061000
1608313727.071000, 1608313728.147000, 1608313728.147000, 1608313732.769000, 1608313732.769000, 1608313733.957000
1608313733.967000, 1608313734.930000, 1608313734.930000, 1608313739.540000, 1608313739.540000, 1608313740.725000
