read_start,read_end,cpu_start,cpu_end,write_start,write_end
1608313529.256000, 1608313550.583000, 1608313550.583000, 1608313555.176000, 1608313555.176000, 1608313556.364000
1608313556.375000, 1608313557.370000, 1608313557.370000, 1608313561.985000, 1608313561.985000, 1608313563.260000
1608313563.271000, 1608313564.204000, 1608313564.204000, 1608313568.624000, 1608313568.624000, 1608313569.696000
