read_start,read_end,cpu_start,cpu_end,write_start,write_end
1608313071.790000, 1608313077.671000, 1608313077.671000, 1608313082.035000, 1608313082.035000, 1608313083.000000
1608313083.009000, 1608313083.925000, 1608313083.925000, 1608313088.277000, 1608313088.277000, 1608313089.251000
1608313089.259000, 1608313090.174000, 1608313090.174000, 1608313094.525000, 1608313094.525000, 1608313095.499000
