read_start,read_end,cpu_start,cpu_end,write_start,write_end
1608313529.259000, 1608313550.591000, 1608313550.591000, 1608313555.601000, 1608313555.601000, 1608313556.737000
1608313556.747000, 1608313557.805000, 1608313557.805000, 1608313562.403000, 1608313562.403000, 1608313563.545000
1608313563.554000, 1608313564.478000, 1608313564.478000, 1608313569.075000, 1608313569.075000, 1608313570.236000
