read_start,read_end,cpu_start,cpu_end,write_start,write_end
1608313217.446000, 1608313228.412000, 1608313228.412000, 1608313232.778000, 1608313232.778000, 1608313233.822000
1608313233.833000, 1608313234.742000, 1608313234.742000, 1608313239.115000, 1608313239.115000, 1608313240.156000
1608313240.166000, 1608313241.072000, 1608313241.072000, 1608313245.480000, 1608313245.480000, 1608313246.533000
