type,start,end
read,0,215.0537634408518
write,370.0537634408518,496.9999999999939
read,496.9999999999939,511.0845070422923
write,666.0845070422922,793.0673027412192
read,793.0673027412192,973.8690595184825
write,1128.8690595184826,1255.8518552172918
