type,start,end
read,0,196.0784313725447
write,351.07843137254474,491.8439527709726
read,491.8439527709726,506.42121224620416
write,661.4212122462042,802.2271194191402
read,802.2271194191402,988.5100325843526
write,1143.5100325843528,1284.3159397574066
