type,start,end
read,0,43.01075268817204
write,71.01075268817203,77.0713587487781
read,77.0713587487781,79.8882601572288
write,107.8882601572288,113.94886621783486
read,113.94886621783486,116.76576762628557
write,144.76576762628557,150.82637368689163
