type,start,end
read,0,43.01075268817245
write,71.01075268817246,78.24402574422854
read,78.24402574422854,81.15947763927485
write,109.15947763927485,116.39275069533093
read,116.39275069533093,119.30820259037725
write,147.30820259037725,154.54147564643333
