type,start,end
read,0,107.52688172043011
write,182.5268817204301,197.67839687194527
read,197.67839687194527,204.72065039307202
write,279.720650393072,294.8721655445871
read,294.8721655445871,301.9144190657139
write,376.9144190657139,392.66728484297766
