type,start,end
read,0,161.29032258064515
write,271.2903225806451,294.0175953079179
read,294.0175953079179,304.580975589608
write,414.580975589608,494.4886002230391
read,494.4886002230391,505.0519805047292
write,615.0519805047293,663.8905167072818
