type,start,end
read,0,147.0588235294094
write,257.05882352940944,323.86262099777974
read,323.86262099777974,334.79556560420343
write,444.79556560420343,530.0758549351323
read,530.0758549351323,541.0087995414707
write,651.0087995414707,736.2137945982522
