read_start,read_end,cpu_start,cpu_end,write_start,write_end
1606581088.898000, 1606581161.672000, 1606581161.672000, 1606581167.074000, 1606581167.074000, 1606581286.811000
1606581286.830000, 1606581301.801000, 1606581301.801000, 1606581307.216000, 1606581307.216000, 1606581436.935000
1606581436.960000, 1606581455.312000, 1606581455.312000, 1606581460.367000, 1606581460.367000, 1606581569.986000
