read_start,read_end,cpu_start,cpu_end,write_start,write_end
1606590012.681000, 1606590152.799000, 1606590152.799000, 1606590158.558000, 1606590158.558000, 1606590403.271000
1606590403.286000, 1606590422.165000, 1606590422.165000, 1606590428.981000, 1606590428.981000, 1606590599.247000
1606590599.333000, 1606590684.510000, 1606590684.510000, 1606590689.623000, 1606590689.623000, 1606590870.085000
