read_start,read_end,cpu_start,cpu_end,write_start,write_end
1606581608.501000, 1606581686.765000, 1606581686.765000, 1606581691.610000, 1606581691.610000, 1606581749.519000
1606581749.535000, 1606581802.345000, 1606581802.345000, 1606581807.328000, 1606581807.328000, 1606582106.988000
1606582107.011000, 1606582111.010000, 1606582111.010000, 1606582115.372000, 1606582115.372000, 1606582145.185000
