read_start,read_end,cpu_start,cpu_end,write_start,write_end
1606588972.457000, 1606589106.957000, 1606589106.957000, 1606589112.172000, 1606589112.172000, 1606589383.910000
1606589383.924000, 1606589481.507000, 1606589481.507000, 1606589487.337000, 1606589487.337000, 1606589843.687000
1606589844.057000, 1606589857.298000, 1606589857.298000, 1606589862.344000, 1606589862.344000, 1606589942.300000
