read_start,read_end,cpu_start,cpu_end,write_start,write_end
1606596484.379000, 1606596658.332000, 1606596658.332000, 1606596664.423000, 1606596664.423000, 1606596964.907000
1606596964.924000, 1606596992.251000, 1606596992.251000, 1606596997.489000, 1606596997.489000, 1606597334.763000
1606597334.897000, 1606597350.860000, 1606597350.860000, 1606597356.102000, 1606597356.102000, 1606597475.308000
