read_start,read_end,cpu_start,cpu_end,write_start,write_end
1606597669.527000, 1606597849.353000, 1606597849.353000, 1606597855.230000, 1606597855.230000, 1606598140.025000
1606598140.042000, 1606598156.943000, 1606598156.943000, 1606598162.910000, 1606598162.910000, 1606598419.460000
1606598419.562000, 1606598435.968000, 1606598435.968000, 1606598440.962000, 1606598440.962000, 1606598787.540000
