read_start,read_end,cpu_start,cpu_end,write_start,write_end
1606594241.535000, 1606594404.097000, 1606594404.097000, 1606594411.164000, 1606594411.164000, 1606594633.555000
1606594633.570000, 1606594643.300000, 1606594643.300000, 1606594649.033000, 1606594649.033000, 1606594734.435000
1606594734.513000, 1606594849.179000, 1606594849.179000, 1606594853.952000, 1606594853.952000, 1606595024.038000
