read_start,read_end,cpu_start,cpu_end,write_start,write_end
1606584751.711000, 1606584858.290000, 1606584858.290000, 1606584863.455000, 1606584863.455000, 1606585045.382000
1606585045.414000, 1606585074.173000, 1606585074.173000, 1606585080.098000, 1606585080.098000, 1606585268.287000
1606585268.323000, 1606585304.380000, 1606585304.380000, 1606585309.629000, 1606585309.629000, 1606585470.554000
