read_start,read_end,cpu_start,cpu_end,write_start,write_end
1606584050.472000, 1606584151.280000, 1606584151.280000, 1606584156.475000, 1606584156.475000, 1606584323.327000
1606584323.366000, 1606584349.731000, 1606584349.731000, 1606584355.523000, 1606584355.523000, 1606584544.394000
1606584544.408000, 1606584678.305000, 1606584678.305000, 1606584683.485000, 1606584683.485000, 1606584728.138000
