read_start,read_end,cpu_start,cpu_end,write_start,write_end
1606581608.504000, 1606581686.796000, 1606581686.796000, 1606581691.670000, 1606581691.670000, 1606581824.051000
1606581824.062000, 1606581841.154000, 1606581841.154000, 1606581846.408000, 1606581846.408000, 1606581860.405000
1606581860.420000, 1606581934.009000, 1606581934.009000, 1606581938.419000, 1606581938.419000, 1606581974.266000
