read_start,read_end,cpu_start,cpu_end,write_start,write_end
1606580626.790000, 1606580694.227000, 1606580694.227000, 1606580699.581000, 1606580699.581000, 1606580815.913000
1606580815.941000, 1606580831.757000, 1606580831.757000, 1606580836.842000, 1606580836.842000, 1606580940.303000
1606580940.319000, 1606580950.054000, 1606580950.054000, 1606580955.622000, 1606580955.622000, 1606581010.525000
