read_start,read_end,cpu_start,cpu_end,write_start,write_end
1606592054.745000, 1606592205.781000, 1606592205.781000, 1606592211.478000, 1606592211.478000, 1606592476.021000
1606592476.045000, 1606592502.025000, 1606592502.025000, 1606592509.318000, 1606592509.318000, 1606592799.537000
1606592799.660000, 1606592846.644000, 1606592846.644000, 1606592852.296000, 1606592852.296000, 1606593095.981000
