read_start,read_end,cpu_start,cpu_end,write_start,write_end
1606579405.194000, 1606579455.599000, 1606579455.599000, 1606579460.207000, 1606579460.207000, 1606579573.325000
1606579573.338000, 1606579575.285000, 1606579575.285000, 1606579581.512000, 1606579581.512000, 1606579659.171000
1606579659.181000, 1606579662.973000, 1606579662.973000, 1606579668.698000, 1606579668.698000, 1606579758.588000
