read_start,read_end,cpu_start,cpu_end,write_start,write_end
1606585495.234000, 1606585607.271000, 1606585607.271000, 1606585613.010000, 1606585613.010000, 1606585786.361000
1606585786.410000, 1606585816.405000, 1606585816.405000, 1606585821.899000, 1606585821.899000, 1606585962.343000
1606585962.379000, 1606586036.246000, 1606586036.246000, 1606586041.685000, 1606586041.685000, 1606586074.162000
