read_start,read_end,cpu_start,cpu_end,write_start,write_end
1606592054.775000, 1606592206.133000, 1606592206.133000, 1606592212.388000, 1606592212.388000, 1606592474.084000
1606592474.098000, 1606592498.287000, 1606592498.287000, 1606592503.934000, 1606592503.934000, 1606592782.160000
1606592782.299000, 1606592791.332000, 1606592791.332000, 1606592796.104000, 1606592796.104000, 1606592840.224000
