read_start,read_end,cpu_start,cpu_end,write_start,write_end
1606583399.668000, 1606583494.769000, 1606583494.769000, 1606583499.963000, 1606583499.963000, 1606583654.038000
1606583654.065000, 1606583679.197000, 1606583679.197000, 1606583684.589000, 1606583684.589000, 1606583885.923000
1606583885.937000, 1606583936.907000, 1606583936.907000, 1606583941.600000, 1606583941.600000, 1606584002.758000
