read_start,read_end,cpu_start,cpu_end,write_start,write_end
1606591010.751000, 1606591156.521000, 1606591156.521000, 1606591162.395000, 1606591162.395000, 1606591401.406000
1606591401.421000, 1606591429.212000, 1606591429.212000, 1606591434.265000, 1606591434.265000, 1606591696.581000
1606591696.596000, 1606591710.532000, 1606591710.532000, 1606591715.441000, 1606591715.441000, 1606591731.424000
