read_start,read_end,cpu_start,cpu_end,write_start,write_end
1606590012.700000, 1606590152.892000, 1606590152.892000, 1606590158.020000, 1606590158.020000, 1606590397.735000
1606590397.767000, 1606590419.071000, 1606590419.071000, 1606590425.574000, 1606590425.574000, 1606590618.793000
1606590618.890000, 1606590693.783000, 1606590693.783000, 1606590699.689000, 1606590699.689000, 1606590880.352000
