read_start,read_end,cpu_start,cpu_end,write_start,write_end
1606579779.976000, 1606579836.134000, 1606579836.134000, 1606579840.873000, 1606579840.873000, 1606579941.910000
1606579941.938000, 1606579956.626000, 1606579956.626000, 1606579961.539000, 1606579961.539000, 1606580058.989000
1606580059.007000, 1606580073.775000, 1606580073.775000, 1606580078.739000, 1606580078.739000, 1606580166.033000
