read_start,read_end,cpu_start,cpu_end,write_start,write_end
1606590012.701000, 1606590152.892000, 1606590152.892000, 1606590159.178000, 1606590159.178000, 1606590424.091000
1606590424.115000, 1606590506.707000, 1606590506.707000, 1606590512.306000, 1606590512.306000, 1606590880.253000
1606590881.399000, 1606590895.076000, 1606590895.076000, 1606590899.797000, 1606590899.797000, 1606590962.361000
