read_start,read_end,cpu_start,cpu_end,write_start,write_end
1606593132.785000, 1606593289.447000, 1606593289.447000, 1606593295.828000, 1606593295.828000, 1606593579.055000
1606593579.070000, 1606593615.574000, 1606593615.574000, 1606593622.018000, 1606593622.018000, 1606593905.917000
1606593905.983000, 1606593920.543000, 1606593920.543000, 1606593925.513000, 1606593925.513000, 1606594048.543000
