read_start,read_end,cpu_start,cpu_end,write_start,write_end
1606587971.196000, 1606588100.112000, 1606588100.112000, 1606588105.619000, 1606588105.619000, 1606588381.135000
1606588381.148000, 1606588487.980000, 1606588487.980000, 1606588493.117000, 1606588493.117000, 1606588623.375000
1606588623.499000, 1606588631.556000, 1606588631.556000, 1606588640.110000, 1606588640.110000, 1606588924.842000
