read_start,read_end,cpu_start,cpu_end,write_start,write_end
1606579779.973000, 1606579836.134000, 1606579836.134000, 1606579840.874000, 1606579840.874000, 1606579942.244000
1606579942.259000, 1606579957.171000, 1606579957.171000, 1606579962.490000, 1606579962.490000, 1606580060.157000
1606580060.168000, 1606580074.333000, 1606580074.333000, 1606580079.216000, 1606580079.216000, 1606580172.857000
