read_start,read_end,cpu_start,cpu_end,write_start,write_end
1606584050.455000, 1606584151.022000, 1606584151.022000, 1606584156.186000, 1606584156.186000, 1606584323.314000
1606584323.366000, 1606584350.755000, 1606584350.755000, 1606584356.185000, 1606584356.185000, 1606584511.855000
1606584511.885000, 1606584534.165000, 1606584534.165000, 1606584541.254000, 1606584541.254000, 1606584677.671000
