read_start,read_end,cpu_start,cpu_end,write_start,write_end
1606593132.809000, 1606593289.770000, 1606593289.770000, 1606593295.751000, 1606593295.751000, 1606593585.512000
1606593585.526000, 1606593618.879000, 1606593618.879000, 1606593625.823000, 1606593625.823000, 1606594048.522000
1606594048.691000, 1606594061.186000, 1606594061.186000, 1606594066.580000, 1606594066.580000, 1606594182.052000
