read_start,read_end,cpu_start,cpu_end,write_start,write_end
1606588972.473000, 1606589107.073000, 1606589107.073000, 1606589112.800000, 1606589112.800000, 1606589386.676000
1606589386.691000, 1606589483.975000, 1606589483.975000, 1606589489.305000, 1606589489.305000, 1606589843.692000
1606589844.073000, 1606589857.311000, 1606589857.311000, 1606589862.674000, 1606589862.674000, 1606589945.244000
