read_start,read_end,cpu_start,cpu_end,write_start,write_end
1606594241.546000, 1606594404.101000, 1606594404.101000, 1606594410.369000, 1606594410.369000, 1606594649.754000
1606594649.770000, 1606594681.376000, 1606594681.376000, 1606594687.783000, 1606594687.783000, 1606595023.388000
1606595024.255000, 1606595061.418000, 1606595061.418000, 1606595066.927000, 1606595066.927000, 1606595327.488000
