read_start,read_end,cpu_start,cpu_end,write_start,write_end
1606582802.743000, 1606582892.086000, 1606582892.086000, 1606582897.010000, 1606582897.010000, 1606583014.844000
1606583014.866000, 1606583046.360000, 1606583046.360000, 1606583051.970000, 1606583051.970000, 1606583197.500000
1606583197.554000, 1606583220.811000, 1606583220.811000, 1606583226.403000, 1606583226.403000, 1606583364.250000
