read_start,read_end,cpu_start,cpu_end,write_start,write_end
1606595360.834000, 1606595529.066000, 1606595529.066000, 1606595535.349000, 1606595535.349000, 1606595897.137000
1606595897.151000, 1606595945.194000, 1606595945.194000, 1606595951.252000, 1606595951.252000, 1606596125.028000
1606596125.241000, 1606596150.707000, 1606596150.707000, 1606596156.498000, 1606596156.498000, 1606596278.043000
