read_start,read_end,cpu_start,cpu_end,write_start,write_end
1606587103.083000, 1606587226.267000, 1606587226.267000, 1606587231.319000, 1606587231.319000, 1606587440.964000
1606587440.982000, 1606587460.847000, 1606587460.847000, 1606587466.340000, 1606587466.340000, 1606587680.460000
1606587680.681000, 1606587708.292000, 1606587708.292000, 1606587714.398000, 1606587714.398000, 1606587943.858000
