read_start,read_end,cpu_start,cpu_end,write_start,write_end
1606581088.896000, 1606581161.620000, 1606581161.620000, 1606581166.425000, 1606581166.425000, 1606581310.973000
1606581310.987000, 1606581425.358000, 1606581425.358000, 1606581430.071000, 1606581430.071000, 1606581506.221000
1606581506.235000, 1606581565.319000, 1606581565.319000, 1606581570.177000, 1606581570.177000, 1606581588.583000
