read_start,read_end,cpu_start,cpu_end,write_start,write_end
1606595360.851000, 1606595529.066000, 1606595529.066000, 1606595536.085000, 1606595536.085000, 1606595788.774000
1606595788.786000, 1606595851.636000, 1606595851.636000, 1606595857.287000, 1606595857.287000, 1606596282.075000
1606596282.188000, 1606596300.179000, 1606596300.179000, 1606596305.313000, 1606596305.313000, 1606596424.598000
