read_start,read_end,cpu_start,cpu_end,write_start,write_end
1606580626.781000, 1606580694.226000, 1606580694.226000, 1606580698.966000, 1606580698.966000, 1606580825.198000
1606580825.212000, 1606580834.179000, 1606580834.179000, 1606580839.840000, 1606580839.840000, 1606580945.854000
1606580945.869000, 1606580951.968000, 1606580951.968000, 1606580958.321000, 1606580958.321000, 1606581051.653000
