read_start,read_end,cpu_start,cpu_end,write_start,write_end
1606581608.511000, 1606581686.961000, 1606581686.961000, 1606581692.261000, 1606581692.261000, 1606581824.168000
1606581824.196000, 1606581842.731000, 1606581842.731000, 1606581848.076000, 1606581848.076000, 1606581977.601000
1606581977.631000, 1606581994.506000, 1606581994.506000, 1606581999.399000, 1606581999.399000, 1606582081.089000
