read_start,read_end,cpu_start,cpu_end,write_start,write_end
1606587103.094000, 1606587226.380000, 1606587226.380000, 1606587231.775000, 1606587231.775000, 1606587444.406000
1606587444.420000, 1606587550.126000, 1606587550.126000, 1606587555.037000, 1606587555.037000, 1606587680.384000
1606587680.564000, 1606587708.251000, 1606587708.251000, 1606587714.434000, 1606587714.434000, 1606587943.851000
