read_start,read_end,cpu_start,cpu_end,write_start,write_end
1606580626.774000, 1606580694.079000, 1606580694.079000, 1606580699.152000, 1606580699.152000, 1606580815.913000
1606580815.941000, 1606580831.759000, 1606580831.759000, 1606580836.755000, 1606580836.755000, 1606581013.675000
1606581013.689000, 1606581052.934000, 1606581052.934000, 1606581057.403000, 1606581057.403000, 1606581073.559000
