read_start,read_end,cpu_start,cpu_end,write_start,write_end
1606590012.673000, 1606590152.631000, 1606590152.631000, 1606590158.626000, 1606590158.626000, 1606590407.621000
1606590407.635000, 1606590423.844000, 1606590423.844000, 1606590430.783000, 1606590430.783000, 1606590634.245000
1606590634.346000, 1606590693.840000, 1606590693.840000, 1606590699.908000, 1606590699.908000, 1606590880.368000
