read_start,read_end,cpu_start,cpu_end,write_start,write_end
1606582802.749000, 1606582892.238000, 1606582892.238000, 1606582897.428000, 1606582897.428000, 1606582996.309000
1606582996.325000, 1606583046.164000, 1606583046.164000, 1606583051.690000, 1606583051.690000, 1606583197.500000
1606583197.554000, 1606583220.811000, 1606583220.811000, 1606583226.243000, 1606583226.243000, 1606583336.724000
