read_start,read_end,cpu_start,cpu_end,write_start,write_end
1606586258.643000, 1606586376.100000, 1606586376.100000, 1606586381.837000, 1606586381.837000, 1606586581.721000
1606586581.760000, 1606586611.866000, 1606586611.866000, 1606586617.356000, 1606586617.356000, 1606586782.854000
1606586782.928000, 1606586850.127000, 1606586850.127000, 1606586855.758000, 1606586855.758000, 1606586881.863000
