read_start,read_end,cpu_start,cpu_end,write_start,write_end
1606579107.269000, 1606579152.045000, 1606579152.045000, 1606579157.001000, 1606579157.001000, 1606579225.671000
1606579225.686000, 1606579236.684000, 1606579236.684000, 1606579241.482000, 1606579241.482000, 1606579309.189000
1606579309.202000, 1606579318.879000, 1606579318.879000, 1606579324.020000, 1606579324.020000, 1606579393.524000
