read_start,read_end,cpu_start,cpu_end,write_start,write_end
1606579107.262000, 1606579151.887000, 1606579151.887000, 1606579156.915000, 1606579156.915000, 1606579225.173000
1606579225.187000, 1606579235.970000, 1606579235.970000, 1606579240.945000, 1606579240.945000, 1606579308.938000
1606579308.954000, 1606579318.022000, 1606579318.022000, 1606579323.052000, 1606579323.052000, 1606579394.765000
