read_start,read_end,cpu_start,cpu_end,write_start,write_end
1606583399.669000, 1606583494.799000, 1606583494.799000, 1606583499.996000, 1606583499.996000, 1606583654.043000
1606583654.071000, 1606583679.197000, 1606583679.197000, 1606583684.658000, 1606583684.658000, 1606583897.705000
1606583897.720000, 1606583939.216000, 1606583939.216000, 1606583944.114000, 1606583944.114000, 1606583998.316000
