read_start,read_end,cpu_start,cpu_end,write_start,write_end
1606587971.189000, 1606588100.112000, 1606588100.112000, 1606588105.230000, 1606588105.230000, 1606588358.151000
1606588358.173000, 1606588370.515000, 1606588370.515000, 1606588376.658000, 1606588376.658000, 1606588631.565000
1606588631.845000, 1606588723.476000, 1606588723.476000, 1606588728.822000, 1606588728.822000, 1606588913.397000
