read_start,read_end,cpu_start,cpu_end,write_start,write_end
1606590012.704000, 1606590152.895000, 1606590152.895000, 1606590158.796000, 1606590158.796000, 1606590426.544000
1606590426.566000, 1606590576.206000, 1606590576.206000, 1606590581.055000, 1606590581.055000, 1606590880.679000
1606590881.485000, 1606590895.068000, 1606590895.068000, 1606590900.257000, 1606590900.257000, 1606590982.041000
