read_start,read_end,cpu_start,cpu_end,write_start,write_end
1606586258.658000, 1606586376.415000, 1606586376.415000, 1606586381.846000, 1606586381.846000, 1606586581.721000
1606586581.766000, 1606586611.648000, 1606586611.648000, 1606586618.472000, 1606586618.472000, 1606586828.705000
1606586828.780000, 1606586855.202000, 1606586855.202000, 1606586861.311000, 1606586861.311000, 1606587065.825000
