read_start,read_end,cpu_start,cpu_end,write_start,write_end
1606596484.392000, 1606596658.332000, 1606596658.332000, 1606596664.542000, 1606596664.542000, 1606597328.472000
1606597328.485000, 1606597331.136000, 1606597331.136000, 1606597336.020000, 1606597336.020000, 1606597361.382000
1606597361.437000, 1606597462.097000, 1606597462.097000, 1606597467.249000, 1606597467.249000, 1606597582.270000
