read_start,read_end,cpu_start,cpu_end,write_start,write_end
1606594241.520000, 1606594404.096000, 1606594404.096000, 1606594409.997000, 1606594409.997000, 1606594645.232000
1606594645.248000, 1606594677.466000, 1606594677.466000, 1606594684.227000, 1606594684.227000, 1606595007.227000
1606595007.313000, 1606595012.519000, 1606595012.519000, 1606595017.711000, 1606595017.711000, 1606595102.231000
