read_start,read_end,cpu_start,cpu_end,write_start,write_end
1606587103.106000, 1606587226.382000, 1606587226.382000, 1606587231.769000, 1606587231.769000, 1606587440.968000
1606587440.994000, 1606587461.249000, 1606587461.249000, 1606587466.359000, 1606587466.359000, 1606587683.463000
1606587683.537000, 1606587709.053000, 1606587709.053000, 1606587714.612000, 1606587714.612000, 1606587942.699000
