read_start,read_end,cpu_start,cpu_end,write_start,write_end
1606587103.107000, 1606587226.380000, 1606587226.380000, 1606587232.117000, 1606587232.117000, 1606587421.564000
1606587421.578000, 1606587440.146000, 1606587440.146000, 1606587446.828000, 1606587446.828000, 1606587680.314000
1606587680.368000, 1606587708.146000, 1606587708.146000, 1606587713.867000, 1606587713.867000, 1606587943.866000
