read_start,read_end,cpu_start,cpu_end,write_start,write_end
1606590012.690000, 1606590152.892000, 1606590152.892000, 1606590158.888000, 1606590158.888000, 1606590398.927000
1606590398.941000, 1606590419.644000, 1606590419.644000, 1606590426.316000, 1606590426.316000, 1606590618.891000
1606590618.995000, 1606590693.786000, 1606590693.786000, 1606590699.507000, 1606590699.507000, 1606590880.396000
