read_start,read_end,cpu_start,cpu_end,write_start,write_end
1606578874.034000, 1606578913.260000, 1606578913.260000, 1606578918.391000, 1606578918.391000, 1606578976.587000
1606578976.603000, 1606578985.249000, 1606578985.249000, 1606578990.126000, 1606578990.126000, 1606579043.494000
1606579043.508000, 1606579046.037000, 1606579046.037000, 1606579050.786000, 1606579050.786000, 1606579093.062000
