read_start,read_end,cpu_start,cpu_end,write_start,write_end
1606597669.533000, 1606597849.353000, 1606597849.353000, 1606597857.101000, 1606597857.101000, 1606598161.588000
1606598161.619000, 1606598231.903000, 1606598231.903000, 1606598237.351000, 1606598237.351000, 1606598787.539000
1606598787.923000, 1606598797.683000, 1606598797.683000, 1606598802.400000, 1606598802.400000, 1606598851.531000
