read_start,read_end,cpu_start,cpu_end,write_start,write_end
1606579107.264000, 1606579151.933000, 1606579151.933000, 1606579157.017000, 1606579157.017000, 1606579225.659000
1606579225.677000, 1606579236.713000, 1606579236.713000, 1606579241.741000, 1606579241.741000, 1606579309.671000
1606579309.686000, 1606579319.208000, 1606579319.208000, 1606579324.400000, 1606579324.400000, 1606579393.563000
