read_start,read_end,cpu_start,cpu_end,write_start,write_end
1606596484.354000, 1606596657.606000, 1606596657.606000, 1606596663.135000, 1606596663.135000, 1606596800.366000
1606596800.386000, 1606596851.605000, 1606596851.605000, 1606596856.386000, 1606596856.386000, 1606596962.027000
1606596962.092000, 1606596988.775000, 1606596988.775000, 1606596994.022000, 1606596994.022000, 1606597372.701000
