read_start,read_end,cpu_start,cpu_end,write_start,write_end
1606594241.515000, 1606594403.928000, 1606594403.928000, 1606594410.715000, 1606594410.715000, 1606594647.719000
1606594647.736000, 1606594679.747000, 1606594679.747000, 1606594686.364000, 1606594686.364000, 1606595023.299000
1606595023.698000, 1606595061.551000, 1606595061.551000, 1606595066.924000, 1606595066.924000, 1606595330.609000
