read_start,read_end,cpu_start,cpu_end,write_start,write_end
1606585495.225000, 1606585607.271000, 1606585607.271000, 1606585613.171000, 1606585613.171000, 1606585786.619000
1606585786.651000, 1606585816.697000, 1606585816.697000, 1606585822.178000, 1606585822.178000, 1606585996.069000
1606585996.111000, 1606586041.528000, 1606586041.528000, 1606586048.741000, 1606586048.741000, 1606586230.979000
