read_start,read_end,cpu_start,cpu_end,write_start,write_end
1606591010.746000, 1606591156.521000, 1606591156.521000, 1606591162.354000, 1606591162.354000, 1606591401.971000
1606591401.985000, 1606591432.913000, 1606591432.913000, 1606591438.164000, 1606591438.164000, 1606591741.453000
1606591741.488000, 1606591744.075000, 1606591744.075000, 1606591748.575000, 1606591748.575000, 1606591766.275000
