read_start,read_end,cpu_start,cpu_end,write_start,write_end
1606582802.763000, 1606582892.356000, 1606582892.356000, 1606582898.050000, 1606582898.050000, 1606583034.729000
1606583034.744000, 1606583049.053000, 1606583049.053000, 1606583054.684000, 1606583054.684000, 1606583197.600000
1606583197.629000, 1606583220.055000, 1606583220.055000, 1606583225.798000, 1606583225.798000, 1606583368.643000
