read_start,read_end,cpu_start,cpu_end,write_start,write_end
1606587103.089000, 1606587226.380000, 1606587226.380000, 1606587232.107000, 1606587232.107000, 1606587417.685000
1606587417.709000, 1606587439.922000, 1606587439.922000, 1606587446.767000, 1606587446.767000, 1606587677.695000
1606587677.857000, 1606587706.752000, 1606587706.752000, 1606587712.658000, 1606587712.658000, 1606587943.861000
