read_start,read_end,cpu_start,cpu_end,write_start,write_end
1606595360.813000, 1606595528.540000, 1606595528.540000, 1606595534.224000, 1606595534.224000, 1606595766.982000
1606595767.006000, 1606595776.290000, 1606595776.290000, 1606595781.290000, 1606595781.290000, 1606595847.716000
1606595847.763000, 1606595873.108000, 1606595873.108000, 1606595878.141000, 1606595878.141000, 1606595942.755000
