read_start,read_end,cpu_start,cpu_end,write_start,write_end
1606596484.384000, 1606596658.332000, 1606596658.332000, 1606596664.147000, 1606596664.147000, 1606596953.133000
1606596953.147000, 1606596970.325000, 1606596970.325000, 1606596976.503000, 1606596976.503000, 1606597334.784000
1606597334.860000, 1606597350.873000, 1606597350.873000, 1606597356.035000, 1606597356.035000, 1606597460.765000
