read_start,read_end,cpu_start,cpu_end,write_start,write_end
1606593132.818000, 1606593289.770000, 1606593289.770000, 1606593295.595000, 1606593295.595000, 1606593580.429000
1606593580.448000, 1606593617.043000, 1606593617.043000, 1606593623.980000, 1606593623.980000, 1606593912.028000
1606593912.104000, 1606593926.484000, 1606593926.484000, 1606593931.853000, 1606593931.853000, 1606594052.141000
