read_start,read_end,cpu_start,cpu_end,write_start,write_end
1606587971.187000, 1606588100.112000, 1606588100.112000, 1606588106.122000, 1606588106.122000, 1606588386.661000
1606588386.680000, 1606588494.072000, 1606588494.072000, 1606588499.377000, 1606588499.377000, 1606588616.926000
1606588617.042000, 1606588629.202000, 1606588629.202000, 1606588637.011000, 1606588637.011000, 1606588924.834000
