read_start,read_end,cpu_start,cpu_end,write_start,write_end
1606586258.647000, 1606586376.201000, 1606586376.201000, 1606586381.640000, 1606586381.640000, 1606586581.721000
1606586581.765000, 1606586611.438000, 1606586611.438000, 1606586616.732000, 1606586616.732000, 1606586711.481000
1606586711.540000, 1606586843.449000, 1606586843.449000, 1606586848.496000, 1606586848.496000, 1606586880.495000
