read_start,read_end,cpu_start,cpu_end,write_start,write_end
1606586258.643000, 1606586376.120000, 1606586376.120000, 1606586381.900000, 1606586381.900000, 1606586581.722000
1606586581.761000, 1606586611.863000, 1606586611.863000, 1606586617.629000, 1606586617.629000, 1606586881.669000
1606586881.730000, 1606587028.113000, 1606587028.113000, 1606587033.031000, 1606587033.031000, 1606587067.245000
