read_start,read_end,cpu_start,cpu_end,write_start,write_end
1606594241.525000, 1606594404.096000, 1606594404.096000, 1606594410.127000, 1606594410.127000, 1606594646.649000
1606594646.663000, 1606594678.506000, 1606594678.506000, 1606594684.511000, 1606594684.511000, 1606595007.227000
1606595007.290000, 1606595012.526000, 1606595012.526000, 1606595017.333000, 1606595017.333000, 1606595094.546000
