read_start,read_end,cpu_start,cpu_end,write_start,write_end
1606578661.793000, 1606578695.334000, 1606578695.334000, 1606578699.938000, 1606578699.938000, 1606578752.116000
1606578752.130000, 1606578757.478000, 1606578757.478000, 1606578762.260000, 1606578762.260000, 1606578812.068000
1606578812.081000, 1606578816.727000, 1606578816.727000, 1606578821.453000, 1606578821.453000, 1606578866.221000
