read_start,read_end,cpu_start,cpu_end,write_start,write_end
1606585495.222000, 1606585607.190000, 1606585607.190000, 1606585612.667000, 1606585612.667000, 1606585786.360000
1606585786.416000, 1606585816.762000, 1606585816.762000, 1606585822.609000, 1606585822.609000, 1606586018.873000
1606586018.913000, 1606586042.106000, 1606586042.106000, 1606586048.565000, 1606586048.565000, 1606586199.172000
