read_start,read_end,cpu_start,cpu_end,write_start,write_end
1606582180.542000, 1606582264.646000, 1606582264.646000, 1606582269.406000, 1606582269.406000, 1606582419.041000
1606582419.067000, 1606582441.942000, 1606582441.942000, 1606582447.385000, 1606582447.385000, 1606582608.679000
1606582608.734000, 1606582631.820000, 1606582631.820000, 1606582636.841000, 1606582636.841000, 1606582783.524000
