read_start,read_end,cpu_start,cpu_end,write_start,write_end
1606584050.472000, 1606584151.275000, 1606584151.275000, 1606584156.747000, 1606584156.747000, 1606584323.314000
1606584323.371000, 1606584350.780000, 1606584350.780000, 1606584356.137000, 1606584356.137000, 1606584579.993000
1606584580.007000, 1606584679.679000, 1606584679.679000, 1606584684.807000, 1606584684.807000, 1606584727.436000
