read_start,read_end,cpu_start,cpu_end,write_start,write_end
1606584751.710000, 1606584858.288000, 1606584858.288000, 1606584863.722000, 1606584863.722000, 1606585045.305000
1606585045.330000, 1606585074.038000, 1606585074.038000, 1606585079.995000, 1606585079.995000, 1606585268.284000
1606585268.316000, 1606585304.379000, 1606585304.379000, 1606585309.690000, 1606585309.690000, 1606585470.553000
