read_start,read_end,cpu_start,cpu_end,write_start,write_end
1606588972.471000, 1606589107.073000, 1606589107.073000, 1606589112.700000, 1606589112.700000, 1606589368.817000
1606589368.833000, 1606589384.694000, 1606589384.694000, 1606589390.059000, 1606589390.059000, 1606589667.412000
1606589667.498000, 1606589681.162000, 1606589681.162000, 1606589686.726000, 1606589686.726000, 1606589824.260000
