read_start,read_end,cpu_start,cpu_end,write_start,write_end
1606584050.461000, 1606584151.099000, 1606584151.099000, 1606584156.283000, 1606584156.283000, 1606584323.314000
1606584323.361000, 1606584349.624000, 1606584349.624000, 1606584355.214000, 1606584355.214000, 1606584593.986000
1606584594.006000, 1606584680.165000, 1606584680.165000, 1606584684.794000, 1606584684.794000, 1606584727.366000
