read_start,read_end,cpu_start,cpu_end,write_start,write_end
1606587971.192000, 1606588100.112000, 1606588100.112000, 1606588105.488000, 1606588105.488000, 1606588366.004000
1606588366.019000, 1606588376.066000, 1606588376.066000, 1606588381.752000, 1606588381.752000, 1606588631.568000
1606588631.745000, 1606588721.859000, 1606588721.859000, 1606588727.036000, 1606588727.036000, 1606588907.450000
