read_start,read_end,cpu_start,cpu_end,write_start,write_end
1606579107.265000, 1606579152.017000, 1606579152.017000, 1606579157.020000, 1606579157.020000, 1606579225.276000
1606579225.294000, 1606579236.399000, 1606579236.399000, 1606579241.370000, 1606579241.370000, 1606579309.291000
1606579309.308000, 1606579319.056000, 1606579319.056000, 1606579324.021000, 1606579324.021000, 1606579392.970000
