read_start,read_end,cpu_start,cpu_end,write_start,write_end
1606596484.393000, 1606596658.335000, 1606596658.335000, 1606596665.141000, 1606596665.141000, 1606596963.756000
1606596963.771000, 1606596991.556000, 1606596991.556000, 1606596996.765000, 1606596996.765000, 1606597462.715000
1606597462.785000, 1606597485.096000, 1606597485.096000, 1606597490.090000, 1606597490.090000, 1606597558.393000
