read_start,read_end,cpu_start,cpu_end,write_start,write_end
1606595360.827000, 1606595529.066000, 1606595529.066000, 1606595534.822000, 1606595534.822000, 1606595784.834000
1606595784.847000, 1606595796.117000, 1606595796.117000, 1606595801.456000, 1606595801.456000, 1606596286.094000
1606596286.175000, 1606596300.650000, 1606596300.650000, 1606596306.320000, 1606596306.320000, 1606596418.880000
