read_start,read_end,cpu_start,cpu_end,write_start,write_end
1606579779.983000, 1606579836.102000, 1606579836.102000, 1606579841.451000, 1606579841.451000, 1606579942.019000
1606579942.040000, 1606579957.029000, 1606579957.029000, 1606579962.282000, 1606579962.282000, 1606580059.281000
1606580059.292000, 1606580073.945000, 1606580073.945000, 1606580079.125000, 1606580079.125000, 1606580173.036000
