read_start,read_end,cpu_start,cpu_end,write_start,write_end
1606586258.651000, 1606586376.410000, 1606586376.410000, 1606586381.850000, 1606586381.850000, 1606586584.811000
1606586584.826000, 1606586612.167000, 1606586612.167000, 1606586619.496000, 1606586619.496000, 1606586829.828000
1606586829.898000, 1606586855.300000, 1606586855.300000, 1606586861.650000, 1606586861.650000, 1606587070.657000
