read_start,read_end,cpu_start,cpu_end,write_start,write_end
1606595360.851000, 1606595529.067000, 1606595529.067000, 1606595534.990000, 1606595534.990000, 1606595894.179000
1606595894.192000, 1606595944.424000, 1606595944.424000, 1606595949.820000, 1606595949.820000, 1606596127.633000
1606596127.740000, 1606596151.089000, 1606596151.089000, 1606596157.009000, 1606596157.009000, 1606596273.991000
