read_start,read_end,cpu_start,cpu_end,write_start,write_end
1606586258.672000, 1606586376.419000, 1606586376.419000, 1606586381.912000, 1606586381.912000, 1606586581.935000
1606586581.976000, 1606586611.954000, 1606586611.954000, 1606586617.502000, 1606586617.502000, 1606586820.343000
1606586820.405000, 1606586855.033000, 1606586855.033000, 1606586861.045000, 1606586861.045000, 1606587045.395000
