read_start,read_end,cpu_start,cpu_end,write_start,write_end
1606594241.522000, 1606594404.096000, 1606594404.096000, 1606594409.929000, 1606594409.929000, 1606594681.331000
1606594681.343000, 1606594742.158000, 1606594742.158000, 1606594746.840000, 1606594746.840000, 1606595015.861000
1606595015.907000, 1606595047.666000, 1606595047.666000, 1606595052.620000, 1606595052.620000, 1606595110.080000
