read_start,read_end,cpu_start,cpu_end,write_start,write_end
1606597669.505000, 1606597849.272000, 1606597849.272000, 1606597857.066000, 1606597857.066000, 1606598160.398000
1606598160.432000, 1606598230.703000, 1606598230.703000, 1606598236.184000, 1606598236.184000, 1606598780.127000
1606598780.239000, 1606598782.258000, 1606598782.258000, 1606598786.888000, 1606598786.888000, 1606598824.808000
