read_start,read_end,cpu_start,cpu_end,write_start,write_end
1606588972.467000, 1606589107.073000, 1606589107.073000, 1606589112.295000, 1606589112.295000, 1606589358.520000
1606589358.552000, 1606589372.164000, 1606589372.164000, 1606589377.779000, 1606589377.779000, 1606589474.085000
1606589474.138000, 1606589594.657000, 1606589594.657000, 1606589599.217000, 1606589599.217000, 1606589960.334000
