read_start,read_end,cpu_start,cpu_end,write_start,write_end
1606594241.543000, 1606594404.101000, 1606594404.101000, 1606594410.822000, 1606594410.822000, 1606594647.699000
1606594647.718000, 1606594679.650000, 1606594679.650000, 1606594686.274000, 1606594686.274000, 1606595023.495000
1606595024.054000, 1606595061.611000, 1606595061.611000, 1606595068.230000, 1606595068.230000, 1606595331.355000
