read_start,read_end,cpu_start,cpu_end,write_start,write_end
1606592054.745000, 1606592205.868000, 1606592205.868000, 1606592211.845000, 1606592211.845000, 1606592504.853000
1606592504.874000, 1606592604.107000, 1606592604.107000, 1606592608.768000, 1606592608.768000, 1606592799.986000
1606592800.209000, 1606592846.139000, 1606592846.139000, 1606592851.547000, 1606592851.547000, 1606593088.117000
