read_start,read_end,cpu_start,cpu_end,write_start,write_end
1606592054.782000, 1606592206.134000, 1606592206.134000, 1606592212.783000, 1606592212.783000, 1606592446.702000
1606592446.719000, 1606592453.840000, 1606592453.840000, 1606592458.429000, 1606592458.429000, 1606592495.051000
1606592495.125000, 1606592507.787000, 1606592507.787000, 1606592513.969000, 1606592513.969000, 1606592799.745000
