read_start,read_end,cpu_start,cpu_end,write_start,write_end
1606586258.643000, 1606586376.108000, 1606586376.108000, 1606586381.809000, 1606586381.809000, 1606586581.721000
1606586581.763000, 1606586611.608000, 1606586611.608000, 1606586618.044000, 1606586618.044000, 1606586825.460000
1606586825.521000, 1606586855.080000, 1606586855.080000, 1606586861.209000, 1606586861.209000, 1606587045.397000
