read_start,read_end,cpu_start,cpu_end,write_start,write_end
1606584751.693000, 1606584858.009000, 1606584858.009000, 1606584863.767000, 1606584863.767000, 1606585045.119000
1606585045.139000, 1606585073.727000, 1606585073.727000, 1606585079.368000, 1606585079.368000, 1606585284.890000
1606585284.904000, 1606585304.859000, 1606585304.859000, 1606585310.816000, 1606585310.816000, 1606585470.554000
