read_start,read_end,cpu_start,cpu_end,write_start,write_end
1606585495.230000, 1606585607.271000, 1606585607.271000, 1606585612.463000, 1606585612.463000, 1606585786.619000
1606585786.649000, 1606585816.692000, 1606585816.692000, 1606585822.150000, 1606585822.150000, 1606586093.543000
1606586093.580000, 1606586200.768000, 1606586200.768000, 1606586205.392000, 1606586205.392000, 1606586231.114000
