read_start,read_end,cpu_start,cpu_end,write_start,write_end
1606582802.753000, 1606582892.350000, 1606582892.350000, 1606582897.787000, 1606582897.787000, 1606583031.365000
1606583031.380000, 1606583048.431000, 1606583048.431000, 1606583054.116000, 1606583054.116000, 1606583197.499000
1606583197.550000, 1606583220.047000, 1606583220.047000, 1606583225.757000, 1606583225.757000, 1606583378.794000
