read_start,read_end,cpu_start,cpu_end,write_start,write_end
1606581088.914000, 1606581161.837000, 1606581161.837000, 1606581166.782000, 1606581166.782000, 1606581277.944000
1606581277.957000, 1606581300.308000, 1606581300.308000, 1606581305.596000, 1606581305.596000, 1606581436.696000
1606581436.722000, 1606581455.176000, 1606581455.176000, 1606581460.384000, 1606581460.384000, 1606581564.625000
