read_start,read_end,cpu_start,cpu_end,write_start,write_end
1606593132.818000, 1606593289.770000, 1606593289.770000, 1606593295.926000, 1606593295.926000, 1606593586.305000
1606593586.321000, 1606593619.009000, 1606593619.009000, 1606593624.744000, 1606593624.744000, 1606594047.579000
1606594047.669000, 1606594061.062000, 1606594061.062000, 1606594066.418000, 1606594066.418000, 1606594175.057000
