read_start,read_end,cpu_start,cpu_end,write_start,write_end
1606583399.684000, 1606583494.946000, 1606583494.946000, 1606583500.136000, 1606583500.136000, 1606583654.161000
1606583654.180000, 1606583679.223000, 1606583679.223000, 1606583684.713000, 1606583684.713000, 1606583943.117000
1606583943.134000, 1606583954.721000, 1606583954.721000, 1606583959.453000, 1606583959.453000, 1606584020.689000
