read_start,read_end,cpu_start,cpu_end,write_start,write_end
1606593132.816000, 1606593289.775000, 1606593289.775000, 1606593295.913000, 1606593295.913000, 1606593579.470000
1606593579.493000, 1606593616.257000, 1606593616.257000, 1606593622.692000, 1606593622.692000, 1606593915.901000
1606593916.002000, 1606593930.360000, 1606593930.360000, 1606593935.267000, 1606593935.267000, 1606594022.117000
