read_start,read_end,cpu_start,cpu_end,write_start,write_end
1606583399.687000, 1606583494.946000, 1606583494.946000, 1606583499.700000, 1606583499.700000, 1606583623.135000
1606583623.147000, 1606583653.014000, 1606583653.014000, 1606583657.676000, 1606583657.676000, 1606583695.401000
1606583695.416000, 1606583830.307000, 1606583830.307000, 1606583835.082000, 1606583835.082000, 1606583885.886000
