read_start,read_end,cpu_start,cpu_end,write_start,write_end
1606590012.687000, 1606590152.892000, 1606590152.892000, 1606590158.320000, 1606590158.320000, 1606590397.730000
1606590397.752000, 1606590419.104000, 1606590419.104000, 1606590425.808000, 1606590425.808000, 1606590618.886000
1606590618.981000, 1606590693.784000, 1606590693.784000, 1606590699.570000, 1606590699.570000, 1606590880.343000
