read_start,read_end,cpu_start,cpu_end,write_start,write_end
1606587971.173000, 1606588099.791000, 1606588099.791000, 1606588105.260000, 1606588105.260000, 1606588371.659000
1606588371.679000, 1606588382.361000, 1606588382.361000, 1606588388.926000, 1606588388.926000, 1606588634.048000
1606588634.132000, 1606588736.099000, 1606588736.099000, 1606588740.878000, 1606588740.878000, 1606588915.845000
