read_start,read_end,cpu_start,cpu_end,write_start,write_end
1606596484.387000, 1606596658.332000, 1606596658.332000, 1606596664.085000, 1606596664.085000, 1606596953.482000
1606596953.492000, 1606596971.562000, 1606596971.562000, 1606596976.570000, 1606596976.570000, 1606597334.774000
1606597334.841000, 1606597350.873000, 1606597350.873000, 1606597355.789000, 1606597355.789000, 1606597445.455000
