read_start,read_end,cpu_start,cpu_end,write_start,write_end
1606581088.894000, 1606581161.613000, 1606581161.613000, 1606581166.421000, 1606581166.421000, 1606581279.376000
1606581279.391000, 1606581300.473000, 1606581300.473000, 1606581305.738000, 1606581305.738000, 1606581436.934000
1606581436.961000, 1606581455.288000, 1606581455.288000, 1606581460.557000, 1606581460.557000, 1606581591.289000
