read_start,read_end,cpu_start,cpu_end,write_start,write_end
1606582802.750000, 1606582892.261000, 1606582892.261000, 1606582897.483000, 1606582897.483000, 1606583035.260000
1606583035.274000, 1606583049.105000, 1606583049.105000, 1606583055.143000, 1606583055.143000, 1606583197.501000
1606583197.534000, 1606583219.695000, 1606583219.695000, 1606583225.342000, 1606583225.342000, 1606583352.118000
