read_start,read_end,cpu_start,cpu_end,write_start,write_end
1606582180.529000, 1606582264.639000, 1606582264.639000, 1606582269.409000, 1606582269.409000, 1606582419.080000
1606582419.106000, 1606582441.959000, 1606582441.959000, 1606582447.657000, 1606582447.657000, 1606582608.679000
1606582608.717000, 1606582630.454000, 1606582630.454000, 1606582635.824000, 1606582635.824000, 1606582749.176000
