read_start,read_end,cpu_start,cpu_end,write_start,write_end
1606579779.975000, 1606579836.136000, 1606579836.136000, 1606579840.887000, 1606579840.887000, 1606579945.919000
1606579945.933000, 1606579957.608000, 1606579957.608000, 1606579962.778000, 1606579962.778000, 1606580060.170000
1606580060.184000, 1606580074.332000, 1606580074.332000, 1606580079.698000, 1606580079.698000, 1606580173.246000
