read_start,read_end,cpu_start,cpu_end,write_start,write_end
1606591010.758000, 1606591156.521000, 1606591156.521000, 1606591162.455000, 1606591162.455000, 1606591408.040000
1606591408.055000, 1606591439.887000, 1606591439.887000, 1606591445.675000, 1606591445.675000, 1606591812.948000
1606591813.704000, 1606591841.004000, 1606591841.004000, 1606591846.684000, 1606591846.684000, 1606592026.361000
