read_start,read_end,cpu_start,cpu_end,write_start,write_end
1606597669.517000, 1606597849.351000, 1606597849.351000, 1606597857.126000, 1606597857.126000, 1606598159.306000
1606598159.340000, 1606598228.556000, 1606598228.556000, 1606598234.117000, 1606598234.117000, 1606598617.610000
1606598617.753000, 1606598632.253000, 1606598632.253000, 1606598637.915000, 1606598637.915000, 1606598779.934000
