read_start,read_end,cpu_start,cpu_end,write_start,write_end
1606581088.904000, 1606581161.830000, 1606581161.830000, 1606581166.895000, 1606581166.895000, 1606581277.213000
1606581277.226000, 1606581300.316000, 1606581300.316000, 1606581305.546000, 1606581305.546000, 1606581436.696000
1606581436.722000, 1606581455.142000, 1606581455.142000, 1606581460.111000, 1606581460.111000, 1606581552.350000
