read_start,read_end,cpu_start,cpu_end,write_start,write_end
1606593132.811000, 1606593289.770000, 1606593289.770000, 1606593295.614000, 1606593295.614000, 1606593587.131000
1606593587.145000, 1606593619.116000, 1606593619.116000, 1606593625.803000, 1606593625.803000, 1606594036.848000
1606594036.943000, 1606594056.732000, 1606594056.732000, 1606594062.496000, 1606594062.496000, 1606594211.323000
