read_start,read_end,cpu_start,cpu_end,write_start,write_end
1606594241.510000, 1606594403.750000, 1606594403.750000, 1606594410.272000, 1606594410.272000, 1606594646.815000
1606594646.831000, 1606594678.664000, 1606594678.664000, 1606594685.483000, 1606594685.483000, 1606595023.313000
1606595023.502000, 1606595061.576000, 1606595061.576000, 1606595067.971000, 1606595067.971000, 1606595331.393000
