read_start,read_end,cpu_start,cpu_end,write_start,write_end
1606592054.771000, 1606592206.133000, 1606592206.133000, 1606592211.951000, 1606592211.951000, 1606592507.722000
1606592507.743000, 1606592637.944000, 1606592637.944000, 1606592643.584000, 1606592643.584000, 1606592800.034000
1606592801.832000, 1606592846.773000, 1606592846.773000, 1606592852.739000, 1606592852.739000, 1606593100.153000
