read_start,read_end,cpu_start,cpu_end,write_start,write_end
1606592054.776000, 1606592206.133000, 1606592206.133000, 1606592212.247000, 1606592212.247000, 1606592475.946000
1606592475.962000, 1606592502.196000, 1606592502.196000, 1606592508.678000, 1606592508.678000, 1606592799.968000
1606592800.685000, 1606592846.768000, 1606592846.768000, 1606592851.914000, 1606592851.914000, 1606593096.343000
