read_start,read_end,cpu_start,cpu_end,write_start,write_end
1606588972.452000, 1606589106.857000, 1606589106.857000, 1606589112.361000, 1606589112.361000, 1606589358.520000
1606589358.551000, 1606589372.162000, 1606589372.162000, 1606589377.608000, 1606589377.608000, 1606589586.011000
1606589586.039000, 1606589664.122000, 1606589664.122000, 1606589668.949000, 1606589668.949000, 1606589705.330000
