read_start,read_end,cpu_start,cpu_end,write_start,write_end
1606597669.498000, 1606597849.004000, 1606597849.004000, 1606597855.096000, 1606597855.096000, 1606598175.071000
1606598175.101000, 1606598281.386000, 1606598281.386000, 1606598286.211000, 1606598286.211000, 1606598787.640000
1606598788.034000, 1606598798.070000, 1606598798.070000, 1606598802.773000, 1606598802.773000, 1606598850.319000
