read_start,read_end,cpu_start,cpu_end,write_start,write_end
1606596484.358000, 1606596658.167000, 1606596658.167000, 1606596663.914000, 1606596663.914000, 1606596939.667000
1606596939.682000, 1606596950.876000, 1606596950.876000, 1606596956.433000, 1606596956.433000, 1606597025.091000
1606597025.160000, 1606597111.801000, 1606597111.801000, 1606597116.686000, 1606597116.686000, 1606597463.884000
