read_start,read_end,cpu_start,cpu_end,write_start,write_end
1606582802.742000, 1606582892.155000, 1606582892.155000, 1606582897.612000, 1606582897.612000, 1606583024.280000
1606583024.294000, 1606583046.655000, 1606583046.655000, 1606583052.441000, 1606583052.441000, 1606583197.502000
1606583197.554000, 1606583220.687000, 1606583220.687000, 1606583226.315000, 1606583226.315000, 1606583363.182000
