read_start,read_end,cpu_start,cpu_end,write_start,write_end
1606593132.799000, 1606593289.770000, 1606593289.770000, 1606593295.579000, 1606593295.579000, 1606593580.131000
1606593580.148000, 1606593616.889000, 1606593616.889000, 1606593623.266000, 1606593623.266000, 1606593915.367000
1606593915.435000, 1606593930.359000, 1606593930.359000, 1606593936.639000, 1606593936.639000, 1606594030.760000
