read_start,read_end,cpu_start,cpu_end,write_start,write_end
1606597669.500000, 1606597849.012000, 1606597849.012000, 1606597854.568000, 1606597854.568000, 1606598161.523000
1606598161.537000, 1606598231.890000, 1606598231.890000, 1606598237.591000, 1606598237.591000, 1606598787.459000
1606598787.616000, 1606598797.488000, 1606598797.488000, 1606598802.461000, 1606598802.461000, 1606598850.360000
