read_start,read_end,cpu_start,cpu_end,write_start,write_end
1606594241.536000, 1606594404.097000, 1606594404.097000, 1606594409.885000, 1606594409.885000, 1606594671.027000
1606594671.043000, 1606594689.492000, 1606594689.492000, 1606594695.069000, 1606594695.069000, 1606595023.343000
1606595024.050000, 1606595061.606000, 1606595061.606000, 1606595067.787000, 1606595067.787000, 1606595331.377000
