read_start,read_end,cpu_start,cpu_end,write_start,write_end
1606590012.696000, 1606590152.892000, 1606590152.892000, 1606590158.679000, 1606590158.679000, 1606590416.914000
1606590416.929000, 1606590429.969000, 1606590429.969000, 1606590435.520000, 1606590435.520000, 1606590659.170000
1606590659.243000, 1606590696.678000, 1606590696.678000, 1606590702.361000, 1606590702.361000, 1606590880.267000
