read_start,read_end,cpu_start,cpu_end,write_start,write_end
1606582180.525000, 1606582264.616000, 1606582264.616000, 1606582269.688000, 1606582269.688000, 1606582418.830000
1606582418.867000, 1606582441.368000, 1606582441.368000, 1606582446.709000, 1606582446.709000, 1606582608.679000
1606582608.728000, 1606582631.774000, 1606582631.774000, 1606582637.029000, 1606582637.029000, 1606582783.528000
