read_start,read_end,cpu_start,cpu_end,write_start,write_end
1606593132.816000, 1606593289.777000, 1606593289.777000, 1606593296.231000, 1606593296.231000, 1606593575.820000
1606593575.842000, 1606593612.597000, 1606593612.597000, 1606593618.357000, 1606593618.357000, 1606593902.013000
1606593902.108000, 1606593915.295000, 1606593915.295000, 1606593920.722000, 1606593920.722000, 1606594048.527000
