read_start,read_end,cpu_start,cpu_end,write_start,write_end
1606596484.378000, 1606596658.331000, 1606596658.331000, 1606596664.937000, 1606596664.937000, 1606597030.286000
1606597030.302000, 1606597112.334000, 1606597112.334000, 1606597117.151000, 1606597117.151000, 1606597473.661000
1606597473.768000, 1606597492.819000, 1606597492.819000, 1606597498.165000, 1606597498.165000, 1606597638.147000
