read_start,read_end,cpu_start,cpu_end,write_start,write_end
1606582802.762000, 1606582892.354000, 1606582892.354000, 1606582897.108000, 1606582897.108000, 1606583061.361000
1606583061.375000, 1606583159.117000, 1606583159.117000, 1606583163.821000, 1606583163.821000, 1606583220.827000
1606583220.910000, 1606583224.129000, 1606583224.129000, 1606583229.720000, 1606583229.720000, 1606583371.076000
