read_start,read_end,cpu_start,cpu_end,write_start,write_end
1606580187.179000, 1606580248.883000, 1606580248.883000, 1606580253.983000, 1606580253.983000, 1606580356.351000
1606580356.386000, 1606580373.520000, 1606580373.520000, 1606580378.444000, 1606580378.444000, 1606580508.099000
1606580508.113000, 1606580516.441000, 1606580516.441000, 1606580522.258000, 1606580522.258000, 1606580609.144000
