read_start,read_end,cpu_start,cpu_end,write_start,write_end
1606588972.462000, 1606589107.073000, 1606589107.073000, 1606589113.015000, 1606589113.015000, 1606589377.410000
1606589377.426000, 1606589402.930000, 1606589402.930000, 1606589407.871000, 1606589407.871000, 1606589667.582000
1606589667.955000, 1606589683.508000, 1606589683.508000, 1606589688.332000, 1606589688.332000, 1606589824.231000
