read_start,read_end,cpu_start,cpu_end,write_start,write_end
1606591010.750000, 1606591156.521000, 1606591156.521000, 1606591163.002000, 1606591163.002000, 1606591418.153000
1606591418.172000, 1606591446.552000, 1606591446.552000, 1606591452.857000, 1606591452.857000, 1606591812.941000
1606591814.029000, 1606591841.013000, 1606591841.013000, 1606591846.673000, 1606591846.673000, 1606592025.631000
