read_start,read_end,cpu_start,cpu_end,write_start,write_end
1606582180.538000, 1606582264.640000, 1606582264.640000, 1606582270.155000, 1606582270.155000, 1606582419.080000
1606582419.106000, 1606582441.932000, 1606582441.932000, 1606582447.228000, 1606582447.228000, 1606582608.679000
1606582608.734000, 1606582631.822000, 1606582631.822000, 1606582636.940000, 1606582636.940000, 1606582783.581000
