read_start,read_end,cpu_start,cpu_end,write_start,write_end
1606587103.079000, 1606587226.076000, 1606587226.076000, 1606587231.381000, 1606587231.381000, 1606587440.966000
1606587440.987000, 1606587460.742000, 1606587460.742000, 1606587466.231000, 1606587466.231000, 1606587643.052000
1606587643.107000, 1606587679.054000, 1606587679.054000, 1606587685.544000, 1606587685.544000, 1606587789.572000
