read_start,read_end,cpu_start,cpu_end,write_start,write_end
1606581608.502000, 1606581686.761000, 1606581686.761000, 1606581691.609000, 1606581691.609000, 1606581748.609000
1606581748.625000, 1606581802.312000, 1606581802.312000, 1606581806.807000, 1606581806.807000, 1606582106.802000
1606582106.820000, 1606582110.856000, 1606582110.856000, 1606582115.243000, 1606582115.243000, 1606582145.437000
