read_start,read_end,cpu_start,cpu_end,write_start,write_end
1606591010.733000, 1606591156.216000, 1606591156.216000, 1606591162.414000, 1606591162.414000, 1606591405.185000
1606591405.201000, 1606591435.976000, 1606591435.976000, 1606591441.513000, 1606591441.513000, 1606591750.732000
1606591750.821000, 1606591766.492000, 1606591766.492000, 1606591771.389000, 1606591771.389000, 1606591812.700000
