read_start,read_end,cpu_start,cpu_end,write_start,write_end
1606581088.912000, 1606581161.833000, 1606581161.833000, 1606581167.134000, 1606581167.134000, 1606581284.877000
1606581284.890000, 1606581301.197000, 1606581301.197000, 1606581306.492000, 1606581306.492000, 1606581436.935000
1606581436.960000, 1606581455.315000, 1606581455.315000, 1606581460.186000, 1606581460.186000, 1606581559.407000
