read_start,read_end,cpu_start,cpu_end,write_start,write_end
1606595360.854000, 1606595529.066000, 1606595529.066000, 1606595536.070000, 1606595536.070000, 1606596279.630000
1606596279.649000, 1606596298.254000, 1606596298.254000, 1606596303.724000, 1606596303.724000, 1606596324.337000
1606596324.368000, 1606596409.312000, 1606596409.312000, 1606596413.678000, 1606596413.678000, 1606596441.125000
