read_start,read_end,cpu_start,cpu_end,write_start,write_end
1606595360.812000, 1606595528.684000, 1606595528.684000, 1606595535.345000, 1606595535.345000, 1606595907.007000
1606595907.024000, 1606595946.976000, 1606595946.976000, 1606595952.948000, 1606595952.948000, 1606596062.808000
1606596062.929000, 1606596070.745000, 1606596070.745000, 1606596075.284000, 1606596075.284000, 1606596106.496000
