read_start,read_end,cpu_start,cpu_end,write_start,write_end
1606590012.673000, 1606590152.661000, 1606590152.661000, 1606590158.821000, 1606590158.821000, 1606590427.605000
1606590427.622000, 1606590577.483000, 1606590577.483000, 1606590582.546000, 1606590582.546000, 1606590880.344000
1606590880.957000, 1606590894.831000, 1606590894.831000, 1606590899.628000, 1606590899.628000, 1606590977.548000
