read_start,read_end,cpu_start,cpu_end,write_start,write_end
1606580187.175000, 1606580248.863000, 1606580248.863000, 1606580253.668000, 1606580253.668000, 1606580356.352000
1606580356.387000, 1606580373.306000, 1606580373.306000, 1606580378.280000, 1606580378.280000, 1606580481.420000
1606580481.436000, 1606580495.549000, 1606580495.549000, 1606580500.000000, 1606580500.000000, 1606580524.913000
