read_start,read_end,cpu_start,cpu_end,write_start,write_end
1606595360.823000, 1606595529.064000, 1606595529.064000, 1606595535.064000, 1606595535.064000, 1606595876.968000
1606595876.988000, 1606595939.188000, 1606595939.188000, 1606595944.931000, 1606595944.931000, 1606596124.556000
1606596124.800000, 1606596150.700000, 1606596150.700000, 1606596156.311000, 1606596156.311000, 1606596275.696000
