read_start,read_end,cpu_start,cpu_end,write_start,write_end
1606578360.514000, 1606578382.931000, 1606578382.931000, 1606578387.525000, 1606578387.525000, 1606578422.644000
1606578422.658000, 1606578426.798000, 1606578426.798000, 1606578431.462000, 1606578431.462000, 1606578451.565000
1606578451.579000, 1606578453.343000, 1606578453.343000, 1606578457.663000, 1606578457.663000, 1606578471.197000
