read_start,read_end,cpu_start,cpu_end,write_start,write_end
1606591010.747000, 1606591156.521000, 1606591156.521000, 1606591162.267000, 1606591162.267000, 1606591415.504000
1606591415.520000, 1606591444.683000, 1606591444.683000, 1606591451.395000, 1606591451.395000, 1606591715.690000
1606591715.784000, 1606591722.618000, 1606591722.618000, 1606591727.142000, 1606591727.142000, 1606591741.365000
