read_start,read_end,cpu_start,cpu_end,write_start,write_end
1606597669.502000, 1606597849.211000, 1606597849.211000, 1606597855.413000, 1606597855.413000, 1606598145.355000
1606598145.389000, 1606598177.312000, 1606598177.312000, 1606598182.666000, 1606598182.666000, 1606598510.446000
1606598510.497000, 1606598521.286000, 1606598521.286000, 1606598527.392000, 1606598527.392000, 1606598776.101000
