read_start,read_end,cpu_start,cpu_end,write_start,write_end
1606597669.523000, 1606597849.352000, 1606597849.352000, 1606597855.623000, 1606597855.623000, 1606598144.662000
1606598144.686000, 1606598174.188000, 1606598174.188000, 1606598179.381000, 1606598179.381000, 1606598509.655000
1606598509.706000, 1606598519.692000, 1606598519.692000, 1606598525.344000, 1606598525.344000, 1606598774.155000
