read_start,read_end,cpu_start,cpu_end,write_start,write_end
1606595360.848000, 1606595529.066000, 1606595529.066000, 1606595534.549000, 1606595534.549000, 1606595769.858000
1606595769.872000, 1606595779.458000, 1606595779.458000, 1606595784.895000, 1606595784.895000, 1606595843.782000
1606595843.880000, 1606595871.759000, 1606595871.759000, 1606595876.644000, 1606595876.644000, 1606596301.137000
