read_start,read_end,cpu_start,cpu_end,write_start,write_end
1606579405.196000, 1606579455.636000, 1606579455.636000, 1606579461.003000, 1606579461.003000, 1606579561.112000
1606579561.138000, 1606579572.639000, 1606579572.639000, 1606579578.013000, 1606579578.013000, 1606579649.351000
1606579649.377000, 1606579659.710000, 1606579659.710000, 1606579664.696000, 1606579664.696000, 1606579742.269000
