read_start,read_end,cpu_start,cpu_end,write_start,write_end
1606591010.729000, 1606591156.201000, 1606591156.201000, 1606591161.887000, 1606591161.887000, 1606591408.074000
1606591408.096000, 1606591439.482000, 1606591439.482000, 1606591445.417000, 1606591445.417000, 1606591813.002000
1606591813.494000, 1606591840.864000, 1606591840.864000, 1606591846.580000, 1606591846.580000, 1606592025.482000
