read_start,read_end,cpu_start,cpu_end,write_start,write_end
1606578661.789000, 1606578695.323000, 1606578695.323000, 1606578699.928000, 1606578699.928000, 1606578750.002000
1606578750.016000, 1606578751.849000, 1606578751.849000, 1606578756.722000, 1606578756.722000, 1606578784.397000
1606578784.406000, 1606578786.218000, 1606578786.218000, 1606578790.559000, 1606578790.559000, 1606578818.747000
