read_start,read_end,cpu_start,cpu_end,write_start,write_end
1606578360.517000, 1606578382.943000, 1606578382.943000, 1606578387.912000, 1606578387.912000, 1606578423.292000
1606578423.307000, 1606578428.828000, 1606578428.828000, 1606578433.430000, 1606578433.430000, 1606578462.739000
1606578462.751000, 1606578464.512000, 1606578464.512000, 1606578469.486000, 1606578469.486000, 1606578486.574000
