read_start,read_end,cpu_start,cpu_end,write_start,write_end
1606579405.193000, 1606579455.595000, 1606579455.595000, 1606579460.423000, 1606579460.423000, 1606579561.849000
1606579561.872000, 1606579572.640000, 1606579572.640000, 1606579578.017000, 1606579578.017000, 1606579649.618000
1606579649.633000, 1606579659.876000, 1606579659.876000, 1606579664.834000, 1606579664.834000, 1606579742.172000
