read_start,read_end,cpu_start,cpu_end,write_start,write_end
1606584050.469000, 1606584151.274000, 1606584151.274000, 1606584157.091000, 1606584157.091000, 1606584323.406000
1606584323.442000, 1606584350.793000, 1606584350.793000, 1606584356.257000, 1606584356.257000, 1606584508.250000
1606584508.266000, 1606584534.157000, 1606584534.157000, 1606584540.893000, 1606584540.893000, 1606584670.903000
