read_start,read_end,cpu_start,cpu_end,write_start,write_end
1606587103.101000, 1606587226.379000, 1606587226.379000, 1606587232.030000, 1606587232.030000, 1606587418.037000
1606587418.052000, 1606587439.919000, 1606587439.919000, 1606587446.384000, 1606587446.384000, 1606587677.680000
1606587677.846000, 1606587707.066000, 1606587707.066000, 1606587712.779000, 1606587712.779000, 1606587943.758000
