read_start,read_end,cpu_start,cpu_end,write_start,write_end
1606586258.671000, 1606586376.417000, 1606586376.417000, 1606586381.878000, 1606586381.878000, 1606586581.934000
1606586581.975000, 1606586611.954000, 1606586611.954000, 1606586617.434000, 1606586617.434000, 1606586803.357000
1606586803.428000, 1606586852.685000, 1606586852.685000, 1606586858.791000, 1606586858.791000, 1606587046.285000
