read_start,read_end,cpu_start,cpu_end,write_start,write_end
1606581088.911000, 1606581161.830000, 1606581161.830000, 1606581166.673000, 1606581166.673000, 1606581276.419000
1606581276.434000, 1606581299.996000, 1606581299.996000, 1606581305.317000, 1606581305.317000, 1606581436.752000
1606581436.772000, 1606581455.068000, 1606581455.068000, 1606581460.148000, 1606581460.148000, 1606581554.801000
