read_start,read_end,cpu_start,cpu_end,write_start,write_end
1606582802.759000, 1606582892.350000, 1606582892.350000, 1606582897.125000, 1606582897.125000, 1606583051.992000
1606583052.005000, 1606583089.308000, 1606583089.308000, 1606583093.852000, 1606583093.852000, 1606583204.809000
1606583204.847000, 1606583221.836000, 1606583221.836000, 1606583227.587000, 1606583227.587000, 1606583368.220000
