read_start,read_end,cpu_start,cpu_end,write_start,write_end
1606585495.238000, 1606585607.274000, 1606585607.274000, 1606585612.624000, 1606585612.624000, 1606585786.360000
1606585786.411000, 1606585816.556000, 1606585816.556000, 1606585822.201000, 1606585822.201000, 1606586014.337000
1606586014.371000, 1606586041.601000, 1606586041.601000, 1606586047.797000, 1606586047.797000, 1606586199.173000
