read_start,read_end,cpu_start,cpu_end,write_start,write_end
1606594241.534000, 1606594404.098000, 1606594404.098000, 1606594409.934000, 1606594409.934000, 1606594683.202000
1606594683.214000, 1606594773.432000, 1606594773.432000, 1606594778.193000, 1606594778.193000, 1606595023.318000
1606595023.882000, 1606595061.609000, 1606595061.609000, 1606595067.278000, 1606595067.278000, 1606595330.609000
