read_start,read_end,cpu_start,cpu_end,write_start,write_end
1606583399.685000, 1606583494.946000, 1606583494.946000, 1606583499.764000, 1606583499.764000, 1606583654.040000
1606583654.073000, 1606583678.508000, 1606583678.508000, 1606583683.940000, 1606583683.940000, 1606583843.684000
1606583843.697000, 1606583860.150000, 1606583860.150000, 1606583865.219000, 1606583865.219000, 1606583936.845000
