read_start,read_end,cpu_start,cpu_end,write_start,write_end
1606596484.354000, 1606596658.022000, 1606596658.022000, 1606596663.669000, 1606596663.669000, 1606596899.426000
1606596899.441000, 1606596909.085000, 1606596909.085000, 1606596913.963000, 1606596913.963000, 1606596962.241000
1606596962.354000, 1606596989.081000, 1606596989.081000, 1606596994.119000, 1606596994.119000, 1606597473.090000
