read_start,read_end,cpu_start,cpu_end,write_start,write_end
1606582802.751000, 1606582892.280000, 1606582892.280000, 1606582897.496000, 1606582897.496000, 1606583023.749000
1606583023.768000, 1606583046.513000, 1606583046.513000, 1606583052.025000, 1606583052.025000, 1606583197.500000
1606583197.554000, 1606583220.811000, 1606583220.811000, 1606583226.369000, 1606583226.369000, 1606583363.156000
