read_start,read_end,cpu_start,cpu_end,write_start,write_end
1606597669.504000, 1606597849.272000, 1606597849.272000, 1606597854.863000, 1606597854.863000, 1606598131.541000
1606598131.559000, 1606598140.791000, 1606598140.791000, 1606598145.662000, 1606598145.662000, 1606598209.044000
1606598209.137000, 1606598369.726000, 1606598369.726000, 1606598374.825000, 1606598374.825000, 1606598787.610000
