read_start,read_end,cpu_start,cpu_end,write_start,write_end
1606588972.466000, 1606589107.073000, 1606589107.073000, 1606589112.675000, 1606589112.675000, 1606589366.595000
1606589366.608000, 1606589379.689000, 1606589379.689000, 1606589384.784000, 1606589384.784000, 1606589536.108000
1606589536.154000, 1606589654.172000, 1606589654.172000, 1606589658.803000, 1606589658.803000, 1606589965.924000
