read_start,read_end,cpu_start,cpu_end,write_start,write_end
1606592054.780000, 1606592206.137000, 1606592206.137000, 1606592212.124000, 1606592212.124000, 1606592506.575000
1606592506.588000, 1606592633.165000, 1606592633.165000, 1606592638.236000, 1606592638.236000, 1606592799.999000
1606592801.424000, 1606592846.771000, 1606592846.771000, 1606592853.129000, 1606592853.129000, 1606593104.298000
