read_start,read_end,cpu_start,cpu_end,write_start,write_end
1606595360.841000, 1606595529.066000, 1606595529.066000, 1606595535.652000, 1606595535.652000, 1606595879.202000
1606595879.217000, 1606595942.192000, 1606595942.192000, 1606595948.288000, 1606595948.288000, 1606596124.561000
1606596124.827000, 1606596150.692000, 1606596150.692000, 1606596156.612000, 1606596156.612000, 1606596277.964000
