read_start,read_end,cpu_start,cpu_end,write_start,write_end
1606594241.550000, 1606594404.099000, 1606594404.099000, 1606594409.866000, 1606594409.866000, 1606594666.280000
1606594666.297000, 1606594687.095000, 1606594687.095000, 1606594692.694000, 1606594692.694000, 1606595023.400000
1606595024.186000, 1606595061.316000, 1606595061.316000, 1606595067.057000, 1606595067.057000, 1606595329.378000
