read_start,read_end,cpu_start,cpu_end,write_start,write_end
1606580187.184000, 1606580248.990000, 1606580248.990000, 1606580253.780000, 1606580253.780000, 1606580357.240000
1606580357.253000, 1606580373.637000, 1606580373.637000, 1606580378.975000, 1606580378.975000, 1606580499.272000
1606580499.300000, 1606580513.077000, 1606580513.077000, 1606580518.500000, 1606580518.500000, 1606580597.787000
