read_start,read_end,cpu_start,cpu_end,write_start,write_end
1606581088.906000, 1606581161.830000, 1606581161.830000, 1606581166.615000, 1606581166.615000, 1606581275.854000
1606581275.869000, 1606581299.998000, 1606581299.998000, 1606581305.191000, 1606581305.191000, 1606581436.934000
1606581436.961000, 1606581455.211000, 1606581455.211000, 1606581460.479000, 1606581460.479000, 1606581565.772000
