read_start,read_end,cpu_start,cpu_end,write_start,write_end
1606579405.203000, 1606579455.734000, 1606579455.734000, 1606579460.535000, 1606579460.535000, 1606579561.112000
1606579561.138000, 1606579572.639000, 1606579572.639000, 1606579577.984000, 1606579577.984000, 1606579652.165000
1606579652.180000, 1606579661.740000, 1606579661.740000, 1606579667.066000, 1606579667.066000, 1606579752.878000
