read_start,read_end,cpu_start,cpu_end,write_start,write_end
1606586258.649000, 1606586376.297000, 1606586376.297000, 1606586382.420000, 1606586382.420000, 1606586581.723000
1606586581.757000, 1606586611.848000, 1606586611.848000, 1606586617.342000, 1606586617.342000, 1606586802.089000
1606586802.187000, 1606586852.378000, 1606586852.378000, 1606586858.383000, 1606586858.383000, 1606587046.288000
