read_start,read_end,cpu_start,cpu_end,write_start,write_end
1606581608.519000, 1606581686.958000, 1606581686.958000, 1606581691.788000, 1606581691.788000, 1606581824.133000
1606581824.151000, 1606581842.118000, 1606581842.118000, 1606581847.363000, 1606581847.363000, 1606581977.932000
1606581977.961000, 1606581994.508000, 1606581994.508000, 1606581999.701000, 1606581999.701000, 1606582080.733000
