read_start,read_end,cpu_start,cpu_end,write_start,write_end
1606595360.840000, 1606595529.066000, 1606595529.066000, 1606595534.596000, 1606595534.596000, 1606595906.896000
1606595906.913000, 1606595946.976000, 1606595946.976000, 1606595952.870000, 1606595952.870000, 1606596062.010000
1606596062.119000, 1606596070.723000, 1606596070.723000, 1606596075.402000, 1606596075.402000, 1606596105.816000
