read_start,read_end,cpu_start,cpu_end,write_start,write_end
1606578241.599000, 1606578258.514000, 1606578258.514000, 1606578263.484000, 1606578263.484000, 1606578287.772000
1606578287.785000, 1606578290.946000, 1606578290.946000, 1606578296.005000, 1606578296.005000, 1606578323.450000
1606578323.463000, 1606578326.899000, 1606578326.899000, 1606578331.548000, 1606578331.548000, 1606578351.566000
