read_start,read_end,cpu_start,cpu_end,write_start,write_end
1606587971.188000, 1606588100.112000, 1606588100.112000, 1606588105.825000, 1606588105.825000, 1606588382.712000
1606588382.725000, 1606588490.713000, 1606588490.713000, 1606588496.198000, 1606588496.198000, 1606588627.268000
1606588627.360000, 1606588632.292000, 1606588632.292000, 1606588640.320000, 1606588640.320000, 1606588924.834000
