read_start,read_end,cpu_start,cpu_end,write_start,write_end
1606587971.186000, 1606588100.112000, 1606588100.112000, 1606588105.676000, 1606588105.676000, 1606588381.877000
1606588381.888000, 1606588490.025000, 1606588490.025000, 1606588495.054000, 1606588495.054000, 1606588625.460000
1606588625.538000, 1606588631.773000, 1606588631.773000, 1606588640.177000, 1606588640.177000, 1606588924.838000
