read_start,read_end,cpu_start,cpu_end,write_start,write_end
1606588972.461000, 1606589107.069000, 1606589107.069000, 1606589113.102000, 1606589113.102000, 1606589386.817000
1606589386.833000, 1606589484.060000, 1606589484.060000, 1606589489.504000, 1606589489.504000, 1606589843.691000
1606589844.084000, 1606589857.309000, 1606589857.309000, 1606589862.327000, 1606589862.327000, 1606589950.817000
