read_start,read_end,cpu_start,cpu_end,write_start,write_end
1606579107.271000, 1606579152.045000, 1606579152.045000, 1606579156.838000, 1606579156.838000, 1606579225.308000
1606579225.322000, 1606579236.293000, 1606579236.293000, 1606579241.423000, 1606579241.423000, 1606579312.907000
1606579312.921000, 1606579319.800000, 1606579319.800000, 1606579325.033000, 1606579325.033000, 1606579393.310000
