read_start,read_end,cpu_start,cpu_end,write_start,write_end
1606585495.228000, 1606585607.271000, 1606585607.271000, 1606585612.809000, 1606585612.809000, 1606585786.360000
1606585786.410000, 1606585816.413000, 1606585816.413000, 1606585821.873000, 1606585821.873000, 1606585965.066000
1606585965.101000, 1606586037.307000, 1606586037.307000, 1606586042.975000, 1606586042.975000, 1606586230.978000
