read_start,read_end,cpu_start,cpu_end,write_start,write_end
1606586258.653000, 1606586376.412000, 1606586376.412000, 1606586382.404000, 1606586382.404000, 1606586581.722000
1606586581.764000, 1606586611.864000, 1606586611.864000, 1606586617.516000, 1606586617.516000, 1606586835.926000
1606586835.995000, 1606586855.769000, 1606586855.769000, 1606586861.578000, 1606586861.578000, 1606587045.350000
