read_start,read_end,cpu_start,cpu_end,write_start,write_end
1606585495.219000, 1606585607.088000, 1606585607.088000, 1606585612.583000, 1606585612.583000, 1606585786.359000
1606585786.410000, 1606585816.502000, 1606585816.502000, 1606585821.999000, 1606585821.999000, 1606586009.240000
1606586009.276000, 1606586041.549000, 1606586041.549000, 1606586047.710000, 1606586047.710000, 1606586233.874000
