read_start,read_end,cpu_start,cpu_end,write_start,write_end
1606578360.514000, 1606578382.931000, 1606578382.931000, 1606578387.524000, 1606578387.524000, 1606578423.321000
1606578423.335000, 1606578428.751000, 1606578428.751000, 1606578434.023000, 1606578434.023000, 1606578465.433000
1606578465.447000, 1606578467.820000, 1606578467.820000, 1606578472.401000, 1606578472.401000, 1606578492.895000
