read_start,read_end,cpu_start,cpu_end,write_start,write_end
1606597669.523000, 1606597849.353000, 1606597849.353000, 1606597857.127000, 1606597857.127000, 1606598160.155000
1606598160.187000, 1606598230.110000, 1606598230.110000, 1606598235.562000, 1606598235.562000, 1606598706.640000
1606598706.747000, 1606598709.415000, 1606598709.415000, 1606598713.884000, 1606598713.884000, 1606598727.587000
