read_start,read_end,cpu_start,cpu_end,write_start,write_end
1606582180.541000, 1606582264.644000, 1606582264.644000, 1606582269.460000, 1606582269.460000, 1606582419.080000
1606582419.115000, 1606582441.961000, 1606582441.961000, 1606582447.330000, 1606582447.330000, 1606582611.405000
1606582611.419000, 1606582632.091000, 1606582632.091000, 1606582637.796000, 1606582637.796000, 1606582783.524000
