read_start,read_end,cpu_start,cpu_end,write_start,write_end
1606579107.272000, 1606579152.043000, 1606579152.043000, 1606579156.655000, 1606579156.655000, 1606579223.857000
1606579223.871000, 1606579226.387000, 1606579226.387000, 1606579232.274000, 1606579232.274000, 1606579246.282000
1606579246.291000, 1606579253.107000, 1606579253.107000, 1606579257.447000, 1606579257.447000, 1606579313.920000
