read_start,read_end,cpu_start,cpu_end,write_start,write_end
1606595360.815000, 1606595528.856000, 1606595528.856000, 1606595534.595000, 1606595534.595000, 1606595773.847000
1606595773.861000, 1606595782.181000, 1606595782.181000, 1606595788.558000, 1606595788.558000, 1606596279.639000
1606596279.881000, 1606596298.750000, 1606596298.750000, 1606596304.391000, 1606596304.391000, 1606596397.868000
