read_start,read_end,cpu_start,cpu_end,write_start,write_end
1606584751.706000, 1606584858.288000, 1606584858.288000, 1606584864.128000, 1606584864.128000, 1606585045.304000
1606585045.335000, 1606585074.026000, 1606585074.026000, 1606585079.560000, 1606585079.560000, 1606585268.281000
1606585268.328000, 1606585304.310000, 1606585304.310000, 1606585309.472000, 1606585309.472000, 1606585470.802000
