read_start,read_end,cpu_start,cpu_end,write_start,write_end
1606595360.836000, 1606595529.066000, 1606595529.066000, 1606595534.541000, 1606595534.541000, 1606595766.979000
1606595767.006000, 1606595776.445000, 1606595776.445000, 1606595781.590000, 1606595781.590000, 1606595842.100000
1606595842.128000, 1606595871.301000, 1606595871.301000, 1606595876.172000, 1606595876.172000, 1606596301.160000
