read_start,read_end,cpu_start,cpu_end,write_start,write_end
1606595360.833000, 1606595529.066000, 1606595529.066000, 1606595535.755000, 1606595535.755000, 1606595788.922000
1606595788.934000, 1606595853.877000, 1606595853.877000, 1606595859.593000, 1606595859.593000, 1606596282.073000
1606596282.168000, 1606596300.166000, 1606596300.166000, 1606596305.315000, 1606596305.315000, 1606596404.874000
