read_start,read_end,cpu_start,cpu_end,write_start,write_end
1606584050.463000, 1606584151.267000, 1606584151.267000, 1606584156.460000, 1606584156.460000, 1606584323.314000
1606584323.360000, 1606584349.743000, 1606584349.743000, 1606584355.318000, 1606584355.318000, 1606584538.344000
1606584538.359000, 1606584543.044000, 1606584543.044000, 1606584548.780000, 1606584548.780000, 1606584689.158000
