read_start,read_end,cpu_start,cpu_end,write_start,write_end
1606587971.199000, 1606588100.115000, 1606588100.115000, 1606588105.966000, 1606588105.966000, 1606588385.533000
1606588385.553000, 1606588493.504000, 1606588493.504000, 1606588499.309000, 1606588499.309000, 1606588615.191000
1606588615.305000, 1606588628.745000, 1606588628.745000, 1606588636.213000, 1606588636.213000, 1606588924.834000
