read_start,read_end,cpu_start,cpu_end,write_start,write_end
1606578874.030000, 1606578913.239000, 1606578913.239000, 1606578918.306000, 1606578918.306000, 1606578976.447000
1606578976.461000, 1606578985.177000, 1606578985.177000, 1606578990.081000, 1606578990.081000, 1606579044.712000
1606579044.726000, 1606579049.548000, 1606579049.548000, 1606579054.880000, 1606579054.880000, 1606579097.509000
