read_start,read_end,cpu_start,cpu_end,write_start,write_end
1606583399.679000, 1606583494.946000, 1606583494.946000, 1606583500.180000, 1606583500.180000, 1606583654.030000
1606583654.057000, 1606583679.196000, 1606583679.196000, 1606583684.627000, 1606583684.627000, 1606583897.735000
1606583897.750000, 1606583939.259000, 1606583939.259000, 1606583945.043000, 1606583945.043000, 1606583998.602000
