read_start,read_end,cpu_start,cpu_end,write_start,write_end
1606588972.480000, 1606589107.075000, 1606589107.075000, 1606589112.698000, 1606589112.698000, 1606589366.814000
1606589366.831000, 1606589380.222000, 1606589380.222000, 1606589386.663000, 1606589386.663000, 1606589534.776000
1606589534.826000, 1606589654.173000, 1606589654.173000, 1606589658.926000, 1606589658.926000, 1606589967.040000
