read_start,read_end,cpu_start,cpu_end,write_start,write_end
1606590012.696000, 1606590152.892000, 1606590152.892000, 1606590158.704000, 1606590158.704000, 1606590422.127000
1606590422.141000, 1606590498.265000, 1606590498.265000, 1606590503.245000, 1606590503.245000, 1606590880.251000
1606590880.566000, 1606590895.018000, 1606590895.018000, 1606590899.760000, 1606590899.760000, 1606590962.362000
