read_start,read_end,cpu_start,cpu_end,write_start,write_end
1606580187.189000, 1606580248.994000, 1606580248.994000, 1606580254.130000, 1606580254.130000, 1606580356.351000
1606580356.386000, 1606580373.518000, 1606580373.518000, 1606580378.416000, 1606580378.416000, 1606580508.758000
1606580508.773000, 1606580516.578000, 1606580516.578000, 1606580522.500000, 1606580522.500000, 1606580612.254000
