read_start,read_end,cpu_start,cpu_end,write_start,write_end
1606579779.971000, 1606579836.134000, 1606579836.134000, 1606579841.482000, 1606579841.482000, 1606579942.134000
1606579942.162000, 1606579957.168000, 1606579957.168000, 1606579962.489000, 1606579962.489000, 1606580061.938000
1606580061.953000, 1606580074.528000, 1606580074.528000, 1606580079.713000, 1606580079.713000, 1606580174.438000
