read_start,read_end,cpu_start,cpu_end,write_start,write_end
1606578105.580000, 1606578111.414000, 1606578111.414000, 1606578115.764000, 1606578115.764000, 1606578126.107000
1606578126.120000, 1606578127.890000, 1606578127.890000, 1606578132.232000, 1606578132.232000, 1606578141.844000
1606578141.853000, 1606578143.642000, 1606578143.642000, 1606578147.983000, 1606578147.983000, 1606578158.058000
