read_start,read_end,cpu_start,cpu_end,write_start,write_end
1606590012.679000, 1606590152.775000, 1606590152.775000, 1606590158.572000, 1606590158.572000, 1606590424.117000
1606590424.144000, 1606590506.720000, 1606590506.720000, 1606590511.401000, 1606590511.401000, 1606590880.253000
1606590880.847000, 1606590894.158000, 1606590894.158000, 1606590899.188000, 1606590899.188000, 1606590962.832000
