read_start,read_end,cpu_start,cpu_end,write_start,write_end
1606592054.777000, 1606592206.133000, 1606592206.133000, 1606592212.200000, 1606592212.200000, 1606592475.004000
1606592475.019000, 1606592500.290000, 1606592500.290000, 1606592506.371000, 1606592506.371000, 1606592782.160000
1606592782.299000, 1606592791.332000, 1606592791.332000, 1606592796.021000, 1606592796.021000, 1606592851.632000
