read_start,read_end,cpu_start,cpu_end,write_start,write_end
1606579405.199000, 1606579455.729000, 1606579455.729000, 1606579460.343000, 1606579460.343000, 1606579561.112000
1606579561.137000, 1606579572.152000, 1606579572.152000, 1606579577.457000, 1606579577.457000, 1606579649.349000
1606579649.376000, 1606579659.556000, 1606579659.556000, 1606579664.593000, 1606579664.593000, 1606579750.874000
