read_start,read_end,cpu_start,cpu_end,write_start,write_end
1606581608.509000, 1606581686.957000, 1606581686.957000, 1606581692.214000, 1606581692.214000, 1606581824.170000
1606581824.201000, 1606581842.749000, 1606581842.749000, 1606581848.107000, 1606581848.107000, 1606581977.601000
1606581977.635000, 1606581994.506000, 1606581994.506000, 1606581999.559000, 1606581999.559000, 1606582106.987000
