read_start,read_end,cpu_start,cpu_end,write_start,write_end
1606582180.528000, 1606582264.639000, 1606582264.639000, 1606582269.853000, 1606582269.853000, 1606582418.830000
1606582418.868000, 1606582441.825000, 1606582441.825000, 1606582447.259000, 1606582447.259000, 1606582608.679000
1606582608.727000, 1606582631.792000, 1606582631.792000, 1606582637.028000, 1606582637.028000, 1606582783.524000
