read_start,read_end,cpu_start,cpu_end,write_start,write_end
1606591010.736000, 1606591156.380000, 1606591156.380000, 1606591162.209000, 1606591162.209000, 1606591412.304000
1606591412.318000, 1606591442.629000, 1606591442.629000, 1606591449.039000, 1606591449.039000, 1606591813.000000
1606591813.994000, 1606591841.012000, 1606591841.012000, 1606591846.720000, 1606591846.720000, 1606592006.106000
