read_start,read_end,cpu_start,cpu_end,write_start,write_end
1606590012.687000, 1606590152.892000, 1606590152.892000, 1606590158.769000, 1606590158.769000, 1606590424.858000
1606590424.873000, 1606590563.793000, 1606590563.793000, 1606590568.761000, 1606590568.761000, 1606590880.253000
1606590880.963000, 1606590895.071000, 1606590895.071000, 1606590899.832000, 1606590899.832000, 1606590962.608000
