read_start,read_end,cpu_start,cpu_end,write_start,write_end
1606597669.523000, 1606597849.352000, 1606597849.352000, 1606597856.041000, 1606597856.041000, 1606598148.290000
1606598148.322000, 1606598184.399000, 1606598184.399000, 1606598190.539000, 1606598190.539000, 1606598709.081000
1606598709.159000, 1606598716.358000, 1606598716.358000, 1606598721.314000, 1606598721.314000, 1606598738.155000
