read_start,read_end,cpu_start,cpu_end,write_start,write_end
1606587103.107000, 1606587226.384000, 1606587226.384000, 1606587231.802000, 1606587231.802000, 1606587445.521000
1606587445.540000, 1606587577.444000, 1606587577.444000, 1606587581.882000, 1606587581.882000, 1606587668.681000
1606587668.790000, 1606587691.738000, 1606587691.738000, 1606587697.310000, 1606587697.310000, 1606587765.609000
