read_start,read_end,cpu_start,cpu_end,write_start,write_end
1606580187.184000, 1606580248.990000, 1606580248.990000, 1606580253.825000, 1606580253.825000, 1606580357.641000
1606580357.656000, 1606580373.674000, 1606580373.674000, 1606580378.566000, 1606580378.566000, 1606580499.272000
1606580499.296000, 1606580512.414000, 1606580512.414000, 1606580517.729000, 1606580517.729000, 1606580591.380000
