read_start,read_end,cpu_start,cpu_end,write_start,write_end
1606590012.686000, 1606590152.892000, 1606590152.892000, 1606590159.076000, 1606590159.076000, 1606590424.088000
1606590424.112000, 1606590506.657000, 1606590506.657000, 1606590511.885000, 1606590511.885000, 1606590880.258000
1606590880.889000, 1606590894.697000, 1606590894.697000, 1606590899.724000, 1606590899.724000, 1606590962.361000
