read_start,read_end,cpu_start,cpu_end,write_start,write_end
1606597669.509000, 1606597849.349000, 1606597849.349000, 1606597855.903000, 1606597855.903000, 1606598148.324000
1606598148.356000, 1606598184.439000, 1606598184.439000, 1606598190.688000, 1606598190.688000, 1606598590.391000
1606598590.463000, 1606598617.308000, 1606598617.308000, 1606598622.336000, 1606598622.336000, 1606598658.287000
