read_start,read_end,cpu_start,cpu_end,write_start,write_end
1606592054.767000, 1606592206.133000, 1606592206.133000, 1606592212.632000, 1606592212.632000, 1606592476.825000
1606592476.840000, 1606592502.498000, 1606592502.498000, 1606592509.710000, 1606592509.710000, 1606592799.816000
1606592800.310000, 1606592846.761000, 1606592846.761000, 1606592853.054000, 1606592853.054000, 1606593103.648000
