read_start,read_end,cpu_start,cpu_end,write_start,write_end
1606583399.689000, 1606583494.953000, 1606583494.953000, 1606583499.710000, 1606583499.710000, 1606583654.040000
1606583654.073000, 1606583678.419000, 1606583678.419000, 1606583683.915000, 1606583683.915000, 1606583943.881000
1606583943.894000, 1606583955.131000, 1606583955.131000, 1606583960.259000, 1606583960.259000, 1606584024.061000
