read_start,read_end,cpu_start,cpu_end,write_start,write_end
1606578498.286000, 1606578526.252000, 1606578526.252000, 1606578531.250000, 1606578531.250000, 1606578571.236000
1606578571.249000, 1606578577.328000, 1606578577.328000, 1606578582.536000, 1606578582.536000, 1606578619.672000
1606578619.685000, 1606578623.237000, 1606578623.237000, 1606578628.133000, 1606578628.133000, 1606578654.361000
