read_start,read_end,cpu_start,cpu_end,write_start,write_end
1606594241.509000, 1606594403.733000, 1606594403.733000, 1606594409.937000, 1606594409.937000, 1606594685.885000
1606594685.907000, 1606594815.188000, 1606594815.188000, 1606594819.610000, 1606594819.610000, 1606595023.329000
1606595023.544000, 1606595061.252000, 1606595061.252000, 1606595066.573000, 1606595066.573000, 1606595330.120000
