read_start,read_end,cpu_start,cpu_end,write_start,write_end
1606594241.516000, 1606594403.994000, 1606594403.994000, 1606594409.688000, 1606594409.688000, 1606594654.670000
1606594654.683000, 1606594683.375000, 1606594683.375000, 1606594689.748000, 1606594689.748000, 1606595023.492000
1606595024.444000, 1606595061.624000, 1606595061.624000, 1606595066.718000, 1606595066.718000, 1606595330.558000
