read_start,read_end,cpu_start,cpu_end,write_start,write_end
1606584050.457000, 1606584151.004000, 1606584151.004000, 1606584156.718000, 1606584156.718000, 1606584323.314000
1606584323.360000, 1606584349.725000, 1606584349.725000, 1606584355.206000, 1606584355.206000, 1606584472.106000
1606584472.121000, 1606584534.033000, 1606584534.033000, 1606584540.185000, 1606584540.185000, 1606584715.770000
