read_start,read_end,cpu_start,cpu_end,write_start,write_end
1606587971.173000, 1606588099.894000, 1606588099.894000, 1606588105.021000, 1606588105.021000, 1606588358.157000
1606588358.178000, 1606588370.516000, 1606588370.516000, 1606588376.713000, 1606588376.713000, 1606588631.565000
1606588631.800000, 1606588723.027000, 1606588723.027000, 1606588728.552000, 1606588728.552000, 1606588910.534000
