read_start,read_end,cpu_start,cpu_end,write_start,write_end
1606591010.761000, 1606591156.521000, 1606591156.521000, 1606591162.938000, 1606591162.938000, 1606591418.238000
1606591418.264000, 1606591446.593000, 1606591446.593000, 1606591452.316000, 1606591452.316000, 1606591812.818000
1606591812.888000, 1606591839.662000, 1606591839.662000, 1606591845.253000, 1606591845.253000, 1606592016.464000
