read_start,read_end,cpu_start,cpu_end,write_start,write_end
1606578498.284000, 1606578526.243000, 1606578526.243000, 1606578530.866000, 1606578530.866000, 1606578571.594000
1606578571.607000, 1606578577.550000, 1606578577.550000, 1606578582.373000, 1606578582.373000, 1606578619.842000
1606578619.855000, 1606578623.675000, 1606578623.675000, 1606578628.172000, 1606578628.172000, 1606578654.974000
