read_start,read_end,cpu_start,cpu_end,write_start,write_end
1606582802.745000, 1606582892.140000, 1606582892.140000, 1606582897.303000, 1606582897.303000, 1606583051.466000
1606583051.481000, 1606583075.384000, 1606583075.384000, 1606583080.517000, 1606583080.517000, 1606583197.503000
1606583197.555000, 1606583220.743000, 1606583220.743000, 1606583226.238000, 1606583226.238000, 1606583362.985000
