read_start,read_end,cpu_start,cpu_end,write_start,write_end
1606582802.742000, 1606582892.152000, 1606582892.152000, 1606582897.366000, 1606582897.366000, 1606583023.507000
1606583023.525000, 1606583046.505000, 1606583046.505000, 1606583052.021000, 1606583052.021000, 1606583202.258000
1606583202.272000, 1606583221.504000, 1606583221.504000, 1606583227.223000, 1606583227.223000, 1606583367.339000
