read_start,read_end,cpu_start,cpu_end,write_start,write_end
1606588972.467000, 1606589107.073000, 1606589107.073000, 1606589112.802000, 1606589112.802000, 1606589373.789000
1606589373.800000, 1606589396.981000, 1606589396.981000, 1606589402.346000, 1606589402.346000, 1606589667.417000
1606589667.499000, 1606589683.379000, 1606589683.379000, 1606589688.304000, 1606589688.304000, 1606589824.228000
