read_start,read_end,cpu_start,cpu_end,write_start,write_end
1606587971.178000, 1606588100.002000, 1606588100.002000, 1606588105.123000, 1606588105.123000, 1606588358.161000
1606588358.181000, 1606588370.518000, 1606588370.518000, 1606588375.803000, 1606588375.803000, 1606588631.574000
1606588631.769000, 1606588718.564000, 1606588718.564000, 1606588723.337000, 1606588723.337000, 1606588903.161000
