read_start,read_end,cpu_start,cpu_end,write_start,write_end
1606591010.734000, 1606591156.346000, 1606591156.346000, 1606591163.095000, 1606591163.095000, 1606591418.138000
1606591418.152000, 1606591446.580000, 1606591446.580000, 1606591452.502000, 1606591452.502000, 1606591812.915000
1606591813.984000, 1606591840.737000, 1606591840.737000, 1606591846.992000, 1606591846.992000, 1606592016.465000
