read_start,read_end,cpu_start,cpu_end,write_start,write_end
1606579779.969000, 1606579836.134000, 1606579836.134000, 1606579840.874000, 1606579840.874000, 1606579942.134000
1606579942.159000, 1606579957.110000, 1606579957.110000, 1606579962.083000, 1606579962.083000, 1606580021.723000
1606580021.738000, 1606580073.644000, 1606580073.644000, 1606580078.900000, 1606580078.900000, 1606580170.752000
