read_start,read_end,cpu_start,cpu_end,write_start,write_end
1606588972.450000, 1606589106.854000, 1606589106.854000, 1606589113.238000, 1606589113.238000, 1606589386.749000
1606589386.766000, 1606589484.035000, 1606589484.035000, 1606589489.061000, 1606589489.061000, 1606589843.688000
1606589843.990000, 1606589857.222000, 1606589857.222000, 1606589862.351000, 1606589862.351000, 1606589943.392000
