read_start,read_end,cpu_start,cpu_end,write_start,write_end
1606587971.181000, 1606588100.008000, 1606588100.008000, 1606588105.133000, 1606588105.133000, 1606588358.155000
1606588358.177000, 1606588370.512000, 1606588370.512000, 1606588375.865000, 1606588375.865000, 1606588631.566000
1606588631.765000, 1606588720.865000, 1606588720.865000, 1606588725.824000, 1606588725.824000, 1606588905.102000
