read_start,read_end,cpu_start,cpu_end,write_start,write_end
1606596484.395000, 1606596658.332000, 1606596658.332000, 1606596664.560000, 1606596664.560000, 1606597039.415000
1606597039.430000, 1606597116.657000, 1606597116.657000, 1606597122.302000, 1606597122.302000, 1606597464.283000
1606597464.502000, 1606597490.086000, 1606597490.086000, 1606597496.009000, 1606597496.009000, 1606597638.183000
