read_start,read_end,cpu_start,cpu_end,write_start,write_end
1606597669.514000, 1606597849.349000, 1606597849.349000, 1606597855.826000, 1606597855.826000, 1606598147.735000
1606598147.752000, 1606598183.318000, 1606598183.318000, 1606598189.336000, 1606598189.336000, 1606598511.924000
1606598512.013000, 1606598522.567000, 1606598522.567000, 1606598528.896000, 1606598528.896000, 1606598775.682000
