read_start,read_end,cpu_start,cpu_end,write_start,write_end
1606597669.498000, 1606597849.161000, 1606597849.161000, 1606597855.535000, 1606597855.535000, 1606598141.513000
1606598141.546000, 1606598165.799000, 1606598165.799000, 1606598171.839000, 1606598171.839000, 1606598420.581000
1606598420.650000, 1606598438.365000, 1606598438.365000, 1606598443.749000, 1606598443.749000, 1606598787.637000
