read_start,read_end,cpu_start,cpu_end,write_start,write_end
1606590012.698000, 1606590152.892000, 1606590152.892000, 1606590158.500000, 1606590158.500000, 1606590401.159000
1606590401.175000, 1606590421.202000, 1606590421.202000, 1606590428.004000, 1606590428.004000, 1606590592.662000
1606590592.734000, 1606590684.017000, 1606590684.017000, 1606590689.094000, 1606590689.094000, 1606590870.086000
