read_start,read_end,cpu_start,cpu_end,write_start,write_end
1606597669.529000, 1606597849.353000, 1606597849.353000, 1606597856.215000, 1606597856.215000, 1606598157.820000
1606598157.854000, 1606598224.555000, 1606598224.555000, 1606598229.752000, 1606598229.752000, 1606598511.934000
1606598512.039000, 1606598522.582000, 1606598522.582000, 1606598528.907000, 1606598528.907000, 1606598776.127000
