read_start,read_end,cpu_start,cpu_end,write_start,write_end
1606585495.227000, 1606585607.271000, 1606585607.271000, 1606585612.733000, 1606585612.733000, 1606585786.360000
1606585786.410000, 1606585816.438000, 1606585816.438000, 1606585821.870000, 1606585821.870000, 1606585964.694000
1606585964.727000, 1606586036.957000, 1606586036.957000, 1606586042.544000, 1606586042.544000, 1606586093.745000
