read_start,read_end,cpu_start,cpu_end,write_start,write_end
1606584050.454000, 1606584151.042000, 1606584151.042000, 1606584156.190000, 1606584156.190000, 1606584323.315000
1606584323.368000, 1606584349.742000, 1606584349.742000, 1606584355.266000, 1606584355.266000, 1606584539.208000
1606584539.220000, 1606584599.083000, 1606584599.083000, 1606584604.713000, 1606584604.713000, 1606584698.438000
