read_start,read_end,cpu_start,cpu_end,write_start,write_end
1606592054.765000, 1606592206.133000, 1606592206.133000, 1606592212.388000, 1606592212.388000, 1606592476.214000
1606592476.240000, 1606592502.349000, 1606592502.349000, 1606592509.627000, 1606592509.627000, 1606592799.540000
1606592799.672000, 1606592846.598000, 1606592846.598000, 1606592852.995000, 1606592852.995000, 1606593101.764000
