read_start,read_end,cpu_start,cpu_end,write_start,write_end
1606585495.222000, 1606585607.269000, 1606585607.269000, 1606585612.531000, 1606585612.531000, 1606585786.359000
1606585786.415000, 1606585816.763000, 1606585816.763000, 1606585822.588000, 1606585822.588000, 1606586016.515000
1606586016.557000, 1606586041.834000, 1606586041.834000, 1606586048.971000, 1606586048.971000, 1606586230.983000
