read_start,read_end,cpu_start,cpu_end,write_start,write_end
1606595360.843000, 1606595529.067000, 1606595529.067000, 1606595534.536000, 1606595534.536000, 1606595766.980000
1606595767.006000, 1606595776.364000, 1606595776.364000, 1606595781.349000, 1606595781.349000, 1606595840.943000
1606595840.998000, 1606595871.244000, 1606595871.244000, 1606595876.042000, 1606595876.042000, 1606596296.019000
