read_start,read_end,cpu_start,cpu_end,write_start,write_end
1606594241.528000, 1606594404.097000, 1606594404.097000, 1606594409.493000, 1606594409.493000, 1606594647.767000
1606594647.788000, 1606594679.865000, 1606594679.865000, 1606594686.487000, 1606594686.487000, 1606595023.460000
1606595024.082000, 1606595061.594000, 1606595061.594000, 1606595067.907000, 1606595067.907000, 1606595331.377000
