read_start,read_end,cpu_start,cpu_end,write_start,write_end
1606584751.699000, 1606584858.188000, 1606584858.188000, 1606584863.388000, 1606584863.388000, 1606585053.776000
1606585053.792000, 1606585075.040000, 1606585075.040000, 1606585081.466000, 1606585081.466000, 1606585268.349000
1606585268.497000, 1606585304.395000, 1606585304.395000, 1606585309.747000, 1606585309.747000, 1606585470.562000
