read_start,read_end,cpu_start,cpu_end,write_start,write_end
1606579405.193000, 1606579455.566000, 1606579455.566000, 1606579460.795000, 1606579460.795000, 1606579574.825000
1606579574.839000, 1606579576.735000, 1606579576.735000, 1606579582.897000, 1606579582.897000, 1606579665.140000
1606579665.151000, 1606579669.856000, 1606579669.856000, 1606579674.863000, 1606579674.863000, 1606579768.328000
