read_start,read_end,cpu_start,cpu_end,write_start,write_end
1606595360.829000, 1606595529.066000, 1606595529.066000, 1606595535.044000, 1606595535.044000, 1606596281.848000
1606596281.863000, 1606596299.958000, 1606596299.958000, 1606596305.695000, 1606596305.695000, 1606596405.385000
1606596405.450000, 1606596420.845000, 1606596420.845000, 1606596425.231000, 1606596425.231000, 1606596448.640000
