read_start,read_end,cpu_start,cpu_end,write_start,write_end
1606591010.764000, 1606591156.521000, 1606591156.521000, 1606591162.524000, 1606591162.524000, 1606591408.627000
1606591408.652000, 1606591440.220000, 1606591440.220000, 1606591446.359000, 1606591446.359000, 1606591812.964000
1606591813.753000, 1606591840.986000, 1606591840.986000, 1606591846.476000, 1606591846.476000, 1606592026.156000
