read_start,read_end,cpu_start,cpu_end,write_start,write_end
1606584751.712000, 1606584858.288000, 1606584858.288000, 1606584863.724000, 1606584863.724000, 1606585045.031000
1606585045.052000, 1606585073.123000, 1606585073.123000, 1606585078.621000, 1606585078.621000, 1606585268.289000
1606585268.330000, 1606585303.494000, 1606585303.494000, 1606585308.640000, 1606585308.640000, 1606585464.037000
