read_start,read_end,cpu_start,cpu_end,write_start,write_end
1606592054.766000, 1606592206.133000, 1606592206.133000, 1606592212.310000, 1606592212.310000, 1606592477.928000
1606592477.942000, 1606592502.902000, 1606592502.902000, 1606592510.418000, 1606592510.418000, 1606592800.028000
1606592800.820000, 1606592846.750000, 1606592846.750000, 1606592852.877000, 1606592852.877000, 1606593101.748000
