read_start,read_end,cpu_start,cpu_end,write_start,write_end
1606590012.673000, 1606590152.567000, 1606590152.567000, 1606590158.394000, 1606590158.394000, 1606590397.735000
1606590397.765000, 1606590417.307000, 1606590417.307000, 1606590423.180000, 1606590423.180000, 1606590618.606000
1606590618.658000, 1606590693.764000, 1606590693.764000, 1606590699.494000, 1606590699.494000, 1606590880.346000
