read_start,read_end,cpu_start,cpu_end,write_start,write_end
1606583399.677000, 1606583494.889000, 1606583494.889000, 1606583500.083000, 1606583500.083000, 1606583654.032000
1606583654.059000, 1606583679.178000, 1606583679.178000, 1606583684.676000, 1606583684.676000, 1606583939.305000
1606583939.317000, 1606583952.026000, 1606583952.026000, 1606583957.106000, 1606583957.106000, 1606584000.324000
