read_start,read_end,cpu_start,cpu_end,write_start,write_end
1606596484.368000, 1606596658.331000, 1606596658.331000, 1606596664.536000, 1606596664.536000, 1606596965.411000
1606596965.425000, 1606596992.661000, 1606596992.661000, 1606596997.962000, 1606596997.962000, 1606597472.904000
1606597472.978000, 1606597492.585000, 1606597492.585000, 1606597497.943000, 1606597497.943000, 1606597638.142000
