read_start,read_end,cpu_start,cpu_end,write_start,write_end
1606582802.760000, 1606582892.350000, 1606582892.350000, 1606582897.105000, 1606582897.105000, 1606582974.870000
1606582974.884000, 1606583043.757000, 1606583043.757000, 1606583049.162000, 1606583049.162000, 1606583065.843000
1606583065.858000, 1606583159.327000, 1606583159.327000, 1606583164.110000, 1606583164.110000, 1606583228.373000
