read_start,read_end,cpu_start,cpu_end,write_start,write_end
1606584751.711000, 1606584858.288000, 1606584858.288000, 1606584863.590000, 1606584863.590000, 1606585045.383000
1606585045.413000, 1606585074.174000, 1606585074.174000, 1606585079.825000, 1606585079.825000, 1606585268.284000
1606585268.325000, 1606585304.334000, 1606585304.334000, 1606585309.515000, 1606585309.515000, 1606585471.496000
