read_start,read_end,cpu_start,cpu_end,write_start,write_end
1606579107.265000, 1606579151.988000, 1606579151.988000, 1606579156.888000, 1606579156.888000, 1606579225.507000
1606579225.527000, 1606579236.634000, 1606579236.634000, 1606579241.656000, 1606579241.656000, 1606579309.372000
1606579309.391000, 1606579319.106000, 1606579319.106000, 1606579324.038000, 1606579324.038000, 1606579393.212000
