read_start,read_end,cpu_start,cpu_end,write_start,write_end
1606583399.675000, 1606583494.860000, 1606583494.860000, 1606583500.112000, 1606583500.112000, 1606583654.030000
1606583654.058000, 1606583679.192000, 1606583679.192000, 1606583684.544000, 1606583684.544000, 1606583943.108000
1606583943.128000, 1606583954.719000, 1606583954.719000, 1606583959.885000, 1606583959.885000, 1606584020.655000
