read_start,read_end,cpu_start,cpu_end,write_start,write_end
1606587971.184000, 1606588100.103000, 1606588100.103000, 1606588105.395000, 1606588105.395000, 1606588358.145000
1606588358.171000, 1606588370.516000, 1606588370.516000, 1606588376.750000, 1606588376.750000, 1606588631.565000
1606588631.834000, 1606588723.479000, 1606588723.479000, 1606588728.401000, 1606588728.401000, 1606588910.256000
