read_start,read_end,cpu_start,cpu_end,write_start,write_end
1606587103.097000, 1606587226.380000, 1606587226.380000, 1606587232.152000, 1606587232.152000, 1606587419.067000
1606587419.086000, 1606587439.932000, 1606587439.932000, 1606587446.417000, 1606587446.417000, 1606587677.683000
1606587677.862000, 1606587707.086000, 1606587707.086000, 1606587712.768000, 1606587712.768000, 1606587943.863000
