read_start,read_end,cpu_start,cpu_end,write_start,write_end
1606587971.200000, 1606588100.119000, 1606588100.119000, 1606588105.872000, 1606588105.872000, 1606588384.409000
1606588384.428000, 1606588493.224000, 1606588493.224000, 1606588498.572000, 1606588498.572000, 1606588611.213000
1606588611.318000, 1606588627.894000, 1606588627.894000, 1606588634.624000, 1606588634.624000, 1606588924.841000
