read_start,read_end,cpu_start,cpu_end,write_start,write_end
1606596484.364000, 1606596658.320000, 1606596658.320000, 1606596664.165000, 1606596664.165000, 1606597043.504000
1606597043.520000, 1606597116.735000, 1606597116.735000, 1606597122.215000, 1606597122.215000, 1606597463.882000
1606597464.071000, 1606597489.624000, 1606597489.624000, 1606597495.537000, 1606597495.537000, 1606597638.071000
