read_start,read_end,cpu_start,cpu_end,write_start,write_end
1606593132.801000, 1606593289.770000, 1606593289.770000, 1606593295.664000, 1606593295.664000, 1606593577.410000
1606593577.423000, 1606593613.992000, 1606593613.992000, 1606593619.908000, 1606593619.908000, 1606594024.896000
1606594024.980000, 1606594039.238000, 1606594039.238000, 1606594044.051000, 1606594044.051000, 1606594123.709000
