read_start,read_end,cpu_start,cpu_end,write_start,write_end
1606584751.708000, 1606584858.286000, 1606584858.286000, 1606584863.487000, 1606584863.487000, 1606585045.383000
1606585045.415000, 1606585074.173000, 1606585074.173000, 1606585080.176000, 1606585080.176000, 1606585268.287000
1606585268.323000, 1606585304.380000, 1606585304.380000, 1606585310.151000, 1606585310.151000, 1606585470.878000
