read_start,read_end,cpu_start,cpu_end,write_start,write_end
1606584751.696000, 1606584858.023000, 1606584858.023000, 1606584863.368000, 1606584863.368000, 1606585052.016000
1606585052.030000, 1606585074.888000, 1606585074.888000, 1606585080.669000, 1606585080.669000, 1606585268.352000
1606585268.390000, 1606585304.376000, 1606585304.376000, 1606585309.737000, 1606585309.737000, 1606585470.553000
