read_start,read_end,cpu_start,cpu_end,write_start,write_end
1606580626.787000, 1606580694.223000, 1606580694.223000, 1606580699.339000, 1606580699.339000, 1606580815.913000
1606580815.941000, 1606580831.762000, 1606580831.762000, 1606580836.902000, 1606580836.902000, 1606580940.220000
1606580940.235000, 1606580950.003000, 1606580950.003000, 1606580955.569000, 1606580955.569000, 1606581060.139000
