read_start,read_end,cpu_start,cpu_end,write_start,write_end
1606596484.361000, 1606596658.319000, 1606596658.319000, 1606596664.078000, 1606596664.078000, 1606596952.322000
1606596952.336000, 1606596968.582000, 1606596968.582000, 1606596974.509000, 1606596974.509000, 1606597334.776000
1606597334.853000, 1606597350.873000, 1606597350.873000, 1606597355.798000, 1606597355.798000, 1606597460.167000
