read_start,read_end,cpu_start,cpu_end,write_start,write_end
1606587971.174000, 1606588099.792000, 1606588099.792000, 1606588105.496000, 1606588105.496000, 1606588365.646000
1606588365.659000, 1606588375.761000, 1606588375.761000, 1606588381.907000, 1606588381.907000, 1606588631.568000
1606588631.738000, 1606588718.885000, 1606588718.885000, 1606588723.764000, 1606588723.764000, 1606588903.440000
