read_start,read_end,cpu_start,cpu_end,write_start,write_end
1606584050.465000, 1606584151.274000, 1606584151.274000, 1606584156.467000, 1606584156.467000, 1606584331.779000
1606584331.793000, 1606584351.396000, 1606584351.396000, 1606584357.176000, 1606584357.176000, 1606584524.558000
1606584524.573000, 1606584536.097000, 1606584536.097000, 1606584543.592000, 1606584543.592000, 1606584715.879000
