read_start,read_end,cpu_start,cpu_end,write_start,write_end
1606584751.705000, 1606584858.288000, 1606584858.288000, 1606584863.926000, 1606584863.926000, 1606585045.239000
1606585045.256000, 1606585073.881000, 1606585073.881000, 1606585079.550000, 1606585079.550000, 1606585268.325000
1606585268.347000, 1606585304.323000, 1606585304.323000, 1606585309.687000, 1606585309.687000, 1606585470.562000
