read_start,read_end,cpu_start,cpu_end,write_start,write_end
1606597669.515000, 1606597849.351000, 1606597849.351000, 1606597856.055000, 1606597856.055000, 1606598149.239000
1606598149.293000, 1606598185.433000, 1606598185.433000, 1606598191.096000, 1606598191.096000, 1606598595.339000
1606598595.373000, 1606598617.959000, 1606598617.959000, 1606598622.832000, 1606598622.832000, 1606598658.039000
