read_start,read_end,cpu_start,cpu_end,write_start,write_end
1606581608.499000, 1606581686.701000, 1606581686.701000, 1606581692.118000, 1606581692.118000, 1606581824.173000
1606581824.203000, 1606581842.749000, 1606581842.749000, 1606581848.058000, 1606581848.058000, 1606581977.601000
1606581977.635000, 1606581994.506000, 1606581994.506000, 1606581999.738000, 1606581999.738000, 1606582105.387000
