read_start,read_end,cpu_start,cpu_end,write_start,write_end
1606586258.665000, 1606586376.415000, 1606586376.415000, 1606586382.427000, 1606586382.427000, 1606586581.935000
1606586581.976000, 1606586611.954000, 1606586611.954000, 1606586617.575000, 1606586617.575000, 1606586867.465000
1606586867.527000, 1606587026.306000, 1606587026.306000, 1606587031.326000, 1606587031.326000, 1606587065.441000
