read_start,read_end,cpu_start,cpu_end,write_start,write_end
1606586258.669000, 1606586376.415000, 1606586376.415000, 1606586382.451000, 1606586382.451000, 1606586581.723000
1606586581.766000, 1606586611.660000, 1606586611.660000, 1606586617.111000, 1606586617.111000, 1606586799.242000
1606586799.306000, 1606586851.979000, 1606586851.979000, 1606586857.954000, 1606586857.954000, 1606587070.443000
