read_start,read_end,cpu_start,cpu_end,write_start,write_end
1606597669.517000, 1606597849.352000, 1606597849.352000, 1606597855.858000, 1606597855.858000, 1606598146.170000
1606598146.197000, 1606598179.622000, 1606598179.622000, 1606598185.191000, 1606598185.191000, 1606598511.320000
1606598511.372000, 1606598522.233000, 1606598522.233000, 1606598528.547000, 1606598528.547000, 1606598774.725000
