read_start,read_end,cpu_start,cpu_end,write_start,write_end
1606596484.354000, 1606596658.028000, 1606596658.028000, 1606596664.403000, 1606596664.403000, 1606596963.906000
1606596963.924000, 1606596991.719000, 1606596991.719000, 1606596997.017000, 1606596997.017000, 1606597463.869000
1606597463.980000, 1606597489.327000, 1606597489.327000, 1606597495.269000, 1606597495.269000, 1606597638.183000
