read_start,read_end,cpu_start,cpu_end,write_start,write_end
1606579405.204000, 1606579455.733000, 1606579455.733000, 1606579460.686000, 1606579460.686000, 1606579561.112000
1606579561.138000, 1606579572.639000, 1606579572.639000, 1606579577.984000, 1606579577.984000, 1606579653.461000
1606579653.476000, 1606579662.111000, 1606579662.111000, 1606579667.381000, 1606579667.381000, 1606579755.234000
