read_start,read_end,cpu_start,cpu_end,write_start,write_end
1606593132.791000, 1606593289.641000, 1606593289.641000, 1606593295.238000, 1606593295.238000, 1606593568.817000
1606593568.830000, 1606593584.449000, 1606593584.449000, 1606593589.794000, 1606593589.794000, 1606593688.293000
1606593688.307000, 1606593736.790000, 1606593736.790000, 1606593741.337000, 1606593741.337000, 1606593811.432000
