read_start,read_end,cpu_start,cpu_end,write_start,write_end
1606593132.797000, 1606593289.767000, 1606593289.767000, 1606593295.416000, 1606593295.416000, 1606593579.344000
1606593579.359000, 1606593616.131000, 1606593616.131000, 1606593622.871000, 1606593622.871000, 1606593878.366000
1606593878.447000, 1606593891.211000, 1606593891.211000, 1606593896.958000, 1606593896.958000, 1606593966.102000
