read_start,read_end,cpu_start,cpu_end,write_start,write_end
1606596484.359000, 1606596658.194000, 1606596658.194000, 1606596663.870000, 1606596663.870000, 1606596926.917000
1606596926.933000, 1606596939.774000, 1606596939.774000, 1606596944.734000, 1606596944.734000, 1606597025.123000
1606597025.270000, 1606597111.801000, 1606597111.801000, 1606597117.035000, 1606597117.035000, 1606597462.671000
