read_start,read_end,cpu_start,cpu_end,write_start,write_end
1606597669.522000, 1606597849.352000, 1606597849.352000, 1606597857.039000, 1606597857.039000, 1606598132.261000
1606598132.298000, 1606598141.594000, 1606598141.594000, 1606598146.449000, 1606598146.449000, 1606598209.134000
1606598209.268000, 1606598369.726000, 1606598369.726000, 1606598375.107000, 1606598375.107000, 1606598787.639000
