read_start,read_end,cpu_start,cpu_end,write_start,write_end
1606596484.385000, 1606596658.332000, 1606596658.332000, 1606596664.407000, 1606596664.407000, 1606596967.070000
1606596967.087000, 1606596993.488000, 1606596993.488000, 1606596998.401000, 1606596998.401000, 1606597435.480000
1606597435.538000, 1606597473.325000, 1606597473.325000, 1606597478.392000, 1606597478.392000, 1606597557.294000
