read_start,read_end,cpu_start,cpu_end,write_start,write_end
1606594241.534000, 1606594404.098000, 1606594404.098000, 1606594411.176000, 1606594411.176000, 1606594632.807000
1606594632.826000, 1606594640.054000, 1606594640.054000, 1606594644.809000, 1606594644.809000, 1606594720.494000
1606594720.542000, 1606594846.214000, 1606594846.214000, 1606594850.872000, 1606594850.872000, 1606595023.456000
