read_start,read_end,cpu_start,cpu_end,write_start,write_end
1606591010.765000, 1606591156.524000, 1606591156.524000, 1606591161.854000, 1606591161.854000, 1606591408.078000
1606591408.105000, 1606591440.012000, 1606591440.012000, 1606591445.798000, 1606591445.798000, 1606591812.970000
1606591813.730000, 1606591841.006000, 1606591841.006000, 1606591846.831000, 1606591846.831000, 1606592011.183000
