read_start,read_end,cpu_start,cpu_end,write_start,write_end
1606595360.817000, 1606595528.932000, 1606595528.932000, 1606595535.138000, 1606595535.138000, 1606595877.469000
1606595877.486000, 1606595941.346000, 1606595941.346000, 1606595947.149000, 1606595947.149000, 1606596124.563000
1606596124.831000, 1606596150.694000, 1606596150.694000, 1606596156.490000, 1606596156.490000, 1606596276.329000
