read_start,read_end,cpu_start,cpu_end,write_start,write_end
1606582180.526000, 1606582264.630000, 1606582264.630000, 1606582269.894000, 1606582269.894000, 1606582418.831000
1606582418.870000, 1606582441.853000, 1606582441.853000, 1606582447.509000, 1606582447.509000, 1606582608.679000
1606582608.718000, 1606582630.748000, 1606582630.748000, 1606582636.165000, 1606582636.165000, 1606582783.524000
