read_start,read_end,cpu_start,cpu_end,write_start,write_end
1606587971.173000, 1606588099.775000, 1606588099.775000, 1606588105.656000, 1606588105.656000, 1606588381.285000
1606588381.301000, 1606588488.191000, 1606588488.191000, 1606588493.500000, 1606588493.500000, 1606588616.028000
1606588616.111000, 1606588629.018000, 1606588629.018000, 1606588636.656000, 1606588636.656000, 1606588924.845000
