read_start,read_end,cpu_start,cpu_end,write_start,write_end
1606593132.792000, 1606593289.663000, 1606593289.663000, 1606593295.372000, 1606593295.372000, 1606593579.295000
1606593579.310000, 1606593616.009000, 1606593616.009000, 1606593622.494000, 1606593622.494000, 1606594024.888000
1606594025.017000, 1606594039.242000, 1606594039.242000, 1606594044.125000, 1606594044.125000, 1606594123.709000
