read_start,read_end,cpu_start,cpu_end,write_start,write_end
1606593132.788000, 1606593289.594000, 1606593289.594000, 1606593295.347000, 1606593295.347000, 1606593583.279000
1606593583.293000, 1606593618.265000, 1606593618.265000, 1606593624.186000, 1606593624.186000, 1606594004.903000
1606594004.960000, 1606594029.448000, 1606594029.448000, 1606594034.131000, 1606594034.131000, 1606594131.989000
