read_start,read_end,cpu_start,cpu_end,write_start,write_end
1606583399.679000, 1606583494.927000, 1606583494.927000, 1606583499.683000, 1606583499.683000, 1606583622.585000
1606583622.598000, 1606583652.962000, 1606583652.962000, 1606583657.635000, 1606583657.635000, 1606583696.277000
1606583696.293000, 1606583830.583000, 1606583830.583000, 1606583835.262000, 1606583835.262000, 1606583884.340000
