read_start,read_end,cpu_start,cpu_end,write_start,write_end
1606596484.371000, 1606596658.331000, 1606596658.331000, 1606596664.093000, 1606596664.093000, 1606596954.052000
1606596954.068000, 1606596972.993000, 1606596972.993000, 1606596979.920000, 1606596979.920000, 1606597334.779000
1606597334.853000, 1606597350.871000, 1606597350.871000, 1606597355.786000, 1606597355.786000, 1606597457.992000
