read_start,read_end,cpu_start,cpu_end,write_start,write_end
1606597669.526000, 1606597849.351000, 1606597849.351000, 1606597856.072000, 1606597856.072000, 1606598149.140000
1606598149.172000, 1606598185.334000, 1606598185.334000, 1606598191.435000, 1606598191.435000, 1606598595.872000
1606598595.956000, 1606598618.931000, 1606598618.931000, 1606598623.639000, 1606598623.639000, 1606598778.314000
