read_start,read_end,cpu_start,cpu_end,write_start,write_end
1606592054.752000, 1606592206.003000, 1606592206.003000, 1606592211.765000, 1606592211.765000, 1606592504.853000
1606592504.872000, 1606592603.159000, 1606592603.159000, 1606592608.261000, 1606592608.261000, 1606592799.979000
1606592800.560000, 1606592846.294000, 1606592846.294000, 1606592851.767000, 1606592851.767000, 1606593096.342000
