read_start,read_end,cpu_start,cpu_end,write_start,write_end
1606587971.179000, 1606588100.007000, 1606588100.007000, 1606588105.437000, 1606588105.437000, 1606588358.145000
1606588358.171000, 1606588370.512000, 1606588370.512000, 1606588376.624000, 1606588376.624000, 1606588631.565000
1606588631.837000, 1606588723.484000, 1606588723.484000, 1606588728.822000, 1606588728.822000, 1606588912.072000
