read_start,read_end,cpu_start,cpu_end,write_start,write_end
1606578661.786000, 1606578695.279000, 1606578695.279000, 1606578700.031000, 1606578700.031000, 1606578752.687000
1606578752.700000, 1606578758.099000, 1606578758.099000, 1606578762.936000, 1606578762.936000, 1606578813.919000
1606578813.932000, 1606578819.731000, 1606578819.731000, 1606578824.354000, 1606578824.354000, 1606578863.737000
