read_start,read_end,cpu_start,cpu_end,write_start,write_end
1606590012.675000, 1606590152.592000, 1606590152.592000, 1606590158.550000, 1606590158.550000, 1606590402.693000
1606590402.708000, 1606590421.922000, 1606590421.922000, 1606590428.930000, 1606590428.930000, 1606590608.011000
1606590608.089000, 1606590685.761000, 1606590685.761000, 1606590690.928000, 1606590690.928000, 1606590870.128000
