read_start,read_end,cpu_start,cpu_end,write_start,write_end
1606582180.536000, 1606582264.639000, 1606582264.639000, 1606582269.835000, 1606582269.835000, 1606582418.831000
1606582418.867000, 1606582441.833000, 1606582441.833000, 1606582447.429000, 1606582447.429000, 1606582608.679000
1606582608.732000, 1606582631.802000, 1606582631.802000, 1606582637.156000, 1606582637.156000, 1606582784.001000
