read_start,read_end,cpu_start,cpu_end,write_start,write_end
1606586258.658000, 1606586376.415000, 1606586376.415000, 1606586382.241000, 1606586382.241000, 1606586581.934000
1606586581.976000, 1606586611.960000, 1606586611.960000, 1606586617.532000, 1606586617.532000, 1606586892.072000
1606586892.133000, 1606587028.833000, 1606587028.833000, 1606587034.422000, 1606587034.422000, 1606587077.185000
