read_start,read_end,cpu_start,cpu_end,write_start,write_end
1606578498.284000, 1606578526.228000, 1606578526.228000, 1606578531.215000, 1606578531.215000, 1606578570.936000
1606578570.950000, 1606578576.870000, 1606578576.870000, 1606578581.735000, 1606578581.735000, 1606578615.838000
1606578615.851000, 1606578617.595000, 1606578617.595000, 1606578622.077000, 1606578622.077000, 1606578636.312000
