read_start,read_end,cpu_start,cpu_end,write_start,write_end
1606590012.698000, 1606590152.892000, 1606590152.892000, 1606590158.640000, 1606590158.640000, 1606590411.015000
1606590411.033000, 1606590425.220000, 1606590425.220000, 1606590431.492000, 1606590431.492000, 1606590655.289000
1606590655.359000, 1606590696.278000, 1606590696.278000, 1606590702.011000, 1606590702.011000, 1606590880.251000
