read_start,read_end,cpu_start,cpu_end,write_start,write_end
1606596484.370000, 1606596658.330000, 1606596658.330000, 1606596664.053000, 1606596664.053000, 1606596952.075000
1606596952.090000, 1606596968.376000, 1606596968.376000, 1606596973.417000, 1606596973.417000, 1606597334.777000
1606597334.806000, 1606597350.871000, 1606597350.871000, 1606597355.737000, 1606597355.737000, 1606597458.291000
