read_start,read_end,cpu_start,cpu_end,write_start,write_end
1606586258.666000, 1606586376.415000, 1606586376.415000, 1606586382.222000, 1606586382.222000, 1606586581.934000
1606586581.974000, 1606586611.961000, 1606586611.961000, 1606586617.749000, 1606586617.749000, 1606586828.348000
1606586828.411000, 1606586855.150000, 1606586855.150000, 1606586861.270000, 1606586861.270000, 1606587048.648000
