read_start,read_end,cpu_start,cpu_end,write_start,write_end
1606597669.515000, 1606597849.350000, 1606597849.350000, 1606597856.055000, 1606597856.055000, 1606598148.196000
1606598148.253000, 1606598184.276000, 1606598184.276000, 1606598190.393000, 1606598190.393000, 1606598523.050000
1606598523.126000, 1606598526.386000, 1606598526.386000, 1606598531.938000, 1606598531.938000, 1606598595.186000
