read_start,read_end,cpu_start,cpu_end,write_start,write_end
1606597669.535000, 1606597849.353000, 1606597849.353000, 1606597855.539000, 1606597855.539000, 1606598142.824000
1606598142.838000, 1606598170.690000, 1606598170.690000, 1606598175.816000, 1606598175.816000, 1606598447.983000
1606598448.027000, 1606598466.558000, 1606598466.558000, 1606598471.188000, 1606598471.188000, 1606598787.645000
