read_start,read_end,cpu_start,cpu_end,write_start,write_end
1606596484.355000, 1606596658.156000, 1606596658.156000, 1606596663.789000, 1606596663.789000, 1606596929.045000
1606596929.058000, 1606596941.515000, 1606596941.515000, 1606596947.051000, 1606596947.051000, 1606597016.275000
1606597016.413000, 1606597111.037000, 1606597111.037000, 1606597116.135000, 1606597116.135000, 1606597472.905000
