read_start,read_end,cpu_start,cpu_end,write_start,write_end
1606597669.508000, 1606597849.299000, 1606597849.299000, 1606597855.515000, 1606597855.515000, 1606598141.321000
1606598141.357000, 1606598163.889000, 1606598163.889000, 1606598169.422000, 1606598169.422000, 1606598420.581000
1606598420.636000, 1606598438.370000, 1606598438.370000, 1606598443.378000, 1606598443.378000, 1606598787.473000
