read_start,read_end,cpu_start,cpu_end,write_start,write_end
1606580626.774000, 1606580694.033000, 1606580694.033000, 1606580698.762000, 1606580698.762000, 1606580764.828000
1606580764.842000, 1606580811.422000, 1606580811.422000, 1606580815.899000, 1606580815.899000, 1606580917.791000
1606580917.807000, 1606580945.158000, 1606580945.158000, 1606580950.009000, 1606580950.009000, 1606581007.245000
