read_start,read_end,cpu_start,cpu_end,write_start,write_end
1606583399.673000, 1606583494.825000, 1606583494.825000, 1606583499.877000, 1606583499.877000, 1606583654.041000
1606583654.075000, 1606583678.011000, 1606583678.011000, 1606583683.497000, 1606583683.497000, 1606583943.109000
1606583943.128000, 1606583954.629000, 1606583954.629000, 1606583960.281000, 1606583960.281000, 1606584028.515000
