read_start,read_end,cpu_start,cpu_end,write_start,write_end
1606594241.549000, 1606594404.101000, 1606594404.101000, 1606594410.006000, 1606594410.006000, 1606594645.272000
1606594645.284000, 1606594677.466000, 1606594677.466000, 1606594683.969000, 1606594683.969000, 1606595007.225000
1606595007.309000, 1606595012.515000, 1606595012.515000, 1606595017.523000, 1606595017.523000, 1606595109.370000
