read_start,read_end,cpu_start,cpu_end,write_start,write_end
1606588972.451000, 1606589106.733000, 1606589106.733000, 1606589112.731000, 1606589112.731000, 1606589370.209000
1606589370.223000, 1606589387.767000, 1606589387.767000, 1606589393.249000, 1606589393.249000, 1606589667.418000
1606589667.471000, 1606589682.944000, 1606589682.944000, 1606589687.884000, 1606589687.884000, 1606589824.314000
