read_start,read_end,cpu_start,cpu_end,write_start,write_end
1606592054.745000, 1606592205.465000, 1606592205.465000, 1606592211.471000, 1606592211.471000, 1606592476.097000
1606592476.117000, 1606592502.314000, 1606592502.314000, 1606592509.112000, 1606592509.112000, 1606592799.994000
1606592800.676000, 1606592846.762000, 1606592846.762000, 1606592853.014000, 1606592853.014000, 1606593103.629000
