read_start,read_end,cpu_start,cpu_end,write_start,write_end
1606580626.775000, 1606580694.050000, 1606580694.050000, 1606580699.372000, 1606580699.372000, 1606580815.913000
1606580815.941000, 1606580831.760000, 1606580831.760000, 1606580836.783000, 1606580836.783000, 1606580940.133000
1606580940.151000, 1606580949.896000, 1606580949.896000, 1606580955.467000, 1606580955.467000, 1606581051.882000
