read_start,read_end,cpu_start,cpu_end,write_start,write_end
1606578874.031000, 1606578913.229000, 1606578913.229000, 1606578918.385000, 1606578918.385000, 1606578976.075000
1606578976.091000, 1606578984.925000, 1606578984.925000, 1606578990.002000, 1606578990.002000, 1606579044.930000
1606579044.944000, 1606579049.785000, 1606579049.785000, 1606579054.694000, 1606579054.694000, 1606579098.191000
