read_start,read_end,cpu_start,cpu_end,write_start,write_end
1606590012.690000, 1606590152.892000, 1606590152.892000, 1606590158.641000, 1606590158.641000, 1606590414.354000
1606590414.369000, 1606590427.637000, 1606590427.637000, 1606590433.540000, 1606590433.540000, 1606590658.987000
1606590659.057000, 1606590696.676000, 1606590696.676000, 1606590702.346000, 1606590702.346000, 1606590880.341000
