read_start,read_end,cpu_start,cpu_end,write_start,write_end
1606594241.543000, 1606594404.099000, 1606594404.099000, 1606594410.552000, 1606594410.552000, 1606594648.441000
1606594648.457000, 1606594680.365000, 1606594680.365000, 1606594686.852000, 1606594686.852000, 1606595023.410000
1606595024.131000, 1606595061.546000, 1606595061.546000, 1606595067.935000, 1606595067.935000, 1606595331.377000
