read_start,read_end,cpu_start,cpu_end,write_start,write_end
1606584050.459000, 1606584151.124000, 1606584151.124000, 1606584156.919000, 1606584156.919000, 1606584323.314000
1606584323.368000, 1606584350.757000, 1606584350.757000, 1606584356.517000, 1606584356.517000, 1606584525.622000
1606584525.636000, 1606584536.236000, 1606584536.236000, 1606584541.665000, 1606584541.665000, 1606584688.147000
