read_start,read_end,cpu_start,cpu_end,write_start,write_end
1606590012.678000, 1606590152.748000, 1606590152.748000, 1606590157.857000, 1606590157.857000, 1606590397.735000
1606590397.764000, 1606590419.164000, 1606590419.164000, 1606590425.622000, 1606590425.622000, 1606590618.796000
1606590618.890000, 1606590693.787000, 1606590693.787000, 1606590698.945000, 1606590698.945000, 1606590880.300000
