read_start,read_end,cpu_start,cpu_end,write_start,write_end
1606581608.508000, 1606581686.955000, 1606581686.955000, 1606581691.972000, 1606581691.972000, 1606581824.170000
1606581824.199000, 1606581842.751000, 1606581842.751000, 1606581848.035000, 1606581848.035000, 1606581979.279000
1606581979.292000, 1606581994.618000, 1606581994.618000, 1606581999.568000, 1606581999.568000, 1606582111.351000
