read_start,read_end,cpu_start,cpu_end,write_start,write_end
1606587971.198000, 1606588100.112000, 1606588100.112000, 1606588105.518000, 1606588105.518000, 1606588493.911000
1606588493.931000, 1606588581.288000, 1606588581.288000, 1606588585.660000, 1606588585.660000, 1606588638.091000
1606588638.266000, 1606588787.616000, 1606588787.616000, 1606588792.286000, 1606588792.286000, 1606588920.114000
