read_start,read_end,cpu_start,cpu_end,write_start,write_end
1606593132.785000, 1606593289.487000, 1606593289.487000, 1606593295.054000, 1606593295.054000, 1606593568.852000
1606593568.867000, 1606593584.452000, 1606593584.452000, 1606593590.320000, 1606593590.320000, 1606593646.774000
1606593646.892000, 1606593736.113000, 1606593736.113000, 1606593740.893000, 1606593740.893000, 1606593811.324000
