read_start,read_end,cpu_start,cpu_end,write_start,write_end
1606584050.473000, 1606584151.279000, 1606584151.279000, 1606584156.471000, 1606584156.471000, 1606584326.616000
1606584326.629000, 1606584351.074000, 1606584351.074000, 1606584356.577000, 1606584356.577000, 1606584511.857000
1606584511.882000, 1606584534.165000, 1606584534.165000, 1606584540.195000, 1606584540.195000, 1606584672.353000
