read_start,read_end,cpu_start,cpu_end,write_start,write_end
1606585495.217000, 1606585607.068000, 1606585607.068000, 1606585612.352000, 1606585612.352000, 1606585786.359000
1606585786.410000, 1606585816.502000, 1606585816.502000, 1606585821.939000, 1606585821.939000, 1606585968.332000
1606585968.370000, 1606586037.931000, 1606586037.931000, 1606586043.749000, 1606586043.749000, 1606586230.978000
