read_start,read_end,cpu_start,cpu_end,write_start,write_end
1606595360.812000, 1606595528.678000, 1606595528.678000, 1606595534.709000, 1606595534.709000, 1606595784.837000
1606595784.853000, 1606595796.111000, 1606595796.111000, 1606595801.215000, 1606595801.215000, 1606596279.640000
1606596279.798000, 1606596298.747000, 1606596298.747000, 1606596304.376000, 1606596304.376000, 1606596399.044000
