read_start,read_end,cpu_start,cpu_end,write_start,write_end
1606584050.469000, 1606584151.274000, 1606584151.274000, 1606584156.495000, 1606584156.495000, 1606584323.314000
1606584323.372000, 1606584350.791000, 1606584350.791000, 1606584356.443000, 1606584356.443000, 1606584511.859000
1606584511.884000, 1606584534.165000, 1606584534.165000, 1606584539.874000, 1606584539.874000, 1606584690.397000
