read_start,read_end,cpu_start,cpu_end,write_start,write_end
1606582180.533000, 1606582264.639000, 1606582264.639000, 1606582269.966000, 1606582269.966000, 1606582418.831000
1606582418.867000, 1606582439.874000, 1606582439.874000, 1606582445.220000, 1606582445.220000, 1606582460.958000
1606582460.973000, 1606582596.412000, 1606582596.412000, 1606582600.917000, 1606582600.917000, 1606582703.208000
