read_start,read_end,cpu_start,cpu_end,write_start,write_end
1606581088.907000, 1606581161.835000, 1606581161.835000, 1606581166.794000, 1606581166.794000, 1606581276.641000
1606581276.661000, 1606581299.997000, 1606581299.997000, 1606581305.238000, 1606581305.238000, 1606581437.583000
1606581437.598000, 1606581455.416000, 1606581455.416000, 1606581461.231000, 1606581461.231000, 1606581568.744000
