read_start,read_end,cpu_start,cpu_end,write_start,write_end
1606581608.518000, 1606581686.956000, 1606581686.956000, 1606581692.383000, 1606581692.383000, 1606581824.199000
1606581824.228000, 1606581842.751000, 1606581842.751000, 1606581848.025000, 1606581848.025000, 1606581977.601000
1606581977.636000, 1606581994.506000, 1606581994.506000, 1606581999.771000, 1606581999.771000, 1606582105.387000
