read_start,read_end,cpu_start,cpu_end,write_start,write_end
1606595360.826000, 1606595529.064000, 1606595529.064000, 1606595535.004000, 1606595535.004000, 1606595895.268000
1606595895.284000, 1606595944.544000, 1606595944.544000, 1606595950.672000, 1606595950.672000, 1606596124.486000
1606596124.688000, 1606596150.694000, 1606596150.694000, 1606596156.497000, 1606596156.497000, 1606596278.427000
