read_start,read_end,cpu_start,cpu_end,write_start,write_end
1606594241.511000, 1606594403.753000, 1606594403.753000, 1606594409.314000, 1606594409.314000, 1606594647.789000
1606594647.812000, 1606594679.904000, 1606594679.904000, 1606594686.525000, 1606594686.525000, 1606595023.501000
1606595024.149000, 1606595061.604000, 1606595061.604000, 1606595067.160000, 1606595067.160000, 1606595330.601000
