read_start,read_end,cpu_start,cpu_end,write_start,write_end
1606594241.540000, 1606594404.099000, 1606594404.099000, 1606594410.495000, 1606594410.495000, 1606594649.357000
1606594649.371000, 1606594681.116000, 1606594681.116000, 1606594687.473000, 1606594687.473000, 1606595023.376000
1606595024.254000, 1606595061.505000, 1606595061.505000, 1606595067.983000, 1606595067.983000, 1606595325.326000
