read_start,read_end,cpu_start,cpu_end,write_start,write_end
1606588972.459000, 1606589106.974000, 1606589106.974000, 1606589112.830000, 1606589112.830000, 1606589376.196000
1606589376.215000, 1606589401.277000, 1606589401.277000, 1606589406.248000, 1606589406.248000, 1606589667.577000
1606589667.881000, 1606589683.503000, 1606589683.503000, 1606589688.395000, 1606589688.395000, 1606589824.291000
