read_start,read_end,cpu_start,cpu_end,write_start,write_end
1606597669.536000, 1606597849.358000, 1606597849.358000, 1606597856.155000, 1606597856.155000, 1606598151.675000
1606598151.703000, 1606598187.649000, 1606598187.649000, 1606598192.976000, 1606598192.976000, 1606598610.799000
1606598610.884000, 1606598628.742000, 1606598628.742000, 1606598634.368000, 1606598634.368000, 1606598778.318000
