read_start,read_end,cpu_start,cpu_end,write_start,write_end
1606588972.476000, 1606589107.073000, 1606589107.073000, 1606589113.065000, 1606589113.065000, 1606589379.719000
1606589379.732000, 1606589474.434000, 1606589474.434000, 1606589479.985000, 1606589479.985000, 1606589843.632000
1606589843.882000, 1606589856.122000, 1606589856.122000, 1606589861.062000, 1606589861.062000, 1606589880.554000
