read_start,read_end,cpu_start,cpu_end,write_start,write_end
1606588972.481000, 1606589107.073000, 1606589107.073000, 1606589112.798000, 1606589112.798000, 1606589370.848000
1606589370.866000, 1606589389.177000, 1606589389.177000, 1606589394.624000, 1606589394.624000, 1606589667.417000
1606589667.491000, 1606589683.377000, 1606589683.377000, 1606589688.286000, 1606589688.286000, 1606589824.249000
