read_start,read_end,cpu_start,cpu_end,write_start,write_end
1606590012.684000, 1606590152.885000, 1606590152.885000, 1606590158.886000, 1606590158.886000, 1606590397.838000
1606590397.858000, 1606590419.149000, 1606590419.149000, 1606590425.691000, 1606590425.691000, 1606590618.843000
1606590618.939000, 1606590693.787000, 1606590693.787000, 1606590698.945000, 1606590698.945000, 1606590880.325000
