read_start,read_end,cpu_start,cpu_end,write_start,write_end
1606594241.528000, 1606594404.096000, 1606594404.096000, 1606594410.312000, 1606594410.312000, 1606594649.562000
1606594649.577000, 1606594681.262000, 1606594681.262000, 1606594687.608000, 1606594687.608000, 1606595023.302000
1606595023.716000, 1606595061.185000, 1606595061.185000, 1606595066.675000, 1606595066.675000, 1606595330.589000
