read_start,read_end,cpu_start,cpu_end,write_start,write_end
1606583399.687000, 1606583494.949000, 1606583494.949000, 1606583499.703000, 1606583499.703000, 1606583663.314000
1606583663.328000, 1606583680.719000, 1606583680.719000, 1606583686.136000, 1606583686.136000, 1606583829.280000
1606583829.299000, 1606583839.752000, 1606583839.752000, 1606583845.692000, 1606583845.692000, 1606583943.108000
