read_start,read_end,cpu_start,cpu_end,write_start,write_end
1606586258.660000, 1606586376.415000, 1606586376.415000, 1606586381.972000, 1606586381.972000, 1606586581.935000
1606586581.976000, 1606586611.954000, 1606586611.954000, 1606586618.680000, 1606586618.680000, 1606586829.102000
1606586829.207000, 1606586855.234000, 1606586855.234000, 1606586861.366000, 1606586861.366000, 1606587045.359000
