read_start,read_end,cpu_start,cpu_end,write_start,write_end
1606580626.784000, 1606580694.226000, 1606580694.226000, 1606580698.972000, 1606580698.972000, 1606580826.554000
1606580826.567000, 1606580834.316000, 1606580834.316000, 1606580840.059000, 1606580840.059000, 1606580952.793000
1606580952.806000, 1606580956.171000, 1606580956.171000, 1606580962.194000, 1606580962.194000, 1606581051.983000
