read_start,read_end,cpu_start,cpu_end,write_start,write_end
1606592054.760000, 1606592206.131000, 1606592206.131000, 1606592211.894000, 1606592211.894000, 1606592495.927000
1606592495.942000, 1606592508.274000, 1606592508.274000, 1606592514.635000, 1606592514.635000, 1606592799.750000
1606592800.848000, 1606592846.562000, 1606592846.562000, 1606592853.385000, 1606592853.385000, 1606593098.206000
