read_start,read_end,cpu_start,cpu_end,write_start,write_end
1606578661.786000, 1606578695.311000, 1606578695.311000, 1606578699.919000, 1606578699.919000, 1606578757.229000
1606578757.243000, 1606578760.402000, 1606578760.402000, 1606578766.249000, 1606578766.249000, 1606578814.061000
1606578814.078000, 1606578819.746000, 1606578819.746000, 1606578825.113000, 1606578825.113000, 1606578864.327000
