read_start,read_end,cpu_start,cpu_end,write_start,write_end
1606578874.033000, 1606578913.260000, 1606578913.260000, 1606578917.864000, 1606578917.864000, 1606578975.880000
1606578975.894000, 1606578984.656000, 1606578984.656000, 1606578989.646000, 1606578989.646000, 1606579051.076000
1606579051.088000, 1606579053.305000, 1606579053.305000, 1606579058.044000, 1606579058.044000, 1606579097.457000
