read_start,read_end,cpu_start,cpu_end,write_start,write_end
1606580187.175000, 1606580248.814000, 1606580248.814000, 1606580253.646000, 1606580253.646000, 1606580356.351000
1606580356.386000, 1606580373.519000, 1606580373.519000, 1606580378.590000, 1606580378.590000, 1606580495.595000
1606580495.611000, 1606580512.858000, 1606580512.858000, 1606580517.937000, 1606580517.937000, 1606580590.492000
