read_start,read_end,cpu_start,cpu_end,write_start,write_end
1606591010.731000, 1606591156.210000, 1606591156.210000, 1606591161.964000, 1606591161.964000, 1606591408.078000
1606591408.105000, 1606591439.577000, 1606591439.577000, 1606591445.643000, 1606591445.643000, 1606591812.948000
1606591813.651000, 1606591841.006000, 1606591841.006000, 1606591846.721000, 1606591846.721000, 1606592007.101000
