read_start,read_end,cpu_start,cpu_end,write_start,write_end
1606584050.471000, 1606584151.277000, 1606584151.277000, 1606584156.719000, 1606584156.719000, 1606584323.314000
1606584323.371000, 1606584350.780000, 1606584350.780000, 1606584356.406000, 1606584356.406000, 1606584522.591000
1606584522.605000, 1606584535.661000, 1606584535.661000, 1606584542.853000, 1606584542.853000, 1606584680.916000
