read_start,read_end,cpu_start,cpu_end,write_start,write_end
1606582180.531000, 1606582264.620000, 1606582264.620000, 1606582269.472000, 1606582269.472000, 1606582419.080000
1606582419.115000, 1606582441.961000, 1606582441.961000, 1606582447.281000, 1606582447.281000, 1606582608.902000
1606582608.936000, 1606582631.830000, 1606582631.830000, 1606582636.845000, 1606582636.845000, 1606582783.524000
