read_start,read_end,cpu_start,cpu_end,write_start,write_end
1606588972.456000, 1606589106.935000, 1606589106.935000, 1606589112.186000, 1606589112.186000, 1606589358.520000
1606589358.550000, 1606589372.164000, 1606589372.164000, 1606589377.456000, 1606589377.456000, 1606589586.004000
1606589586.027000, 1606589664.119000, 1606589664.119000, 1606589668.952000, 1606589668.952000, 1606589702.978000
