read_start,read_end,cpu_start,cpu_end,write_start,write_end
1606583399.668000, 1606583494.823000, 1606583494.823000, 1606583500.267000, 1606583500.267000, 1606583654.030000
1606583654.057000, 1606583679.198000, 1606583679.198000, 1606583684.667000, 1606583684.667000, 1606583944.141000
1606583944.154000, 1606583955.216000, 1606583955.216000, 1606583960.357000, 1606583960.357000, 1606584024.983000
