read_start,read_end,cpu_start,cpu_end,write_start,write_end
1606596484.362000, 1606596658.328000, 1606596658.328000, 1606596664.376000, 1606596664.376000, 1606596965.094000
1606596965.114000, 1606596992.346000, 1606596992.346000, 1606596997.714000, 1606596997.714000, 1606597464.285000
1606597464.432000, 1606597490.035000, 1606597490.035000, 1606597496.036000, 1606597496.036000, 1606597638.139000
