read_start,read_end,cpu_start,cpu_end,write_start,write_end
1606592054.768000, 1606592206.133000, 1606592206.133000, 1606592211.633000, 1606592211.633000, 1606592476.022000
1606592476.043000, 1606592502.272000, 1606592502.272000, 1606592509.656000, 1606592509.656000, 1606592799.745000
1606592800.095000, 1606592846.755000, 1606592846.755000, 1606592852.667000, 1606592852.667000, 1606593104.017000
