read_start,read_end,cpu_start,cpu_end,write_start,write_end
1606580187.189000, 1606580248.991000, 1606580248.991000, 1606580253.779000, 1606580253.779000, 1606580356.351000
1606580356.388000, 1606580373.291000, 1606580373.291000, 1606580378.265000, 1606580378.265000, 1606580508.837000
1606580508.850000, 1606580516.579000, 1606580516.579000, 1606580522.374000, 1606580522.374000, 1606580609.753000
