read_start,read_end,cpu_start,cpu_end,write_start,write_end
1606591010.740000, 1606591156.521000, 1606591156.521000, 1606591162.572000, 1606591162.572000, 1606591409.250000
1606591409.265000, 1606591440.672000, 1606591440.672000, 1606591446.836000, 1606591446.836000, 1606591812.953000
1606591813.775000, 1606591841.006000, 1606591841.006000, 1606591846.943000, 1606591846.943000, 1606592015.148000
