read_start,read_end,cpu_start,cpu_end,write_start,write_end
1606587103.076000, 1606587226.128000, 1606587226.128000, 1606587231.454000, 1606587231.454000, 1606587440.984000
1606587441.000000, 1606587460.996000, 1606587460.996000, 1606587466.442000, 1606587466.442000, 1606587657.724000
1606587657.784000, 1606587685.774000, 1606587685.774000, 1606587691.871000, 1606587691.871000, 1606587765.634000
