read_start,read_end,cpu_start,cpu_end,write_start,write_end
1606579107.262000, 1606579151.900000, 1606579151.900000, 1606579156.510000, 1606579156.510000, 1606579226.836000
1606579226.849000, 1606579237.013000, 1606579237.013000, 1606579241.772000, 1606579241.772000, 1606579309.259000
1606579309.272000, 1606579318.978000, 1606579318.978000, 1606579323.603000, 1606579323.603000, 1606579390.547000
