read_start,read_end,cpu_start,cpu_end,write_start,write_end
1606596484.371000, 1606596658.330000, 1606596658.330000, 1606596664.084000, 1606596664.084000, 1606596953.849000
1606596953.862000, 1606596972.532000, 1606596972.532000, 1606596978.751000, 1606596978.751000, 1606597334.776000
1606597334.851000, 1606597350.871000, 1606597350.871000, 1606597355.796000, 1606597355.796000, 1606597462.244000
