read_start,read_end,cpu_start,cpu_end,write_start,write_end
1606591010.751000, 1606591156.521000, 1606591156.521000, 1606591163.296000, 1606591163.296000, 1606591418.116000
1606591418.136000, 1606591446.572000, 1606591446.572000, 1606591452.291000, 1606591452.291000, 1606591748.813000
1606591748.893000, 1606591755.695000, 1606591755.695000, 1606591760.425000, 1606591760.425000, 1606591778.584000
