read_start,read_end,cpu_start,cpu_end,write_start,write_end
1606597669.498000, 1606597849.156000, 1606597849.156000, 1606597855.966000, 1606597855.966000, 1606598148.250000
1606598148.275000, 1606598184.283000, 1606598184.283000, 1606598190.426000, 1606598190.426000, 1606598740.276000
1606598740.351000, 1606598744.516000, 1606598744.516000, 1606598749.563000, 1606598749.563000, 1606598773.173000
