read_start,read_end,cpu_start,cpu_end,write_start,write_end
1606593132.785000, 1606593289.321000, 1606593289.321000, 1606593295.615000, 1606593295.615000, 1606593577.395000
1606593577.410000, 1606593613.944000, 1606593613.944000, 1606593620.764000, 1606593620.764000, 1606594024.958000
1606594025.044000, 1606594040.014000, 1606594040.014000, 1606594046.217000, 1606594046.217000, 1606594124.618000
