read_start,read_end,cpu_start,cpu_end,write_start,write_end
1606587103.084000, 1606587226.276000, 1606587226.276000, 1606587231.818000, 1606587231.818000, 1606587416.869000
1606587416.884000, 1606587439.899000, 1606587439.899000, 1606587446.449000, 1606587446.449000, 1606587677.685000
1606587677.864000, 1606587707.086000, 1606587707.086000, 1606587712.693000, 1606587712.693000, 1606587943.860000
