read_start,read_end,cpu_start,cpu_end,write_start,write_end
1606593132.789000, 1606593289.568000, 1606593289.568000, 1606593295.717000, 1606593295.717000, 1606593579.807000
1606593579.824000, 1606593616.555000, 1606593616.555000, 1606593623.116000, 1606593623.116000, 1606593876.723000
1606593876.808000, 1606593889.633000, 1606593889.633000, 1606593894.532000, 1606593894.532000, 1606593969.282000
