read_start,read_end,cpu_start,cpu_end,write_start,write_end
1606587103.091000, 1606587226.380000, 1606587226.380000, 1606587232.117000, 1606587232.117000, 1606587421.550000
1606587421.565000, 1606587440.145000, 1606587440.145000, 1606587446.148000, 1606587446.148000, 1606587680.455000
1606587680.586000, 1606587708.281000, 1606587708.281000, 1606587714.424000, 1606587714.424000, 1606587943.852000
