read_start,read_end,cpu_start,cpu_end,write_start,write_end
1606593132.797000, 1606593289.767000, 1606593289.767000, 1606593295.360000, 1606593295.360000, 1606593578.410000
1606593578.424000, 1606593614.960000, 1606593614.960000, 1606593621.454000, 1606593621.454000, 1606594037.926000
1606594038.038000, 1606594057.906000, 1606594057.906000, 1606594063.745000, 1606594063.745000, 1606594210.335000
