read_start,read_end,cpu_start,cpu_end,write_start,write_end
1606583399.671000, 1606583494.809000, 1606583494.809000, 1606583500.050000, 1606583500.050000, 1606583654.043000
1606583654.076000, 1606583678.343000, 1606583678.343000, 1606583683.923000, 1606583683.923000, 1606583857.794000
1606583857.808000, 1606583862.253000, 1606583862.253000, 1606583867.180000, 1606583867.180000, 1606583941.332000
