read_start,read_end,cpu_start,cpu_end,write_start,write_end
1606596484.386000, 1606596658.335000, 1606596658.335000, 1606596664.084000, 1606596664.084000, 1606596954.080000
1606596954.103000, 1606596973.040000, 1606596973.040000, 1606596978.086000, 1606596978.086000, 1606597334.759000
1606597334.800000, 1606597350.868000, 1606597350.868000, 1606597355.813000, 1606597355.813000, 1606597458.289000
