read_start,read_end,cpu_start,cpu_end,write_start,write_end
1606591010.741000, 1606591156.520000, 1606591156.520000, 1606591162.842000, 1606591162.842000, 1606591418.161000
1606591418.182000, 1606591446.587000, 1606591446.587000, 1606591452.036000, 1606591452.036000, 1606591812.953000
1606591813.322000, 1606591837.811000, 1606591837.811000, 1606591843.908000, 1606591843.908000, 1606591915.806000
