read_start,read_end,cpu_start,cpu_end,write_start,write_end
1606578498.288000, 1606578526.261000, 1606578526.261000, 1606578530.882000, 1606578530.882000, 1606578574.998000
1606578575.015000, 1606578578.450000, 1606578578.450000, 1606578583.780000, 1606578583.780000, 1606578621.096000
1606578621.109000, 1606578624.949000, 1606578624.949000, 1606578629.372000, 1606578629.372000, 1606578654.682000
