read_start,read_end,cpu_start,cpu_end,write_start,write_end
1606591010.749000, 1606591156.521000, 1606591156.521000, 1606591162.483000, 1606591162.483000, 1606591408.087000
1606591408.111000, 1606591439.993000, 1606591439.993000, 1606591446.062000, 1606591446.062000, 1606591812.952000
1606591813.711000, 1606591841.006000, 1606591841.006000, 1606591847.002000, 1606591847.002000, 1606592026.435000
