read_start,read_end,cpu_start,cpu_end,write_start,write_end
1606593132.807000, 1606593289.770000, 1606593289.770000, 1606593296.023000, 1606593296.023000, 1606593582.606000
1606593582.622000, 1606593618.050000, 1606593618.050000, 1606593625.488000, 1606593625.488000, 1606594035.715000
1606594035.805000, 1606594054.696000, 1606594054.696000, 1606594060.033000, 1606594060.033000, 1606594129.592000
