read_start,read_end,cpu_start,cpu_end,write_start,write_end
1606585495.239000, 1606585607.277000, 1606585607.277000, 1606585612.510000, 1606585612.510000, 1606585786.359000
1606585786.415000, 1606585816.764000, 1606585816.764000, 1606585822.370000, 1606585822.370000, 1606586014.134000
1606586014.179000, 1606586041.597000, 1606586041.597000, 1606586047.892000, 1606586047.892000, 1606586199.170000
