read_start,read_end,cpu_start,cpu_end,write_start,write_end
1606587103.081000, 1606587226.235000, 1606587226.235000, 1606587231.913000, 1606587231.913000, 1606587416.966000
1606587416.982000, 1606587439.899000, 1606587439.899000, 1606587446.368000, 1606587446.368000, 1606587677.677000
1606587677.830000, 1606587707.047000, 1606587707.047000, 1606587712.753000, 1606587712.753000, 1606587943.868000
