read_start,read_end,cpu_start,cpu_end,write_start,write_end
1606587103.102000, 1606587226.382000, 1606587226.382000, 1606587231.779000, 1606587231.779000, 1606587448.985000
1606587448.997000, 1606587592.549000, 1606587592.549000, 1606587597.492000, 1606587597.492000, 1606587680.691000
1606587681.251000, 1606587708.350000, 1606587708.350000, 1606587714.501000, 1606587714.501000, 1606587944.735000
