read_start,read_end,cpu_start,cpu_end,write_start,write_end
1606585495.215000, 1606585607.022000, 1606585607.022000, 1606585612.697000, 1606585612.697000, 1606585786.359000
1606585786.415000, 1606585816.766000, 1606585816.766000, 1606585822.302000, 1606585822.302000, 1606586018.892000
1606586018.930000, 1606586042.109000, 1606586042.109000, 1606586049.060000, 1606586049.060000, 1606586230.990000
