read_start,read_end,cpu_start,cpu_end,write_start,write_end
1606578661.791000, 1606578695.323000, 1606578695.323000, 1606578700.337000, 1606578700.337000, 1606578751.559000
1606578751.572000, 1606578756.018000, 1606578756.018000, 1606578760.824000, 1606578760.824000, 1606578812.199000
1606578812.213000, 1606578817.189000, 1606578817.189000, 1606578821.880000, 1606578821.880000, 1606578860.990000
