read_start,read_end,cpu_start,cpu_end,write_start,write_end
1603345620.824000, 1603345655.015000, 1603345655.015000, 1603345660.206000, 1603345660.206000, 1603345869.883000
1603345869.897000, 1603345891.835000, 1603345891.835000, 1603345897.057000, 1603345897.057000, 1603346077.610000
1603346077.647000, 1603346176.104000, 1603346176.104000, 1603346180.668000, 1603346180.668000, 1603346276.006000
