read_start,read_end,cpu_start,cpu_end,write_start,write_end
1603339892.216000, 1603339917.949000, 1603339917.949000, 1603339923.129000, 1603339923.129000, 1603340175.575000
1603340175.589000, 1603340209.666000, 1603340209.666000, 1603340215.441000, 1603340215.441000, 1603340372.305000
1603340372.341000, 1603340382.679000, 1603340382.679000, 1603340387.313000, 1603340387.313000, 1603340448.230000
