read_start,read_end,cpu_start,cpu_end,write_start,write_end
1603343573.510000, 1603343604.961000, 1603343604.961000, 1603343610.216000, 1603343610.216000, 1603343825.358000
1603343825.398000, 1603343857.712000, 1603343857.712000, 1603343862.843000, 1603343862.843000, 1603344058.862000
1603344058.882000, 1603344134.897000, 1603344134.897000, 1603344139.740000, 1603344139.740000, 1603344213.091000
