read_start,read_end,cpu_start,cpu_end,write_start,write_end
1604796702.661000, 1604796808.083000, 1604796808.083000, 1604796813.817000, 1604796813.817000, 1604797004.671000
1604797004.685000, 1604797026.061000, 1604797026.061000, 1604797031.989000, 1604797031.989000, 1604797354.662000
1604797354.724000, 1604797356.561000, 1604797356.561000, 1604797361.430000, 1604797361.430000, 1604797398.596000
