read_start,read_end,cpu_start,cpu_end,write_start,write_end
1603338242.114000, 1603338264.872000, 1603338264.872000, 1603338269.668000, 1603338269.668000, 1603338414.491000
1603338414.507000, 1603338509.460000, 1603338509.460000, 1603338513.970000, 1603338513.970000, 1603338575.845000
1603338575.860000, 1603338590.954000, 1603338590.954000, 1603338596.031000, 1603338596.031000, 1603338638.145000
