read_start,read_end,cpu_start,cpu_end,write_start,write_end
1604801749.936000, 1604801888.580000, 1604801888.580000, 1604801894.328000, 1604801894.328000, 1604802124.334000
1604802124.357000, 1604802147.099000, 1604802147.099000, 1604802153.995000, 1604802153.995000, 1604802332.593000
1604802332.804000, 1604802383.414000, 1604802383.414000, 1604802389.217000, 1604802389.217000, 1604802587.885000
