read_start,read_end,cpu_start,cpu_end,write_start,write_end
1604797443.885000, 1604797554.782000, 1604797554.782000, 1604797559.935000, 1604797559.935000, 1604797751.749000
1604797751.801000, 1604797781.287000, 1604797781.287000, 1604797786.923000, 1604797786.923000, 1604797962.554000
1604797962.578000, 1604797987.671000, 1604797987.671000, 1604797993.603000, 1604797993.603000, 1604798151.615000
