read_start,read_end,cpu_start,cpu_end,write_start,write_end
1603341642.609000, 1603341670.762000, 1603341670.762000, 1603341675.965000, 1603341675.965000, 1603341859.817000
1603341859.831000, 1603341948.128000, 1603341948.128000, 1603341952.793000, 1603341952.793000, 1603342160.382000
1603342160.432000, 1603342174.957000, 1603342174.957000, 1603342180.608000, 1603342180.608000, 1603342259.899000
