read_start,read_end,cpu_start,cpu_end,write_start,write_end
1604792671.885000, 1604792738.540000, 1604792738.540000, 1604792743.279000, 1604792743.279000, 1604792835.551000
1604792835.563000, 1604792852.754000, 1604792852.754000, 1604792858.093000, 1604792858.093000, 1604792948.810000
1604792948.826000, 1604792963.842000, 1604792963.842000, 1604792969.126000, 1604792969.126000, 1604793060.527000
