read_start,read_end,cpu_start,cpu_end,write_start,write_end
1603353159.005000, 1603353211.423000, 1603353211.423000, 1603353217.161000, 1603353217.161000, 1603353440.506000
1603353440.519000, 1603353447.979000, 1603353447.979000, 1603353452.782000, 1603353452.782000, 1603353549.788000
1603353549.942000, 1603353616.407000, 1603353616.407000, 1603353621.307000, 1603353621.307000, 1603353843.366000
