read_start,read_end,cpu_start,cpu_end,write_start,write_end
1603347655.674000, 1603347692.759000, 1603347692.759000, 1603347698.376000, 1603347698.376000, 1603347933.696000
1603347933.723000, 1603348015.916000, 1603348015.916000, 1603348021.055000, 1603348021.055000, 1603348253.047000
1603348253.122000, 1603348289.158000, 1603348289.158000, 1603348294.859000, 1603348294.859000, 1603348381.695000
