read_start,read_end,cpu_start,cpu_end,write_start,write_end
1604804545.464000, 1604804700.825000, 1604804700.825000, 1604804706.610000, 1604804706.610000, 1604804967.980000
1604804967.993000, 1604804986.975000, 1604804986.975000, 1604804992.509000, 1604804992.509000, 1604805243.567000
1604805243.666000, 1604805265.691000, 1604805265.691000, 1604805271.293000, 1604805271.293000, 1604805558.568000
