read_start,read_end,cpu_start,cpu_end,write_start,write_end
1603347655.663000, 1603347692.581000, 1603347692.581000, 1603347698.554000, 1603347698.554000, 1603347933.734000
1603347933.766000, 1603348015.971000, 1603348015.971000, 1603348021.240000, 1603348021.240000, 1603348164.019000
1603348164.094000, 1603348185.695000, 1603348185.695000, 1603348190.171000, 1603348190.171000, 1603348285.697000
