read_start,read_end,cpu_start,cpu_end,write_start,write_end
1603348698.114000, 1603348736.835000, 1603348736.835000, 1603348742.583000, 1603348742.583000, 1603348999.975000
1603348999.989000, 1603349039.960000, 1603349039.960000, 1603349044.908000, 1603349044.908000, 1603349283.396000
1603349283.415000, 1603349294.833000, 1603349294.833000, 1603349299.898000, 1603349299.898000, 1603349379.962000
