read_start,read_end,cpu_start,cpu_end,write_start,write_end
1603354318.043000, 1603354378.656000, 1603354378.656000, 1603354385.326000, 1603354385.326000, 1603354671.582000
1603354671.604000, 1603354711.863000, 1603354711.863000, 1603354717.571000, 1603354717.571000, 1603354939.741000
1603354939.779000, 1603354949.780000, 1603354949.780000, 1603354955.598000, 1603354955.598000, 1603355021.790000
