read_start,read_end,cpu_start,cpu_end,write_start,write_end
1603353159.017000, 1603353211.431000, 1603353211.431000, 1603353217.154000, 1603353217.154000, 1603353436.923000
1603353436.935000, 1603353447.360000, 1603353447.360000, 1603353452.294000, 1603353452.294000, 1603353549.767000
1603353549.894000, 1603353616.172000, 1603353616.172000, 1603353620.840000, 1603353620.840000, 1603353843.366000
