read_start,read_end,cpu_start,cpu_end,write_start,write_end
1603354318.007000, 1603354378.310000, 1603354378.310000, 1603354384.027000, 1603354384.027000, 1603354667.639000
1603354667.652000, 1603354700.004000, 1603354700.004000, 1603354705.246000, 1603354705.246000, 1603354756.299000
1603354756.314000, 1603354854.939000, 1603354854.939000, 1603354859.689000, 1603354859.689000, 1603354926.284000
