read_start,read_end,cpu_start,cpu_end,write_start,write_end
1603354318.034000, 1603354378.645000, 1603354378.645000, 1603354384.640000, 1603354384.640000, 1603354672.273000
1603354672.310000, 1603354712.044000, 1603354712.044000, 1603354718.156000, 1603354718.156000, 1603354926.561000
1603354926.620000, 1603354937.784000, 1603354937.784000, 1603354942.886000, 1603354942.886000, 1603355012.768000
