read_start,read_end,cpu_start,cpu_end,write_start,write_end
1604793091.872000, 1604793163.982000, 1604793163.982000, 1604793168.821000, 1604793168.821000, 1604793282.936000
1604793282.976000, 1604793310.325000, 1604793310.325000, 1604793315.278000, 1604793315.278000, 1604793430.950000
1604793430.980000, 1604793450.935000, 1604793450.935000, 1604793456.282000, 1604793456.282000, 1604793572.800000
