read_start,read_end,cpu_start,cpu_end,write_start,write_end
1604799923.542000, 1604800051.029000, 1604800051.029000, 1604800057.049000, 1604800057.049000, 1604800267.374000
1604800267.399000, 1604800301.171000, 1604800301.171000, 1604800307.360000, 1604800307.360000, 1604800582.973000
1604800583.398000, 1604800614.255000, 1604800614.255000, 1604800619.692000, 1604800619.692000, 1604800827.363000
