read_start,read_end,cpu_start,cpu_end,write_start,write_end
1604806630.965000, 1604806797.364000, 1604806797.364000, 1604806803.275000, 1604806803.275000, 1604807078.339000
1604807078.355000, 1604807174.231000, 1604807174.231000, 1604807179.169000, 1604807179.169000, 1604807486.230000
1604807486.395000, 1604807504.179000, 1604807504.179000, 1604807509.655000, 1604807509.655000, 1604807650.100000
