read_start,read_end,cpu_start,cpu_end,write_start,write_end
1603347655.689000, 1603347692.759000, 1603347692.759000, 1603347698.368000, 1603347698.368000, 1603347933.709000
1603347933.735000, 1603348015.957000, 1603348015.957000, 1603348020.807000, 1603348020.807000, 1603348249.478000
1603348249.537000, 1603348287.434000, 1603348287.434000, 1603348292.906000, 1603348292.906000, 1603348381.821000
