read_start,read_end,cpu_start,cpu_end,write_start,write_end
1604795239.655000, 1604795333.655000, 1604795333.655000, 1604795339.085000, 1604795339.085000, 1604795518.024000
1604795518.065000, 1604795544.234000, 1604795544.234000, 1604795549.621000, 1604795549.621000, 1604795703.156000
1604795703.200000, 1604795726.768000, 1604795726.768000, 1604795732.747000, 1604795732.747000, 1604795911.950000
