read_start,read_end,cpu_start,cpu_end,write_start,write_end
1603337455.357000, 1603337476.015000, 1603337476.015000, 1603337480.809000, 1603337480.809000, 1603337615.982000
1603337615.996000, 1603337627.639000, 1603337627.639000, 1603337632.332000, 1603337632.332000, 1603337756.355000
1603337756.382000, 1603337778.413000, 1603337778.413000, 1603337783.336000, 1603337783.336000, 1603337913.455000
