read_start,read_end,cpu_start,cpu_end,write_start,write_end
1604795239.676000, 1604795334.015000, 1604795334.015000, 1604795339.790000, 1604795339.790000, 1604795517.817000
1604795517.836000, 1604795544.001000, 1604795544.001000, 1604795549.360000, 1604795549.360000, 1604795692.032000
1604795692.066000, 1604795725.867000, 1604795725.867000, 1604795731.732000, 1604795731.732000, 1604795775.500000
