read_start,read_end,cpu_start,cpu_end,write_start,write_end
1604790512.074000, 1604790523.189000, 1604790523.189000, 1604790528.137000, 1604790528.137000, 1604790543.754000
1604790543.767000, 1604790546.409000, 1604790546.409000, 1604790550.753000, 1604790550.753000, 1604790567.601000
1604790567.613000, 1604790570.732000, 1604790570.732000, 1604790575.114000, 1604790575.114000, 1604790590.330000
