read_start,read_end,cpu_start,cpu_end,write_start,write_end
1603331944.171000, 1603331952.502000, 1603331952.502000, 1603331957.109000, 1603331957.109000, 1603332008.691000
1603332008.708000, 1603332016.828000, 1603332016.828000, 1603332022.066000, 1603332022.066000, 1603332068.059000
1603332068.073000, 1603332073.704000, 1603332073.704000, 1603332078.302000, 1603332078.302000, 1603332112.355000
