read_start,read_end,cpu_start,cpu_end,write_start,write_end
1604792671.882000, 1604792738.537000, 1604792738.537000, 1604792743.284000, 1604792743.284000, 1604792833.762000
1604792833.797000, 1604792852.455000, 1604792852.455000, 1604792857.508000, 1604792857.508000, 1604792944.323000
1604792944.342000, 1604792960.939000, 1604792960.939000, 1604792966.396000, 1604792966.396000, 1604793043.242000
