read_start,read_end,cpu_start,cpu_end,write_start,write_end
1604794663.122000, 1604794751.965000, 1604794751.965000, 1604794757.404000, 1604794757.404000, 1604794900.929000
1604794900.946000, 1604794925.994000, 1604794925.994000, 1604794931.384000, 1604794931.384000, 1604795070.906000
1604795070.949000, 1604795076.747000, 1604795076.747000, 1604795082.404000, 1604795082.404000, 1604795204.300000
