read_start,read_end,cpu_start,cpu_end,write_start,write_end
1603354318.040000, 1603354378.648000, 1603354378.648000, 1603354384.434000, 1603354384.434000, 1603354671.601000
1603354671.615000, 1603354711.914000, 1603354711.914000, 1603354717.634000, 1603354717.634000, 1603354942.860000
1603354942.897000, 1603354961.436000, 1603354961.436000, 1603354966.230000, 1603354966.230000, 1603355029.683000
