read_start,read_end,cpu_start,cpu_end,write_start,write_end
1603353158.983000, 1603353211.139000, 1603353211.139000, 1603353217.119000, 1603353217.119000, 1603353432.987000
1603353433.004000, 1603353446.196000, 1603353446.196000, 1603353451.840000, 1603353451.840000, 1603353549.834000
1603353549.940000, 1603353616.239000, 1603353616.239000, 1603353621.702000, 1603353621.702000, 1603353844.213000
