read_start,read_end,cpu_start,cpu_end,write_start,write_end
1603352062.657000, 1603352111.561000, 1603352111.561000, 1603352117.364000, 1603352117.364000, 1603352341.879000
1603352341.892000, 1603352367.742000, 1603352367.742000, 1603352375.606000, 1603352375.606000, 1603352518.016000
1603352518.181000, 1603352585.493000, 1603352585.493000, 1603352590.307000, 1603352590.307000, 1603352843.074000
