read_start,read_end,cpu_start,cpu_end,write_start,write_end
1604793091.859000, 1604793163.792000, 1604793163.792000, 1604793168.611000, 1604793168.611000, 1604793283.111000
1604793283.133000, 1604793310.484000, 1604793310.484000, 1604793315.443000, 1604793315.443000, 1604793430.868000
1604793430.890000, 1604793450.847000, 1604793450.847000, 1604793456.184000, 1604793456.184000, 1604793564.231000
