read_start,read_end,cpu_start,cpu_end,write_start,write_end
1603352062.670000, 1603352111.561000, 1603352111.561000, 1603352117.883000, 1603352117.883000, 1603352341.631000
1603352341.649000, 1603352367.486000, 1603352367.486000, 1603352373.059000, 1603352373.059000, 1603352518.016000
1603352518.046000, 1603352586.256000, 1603352586.256000, 1603352591.142000, 1603352591.142000, 1603352843.074000
