read_start,read_end,cpu_start,cpu_end,write_start,write_end
1603349791.359000, 1603349832.908000, 1603349832.908000, 1603349838.648000, 1603349838.648000, 1603350116.060000
1603350116.073000, 1603350139.529000, 1603350139.529000, 1603350144.356000, 1603350144.356000, 1603350175.731000
1603350175.765000, 1603350226.151000, 1603350226.151000, 1603350231.075000, 1603350231.075000, 1603350248.362000
