read_start,read_end,cpu_start,cpu_end,write_start,write_end
1603337455.365000, 1603337476.025000, 1603337476.025000, 1603337480.768000, 1603337480.768000, 1603337615.080000
1603337615.094000, 1603337622.647000, 1603337622.647000, 1603337627.154000, 1603337627.154000, 1603337756.350000
1603337756.379000, 1603337778.414000, 1603337778.414000, 1603337783.181000, 1603337783.181000, 1603337913.455000
