read_start,read_end,cpu_start,cpu_end,write_start,write_end
1603332918.613000, 1603332929.842000, 1603332929.842000, 1603332935.030000, 1603332935.030000, 1603332997.526000
1603332997.540000, 1603333003.272000, 1603333003.272000, 1603333008.413000, 1603333008.413000, 1603333078.657000
1603333078.670000, 1603333080.326000, 1603333080.326000, 1603333084.866000, 1603333084.866000, 1603333133.117000
