read_start,read_end,cpu_start,cpu_end,write_start,write_end
1603336659.025000, 1603336678.492000, 1603336678.492000, 1603336683.925000, 1603336683.925000, 1603336820.819000
1603336820.849000, 1603336841.548000, 1603336841.548000, 1603336846.599000, 1603336846.599000, 1603336984.980000
1603336985.026000, 1603337005.756000, 1603337005.756000, 1603337011.027000, 1603337011.027000, 1603337144.002000
