read_start,read_end,cpu_start,cpu_end,write_start,write_end
1603339892.198000, 1603339917.853000, 1603339917.853000, 1603339922.977000, 1603339922.977000, 1603340102.598000
1603340102.611000, 1603340105.695000, 1603340105.695000, 1603340110.368000, 1603340110.368000, 1603340212.610000
1603340212.627000, 1603340229.865000, 1603340229.865000, 1603340234.228000, 1603340234.228000, 1603340373.067000
