read_start,read_end,cpu_start,cpu_end,write_start,write_end
1603354318.015000, 1603354378.310000, 1603354378.310000, 1603354384.011000, 1603354384.011000, 1603354452.446000
1603354452.478000, 1603354461.321000, 1603354461.321000, 1603354465.916000, 1603354465.916000, 1603354575.742000
1603354575.778000, 1603354584.284000, 1603354584.284000, 1603354588.949000, 1603354588.949000, 1603354642.540000
