read_start,read_end,cpu_start,cpu_end,write_start,write_end
1603339892.205000, 1603339917.948000, 1603339917.948000, 1603339923.176000, 1603339923.176000, 1603340277.076000
1603340277.091000, 1603340331.564000, 1603340331.564000, 1603340336.027000, 1603340336.027000, 1603340385.011000
1603340385.026000, 1603340386.772000, 1603340386.772000, 1603340391.397000, 1603340391.397000, 1603340447.722000
