read_start,read_end,cpu_start,cpu_end,write_start,write_end
1603348698.119000, 1603348736.835000, 1603348736.835000, 1603348742.842000, 1603348742.842000, 1603349017.473000
1603349017.498000, 1603349051.268000, 1603349051.268000, 1603349057.141000, 1603349057.141000, 1603349377.138000
1603349377.203000, 1603349392.678000, 1603349392.678000, 1603349397.089000, 1603349397.089000, 1603349466.694000
