read_start,read_end,cpu_start,cpu_end,write_start,write_end
1604791976.813000, 1604792032.258000, 1604792032.258000, 1604792037.359000, 1604792037.359000, 1604792107.793000
1604792107.807000, 1604792112.132000, 1604792112.132000, 1604792117.264000, 1604792117.264000, 1604792189.999000
1604792190.013000, 1604792195.028000, 1604792195.028000, 1604792199.889000, 1604792199.889000, 1604792263.218000
