read_start,read_end,cpu_start,cpu_end,write_start,write_end
1604808922.799000, 1604809100.472000, 1604809100.472000, 1604809106.782000, 1604809106.782000, 1604809500.776000
1604809500.790000, 1604809527.477000, 1604809527.477000, 1604809533.306000, 1604809533.306000, 1604809976.967000
1604809977.056000, 1604809980.732000, 1604809980.732000, 1604809987.206000, 1604809987.206000, 1604810026.307000
