read_start,read_end,cpu_start,cpu_end,write_start,write_end
1604807759.311000, 1604807931.105000, 1604807931.105000, 1604807936.967000, 1604807936.967000, 1604808242.745000
1604808242.764000, 1604808352.446000, 1604808352.446000, 1604808357.186000, 1604808357.186000, 1604808555.638000
1604808555.732000, 1604808580.826000, 1604808580.826000, 1604808586.237000, 1604808586.237000, 1604808874.103000
