read_start,read_end,cpu_start,cpu_end,write_start,write_end
1604795934.086000, 1604796034.039000, 1604796034.039000, 1604796039.233000, 1604796039.233000, 1604796248.284000
1604796248.314000, 1604796275.865000, 1604796275.865000, 1604796280.844000, 1604796280.844000, 1604796468.984000
1604796469.026000, 1604796494.679000, 1604796494.679000, 1604796500.190000, 1604796500.190000, 1604796679.683000
