read_start,read_end,cpu_start,cpu_end,write_start,write_end
1604801749.915000, 1604801888.515000, 1604801888.515000, 1604801894.423000, 1604801894.423000, 1604802138.120000
1604802138.135000, 1604802151.804000, 1604802151.804000, 1604802157.720000, 1604802157.720000, 1604802332.608000
1604802332.719000, 1604802383.375000, 1604802383.375000, 1604802389.156000, 1604802389.156000, 1604802606.317000
