read_start,read_end,cpu_start,cpu_end,write_start,write_end
1603342593.288000, 1603342623.835000, 1603342623.835000, 1603342629.164000, 1603342629.164000, 1603342815.774000
1603342815.834000, 1603342846.202000, 1603342846.202000, 1603342851.581000, 1603342851.581000, 1603343058.673000
1603343058.685000, 1603343078.295000, 1603343078.295000, 1603343083.676000, 1603343083.676000, 1603343259.115000
