read_start,read_end,cpu_start,cpu_end,write_start,write_end
1604806630.952000, 1604806797.361000, 1604806797.361000, 1604806803.552000, 1604806803.552000, 1604807059.371000
1604807059.387000, 1604807082.246000, 1604807082.246000, 1604807088.023000, 1604807088.023000, 1604807651.038000
1604807651.487000, 1604807662.319000, 1604807662.319000, 1604807667.074000, 1604807667.074000, 1604807728.053000
