read_start,read_end,cpu_start,cpu_end,write_start,write_end
1603334019.982000, 1603334033.749000, 1603334033.749000, 1603334038.478000, 1603334038.478000, 1603334100.754000
1603334100.774000, 1603334109.935000, 1603334109.935000, 1603334115.217000, 1603334115.217000, 1603334148.843000
1603334148.857000, 1603334196.522000, 1603334196.522000, 1603334201.477000, 1603334201.477000, 1603334271.092000
