read_start,read_end,cpu_start,cpu_end,write_start,write_end
1603344587.335000, 1603344619.815000, 1603344619.815000, 1603344625.010000, 1603344625.010000, 1603344832.454000
1603344832.509000, 1603344866.354000, 1603344866.354000, 1603344871.544000, 1603344871.544000, 1603345247.077000
1603345247.099000, 1603345250.209000, 1603345250.209000, 1603345254.871000, 1603345254.871000, 1603345305.675000
