read_start,read_end,cpu_start,cpu_end,write_start,write_end
1603345620.815000, 1603345655.014000, 1603345655.014000, 1603345660.230000, 1603345660.230000, 1603346059.745000
1603346059.758000, 1603346085.870000, 1603346085.870000, 1603346090.681000, 1603346090.681000, 1603346274.367000
1603346274.398000, 1603346282.348000, 1603346282.348000, 1603346287.506000, 1603346287.506000, 1603346342.356000
