read_start,read_end,cpu_start,cpu_end,write_start,write_end
1604807759.343000, 1604807931.354000, 1604807931.354000, 1604807937.956000, 1604807937.956000, 1604808208.678000
1604808208.695000, 1604808217.894000, 1604808217.894000, 1604808222.722000, 1604808222.722000, 1604808294.892000
1604808294.996000, 1604808376.955000, 1604808376.955000, 1604808381.783000, 1604808381.783000, 1604808766.664000
