read_start,read_end,cpu_start,cpu_end,write_start,write_end
1604808922.782000, 1604809100.471000, 1604809100.471000, 1604809106.538000, 1604809106.538000, 1604809497.686000
1604809497.699000, 1604809524.701000, 1604809524.701000, 1604809530.530000, 1604809530.530000, 1604809845.025000
1604809845.185000, 1604809856.817000, 1604809856.817000, 1604809861.944000, 1604809861.944000, 1604809969.466000
