read_start,read_end,cpu_start,cpu_end,write_start,write_end
1603354318.007000, 1603354378.310000, 1603354378.310000, 1603354384.067000, 1603354384.067000, 1603354671.434000
1603354671.458000, 1603354711.492000, 1603354711.492000, 1603354717.233000, 1603354717.233000, 1603354946.599000
1603354946.623000, 1603355015.203000, 1603355015.203000, 1603355019.938000, 1603355019.938000, 1603355089.638000
