read_start,read_end,cpu_start,cpu_end,write_start,write_end
1604796702.644000, 1604796807.842000, 1604796807.842000, 1604796813.551000, 1604796813.551000, 1604796991.463000
1604796991.485000, 1604797022.146000, 1604797022.146000, 1604797028.036000, 1604797028.036000, 1604797159.785000
1604797159.801000, 1604797173.233000, 1604797173.233000, 1604797179.036000, 1604797179.036000, 1604797274.132000
