read_start,read_end,cpu_start,cpu_end,write_start,write_end
1603335228.547000, 1603335245.300000, 1603335245.300000, 1603335250.142000, 1603335250.142000, 1603335371.192000
1603335371.204000, 1603335383.035000, 1603335383.035000, 1603335388.097000, 1603335388.097000, 1603335474.323000
1603335474.358000, 1603335495.150000, 1603335495.150000, 1603335500.234000, 1603335500.234000, 1603335593.919000
