read_start,read_end,cpu_start,cpu_end,write_start,write_end
1603352062.655000, 1603352111.561000, 1603352111.561000, 1603352117.306000, 1603352117.306000, 1603352372.175000
1603352372.203000, 1603352455.485000, 1603352455.485000, 1603352460.500000, 1603352460.500000, 1603352586.319000
1603352586.372000, 1603352653.422000, 1603352653.422000, 1603352657.987000, 1603352657.987000, 1603352843.076000
