read_start,read_end,cpu_start,cpu_end,write_start,write_end
1603353159.003000, 1603353211.423000, 1603353211.423000, 1603353217.169000, 1603353217.169000, 1603353454.322000
1603353454.360000, 1603353546.599000, 1603353546.599000, 1603353552.137000, 1603353552.137000, 1603353830.441000
1603353830.476000, 1603353857.046000, 1603353857.046000, 1603353862.411000, 1603353862.411000, 1603353995.791000
