read_start,read_end,cpu_start,cpu_end,write_start,write_end
1603337455.357000, 1603337476.015000, 1603337476.015000, 1603337480.762000, 1603337480.762000, 1603337615.834000
1603337615.844000, 1603337626.694000, 1603337626.694000, 1603337631.366000, 1603337631.366000, 1603337756.309000
1603337756.355000, 1603337778.413000, 1603337778.413000, 1603337783.289000, 1603337783.289000, 1603337913.455000
