read_start,read_end,cpu_start,cpu_end,write_start,write_end
1604790594.488000, 1604790611.142000, 1604790611.142000, 1604790616.130000, 1604790616.130000, 1604790640.742000
1604790640.759000, 1604790645.502000, 1604790645.502000, 1604790650.080000, 1604790650.080000, 1604790674.768000
1604790674.782000, 1604790678.589000, 1604790678.589000, 1604790683.198000, 1604790683.198000, 1604790707.018000
