read_start,read_end,cpu_start,cpu_end,write_start,write_end
1604791674.721000, 1604791724.620000, 1604791724.620000, 1604791729.380000, 1604791729.380000, 1604791795.623000
1604791795.653000, 1604791808.800000, 1604791808.800000, 1604791813.798000, 1604791813.798000, 1604791881.461000
1604791881.477000, 1604791890.953000, 1604791890.953000, 1604791895.836000, 1604791895.836000, 1604791947.276000
