read_start,read_end,cpu_start,cpu_end,write_start,write_end
1603346667.163000, 1603346702.901000, 1603346702.901000, 1603346708.626000, 1603346708.626000, 1603346912.077000
1603346912.107000, 1603346940.589000, 1603346940.589000, 1603346945.961000, 1603346945.961000, 1603347153.606000
1603347153.619000, 1603347173.967000, 1603347173.967000, 1603347179.089000, 1603347179.089000, 1603347272.814000
