read_start,read_end,cpu_start,cpu_end,write_start,write_end
1604805596.791000, 1604805757.686000, 1604805757.686000, 1604805763.670000, 1604805763.670000, 1604806014.518000
1604806014.532000, 1604806039.368000, 1604806039.368000, 1604806045.262000, 1604806045.262000, 1604806322.567000
1604806322.711000, 1604806350.548000, 1604806350.548000, 1604806355.959000, 1604806355.959000, 1604806600.162000
