read_start,read_end,cpu_start,cpu_end,write_start,write_end
1603339892.199000, 1603339917.938000, 1603339917.938000, 1603339923.056000, 1603339923.056000, 1603340175.529000
1603340175.543000, 1603340209.674000, 1603340209.674000, 1603340215.095000, 1603340215.095000, 1603340372.305000
1603340372.347000, 1603340382.746000, 1603340382.746000, 1603340387.667000, 1603340387.667000, 1603340446.382000
