read_start,read_end,cpu_start,cpu_end,write_start,write_end
1603347655.664000, 1603347692.574000, 1603347692.574000, 1603347698.482000, 1603347698.482000, 1603347933.789000
1603347933.814000, 1603348016.037000, 1603348016.037000, 1603348021.317000, 1603348021.317000, 1603348161.417000
1603348161.538000, 1603348184.665000, 1603348184.665000, 1603348189.152000, 1603348189.152000, 1603348285.697000
