read_start,read_end,cpu_start,cpu_end,write_start,write_end
1603345620.812000, 1603345655.011000, 1603345655.011000, 1603345660.266000, 1603345660.266000, 1603346068.291000
1603346068.303000, 1603346144.575000, 1603346144.575000, 1603346149.463000, 1603346149.463000, 1603346275.979000
1603346276.061000, 1603346284.088000, 1603346284.088000, 1603346288.705000, 1603346288.705000, 1603346342.231000
