read_start,read_end,cpu_start,cpu_end,write_start,write_end
1603354318.007000, 1603354378.310000, 1603354378.310000, 1603354384.025000, 1603354384.025000, 1603354452.446000
1603354452.478000, 1603354461.464000, 1603354461.464000, 1603354466.006000, 1603354466.006000, 1603354582.374000
1603354582.405000, 1603354586.730000, 1603354586.730000, 1603354591.848000, 1603354591.848000, 1603354642.132000
