read_start,read_end,cpu_start,cpu_end,write_start,write_end
1604808922.799000, 1604809100.472000, 1604809100.472000, 1604809107.354000, 1604809107.354000, 1604809398.334000
1604809398.354000, 1604809413.856000, 1604809413.856000, 1604809418.584000, 1604809418.584000, 1604809826.630000
1604809826.745000, 1604809842.517000, 1604809842.517000, 1604809849.706000, 1604809849.706000, 1604810122.557000
