read_start,read_end,cpu_start,cpu_end,write_start,write_end
1603341642.616000, 1603341670.818000, 1603341670.818000, 1603341676.017000, 1603341676.017000, 1603341830.958000
1603341830.974000, 1603341850.461000, 1603341850.461000, 1603341855.591000, 1603341855.591000, 1603342046.842000
1603342046.871000, 1603342063.458000, 1603342063.458000, 1603342068.071000, 1603342068.071000, 1603342177.534000
