read_start,read_end,cpu_start,cpu_end,write_start,write_end
1603354318.026000, 1603354378.645000, 1603354378.645000, 1603354384.419000, 1603354384.419000, 1603354672.367000
1603354672.404000, 1603354712.057000, 1603354712.057000, 1603354718.008000, 1603354718.008000, 1603354926.547000
1603354926.611000, 1603354937.752000, 1603354937.752000, 1603354943.019000, 1603354943.019000, 1603355014.823000
