read_start,read_end,cpu_start,cpu_end,write_start,write_end
1604804545.466000, 1604804700.825000, 1604804700.825000, 1604804706.961000, 1604804706.961000, 1604804985.025000
1604804985.041000, 1604805090.443000, 1604805090.443000, 1604805095.417000, 1604805095.417000, 1604805366.567000
1604805366.920000, 1604805394.754000, 1604805394.754000, 1604805400.336000, 1604805400.336000, 1604805560.480000
