read_start,read_end,cpu_start,cpu_end,write_start,write_end
1604802636.260000, 1604802780.467000, 1604802780.467000, 1604802786.388000, 1604802786.388000, 1604802990.964000
1604802990.983000, 1604803004.073000, 1604803004.073000, 1604803010.072000, 1604803010.072000, 1604803120.174000
1604803120.280000, 1604803196.259000, 1604803196.259000, 1604803201.189000, 1604803201.189000, 1604803345.888000
