read_start,read_end,cpu_start,cpu_end,write_start,write_end
1603350920.587000, 1603350965.750000, 1603350965.750000, 1603350971.541000, 1603350971.541000, 1603351455.895000
1603351455.909000, 1603351473.633000, 1603351473.633000, 1603351478.391000, 1603351478.391000, 1603351621.188000
1603351621.261000, 1603351641.723000, 1603351641.723000, 1603351646.460000, 1603351646.460000, 1603351726.101000
