read_start,read_end,cpu_start,cpu_end,write_start,write_end
1603338242.112000, 1603338264.854000, 1603338264.854000, 1603338269.602000, 1603338269.602000, 1603338407.118000
1603338407.133000, 1603338419.265000, 1603338419.265000, 1603338423.720000, 1603338423.720000, 1603338657.739000
1603338657.760000, 1603338668.544000, 1603338668.544000, 1603338673.354000, 1603338673.354000, 1603338739.542000
