read_start,read_end,cpu_start,cpu_end,write_start,write_end
1603343573.505000, 1603343604.977000, 1603343604.977000, 1603343610.171000, 1603343610.171000, 1603343825.356000
1603343825.390000, 1603343857.216000, 1603343857.216000, 1603343862.413000, 1603343862.413000, 1603344058.538000
1603344058.556000, 1603344083.655000, 1603344083.655000, 1603344088.478000, 1603344088.478000, 1603344231.737000
