read_start,read_end,cpu_start,cpu_end,write_start,write_end
1604806630.948000, 1604806797.358000, 1604806797.358000, 1604806802.978000, 1604806802.978000, 1604807058.100000
1604807058.128000, 1604807081.587000, 1604807081.587000, 1604807086.931000, 1604807086.931000, 1604807265.476000
1604807265.576000, 1604807291.799000, 1604807291.799000, 1604807297.003000, 1604807297.003000, 1604807651.037000
