read_start,read_end,cpu_start,cpu_end,write_start,write_end
1604806630.959000, 1604806797.364000, 1604806797.364000, 1604806803.115000, 1604806803.115000, 1604807253.140000
1604807253.155000, 1604807290.348000, 1604807290.348000, 1604807295.200000, 1604807295.200000, 1604807651.035000
1604807651.248000, 1604807662.151000, 1604807662.151000, 1604807667.179000, 1604807667.179000, 1604807725.640000
