read_start,read_end,cpu_start,cpu_end,write_start,write_end
1604798200.497000, 1604798316.932000, 1604798316.932000, 1604798322.250000, 1604798322.250000, 1604798507.456000
1604798507.509000, 1604798543.542000, 1604798543.542000, 1604798549.162000, 1604798549.162000, 1604798758.180000
1604798758.588000, 1604798787.699000, 1604798787.699000, 1604798796.015000, 1604798796.015000, 1604798992.929000
