read_start,read_end,cpu_start,cpu_end,write_start,write_end
1604801749.907000, 1604801888.462000, 1604801888.462000, 1604801893.593000, 1604801893.593000, 1604802124.342000
1604802124.366000, 1604802147.100000, 1604802147.100000, 1604802153.771000, 1604802153.771000, 1604802332.577000
1604802332.770000, 1604802383.220000, 1604802383.220000, 1604802388.970000, 1604802388.970000, 1604802594.173000
