read_start,read_end,cpu_start,cpu_end,write_start,write_end
1603334019.982000, 1603334033.747000, 1603334033.747000, 1603334038.834000, 1603334038.834000, 1603334115.268000
1603334115.281000, 1603334121.347000, 1603334121.347000, 1603334126.297000, 1603334126.297000, 1603334196.614000
1603334196.627000, 1603334200.421000, 1603334200.421000, 1603334205.893000, 1603334205.893000, 1603334283.874000
