read_start,read_end,cpu_start,cpu_end,write_start,write_end
1604790842.368000, 1604790870.079000, 1604790870.079000, 1604790874.684000, 1604790874.684000, 1604790911.826000
1604790911.841000, 1604790918.315000, 1604790918.315000, 1604790923.402000, 1604790923.402000, 1604790963.804000
1604790963.814000, 1604790969.949000, 1604790969.949000, 1604790974.840000, 1604790974.840000, 1604791007.073000
