read_start,read_end,cpu_start,cpu_end,write_start,write_end
1603350920.584000, 1603350965.750000, 1603350965.750000, 1603350971.521000, 1603350971.521000, 1603351445.617000
1603351445.633000, 1603351466.698000, 1603351466.698000, 1603351471.859000, 1603351471.859000, 1603351621.189000
1603351621.225000, 1603351641.698000, 1603351641.698000, 1603351646.443000, 1603351646.443000, 1603351746.098000
