read_start,read_end,cpu_start,cpu_end,write_start,write_end
1604796702.655000, 1604796808.078000, 1604796808.078000, 1604796813.830000, 1604796813.830000, 1604796992.221000
1604796992.236000, 1604797022.136000, 1604797022.136000, 1604797028.638000, 1604797028.638000, 1604797154.422000
1604797154.437000, 1604797170.745000, 1604797170.745000, 1604797176.323000, 1604797176.323000, 1604797274.936000
