read_start,read_end,cpu_start,cpu_end,write_start,write_end
1603335903.220000, 1603335921.046000, 1603335921.046000, 1603335926.443000, 1603335926.443000, 1603336031.677000
1603336031.690000, 1603336051.303000, 1603336051.303000, 1603336056.048000, 1603336056.048000, 1603336171.507000
1603336171.521000, 1603336189.984000, 1603336189.984000, 1603336195.450000, 1603336195.450000, 1603336234.304000
