read_start,read_end,cpu_start,cpu_end,write_start,write_end
1603347655.687000, 1603347692.759000, 1603347692.759000, 1603347699.098000, 1603347699.098000, 1603347919.116000
1603347919.137000, 1603347928.035000, 1603347928.035000, 1603347933.363000, 1603347933.363000, 1603348026.916000
1603348026.942000, 1603348147.230000, 1603348147.230000, 1603348151.727000, 1603348151.727000, 1603348233.247000
