read_start,read_end,cpu_start,cpu_end,write_start,write_end
1604806630.940000, 1604806797.184000, 1604806797.184000, 1604806802.747000, 1604806802.747000, 1604807058.098000
1604807058.126000, 1604807081.584000, 1604807081.584000, 1604807086.914000, 1604807086.914000, 1604807507.492000
1604807507.685000, 1604807537.261000, 1604807537.261000, 1604807543.285000, 1604807543.285000, 1604807648.769000
