read_start,read_end,cpu_start,cpu_end,write_start,write_end
1603339051.020000, 1603339074.386000, 1603339074.386000, 1603339079.563000, 1603339079.563000, 1603339307.910000
1603339307.920000, 1603339336.929000, 1603339336.929000, 1603339341.982000, 1603339341.982000, 1603339480.704000
1603339480.718000, 1603339490.734000, 1603339490.734000, 1603339495.386000, 1603339495.386000, 1603339573.906000
