read_start,read_end,cpu_start,cpu_end,write_start,write_end
1603341642.608000, 1603341670.740000, 1603341670.740000, 1603341675.935000, 1603341675.935000, 1603341854.881000
1603341854.894000, 1603341875.590000, 1603341875.590000, 1603341880.363000, 1603341880.363000, 1603342160.383000
1603342160.433000, 1603342174.949000, 1603342174.949000, 1603342180.587000, 1603342180.587000, 1603342275.811000
