read_start,read_end,cpu_start,cpu_end,write_start,write_end
1603346667.184000, 1603346703.050000, 1603346703.050000, 1603346708.878000, 1603346708.878000, 1603346929.041000
1603346929.057000, 1603346947.879000, 1603346947.879000, 1603346953.148000, 1603346953.148000, 1603347100.602000
1603347100.654000, 1603347139.555000, 1603347139.555000, 1603347144.010000, 1603347144.010000, 1603347210.108000
