read_start,read_end,cpu_start,cpu_end,write_start,write_end
1603341642.619000, 1603341670.819000, 1603341670.819000, 1603341676.120000, 1603341676.120000, 1603341839.838000
1603341839.858000, 1603341850.766000, 1603341850.766000, 1603341855.533000, 1603341855.533000, 1603341962.263000
1603341962.278000, 1603342044.547000, 1603342044.547000, 1603342050.560000, 1603342050.560000, 1603342074.545000
