read_start,read_end,cpu_start,cpu_end,write_start,write_end
1604791409.340000, 1604791453.712000, 1604791453.712000, 1604791458.797000, 1604791458.797000, 1604791519.555000
1604791519.572000, 1604791531.401000, 1604791531.401000, 1604791536.574000, 1604791536.574000, 1604791596.638000
1604791596.657000, 1604791607.573000, 1604791607.573000, 1604791612.589000, 1604791612.589000, 1604791663.747000
