read_start,read_end,cpu_start,cpu_end,write_start,write_end
1604805596.786000, 1604805757.554000, 1604805757.554000, 1604805763.226000, 1604805763.226000, 1604806009.012000
1604806009.026000, 1604806030.796000, 1604806030.796000, 1604806036.263000, 1604806036.263000, 1604806178.665000
1604806178.701000, 1604806272.260000, 1604806272.260000, 1604806277.118000, 1604806277.118000, 1604806396.202000
