read_start,read_end,cpu_start,cpu_end,write_start,write_end
1603341642.613000, 1603341670.797000, 1603341670.797000, 1603341676.016000, 1603341676.016000, 1603342046.842000
1603342046.872000, 1603342063.449000, 1603342063.449000, 1603342068.608000, 1603342068.608000, 1603342177.519000
1603342177.533000, 1603342180.568000, 1603342180.568000, 1603342185.470000, 1603342185.470000, 1603342274.101000
