read_start,read_end,cpu_start,cpu_end,write_start,write_end
1603338242.108000, 1603338264.864000, 1603338264.864000, 1603338270.201000, 1603338270.201000, 1603338403.556000
1603338403.571000, 1603338411.577000, 1603338411.577000, 1603338416.868000, 1603338416.868000, 1603338657.767000
1603338657.802000, 1603338668.560000, 1603338668.560000, 1603338673.146000, 1603338673.146000, 1603338737.659000
