read_start,read_end,cpu_start,cpu_end,write_start,write_end
1604799923.536000, 1604800050.833000, 1604800050.833000, 1604800056.005000, 1604800056.005000, 1604800267.337000
1604800267.352000, 1604800300.137000, 1604800300.137000, 1604800305.749000, 1604800305.749000, 1604800582.944000
1604800583.496000, 1604800614.738000, 1604800614.738000, 1604800621.458000, 1604800621.458000, 1604800828.211000
