read_start,read_end,cpu_start,cpu_end,write_start,write_end
1604794123.271000, 1604794206.504000, 1604794206.504000, 1604794211.243000, 1604794211.243000, 1604794350.024000
1604794350.038000, 1604794354.238000, 1604794354.238000, 1604794359.903000, 1604794359.903000, 1604794488.186000
1604794488.200000, 1604794502.976000, 1604794502.976000, 1604794508.336000, 1604794508.336000, 1604794623.404000
