read_start,read_end,cpu_start,cpu_end,write_start,write_end
1604799019.229000, 1604799141.288000, 1604799141.288000, 1604799146.484000, 1604799146.484000, 1604799362.642000
1604799362.675000, 1604799395.946000, 1604799395.946000, 1604799401.609000, 1604799401.609000, 1604799589.712000
1604799589.750000, 1604799636.673000, 1604799636.673000, 1604799642.864000, 1604799642.864000, 1604799870.664000
