read_start,read_end,cpu_start,cpu_end,write_start,write_end
1603342593.276000, 1603342623.729000, 1603342623.729000, 1603342628.859000, 1603342628.859000, 1603342815.774000
1603342815.814000, 1603342845.577000, 1603342845.577000, 1603342850.722000, 1603342850.722000, 1603343048.219000
1603343048.252000, 1603343076.511000, 1603343076.511000, 1603343081.636000, 1603343081.636000, 1603343259.125000
