read_start,read_end,cpu_start,cpu_end,write_start,write_end
1603353159.014000, 1603353211.424000, 1603353211.424000, 1603353217.168000, 1603353217.168000, 1603353454.322000
1603353454.360000, 1603353546.599000, 1603353546.599000, 1603353552.133000, 1603353552.133000, 1603353829.937000
1603353829.963000, 1603353856.665000, 1603353856.665000, 1603353862.221000, 1603353862.221000, 1603353995.791000
