read_start,read_end,cpu_start,cpu_end,write_start,write_end
1603350920.600000, 1603350965.763000, 1603350965.763000, 1603350971.506000, 1603350971.506000, 1603351455.715000
1603351455.732000, 1603351473.600000, 1603351473.600000, 1603351478.666000, 1603351478.666000, 1603351621.188000
1603351621.225000, 1603351641.714000, 1603351641.714000, 1603351646.484000, 1603351646.484000, 1603351726.101000
