read_start,read_end,cpu_start,cpu_end,write_start,write_end
1603344587.312000, 1603344619.672000, 1603344619.672000, 1603344624.902000, 1603344624.902000, 1603344832.450000
1603344832.497000, 1603344865.924000, 1603344865.924000, 1603344871.138000, 1603344871.138000, 1603345077.038000
1603345077.053000, 1603345081.617000, 1603345081.617000, 1603345088.409000, 1603345088.409000, 1603345184.163000
