read_start,read_end,cpu_start,cpu_end,write_start,write_end
1603338242.111000, 1603338264.860000, 1603338264.860000, 1603338269.612000, 1603338269.612000, 1603338403.380000
1603338403.394000, 1603338411.255000, 1603338411.255000, 1603338416.454000, 1603338416.454000, 1603338657.765000
1603338657.787000, 1603338668.485000, 1603338668.485000, 1603338673.735000, 1603338673.735000, 1603338739.502000
