read_start,read_end,cpu_start,cpu_end,write_start,write_end
1604808922.772000, 1604809100.382000, 1604809100.382000, 1604809106.052000, 1604809106.052000, 1604809377.801000
1604809377.815000, 1604809392.314000, 1604809392.314000, 1604809397.781000, 1604809397.781000, 1604809506.433000
1604809506.515000, 1604809530.095000, 1604809530.095000, 1604809535.611000, 1604809535.611000, 1604809983.773000
