read_start,read_end,cpu_start,cpu_end,write_start,write_end
1603348698.113000, 1603348736.835000, 1603348736.835000, 1603348742.579000, 1603348742.579000, 1603349017.347000
1603349017.362000, 1603349051.282000, 1603349051.282000, 1603349057.141000, 1603349057.141000, 1603349379.420000
1603349379.489000, 1603349402.012000, 1603349402.012000, 1603349406.927000, 1603349406.927000, 1603349466.694000
