read_start,read_end,cpu_start,cpu_end,write_start,write_end
1603353158.981000, 1603353211.130000, 1603353211.130000, 1603353216.855000, 1603353216.855000, 1603353427.153000
1603353427.189000, 1603353442.605000, 1603353442.605000, 1603353447.534000, 1603353447.534000, 1603353542.398000
1603353542.414000, 1603353574.654000, 1603353574.654000, 1603353579.548000, 1603353579.548000, 1603353844.058000
