read_start,read_end,cpu_start,cpu_end,write_start,write_end
1604806630.937000, 1604806797.128000, 1604806797.128000, 1604806802.817000, 1604806802.817000, 1604807058.099000
1604807058.130000, 1604807081.587000, 1604807081.587000, 1604807086.937000, 1604807086.937000, 1604807486.235000
1604807486.512000, 1604807503.883000, 1604807503.883000, 1604807510.066000, 1604807510.066000, 1604807628.826000
