read_start,read_end,cpu_start,cpu_end,write_start,write_end
1604796702.664000, 1604796808.078000, 1604796808.078000, 1604796813.849000, 1604796813.849000, 1604797002.432000
1604797002.448000, 1604797025.310000, 1604797025.310000, 1604797031.274000, 1604797031.274000, 1604797296.717000
1604797296.771000, 1604797309.733000, 1604797309.733000, 1604797314.641000, 1604797314.641000, 1604797390.990000
