read_start,read_end,cpu_start,cpu_end,write_start,write_end
1603332918.614000, 1603332929.842000, 1603332929.842000, 1603332934.784000, 1603332934.784000, 1603332997.800000
1603332997.815000, 1603333005.131000, 1603333005.131000, 1603333010.518000, 1603333010.518000, 1603333060.751000
1603333060.765000, 1603333062.462000, 1603333062.462000, 1603333066.998000, 1603333066.998000, 1603333094.591000
