read_start,read_end,cpu_start,cpu_end,write_start,write_end
1603340760.888000, 1603340786.932000, 1603340786.932000, 1603340792.126000, 1603340792.126000, 1603341037.129000
1603341037.144000, 1603341073.550000, 1603341073.550000, 1603341078.259000, 1603341078.259000, 1603341163.499000
1603341163.523000, 1603341270.946000, 1603341270.946000, 1603341276.495000, 1603341276.495000, 1603341327.683000
