read_start,read_end,cpu_start,cpu_end,write_start,write_end
1603338242.108000, 1603338264.860000, 1603338264.860000, 1603338270.052000, 1603338270.052000, 1603338396.336000
1603338396.349000, 1603338404.475000, 1603338404.475000, 1603338409.858000, 1603338409.858000, 1603338657.767000
1603338657.802000, 1603338668.558000, 1603338668.558000, 1603338673.292000, 1603338673.292000, 1603338739.730000
