read_start,read_end,cpu_start,cpu_end,write_start,write_end
1603343573.508000, 1603343604.949000, 1603343604.949000, 1603343610.780000, 1603343610.780000, 1603343825.352000
1603343825.380000, 1603343857.037000, 1603343857.037000, 1603343862.235000, 1603343862.235000, 1603344058.519000
1603344058.532000, 1603344083.486000, 1603344083.486000, 1603344088.313000, 1603344088.313000, 1603344231.634000
