read_start,read_end,cpu_start,cpu_end,write_start,write_end
1603345620.804000, 1603345654.859000, 1603345654.859000, 1603345660.091000, 1603345660.091000, 1603345857.421000
1603345857.436000, 1603345871.131000, 1603345871.131000, 1603345876.287000, 1603345876.287000, 1603346056.504000
1603346056.526000, 1603346082.337000, 1603346082.337000, 1603346087.582000, 1603346087.582000, 1603346274.364000
