read_start,read_end,cpu_start,cpu_end,write_start,write_end
1603340760.888000, 1603340786.933000, 1603340786.933000, 1603340792.128000, 1603340792.128000, 1603341073.063000
1603341073.077000, 1603341099.417000, 1603341099.417000, 1603341105.789000, 1603341105.789000, 1603341174.254000
1603341174.343000, 1603341271.212000, 1603341271.212000, 1603341276.593000, 1603341276.593000, 1603341328.778000
