read_start,read_end,cpu_start,cpu_end,write_start,write_end
1603345620.804000, 1603345654.863000, 1603345654.863000, 1603345660.093000, 1603345660.093000, 1603345859.727000
1603345859.741000, 1603345875.171000, 1603345875.171000, 1603345880.139000, 1603345880.139000, 1603346056.504000
1603346056.531000, 1603346082.386000, 1603346082.386000, 1603346087.109000, 1603346087.109000, 1603346274.182000
