read_start,read_end,cpu_start,cpu_end,write_start,write_end
1603331071.943000, 1603331078.186000, 1603331078.186000, 1603331083.179000, 1603331083.179000, 1603331114.427000
1603331114.445000, 1603331118.613000, 1603331118.613000, 1603331123.235000, 1603331123.235000, 1603331156.807000
1603331156.820000, 1603331160.782000, 1603331160.782000, 1603331165.354000, 1603331165.354000, 1603331190.534000
