read_start,read_end,cpu_start,cpu_end,write_start,write_end
1604798200.487000, 1604798316.932000, 1604798316.932000, 1604798322.351000, 1604798322.351000, 1604798507.454000
1604798507.512000, 1604798543.541000, 1604798543.541000, 1604798549.154000, 1604798549.154000, 1604798758.082000
1604798758.384000, 1604798787.813000, 1604798787.813000, 1604798796.236000, 1604798796.236000, 1604798993.000000
