read_start,read_end,cpu_start,cpu_end,write_start,write_end
1603331071.943000, 1603331078.191000, 1603331078.191000, 1603331083.152000, 1603331083.152000, 1603331114.340000
1603331114.356000, 1603331118.565000, 1603331118.565000, 1603331123.609000, 1603331123.609000, 1603331157.215000
1603331157.228000, 1603331162.017000, 1603331162.017000, 1603331166.546000, 1603331166.546000, 1603331192.428000
