read_start,read_end,cpu_start,cpu_end,write_start,write_end
1603343573.506000, 1603343604.977000, 1603343604.977000, 1603343610.268000, 1603343610.268000, 1603343825.381000
1603343825.412000, 1603343857.216000, 1603343857.216000, 1603343862.421000, 1603343862.421000, 1603344063.075000
1603344063.090000, 1603344143.797000, 1603344143.797000, 1603344148.715000, 1603344148.715000, 1603344254.577000
