read_start,read_end,cpu_start,cpu_end,write_start,write_end
1603331944.171000, 1603331952.505000, 1603331952.505000, 1603331957.164000, 1603331957.164000, 1603332009.215000
1603332009.229000, 1603332017.168000, 1603332017.168000, 1603332022.278000, 1603332022.278000, 1603332067.537000
1603332067.552000, 1603332072.881000, 1603332072.881000, 1603332077.495000, 1603332077.495000, 1603332111.815000
