read_start,read_end,cpu_start,cpu_end,write_start,write_end
1604804545.471000, 1604804700.827000, 1604804700.827000, 1604804707.084000, 1604804707.084000, 1604804987.666000
1604804987.679000, 1604805097.424000, 1604805097.424000, 1604805102.002000, 1604805102.002000, 1604805366.595000
1604805366.797000, 1604805394.755000, 1604805394.755000, 1604805400.390000, 1604805400.390000, 1604805559.970000
