read_start,read_end,cpu_start,cpu_end,write_start,write_end
1604800854.226000, 1604800987.311000, 1604800987.311000, 1604800993.228000, 1604800993.228000, 1604801209.912000
1604801209.928000, 1604801230.974000, 1604801230.974000, 1604801237.193000, 1604801237.193000, 1604801463.114000
1604801463.340000, 1604801495.669000, 1604801495.669000, 1604801503.068000, 1604801503.068000, 1604801716.193000
