read_start,read_end,cpu_start,cpu_end,write_start,write_end
1603337455.357000, 1603337476.015000, 1603337476.015000, 1603337481.082000, 1603337481.082000, 1603337598.984000
1603337599.004000, 1603337613.631000, 1603337613.631000, 1603337618.973000, 1603337618.973000, 1603337756.303000
1603337756.335000, 1603337777.675000, 1603337777.675000, 1603337782.487000, 1603337782.487000, 1603337913.455000
