read_start,read_end,cpu_start,cpu_end,write_start,write_end
1603352062.644000, 1603352111.245000, 1603352111.245000, 1603352116.962000, 1603352116.962000, 1603352321.593000
1603352321.607000, 1603352326.168000, 1603352326.168000, 1603352330.522000, 1603352330.522000, 1603352369.728000
1603352369.741000, 1603352436.726000, 1603352436.726000, 1603352441.432000, 1603352441.432000, 1603352560.527000
