read_start,read_end,cpu_start,cpu_end,write_start,write_end
1604796702.662000, 1604796808.085000, 1604796808.085000, 1604796813.347000, 1604796813.347000, 1604797076.171000
1604797076.186000, 1604797160.782000, 1604797160.782000, 1604797165.878000, 1604797165.878000, 1604797244.842000
1604797244.864000, 1604797266.221000, 1604797266.221000, 1604797270.626000, 1604797270.626000, 1604797331.200000
