read_start,read_end,cpu_start,cpu_end,write_start,write_end
1603350920.591000, 1603350965.750000, 1603350965.750000, 1603350971.492000, 1603350971.492000, 1603351464.035000
1603351464.047000, 1603351480.309000, 1603351480.309000, 1603351485.346000, 1603351485.346000, 1603351621.189000
1603351621.266000, 1603351641.754000, 1603351641.754000, 1603351646.490000, 1603351646.490000, 1603351726.101000
