read_start,read_end,cpu_start,cpu_end,write_start,write_end
1604791674.728000, 1604791724.626000, 1604791724.626000, 1604791729.359000, 1604791729.359000, 1604791801.466000
1604791801.479000, 1604791809.984000, 1604791809.984000, 1604791815.196000, 1604791815.196000, 1604791885.811000
1604791885.826000, 1604791895.039000, 1604791895.039000, 1604791899.917000, 1604791899.917000, 1604791952.084000
