read_start,read_end,cpu_start,cpu_end,write_start,write_end
1604805596.804000, 1604805757.698000, 1604805757.698000, 1604805763.678000, 1604805763.678000, 1604806016.076000
1604806016.091000, 1604806040.892000, 1604806040.892000, 1604806047.062000, 1604806047.062000, 1604806322.575000
1604806322.865000, 1604806350.530000, 1604806350.530000, 1604806356.963000, 1604806356.963000, 1604806600.167000
