read_start,read_end,cpu_start,cpu_end,write_start,write_end
1603352062.648000, 1603352111.230000, 1603352111.230000, 1603352116.913000, 1603352116.913000, 1603352342.232000
1603352342.247000, 1603352368.469000, 1603352368.469000, 1603352373.904000, 1603352373.904000, 1603352518.016000
1603352518.045000, 1603352586.264000, 1603352586.264000, 1603352591.669000, 1603352591.669000, 1603352843.074000
