read_start,read_end,cpu_start,cpu_end,write_start,write_end
1604808922.785000, 1604809100.473000, 1604809100.473000, 1604809106.443000, 1604809106.443000, 1604809502.346000
1604809502.362000, 1604809528.400000, 1604809528.400000, 1604809534.455000, 1604809534.455000, 1604809983.654000
1604809983.790000, 1604810006.706000, 1604810006.706000, 1604810011.555000, 1604810011.555000, 1604810122.558000
