read_start,read_end,cpu_start,cpu_end,write_start,write_end
1603350920.569000, 1603350965.442000, 1603350965.442000, 1603350971.157000, 1603350971.157000, 1603351377.514000
1603351377.527000, 1603351386.290000, 1603351386.290000, 1603351391.211000, 1603351391.211000, 1603351439.981000
1603351440.070000, 1603351462.657000, 1603351462.657000, 1603351467.642000, 1603351467.642000, 1603351621.188000
