read_start,read_end,cpu_start,cpu_end,write_start,write_end
1603340760.888000, 1603340786.932000, 1603340786.932000, 1603340792.121000, 1603340792.121000, 1603340976.183000
1603340976.194000, 1603341043.223000, 1603341043.223000, 1603341047.679000, 1603341047.679000, 1603341103.420000
1603341103.437000, 1603341122.323000, 1603341122.323000, 1603341127.096000, 1603341127.096000, 1603341265.257000
