read_start,read_end,cpu_start,cpu_end,write_start,write_end
1603352062.645000, 1603352111.230000, 1603352111.230000, 1603352116.981000, 1603352116.981000, 1603352342.874000
1603352342.888000, 1603352368.890000, 1603352368.890000, 1603352377.446000, 1603352377.446000, 1603352518.563000
1603352518.649000, 1603352586.265000, 1603352586.265000, 1603352591.667000, 1603352591.667000, 1603352843.075000
