read_start,read_end,cpu_start,cpu_end,write_start,write_end
1603342593.275000, 1603342623.729000, 1603342623.729000, 1603342628.858000, 1603342628.858000, 1603342815.774000
1603342815.814000, 1603342845.498000, 1603342845.498000, 1603342850.785000, 1603342850.785000, 1603343048.219000
1603343048.256000, 1603343076.253000, 1603343076.253000, 1603343082.323000, 1603343082.323000, 1603343259.111000
