read_start,read_end,cpu_start,cpu_end,write_start,write_end
1603352062.644000, 1603352111.150000, 1603352111.150000, 1603352117.022000, 1603352117.022000, 1603352372.688000
1603352372.720000, 1603352456.905000, 1603352456.905000, 1603352462.125000, 1603352462.125000, 1603352770.757000
1603352770.826000, 1603352782.604000, 1603352782.604000, 1603352787.336000, 1603352787.336000, 1603352829.431000
