read_start,read_end,cpu_start,cpu_end,write_start,write_end
1604808922.800000, 1604809100.472000, 1604809100.472000, 1604809106.698000, 1604809106.698000, 1604809499.394000
1604809499.409000, 1604809526.352000, 1604809526.352000, 1604809532.351000, 1604809532.351000, 1604809976.951000
1604809977.038000, 1604809980.703000, 1604809980.703000, 1604809987.119000, 1604809987.119000, 1604810031.406000
