read_start,read_end,cpu_start,cpu_end,write_start,write_end
1603340760.888000, 1603340786.910000, 1603340786.910000, 1603340792.095000, 1603340792.095000, 1603340969.572000
1603340969.585000, 1603340972.218000, 1603340972.218000, 1603340977.189000, 1603340977.189000, 1603341094.752000
1603341094.779000, 1603341119.768000, 1603341119.768000, 1603341125.015000, 1603341125.015000, 1603341271.060000
