read_start,read_end,cpu_start,cpu_end,write_start,write_end
1603342593.275000, 1603342623.728000, 1603342623.728000, 1603342628.891000, 1603342628.891000, 1603342815.774000
1603342815.816000, 1603342845.300000, 1603342845.300000, 1603342850.446000, 1603342850.446000, 1603343048.233000
1603343048.281000, 1603343076.536000, 1603343076.536000, 1603343081.833000, 1603343081.833000, 1603343259.290000
