read_start,read_end,cpu_start,cpu_end,write_start,write_end
1604793594.111000, 1604793671.771000, 1604793671.771000, 1604793677.236000, 1604793677.236000, 1604793806.512000
1604793806.537000, 1604793827.301000, 1604793827.301000, 1604793832.814000, 1604793832.814000, 1604793951.305000
1604793951.329000, 1604793971.066000, 1604793971.066000, 1604793976.236000, 1604793976.236000, 1604794099.600000
