read_start,read_end,cpu_start,cpu_end,write_start,write_end
1603342593.280000, 1603342623.735000, 1603342623.735000, 1603342628.864000, 1603342628.864000, 1603342815.205000
1603342815.222000, 1603342844.739000, 1603342844.739000, 1603342849.807000, 1603342849.807000, 1603342859.785000
1603342859.798000, 1603342996.006000, 1603342996.006000, 1603343000.541000, 1603343000.541000, 1603343046.357000
