read_start,read_end,cpu_start,cpu_end,write_start,write_end
1603353158.981000, 1603353211.130000, 1603353211.130000, 1603353216.838000, 1603353216.838000, 1603353427.153000
1603353427.189000, 1603353442.565000, 1603353442.565000, 1603353447.647000, 1603353447.647000, 1603353542.788000
1603353542.805000, 1603353574.686000, 1603353574.686000, 1603353579.692000, 1603353579.692000, 1603353843.368000
