read_start,read_end,cpu_start,cpu_end,write_start,write_end
1603344587.331000, 1603344619.813000, 1603344619.813000, 1603344625.009000, 1603344625.009000, 1603344832.454000
1603344832.509000, 1603344866.354000, 1603344866.354000, 1603344871.624000, 1603344871.624000, 1603345068.635000
1603345068.650000, 1603345077.744000, 1603345077.744000, 1603345083.271000, 1603345083.271000, 1603345162.485000
