read_start,read_end,cpu_start,cpu_end,write_start,write_end
1603341642.612000, 1603341670.793000, 1603341670.793000, 1603341675.970000, 1603341675.970000, 1603341858.599000
1603341858.612000, 1603341944.938000, 1603341944.938000, 1603341949.593000, 1603341949.593000, 1603342160.383000
1603342160.435000, 1603342174.957000, 1603342174.957000, 1603342180.608000, 1603342180.608000, 1603342259.366000
