read_start,read_end,cpu_start,cpu_end,write_start,write_end
1603353158.997000, 1603353211.423000, 1603353211.423000, 1603353217.170000, 1603353217.170000, 1603353454.322000
1603353454.360000, 1603353546.600000, 1603353546.600000, 1603353552.186000, 1603353552.186000, 1603353831.267000
1603353831.288000, 1603353857.631000, 1603353857.631000, 1603353863.104000, 1603353863.104000, 1603353995.791000
