read_start,read_end,cpu_start,cpu_end,write_start,write_end
1604798200.489000, 1604798316.932000, 1604798316.932000, 1604798322.387000, 1604798322.387000, 1604798507.455000
1604798507.509000, 1604798543.541000, 1604798543.541000, 1604798549.073000, 1604798549.073000, 1604798758.103000
1604798758.484000, 1604798787.669000, 1604798787.669000, 1604798793.458000, 1604798793.458000, 1604798992.747000
