read_start,read_end,cpu_start,cpu_end,write_start,write_end
1604808922.798000, 1604809100.473000, 1604809100.473000, 1604809106.458000, 1604809106.458000, 1604809505.579000
1604809505.594000, 1604809529.797000, 1604809529.797000, 1604809535.609000, 1604809535.609000, 1604809983.749000
1604809984.061000, 1604810006.706000, 1604810006.706000, 1604810013.053000, 1604810013.053000, 1604810102.639000
