read_start,read_end,cpu_start,cpu_end,write_start,write_end
1603349791.361000, 1603349832.908000, 1603349832.908000, 1603349838.666000, 1603349838.666000, 1603350307.818000
1603350307.832000, 1603350343.473000, 1603350343.473000, 1603350348.518000, 1603350348.518000, 1603350430.852000
1603350430.871000, 1603350456.118000, 1603350456.118000, 1603350461.189000, 1603350461.189000, 1603350528.455000
