read_start,read_end,cpu_start,cpu_end,write_start,write_end
1604801749.924000, 1604801888.570000, 1604801888.570000, 1604801894.823000, 1604801894.823000, 1604802126.811000
1604802126.834000, 1604802149.008000, 1604802149.008000, 1604802155.856000, 1604802155.856000, 1604802332.615000
1604802333.023000, 1604802383.463000, 1604802383.463000, 1604802389.311000, 1604802389.311000, 1604802589.837000
