read_start,read_end,cpu_start,cpu_end,write_start,write_end
1604804545.447000, 1604804700.822000, 1604804700.822000, 1604804706.898000, 1604804706.898000, 1604804978.096000
1604804978.111000, 1604805053.547000, 1604805053.547000, 1604805058.971000, 1604805058.971000, 1604805205.930000
1604805206.052000, 1604805250.927000, 1604805250.927000, 1604805255.964000, 1604805255.964000, 1604805314.860000
