read_start,read_end,cpu_start,cpu_end,write_start,write_end
1603341642.608000, 1603341670.741000, 1603341670.741000, 1603341675.905000, 1603341675.905000, 1603341855.305000
1603341855.323000, 1603341876.553000, 1603341876.553000, 1603341881.336000, 1603341881.336000, 1603342160.390000
1603342160.436000, 1603342174.959000, 1603342174.959000, 1603342180.591000, 1603342180.591000, 1603342257.450000
