read_start,read_end,cpu_start,cpu_end,write_start,write_end
1604804545.456000, 1604804700.825000, 1604804700.825000, 1604804706.685000, 1604804706.685000, 1604804973.826000
1604804973.838000, 1604804998.873000, 1604804998.873000, 1604805004.571000, 1604805004.571000, 1604805255.785000
1604805255.879000, 1604805270.766000, 1604805270.766000, 1604805277.798000, 1604805277.798000, 1604805513.533000
