read_start,read_end,cpu_start,cpu_end,write_start,write_end
1604794123.264000, 1604794206.473000, 1604794206.473000, 1604794211.713000, 1604794211.713000, 1604794331.455000
1604794331.469000, 1604794348.735000, 1604794348.735000, 1604794354.154000, 1604794354.154000, 1604794468.395000
1604794468.423000, 1604794499.955000, 1604794499.955000, 1604794505.502000, 1604794505.502000, 1604794643.249000
