read_start,read_end,cpu_start,cpu_end,write_start,write_end
1603335228.552000, 1603335245.302000, 1603335245.302000, 1603335250.734000, 1603335250.734000, 1603335371.181000
1603335371.199000, 1603335383.036000, 1603335383.036000, 1603335388.091000, 1603335388.091000, 1603335475.295000
1603335475.309000, 1603335495.173000, 1603335495.173000, 1603335499.959000, 1603335499.959000, 1603335577.411000
