read_start,read_end,cpu_start,cpu_end,write_start,write_end
1604799923.550000, 1604800051.152000, 1604800051.152000, 1604800056.379000, 1604800056.379000, 1604800267.531000
1604800267.555000, 1604800301.265000, 1604800301.265000, 1604800307.203000, 1604800307.203000, 1604800582.967000
1604800583.668000, 1604800614.919000, 1604800614.919000, 1604800620.474000, 1604800620.474000, 1604800827.355000
