read_start,read_end,cpu_start,cpu_end,write_start,write_end
1604794663.106000, 1604794751.806000, 1604794751.806000, 1604794757.132000, 1604794757.132000, 1604794885.033000
1604794885.054000, 1604794925.990000, 1604794925.990000, 1604794931.405000, 1604794931.405000, 1604795055.245000
1604795055.361000, 1604795073.365000, 1604795073.365000, 1604795078.687000, 1604795078.687000, 1604795203.293000
