read_start,read_end,cpu_start,cpu_end,write_start,write_end
1604803552.900000, 1604803702.787000, 1604803702.787000, 1604803709.432000, 1604803709.432000, 1604804085.155000
1604804085.174000, 1604804140.690000, 1604804140.690000, 1604804145.877000, 1604804145.877000, 1604804458.078000
1604804458.555000, 1604804466.338000, 1604804466.338000, 1604804470.945000, 1604804470.945000, 1604804516.707000
