read_start,read_end,cpu_start,cpu_end,write_start,write_end
1604802636.275000, 1604802780.568000, 1604802780.568000, 1604802786.431000, 1604802786.431000, 1604803015.514000
1604803015.538000, 1604803117.393000, 1604803117.393000, 1604803123.911000, 1604803123.911000, 1604803292.123000
1604803292.273000, 1604803346.469000, 1604803346.469000, 1604803351.304000, 1604803351.304000, 1604803475.017000
