read_start,read_end,cpu_start,cpu_end,write_start,write_end
1604805596.782000, 1604805757.379000, 1604805757.379000, 1604805763.062000, 1604805763.062000, 1604806027.694000
1604806027.707000, 1604806071.896000, 1604806071.896000, 1604806076.883000, 1604806076.883000, 1604806322.559000
1604806322.876000, 1604806350.524000, 1604806350.524000, 1604806357.322000, 1604806357.322000, 1604806600.161000
