read_start,read_end,cpu_start,cpu_end,write_start,write_end
1603338242.108000, 1603338264.864000, 1603338264.864000, 1603338270.063000, 1603338270.063000, 1603338394.085000
1603338394.096000, 1603338402.971000, 1603338402.971000, 1603338408.642000, 1603338408.642000, 1603338657.741000
1603338657.762000, 1603338668.275000, 1603338668.275000, 1603338672.895000, 1603338672.895000, 1603338739.688000
