read_start,read_end,cpu_start,cpu_end,write_start,write_end
1604796702.660000, 1604796808.078000, 1604796808.078000, 1604796813.785000, 1604796813.785000, 1604797003.712000
1604797003.728000, 1604797025.812000, 1604797025.812000, 1604797031.764000, 1604797031.764000, 1604797399.219000
1604797399.276000, 1604797401.082000, 1604797401.082000, 1604797405.434000, 1604797405.434000, 1604797419.153000
