read_start,read_end,cpu_start,cpu_end,write_start,write_end
1604797443.882000, 1604797554.678000, 1604797554.678000, 1604797559.800000, 1604797559.800000, 1604797751.749000
1604797751.801000, 1604797781.287000, 1604797781.287000, 1604797786.162000, 1604797786.162000, 1604797875.752000
1604797875.781000, 1604797983.668000, 1604797983.668000, 1604797989.184000, 1604797989.184000, 1604798136.501000
