read_start,read_end,cpu_start,cpu_end,write_start,write_end
1604800854.215000, 1604800987.294000, 1604800987.294000, 1604800993.038000, 1604800993.038000, 1604801211.550000
1604801211.564000, 1604801233.577000, 1604801233.577000, 1604801238.849000, 1604801238.849000, 1604801463.113000
1604801463.363000, 1604801495.669000, 1604801495.669000, 1604801501.521000, 1604801501.521000, 1604801719.443000
