read_start,read_end,cpu_start,cpu_end,write_start,write_end
1604805596.806000, 1604805757.700000, 1604805757.700000, 1604805763.492000, 1604805763.492000, 1604806014.612000
1604806014.628000, 1604806039.428000, 1604806039.428000, 1604806045.736000, 1604806045.736000, 1604806322.577000
1604806322.858000, 1604806350.546000, 1604806350.546000, 1604806355.804000, 1604806355.804000, 1604806586.509000
