read_start,read_end,cpu_start,cpu_end,write_start,write_end
1604799019.217000, 1604799141.013000, 1604799141.013000, 1604799146.473000, 1604799146.473000, 1604799362.455000
1604799362.515000, 1604799395.939000, 1604799395.939000, 1604799401.787000, 1604799401.787000, 1604799611.936000
1604799611.978000, 1604799639.315000, 1604799639.315000, 1604799645.603000, 1604799645.603000, 1604799880.288000
