read_start,read_end,cpu_start,cpu_end,write_start,write_end
1603354318.008000, 1603354378.184000, 1603354378.184000, 1603354383.874000, 1603354383.874000, 1603354452.446000
1603354452.478000, 1603354461.438000, 1603354461.438000, 1603354466.745000, 1603354466.745000, 1603354576.600000
1603354576.656000, 1603354584.646000, 1603354584.646000, 1603354589.510000, 1603354589.510000, 1603354641.966000
