read_start,read_end,cpu_start,cpu_end,write_start,write_end
1604803552.883000, 1604803702.530000, 1604803702.530000, 1604803708.685000, 1604803708.685000, 1604803953.778000
1604803953.793000, 1604804054.180000, 1604804054.180000, 1604804059.136000, 1604804059.136000, 1604804151.721000
1604804151.902000, 1604804284.199000, 1604804284.199000, 1604804289.322000, 1604804289.322000, 1604804455.940000
