read_start,read_end,cpu_start,cpu_end,write_start,write_end
1603332918.613000, 1603332929.842000, 1603332929.842000, 1603332935.114000, 1603332935.114000, 1603332999.676000
1603332999.693000, 1603333009.525000, 1603333009.525000, 1603333014.358000, 1603333014.358000, 1603333085.091000
1603333085.107000, 1603333092.299000, 1603333092.299000, 1603333096.945000, 1603333096.945000, 1603333138.216000
