read_start,read_end,cpu_start,cpu_end,write_start,write_end
1604798200.475000, 1604798316.657000, 1604798316.657000, 1604798321.774000, 1604798321.774000, 1604798417.472000
1604798417.486000, 1604798505.290000, 1604798505.290000, 1604798509.701000, 1604798509.701000, 1604798626.599000
1604798626.616000, 1604798741.719000, 1604798741.719000, 1604798746.092000, 1604798746.092000, 1604798952.364000
