read_start,read_end,cpu_start,cpu_end,write_start,write_end
1603338242.108000, 1603338264.860000, 1603338264.860000, 1603338269.997000, 1603338269.997000, 1603338392.145000
1603338392.158000, 1603338401.472000, 1603338401.472000, 1603338406.732000, 1603338406.732000, 1603338490.735000
1603338490.752000, 1603338520.068000, 1603338520.068000, 1603338524.867000, 1603338524.867000, 1603338588.757000
