read_start,read_end,cpu_start,cpu_end,write_start,write_end
1603346667.162000, 1603346702.926000, 1603346702.926000, 1603346708.121000, 1603346708.121000, 1603346920.072000
1603346920.088000, 1603346944.891000, 1603346944.891000, 1603346950.203000, 1603346950.203000, 1603347093.147000
1603347093.172000, 1603347138.762000, 1603347138.762000, 1603347143.894000, 1603347143.894000, 1603347210.360000
