read_start,read_end,cpu_start,cpu_end,write_start,write_end
1603346667.173000, 1603346703.050000, 1603346703.050000, 1603346708.771000, 1603346708.771000, 1603346888.838000
1603346888.852000, 1603346891.980000, 1603346891.980000, 1603346896.515000, 1603346896.515000, 1603346940.762000
1603346940.774000, 1603346980.987000, 1603346980.987000, 1603346985.704000, 1603346985.704000, 1603347114.687000
