read_start,read_end,cpu_start,cpu_end,write_start,write_end
1603336659.021000, 1603336678.491000, 1603336678.491000, 1603336683.683000, 1603336683.683000, 1603336820.241000
1603336820.265000, 1603336841.301000, 1603336841.301000, 1603336846.461000, 1603336846.461000, 1603336984.980000
1603336985.013000, 1603337005.653000, 1603337005.653000, 1603337010.404000, 1603337010.404000, 1603337144.383000
