read_start,read_end,cpu_start,cpu_end,write_start,write_end
1604793594.105000, 1604793671.765000, 1604793671.765000, 1604793676.646000, 1604793676.646000, 1604793806.485000
1604793806.513000, 1604793827.613000, 1604793827.613000, 1604793833.130000, 1604793833.130000, 1604793951.286000
1604793951.303000, 1604793969.983000, 1604793969.983000, 1604793975.579000, 1604793975.579000, 1604794099.590000
