read_start,read_end,cpu_start,cpu_end,write_start,write_end
1603339051.020000, 1603339074.385000, 1603339074.385000, 1603339079.871000, 1603339079.871000, 1603339222.952000
1603339222.965000, 1603339235.888000, 1603339235.888000, 1603339241.003000, 1603339241.003000, 1603339340.232000
1603339340.247000, 1603339425.853000, 1603339425.853000, 1603339430.691000, 1603339430.691000, 1603339516.565000
