read_start,read_end,cpu_start,cpu_end,write_start,write_end
1603348698.114000, 1603348736.835000, 1603348736.835000, 1603348743.050000, 1603348743.050000, 1603349023.317000
1603349023.330000, 1603349054.870000, 1603349054.870000, 1603349060.699000, 1603349060.699000, 1603349276.753000
1603349276.847000, 1603349280.901000, 1603349280.901000, 1603349285.338000, 1603349285.338000, 1603349303.054000
