read_start,read_end,cpu_start,cpu_end,write_start,write_end
1604803552.907000, 1604803702.787000, 1604803702.787000, 1604803708.624000, 1604803708.624000, 1604803949.496000
1604803949.509000, 1604804034.667000, 1604804034.667000, 1604804039.566000, 1604804039.566000, 1604804129.841000
1604804129.930000, 1604804187.430000, 1604804187.430000, 1604804192.200000, 1604804192.200000, 1604804456.000000
