read_start,read_end,cpu_start,cpu_end,write_start,write_end
1604797443.886000, 1604797554.814000, 1604797554.814000, 1604797560.634000, 1604797560.634000, 1604797751.749000
1604797751.806000, 1604797781.262000, 1604797781.262000, 1604797786.810000, 1604797786.810000, 1604797919.931000
1604797919.961000, 1604797986.851000, 1604797986.851000, 1604797992.790000, 1604797992.790000, 1604798144.894000
