read_start,read_end,cpu_start,cpu_end,write_start,write_end
1604802636.261000, 1604802780.510000, 1604802780.510000, 1604802786.262000, 1604802786.262000, 1604802989.948000
1604802989.962000, 1604803003.650000, 1604803003.650000, 1604803009.638000, 1604803009.638000, 1604803116.214000
1604803116.313000, 1604803141.842000, 1604803141.842000, 1604803147.149000, 1604803147.149000, 1604803313.271000
