read_start,read_end,cpu_start,cpu_end,write_start,write_end
1603330679.865000, 1603330684.378000, 1603330684.378000, 1603330688.932000, 1603330688.932000, 1603330713.094000
1603330713.107000, 1603330717.108000, 1603330717.108000, 1603330721.763000, 1603330721.763000, 1603330740.565000
1603330740.578000, 1603330742.337000, 1603330742.337000, 1603330746.813000, 1603330746.813000, 1603330757.525000
