read_start,read_end,cpu_start,cpu_end,write_start,write_end
1603330314.699000, 1603330317.711000, 1603330317.711000, 1603330322.068000, 1603330322.068000, 1603330338.625000
1603330338.638000, 1603330340.443000, 1603330340.443000, 1603330345.394000, 1603330345.394000, 1603330358.780000
1603330358.793000, 1603330360.582000, 1603330360.582000, 1603330365.560000, 1603330365.560000, 1603330378.437000
