read_start,read_end,cpu_start,cpu_end,write_start,write_end
1604802636.254000, 1604802780.116000, 1604802780.116000, 1604802786.171000, 1604802786.171000, 1604802987.606000
1604802987.617000, 1604803001.783000, 1604803001.783000, 1604803007.491000, 1604803007.491000, 1604803100.551000
1604803100.644000, 1604803126.324000, 1604803126.324000, 1604803131.686000, 1604803131.686000, 1604803307.809000
