read_start,read_end,cpu_start,cpu_end,write_start,write_end
1604803552.885000, 1604803702.588000, 1604803702.588000, 1604803708.168000, 1604803708.168000, 1604803927.908000
1604803927.927000, 1604803941.577000, 1604803941.577000, 1604803947.179000, 1604803947.179000, 1604804091.441000
1604804091.510000, 1604804150.692000, 1604804150.692000, 1604804156.452000, 1604804156.452000, 1604804458.164000
