read_start,read_end,cpu_start,cpu_end,write_start,write_end
1603339051.032000, 1603339074.428000, 1603339074.428000, 1603339079.609000, 1603339079.609000, 1603339205.986000
1603339206.005000, 1603339216.038000, 1603339216.038000, 1603339220.599000, 1603339220.599000, 1603339292.853000
1603339292.880000, 1603339333.475000, 1603339333.475000, 1603339339.333000, 1603339339.333000, 1603339431.195000
