read_start,read_end,cpu_start,cpu_end,write_start,write_end
1604800854.212000, 1604800987.166000, 1604800987.166000, 1604800992.886000, 1604800992.886000, 1604801227.552000
1604801227.563000, 1604801306.979000, 1604801306.979000, 1604801312.199000, 1604801312.199000, 1604801463.396000
1604801464.524000, 1604801495.704000, 1604801495.704000, 1604801501.404000, 1604801501.404000, 1604801722.734000
