read_start,read_end,cpu_start,cpu_end,write_start,write_end
1603350920.582000, 1603350965.750000, 1603350965.750000, 1603350971.631000, 1603350971.631000, 1603351468.978000
1603351468.992000, 1603351535.705000, 1603351535.705000, 1603351540.734000, 1603351540.734000, 1603351623.194000
1603351623.263000, 1603351642.066000, 1603351642.066000, 1603351646.824000, 1603351646.824000, 1603351726.606000
