read_start,read_end,cpu_start,cpu_end,write_start,write_end
1603342593.275000, 1603342623.727000, 1603342623.727000, 1603342628.858000, 1603342628.858000, 1603342815.205000
1603342815.221000, 1603342845.790000, 1603342845.790000, 1603342851.623000, 1603342851.623000, 1603343048.219000
1603343048.260000, 1603343076.502000, 1603343076.502000, 1603343081.773000, 1603343081.773000, 1603343259.127000
