read_start,read_end,cpu_start,cpu_end,write_start,write_end
1604804545.442000, 1604804700.505000, 1604804700.505000, 1604804706.743000, 1604804706.743000, 1604804976.120000
1604804976.137000, 1604805002.530000, 1604805002.530000, 1604805007.247000, 1604805007.247000, 1604805366.562000
1604805366.953000, 1604805394.755000, 1604805394.755000, 1604805399.718000, 1604805399.718000, 1604805559.257000
