read_start,read_end,cpu_start,cpu_end,write_start,write_end
1603337455.362000, 1603337476.024000, 1603337476.024000, 1603337480.781000, 1603337480.781000, 1603337616.130000
1603337616.144000, 1603337627.945000, 1603337627.945000, 1603337632.628000, 1603337632.628000, 1603337756.361000
1603337756.390000, 1603337777.888000, 1603337777.888000, 1603337782.656000, 1603337782.656000, 1603337913.455000
