read_start,read_end,cpu_start,cpu_end,write_start,write_end
1604805596.802000, 1604805757.698000, 1604805757.698000, 1604805763.531000, 1604805763.531000, 1604806013.316000
1604806013.330000, 1604806038.349000, 1604806038.349000, 1604806044.748000, 1604806044.748000, 1604806342.765000
1604806342.848000, 1604806413.724000, 1604806413.724000, 1604806418.534000, 1604806418.534000, 1604806553.610000
