read_start,read_end,cpu_start,cpu_end,write_start,write_end
1603339892.215000, 1603339917.948000, 1603339917.948000, 1603339923.165000, 1603339923.165000, 1603340213.704000
1603340213.719000, 1603340287.931000, 1603340287.931000, 1603340293.787000, 1603340293.787000, 1603340373.067000
1603340373.171000, 1603340382.750000, 1603340382.750000, 1603340387.442000, 1603340387.442000, 1603340447.303000
