read_start,read_end,cpu_start,cpu_end,write_start,write_end
1603347655.676000, 1603347692.759000, 1603347692.759000, 1603347698.688000, 1603347698.688000, 1603347933.734000
1603347933.762000, 1603348015.808000, 1603348015.808000, 1603348021.052000, 1603348021.052000, 1603348252.677000
1603348252.741000, 1603348289.101000, 1603348289.101000, 1603348293.923000, 1603348293.923000, 1603348381.795000
