read_start,read_end,cpu_start,cpu_end,write_start,write_end
1603335228.548000, 1603335245.297000, 1603335245.297000, 1603335250.192000, 1603335250.192000, 1603335341.431000
1603335341.450000, 1603335377.237000, 1603335377.237000, 1603335382.241000, 1603335382.241000, 1603335479.874000
1603335479.888000, 1603335495.574000, 1603335495.574000, 1603335500.770000, 1603335500.770000, 1603335594.578000
