read_start,read_end,cpu_start,cpu_end,write_start,write_end
1603334019.983000, 1603334033.749000, 1603334033.749000, 1603334038.489000, 1603334038.489000, 1603334102.172000
1603334102.187000, 1603334112.155000, 1603334112.155000, 1603334116.989000, 1603334116.989000, 1603334174.957000
1603334174.971000, 1603334197.078000, 1603334197.078000, 1603334202.270000, 1603334202.270000, 1603334272.177000
