read_start,read_end,cpu_start,cpu_end,write_start,write_end
1603353158.981000, 1603353211.130000, 1603353211.130000, 1603353217.369000, 1603353217.369000, 1603353448.695000
1603353448.716000, 1603353546.195000, 1603353546.195000, 1603353551.793000, 1603353551.793000, 1603353829.909000
1603353829.931000, 1603353856.554000, 1603353856.554000, 1603353861.867000, 1603353861.867000, 1603353995.790000
