read_start,read_end,cpu_start,cpu_end,write_start,write_end
1604805596.796000, 1604805757.698000, 1604805757.698000, 1604805764.051000, 1604805764.051000, 1604806039.707000
1604806039.742000, 1604806191.645000, 1604806191.645000, 1604806196.523000, 1604806196.523000, 1604806348.155000
1604806348.287000, 1604806440.653000, 1604806440.653000, 1604806445.786000, 1604806445.786000, 1604806588.910000
