read_start,read_end,cpu_start,cpu_end,write_start,write_end
1603335228.548000, 1603335245.300000, 1603335245.300000, 1603335250.033000, 1603335250.033000, 1603335365.071000
1603335365.085000, 1603335378.252000, 1603335378.252000, 1603335383.012000, 1603335383.012000, 1603335474.323000
1603335474.359000, 1603335495.139000, 1603335495.139000, 1603335500.135000, 1603335500.135000, 1603335592.814000
