read_start,read_end,cpu_start,cpu_end,write_start,write_end
1604807759.315000, 1604807931.210000, 1604807931.210000, 1604807936.793000, 1604807936.793000, 1604808248.804000
1604808248.826000, 1604808372.452000, 1604808372.452000, 1604808378.255000, 1604808378.255000, 1604808766.662000
1604808767.029000, 1604808778.334000, 1604808778.334000, 1604808783.185000, 1604808783.185000, 1604808868.627000
