read_start,read_end,cpu_start,cpu_end,write_start,write_end
1604802636.259000, 1604802780.421000, 1604802780.421000, 1604802786.260000, 1604802786.260000, 1604802989.078000
1604802989.092000, 1604803003.140000, 1604803003.140000, 1604803009.106000, 1604803009.106000, 1604803111.546000
1604803111.639000, 1604803128.714000, 1604803128.714000, 1604803133.396000, 1604803133.396000, 1604803308.992000
