read_start,read_end,cpu_start,cpu_end,write_start,write_end
1603339051.024000, 1603339074.426000, 1603339074.426000, 1603339079.582000, 1603339079.582000, 1603339307.989000
1603339308.001000, 1603339337.014000, 1603339337.014000, 1603339342.224000, 1603339342.224000, 1603339473.690000
1603339473.703000, 1603339489.319000, 1603339489.319000, 1603339494.078000, 1603339494.078000, 1603339549.644000
