read_start,read_end,cpu_start,cpu_end,write_start,write_end
1603352062.675000, 1603352111.561000, 1603352111.561000, 1603352117.326000, 1603352117.326000, 1603352343.419000
1603352343.442000, 1603352369.117000, 1603352369.117000, 1603352375.129000, 1603352375.129000, 1603352518.016000
1603352518.097000, 1603352586.265000, 1603352586.265000, 1603352591.149000, 1603352591.149000, 1603352843.074000
