read_start,read_end,cpu_start,cpu_end,write_start,write_end
1603336659.023000, 1603336678.469000, 1603336678.469000, 1603336683.211000, 1603336683.211000, 1603336820.571000
1603336820.601000, 1603336841.541000, 1603336841.541000, 1603336846.486000, 1603336846.486000, 1603336987.081000
1603336987.094000, 1603337005.915000, 1603337005.915000, 1603337011.133000, 1603337011.133000, 1603337146.179000
