read_start,read_end,cpu_start,cpu_end,write_start,write_end
1604806630.965000, 1604806797.364000, 1604806797.364000, 1604806803.154000, 1604806803.154000, 1604807143.845000
1604807143.859000, 1604807195.833000, 1604807195.833000, 1604807200.739000, 1604807200.739000, 1604807486.234000
1604807486.399000, 1604807504.181000, 1604807504.181000, 1604807510.541000, 1604807510.541000, 1604807630.210000
