read_start,read_end,cpu_start,cpu_end,write_start,write_end
1604791409.333000, 1604791453.701000, 1604791453.701000, 1604791458.957000, 1604791458.957000, 1604791519.028000
1604791519.042000, 1604791530.212000, 1604791530.212000, 1604791535.088000, 1604791535.088000, 1604791597.259000
1604791597.274000, 1604791607.652000, 1604791607.652000, 1604791612.892000, 1604791612.892000, 1604791663.370000
