read_start,read_end,cpu_start,cpu_end,write_start,write_end
1603343573.506000, 1603343604.996000, 1603343604.996000, 1603343610.203000, 1603343610.203000, 1603343825.353000
1603343825.386000, 1603343857.182000, 1603343857.182000, 1603343862.426000, 1603343862.426000, 1603344058.878000
1603344058.904000, 1603344134.905000, 1603344134.905000, 1603344139.812000, 1603344139.812000, 1603344254.547000
