read_start,read_end,cpu_start,cpu_end,write_start,write_end
1604804545.454000, 1604804700.823000, 1604804700.823000, 1604804706.912000, 1604804706.912000, 1604804979.990000
1604804980.007000, 1604805057.526000, 1604805057.526000, 1604805062.913000, 1604805062.913000, 1604805209.730000
1604805209.869000, 1604805252.559000, 1604805252.559000, 1604805257.660000, 1604805257.660000, 1604805525.468000
