read_start,read_end,cpu_start,cpu_end,write_start,write_end
1603353158.981000, 1603353211.130000, 1603353211.130000, 1603353216.803000, 1603353216.803000, 1603353454.333000
1603353454.364000, 1603353546.574000, 1603353546.574000, 1603353552.135000, 1603353552.135000, 1603353843.875000
1603353843.923000, 1603353860.699000, 1603353860.699000, 1603353866.792000, 1603353866.792000, 1603354000.975000
