read_start,read_end,cpu_start,cpu_end,write_start,write_end
1603348698.140000, 1603348737.023000, 1603348737.023000, 1603348742.761000, 1603348742.761000, 1603348954.451000
1603348954.468000, 1603348968.410000, 1603348968.410000, 1603348973.064000, 1603348973.064000, 1603349004.319000
1603349004.333000, 1603349041.908000, 1603349041.908000, 1603349046.779000, 1603349046.779000, 1603349283.401000
