read_start,read_end,cpu_start,cpu_end,write_start,write_end
1604798200.479000, 1604798316.829000, 1604798316.829000, 1604798321.949000, 1604798321.949000, 1604798507.454000
1604798507.493000, 1604798542.385000, 1604798542.385000, 1604798547.902000, 1604798547.902000, 1604798757.993000
1604798758.074000, 1604798786.388000, 1604798786.388000, 1604798792.032000, 1604798792.032000, 1604798986.808000
