read_start,read_end,cpu_start,cpu_end,write_start,write_end
1604800854.207000, 1604800987.042000, 1604800987.042000, 1604800992.780000, 1604800992.780000, 1604801230.089000
1604801230.104000, 1604801314.622000, 1604801314.622000, 1604801319.759000, 1604801319.759000, 1604801463.455000
1604801463.803000, 1604801495.673000, 1604801495.673000, 1604801501.260000, 1604801501.260000, 1604801719.772000
