read_start,read_end,cpu_start,cpu_end,write_start,write_end
1603353158.981000, 1603353211.130000, 1603353211.130000, 1603353216.841000, 1603353216.841000, 1603353427.153000
1603353427.189000, 1603353442.583000, 1603353442.583000, 1603353447.456000, 1603353447.456000, 1603353542.415000
1603353542.425000, 1603353574.678000, 1603353574.678000, 1603353579.508000, 1603353579.508000, 1603353829.858000
