read_start,read_end,cpu_start,cpu_end,write_start,write_end
1604792671.876000, 1604792738.463000, 1604792738.463000, 1604792743.270000, 1604792743.270000, 1604792833.762000
1604792833.797000, 1604792852.405000, 1604792852.405000, 1604792857.492000, 1604792857.492000, 1604792946.142000
1604792946.160000, 1604792961.428000, 1604792961.428000, 1604792966.947000, 1604792966.947000, 1604793046.867000
