read_start,read_end,cpu_start,cpu_end,write_start,write_end
1603339051.021000, 1603339074.386000, 1603339074.386000, 1603339079.528000, 1603339079.528000, 1603339214.117000
1603339214.130000, 1603339228.970000, 1603339228.970000, 1603339234.137000, 1603339234.137000, 1603339314.841000
1603339314.857000, 1603339338.641000, 1603339338.641000, 1603339343.842000, 1603339343.842000, 1603339479.009000
