read_start,read_end,cpu_start,cpu_end,write_start,write_end
1604793594.112000, 1604793671.767000, 1604793671.767000, 1604793677.095000, 1604793677.095000, 1604793806.511000
1604793806.539000, 1604793827.613000, 1604793827.613000, 1604793832.810000, 1604793832.810000, 1604793951.315000
1604793951.339000, 1604793971.063000, 1604793971.063000, 1604793976.389000, 1604793976.389000, 1604794099.600000
