read_start,read_end,cpu_start,cpu_end,write_start,write_end
1603350920.595000, 1603350965.750000, 1603350965.750000, 1603350971.497000, 1603350971.497000, 1603351209.633000
1603351209.648000, 1603351219.868000, 1603351219.868000, 1603351225.041000, 1603351225.041000, 1603351263.473000
1603351263.527000, 1603351289.581000, 1603351289.581000, 1603351294.135000, 1603351294.135000, 1603351332.529000
