read_start,read_end,cpu_start,cpu_end,write_start,write_end
1603354318.014000, 1603354378.310000, 1603354378.310000, 1603354384.370000, 1603354384.370000, 1603354671.729000
1603354671.754000, 1603354711.705000, 1603354711.705000, 1603354717.869000, 1603354717.869000, 1603354928.816000
1603354928.854000, 1603354938.441000, 1603354938.441000, 1603354943.105000, 1603354943.105000, 1603355012.609000
