read_start,read_end,cpu_start,cpu_end,write_start,write_end
1604799923.561000, 1604800051.152000, 1604800051.152000, 1604800056.929000, 1604800056.929000, 1604800267.374000
1604800267.400000, 1604800301.225000, 1604800301.225000, 1604800306.382000, 1604800306.382000, 1604800582.994000
1604800583.430000, 1604800615.121000, 1604800615.121000, 1604800620.679000, 1604800620.679000, 1604800826.444000
