read_start,read_end,cpu_start,cpu_end,write_start,write_end
1604798200.488000, 1604798316.932000, 1604798316.932000, 1604798322.083000, 1604798322.083000, 1604798507.454000
1604798507.494000, 1604798542.449000, 1604798542.449000, 1604798547.958000, 1604798547.958000, 1604798758.082000
1604798758.312000, 1604798787.097000, 1604798787.097000, 1604798792.830000, 1604798792.830000, 1604798993.001000
