read_start,read_end,cpu_start,cpu_end,write_start,write_end
1603331495.325000, 1603331502.260000, 1603331502.260000, 1603331507.269000, 1603331507.269000, 1603331547.523000
1603331547.536000, 1603331551.262000, 1603331551.262000, 1603331556.116000, 1603331556.116000, 1603331603.627000
1603331603.641000, 1603331605.976000, 1603331605.976000, 1603331611.205000, 1603331611.205000, 1603331640.672000
