read_start,read_end,cpu_start,cpu_end,write_start,write_end
1604799019.231000, 1604799141.288000, 1604799141.288000, 1604799146.545000, 1604799146.545000, 1604799362.455000
1604799362.516000, 1604799395.833000, 1604799395.833000, 1604799401.331000, 1604799401.331000, 1604799569.566000
1604799569.603000, 1604799633.822000, 1604799633.822000, 1604799639.367000, 1604799639.367000, 1604799858.582000
