read_start,read_end,cpu_start,cpu_end,write_start,write_end
1603348698.126000, 1603348737.021000, 1603348737.021000, 1603348743.117000, 1603348743.117000, 1603349019.099000
1603349019.113000, 1603349052.516000, 1603349052.516000, 1603349058.195000, 1603349058.195000, 1603349360.751000
1603349360.823000, 1603349367.255000, 1603349367.255000, 1603349372.423000, 1603349372.423000, 1603349413.060000
