read_start,read_end,cpu_start,cpu_end,write_start,write_end
1604794663.114000, 1604794751.960000, 1604794751.960000, 1604794757.290000, 1604794757.290000, 1604794900.929000
1604794900.946000, 1604794925.993000, 1604794925.993000, 1604794931.362000, 1604794931.362000, 1604795055.236000
1604795055.361000, 1604795073.170000, 1604795073.170000, 1604795078.474000, 1604795078.474000, 1604795203.303000
