read_start,read_end,cpu_start,cpu_end,write_start,write_end
1604795239.670000, 1604795334.008000, 1604795334.008000, 1604795338.727000, 1604795338.727000, 1604795508.536000
1604795508.551000, 1604795543.231000, 1604795543.231000, 1604795548.477000, 1604795548.477000, 1604795604.174000
1604795604.202000, 1604795716.888000, 1604795716.888000, 1604795722.048000, 1604795722.048000, 1604795755.152000
