read_start,read_end,cpu_start,cpu_end,write_start,write_end
1603347655.664000, 1603347692.589000, 1603347692.589000, 1603347698.704000, 1603347698.704000, 1603347935.323000
1603347935.334000, 1603348016.327000, 1603348016.327000, 1603348022.989000, 1603348022.989000, 1603348162.946000
1603348163.025000, 1603348185.485000, 1603348185.485000, 1603348189.978000, 1603348189.978000, 1603348283.108000
