read_start,read_end,cpu_start,cpu_end,write_start,write_end
1603347655.671000, 1603347692.756000, 1603347692.756000, 1603347698.909000, 1603347698.909000, 1603347933.594000
1603347933.615000, 1603348015.495000, 1603348015.495000, 1603348020.758000, 1603348020.758000, 1603348237.337000
1603348237.407000, 1603348253.761000, 1603348253.761000, 1603348258.444000, 1603348258.444000, 1603348309.081000
