read_start,read_end,cpu_start,cpu_end,write_start,write_end
1604799019.216000, 1604799140.961000, 1604799140.961000, 1604799146.853000, 1604799146.853000, 1604799362.455000
1604799362.515000, 1604799395.942000, 1604799395.942000, 1604799401.602000, 1604799401.602000, 1604799589.574000
1604799589.628000, 1604799636.663000, 1604799636.663000, 1604799642.861000, 1604799642.861000, 1604799870.706000
