read_start,read_end,cpu_start,cpu_end,write_start,write_end
1604793091.859000, 1604793163.763000, 1604793163.763000, 1604793169.124000, 1604793169.124000, 1604793282.936000
1604793282.975000, 1604793310.323000, 1604793310.323000, 1604793315.278000, 1604793315.278000, 1604793430.700000
1604793430.716000, 1604793447.369000, 1604793447.369000, 1604793452.685000, 1604793452.685000, 1604793481.882000
