read_start,read_end,cpu_start,cpu_end,write_start,write_end
1603335228.548000, 1603335245.300000, 1603335245.300000, 1603335250.039000, 1603335250.039000, 1603335366.231000
1603335366.245000, 1603335379.955000, 1603335379.955000, 1603335384.891000, 1603335384.891000, 1603335474.323000
1603335474.359000, 1603335495.139000, 1603335495.139000, 1603335499.878000, 1603335499.878000, 1603335587.946000
