read_start,read_end,cpu_start,cpu_end,write_start,write_end
1604807759.336000, 1604807931.352000, 1604807931.352000, 1604807938.226000, 1604807938.226000, 1604808208.621000
1604808208.640000, 1604808217.905000, 1604808217.905000, 1604808223.322000, 1604808223.322000, 1604808352.173000
1604808352.314000, 1604808464.121000, 1604808464.121000, 1604808468.712000, 1604808468.712000, 1604808874.035000
