read_start,read_end,cpu_start,cpu_end,write_start,write_end
1603350920.569000, 1603350965.396000, 1603350965.396000, 1603350971.068000, 1603350971.068000, 1603351234.433000
1603351234.447000, 1603351261.353000, 1603351261.353000, 1603351266.233000, 1603351266.233000, 1603351306.397000
1603351306.462000, 1603351335.679000, 1603351335.679000, 1603351340.200000, 1603351340.200000, 1603351385.098000
