read_start,read_end,cpu_start,cpu_end,write_start,write_end
1604795934.068000, 1604796033.815000, 1604796033.815000, 1604796038.896000, 1604796038.896000, 1604796248.069000
1604796248.095000, 1604796274.211000, 1604796274.211000, 1604796279.711000, 1604796279.711000, 1604796359.164000
1604796359.178000, 1604796455.310000, 1604796455.310000, 1604796459.725000, 1604796459.725000, 1604796497.734000
