read_start,read_end,cpu_start,cpu_end,write_start,write_end
1604807759.340000, 1604807931.353000, 1604807931.353000, 1604807937.406000, 1604807937.406000, 1604808240.210000
1604808240.220000, 1604808349.534000, 1604808349.534000, 1604808355.258000, 1604808355.258000, 1604808555.266000
1604808555.379000, 1604808580.751000, 1604808580.751000, 1604808585.709000, 1604808585.709000, 1604808868.732000
