read_start,read_end,cpu_start,cpu_end,write_start,write_end
1604801749.916000, 1604801888.521000, 1604801888.521000, 1604801894.709000, 1604801894.709000, 1604802127.199000
1604802127.223000, 1604802149.111000, 1604802149.111000, 1604802155.991000, 1604802155.991000, 1604802332.630000
1604802333.109000, 1604802383.472000, 1604802383.472000, 1604802389.250000, 1604802389.250000, 1604802592.259000
