read_start,read_end,cpu_start,cpu_end,write_start,write_end
1604795934.082000, 1604796034.034000, 1604796034.034000, 1604796039.614000, 1604796039.614000, 1604796248.083000
1604796248.108000, 1604796274.449000, 1604796274.449000, 1604796279.966000, 1604796279.966000, 1604796468.984000
1604796469.027000, 1604796493.544000, 1604796493.544000, 1604796498.892000, 1604796498.892000, 1604796630.597000
