read_start,read_end,cpu_start,cpu_end,write_start,write_end
1603344587.317000, 1603344619.791000, 1603344619.791000, 1603344624.979000, 1603344624.979000, 1603344832.450000
1603344832.498000, 1603344865.948000, 1603344865.948000, 1603344871.160000, 1603344871.160000, 1603345079.137000
1603345079.151000, 1603345083.521000, 1603345083.521000, 1603345088.595000, 1603345088.595000, 1603345184.067000
