read_start,read_end,cpu_start,cpu_end,write_start,write_end
1603352062.652000, 1603352111.560000, 1603352111.560000, 1603352117.496000, 1603352117.496000, 1603352373.272000
1603352373.300000, 1603352457.945000, 1603352457.945000, 1603352462.986000, 1603352462.986000, 1603352770.765000
1603352770.839000, 1603352782.674000, 1603352782.674000, 1603352787.392000, 1603352787.392000, 1603352827.682000
