read_start,read_end,cpu_start,cpu_end,write_start,write_end
1603345620.820000, 1603345655.015000, 1603345655.015000, 1603345660.206000, 1603345660.206000, 1603345869.913000
1603345869.926000, 1603345891.841000, 1603345891.841000, 1603345897.218000, 1603345897.218000, 1603346040.635000
1603346040.704000, 1603346053.495000, 1603346053.495000, 1603346060.092000, 1603346060.092000, 1603346164.009000
