read_start,read_end,cpu_start,cpu_end,write_start,write_end
1603347655.672000, 1603347692.756000, 1603347692.756000, 1603347699.070000, 1603347699.070000, 1603347933.594000
1603347933.615000, 1603348014.971000, 1603348014.971000, 1603348020.856000, 1603348020.856000, 1603348250.445000
1603348250.509000, 1603348288.109000, 1603348288.109000, 1603348293.719000, 1603348293.719000, 1603348381.804000
