read_start,read_end,cpu_start,cpu_end,write_start,write_end
1604794123.258000, 1604794206.413000, 1604794206.413000, 1604794211.553000, 1604794211.553000, 1604794350.002000
1604794350.016000, 1604794354.338000, 1604794354.338000, 1604794359.860000, 1604794359.860000, 1604794480.213000
1604794480.230000, 1604794500.824000, 1604794500.824000, 1604794506.312000, 1604794506.312000, 1604794610.289000
