read_start,read_end,cpu_start,cpu_end,write_start,write_end
1604803552.908000, 1604803702.787000, 1604803702.787000, 1604803708.534000, 1604803708.534000, 1604803941.401000
1604803941.418000, 1604803951.323000, 1604803951.323000, 1604803957.207000, 1604803957.207000, 1604804091.621000
1604804091.765000, 1604804150.961000, 1604804150.961000, 1604804157.991000, 1604804157.991000, 1604804458.612000
