read_start,read_end,cpu_start,cpu_end,write_start,write_end
1603343573.510000, 1603343605.012000, 1603343605.012000, 1603343610.221000, 1603343610.221000, 1603343825.354000
1603343825.384000, 1603343856.948000, 1603343856.948000, 1603343862.163000, 1603343862.163000, 1603344065.114000
1603344065.124000, 1603344170.221000, 1603344170.221000, 1603344174.970000, 1603344174.970000, 1603344254.622000
