read_start,read_end,cpu_start,cpu_end,write_start,write_end
1604807759.312000, 1604807931.024000, 1604807931.024000, 1604807936.738000, 1604807936.738000, 1604808247.564000
1604808247.579000, 1604808371.321000, 1604808371.321000, 1604808377.052000, 1604808377.052000, 1604808874.037000
1604808874.195000, 1604808876.129000, 1604808876.129000, 1604808880.951000, 1604808880.951000, 1604808892.012000
