read_start,read_end,cpu_start,cpu_end,write_start,write_end
1603339051.020000, 1603339074.385000, 1603339074.385000, 1603339079.625000, 1603339079.625000, 1603339206.678000
1603339206.692000, 1603339216.596000, 1603339216.596000, 1603339221.211000, 1603339221.211000, 1603339292.854000
1603339292.878000, 1603339333.362000, 1603339333.362000, 1603339338.709000, 1603339338.709000, 1603339431.856000
