read_start,read_end,cpu_start,cpu_end,write_start,write_end
1604795934.072000, 1604796033.908000, 1604796033.908000, 1604796038.997000, 1604796038.997000, 1604796248.322000
1604796248.356000, 1604796275.751000, 1604796275.751000, 1604796281.373000, 1604796281.373000, 1604796469.091000
1604796469.120000, 1604796494.629000, 1604796494.629000, 1604796499.954000, 1604796499.954000, 1604796651.586000
