read_start,read_end,cpu_start,cpu_end,write_start,write_end
1604793594.112000, 1604793671.769000, 1604793671.769000, 1604793676.513000, 1604793676.513000, 1604793806.509000
1604793806.539000, 1604793827.321000, 1604793827.321000, 1604793832.611000, 1604793832.611000, 1604793951.179000
1604793951.196000, 1604793970.951000, 1604793970.951000, 1604793976.166000, 1604793976.166000, 1604794099.590000
