read_start,read_end,cpu_start,cpu_end,write_start,write_end
1603334019.982000, 1603334033.749000, 1603334033.749000, 1603334038.489000, 1603334038.489000, 1603334100.754000
1603334100.774000, 1603334109.927000, 1603334109.927000, 1603334115.087000, 1603334115.087000, 1603334181.782000
1603334181.796000, 1603334197.881000, 1603334197.881000, 1603334203.077000, 1603334203.077000, 1603334272.402000
