read_start,read_end,cpu_start,cpu_end,write_start,write_end
1603334590.769000, 1603334606.718000, 1603334606.718000, 1603334611.861000, 1603334611.861000, 1603334703.057000
1603334703.069000, 1603334717.009000, 1603334717.009000, 1603334721.901000, 1603334721.901000, 1603334798.682000
1603334798.696000, 1603334811.630000, 1603334811.630000, 1603334816.381000, 1603334816.381000, 1603334915.771000
