read_start,read_end,cpu_start,cpu_end,write_start,write_end
1604805596.798000, 1604805757.698000, 1604805757.698000, 1604805763.920000, 1604805763.920000, 1604806027.269000
1604806027.283000, 1604806071.356000, 1604806071.356000, 1604806076.291000, 1604806076.291000, 1604806325.579000
1604806325.719000, 1604806352.532000, 1604806352.532000, 1604806357.861000, 1604806357.861000, 1604806598.638000
