read_start,read_end,cpu_start,cpu_end,write_start,write_end
1603354318.032000, 1603354378.645000, 1603354378.645000, 1603354384.426000, 1603354384.426000, 1603354671.835000
1603354671.864000, 1603354712.019000, 1603354712.019000, 1603354717.741000, 1603354717.741000, 1603355017.834000
1603355017.877000, 1603355032.078000, 1603355032.078000, 1603355037.372000, 1603355037.372000, 1603355117.886000
