read_start,read_end,cpu_start,cpu_end,write_start,write_end
1603344587.329000, 1603344619.815000, 1603344619.815000, 1603344625.022000, 1603344625.022000, 1603344832.451000
1603344832.508000, 1603344866.353000, 1603344866.353000, 1603344871.539000, 1603344871.539000, 1603345177.612000
1603345177.630000, 1603345223.062000, 1603345223.062000, 1603345227.895000, 1603345227.895000, 1603345301.528000
