read_start,read_end,cpu_start,cpu_end,write_start,write_end
1604799019.237000, 1604799141.288000, 1604799141.288000, 1604799146.539000, 1604799146.539000, 1604799362.455000
1604799362.516000, 1604799395.924000, 1604799395.924000, 1604799401.647000, 1604799401.647000, 1604799604.125000
1604799604.168000, 1604799637.800000, 1604799637.800000, 1604799643.900000, 1604799643.900000, 1604799880.286000
