read_start,read_end,cpu_start,cpu_end,write_start,write_end
1603346667.185000, 1603346703.050000, 1603346703.050000, 1603346709.182000, 1603346709.182000, 1603346956.308000
1603346956.332000, 1603347093.234000, 1603347093.234000, 1603347098.051000, 1603347098.051000, 1603347157.971000
1603347158.042000, 1603347177.387000, 1603347177.387000, 1603347181.785000, 1603347181.785000, 1603347270.941000
