read_start,read_end,cpu_start,cpu_end,write_start,write_end
1603332416.628000, 1603332426.317000, 1603332426.317000, 1603332431.509000, 1603332431.509000, 1603332489.342000
1603332489.355000, 1603332498.486000, 1603332498.486000, 1603332503.145000, 1603332503.145000, 1603332560.917000
1603332560.931000, 1603332567.738000, 1603332567.738000, 1603332572.419000, 1603332572.419000, 1603332613.751000
