read_start,read_end,cpu_start,cpu_end,write_start,write_end
1603340760.898000, 1603340786.983000, 1603340786.983000, 1603340792.431000, 1603340792.431000, 1603340957.182000
1603340957.198000, 1603340968.449000, 1603340968.449000, 1603340973.434000, 1603340973.434000, 1603341094.727000
1603341094.741000, 1603341119.645000, 1603341119.645000, 1603341124.975000, 1603341124.975000, 1603341282.810000
