read_start,read_end,cpu_start,cpu_end,write_start,write_end
1603348698.130000, 1603348737.021000, 1603348737.021000, 1603348742.792000, 1603348742.792000, 1603349008.057000
1603349008.074000, 1603349044.390000, 1603349044.390000, 1603349049.643000, 1603349049.643000, 1603349283.405000
1603349283.428000, 1603349294.836000, 1603349294.836000, 1603349299.515000, 1603349299.515000, 1603349338.172000
