read_start,read_end,cpu_start,cpu_end,write_start,write_end
1603344587.322000, 1603344619.812000, 1603344619.812000, 1603344625.591000, 1603344625.591000, 1603344832.450000
1603344832.493000, 1603344866.035000, 1603344866.035000, 1603344871.237000, 1603344871.237000, 1603345081.929000
1603345081.943000, 1603345088.107000, 1603345088.107000, 1603345093.727000, 1603345093.727000, 1603345208.826000
