read_start,read_end,cpu_start,cpu_end,write_start,write_end
1604802636.254000, 1604802780.405000, 1604802780.405000, 1604802786.426000, 1604802786.426000, 1604802993.493000
1604802993.507000, 1604803004.974000, 1604803004.974000, 1604803010.762000, 1604803010.762000, 1604803124.052000
1604803124.390000, 1604803289.777000, 1604803289.777000, 1604803296.211000, 1604803296.211000, 1604803428.425000
