read_start,read_end,cpu_start,cpu_end,write_start,write_end
1604790842.370000, 1604790870.091000, 1604790870.091000, 1604790874.963000, 1604790874.963000, 1604790911.601000
1604790911.615000, 1604790918.176000, 1604790918.176000, 1604790923.014000, 1604790923.014000, 1604790963.405000
1604790963.418000, 1604790969.577000, 1604790969.577000, 1604790974.535000, 1604790974.535000, 1604791006.102000
