read_start,read_end,cpu_start,cpu_end,write_start,write_end
1603332416.628000, 1603332426.317000, 1603332426.317000, 1603332430.954000, 1603332430.954000, 1603332489.182000
1603332489.196000, 1603332498.198000, 1603332498.198000, 1603332502.955000, 1603332502.955000, 1603332563.675000
1603332563.688000, 1603332569.380000, 1603332569.380000, 1603332574.471000, 1603332574.471000, 1603332613.825000
