read_start,read_end,cpu_start,cpu_end,write_start,write_end
1604800854.233000, 1604800987.318000, 1604800987.318000, 1604800992.426000, 1604800992.426000, 1604801227.496000
1604801227.513000, 1604801307.229000, 1604801307.229000, 1604801312.470000, 1604801312.470000, 1604801463.506000
1604801464.295000, 1604801495.297000, 1604801495.297000, 1604801502.216000, 1604801502.216000, 1604801719.776000
