read_start,read_end,cpu_start,cpu_end,write_start,write_end
1603338242.108000, 1603338264.864000, 1603338264.864000, 1603338269.624000, 1603338269.624000, 1603338415.202000
1603338415.217000, 1603338510.530000, 1603338510.530000, 1603338515.125000, 1603338515.125000, 1603338556.883000
1603338556.897000, 1603338590.573000, 1603338590.573000, 1603338595.332000, 1603338595.332000, 1603338632.699000
