read_start,read_end,cpu_start,cpu_end,write_start,write_end
1603348698.114000, 1603348736.834000, 1603348736.834000, 1603348742.582000, 1603348742.582000, 1603349017.473000
1603349017.498000, 1603349051.437000, 1603349051.437000, 1603349057.280000, 1603349057.280000, 1603349407.617000
1603349407.695000, 1603349420.439000, 1603349420.439000, 1603349425.098000, 1603349425.098000, 1603349471.105000
