read_start,read_end,cpu_start,cpu_end,write_start,write_end
1603350920.569000, 1603350965.442000, 1603350965.442000, 1603350971.155000, 1603350971.155000, 1603351297.705000
1603351297.718000, 1603351316.707000, 1603351316.707000, 1603351321.297000, 1603351321.297000, 1603351374.593000
1603351374.635000, 1603351385.645000, 1603351385.645000, 1603351390.627000, 1603351390.627000, 1603351436.848000
