read_start,read_end,cpu_start,cpu_end,write_start,write_end
1603332918.613000, 1603332929.849000, 1603332929.849000, 1603332934.774000, 1603332934.774000, 1603332999.433000
1603332999.446000, 1603333009.226000, 1603333009.226000, 1603333013.955000, 1603333013.955000, 1603333084.409000
1603333084.423000, 1603333090.701000, 1603333090.701000, 1603333095.284000, 1603333095.284000, 1603333133.936000
