read_start,read_end,cpu_start,cpu_end,write_start,write_end
1604800854.217000, 1604800987.308000, 1604800987.308000, 1604800993.099000, 1604800993.099000, 1604801223.063000
1604801223.077000, 1604801246.646000, 1604801246.646000, 1604801251.595000, 1604801251.595000, 1604801463.439000
1604801464.138000, 1604801495.703000, 1604801495.703000, 1604801501.453000, 1604801501.453000, 1604801719.605000
