read_start,read_end,cpu_start,cpu_end,write_start,write_end
1604799019.232000, 1604799141.288000, 1604799141.288000, 1604799146.545000, 1604799146.545000, 1604799362.455000
1604799362.516000, 1604799395.928000, 1604799395.928000, 1604799401.400000, 1604799401.400000, 1604799577.852000
1604799577.900000, 1604799634.312000, 1604799634.312000, 1604799640.104000, 1604799640.104000, 1604799870.675000
