read_start,read_end,cpu_start,cpu_end,write_start,write_end
1603345620.804000, 1603345654.826000, 1603345654.826000, 1603345660.061000, 1603345660.061000, 1603345869.963000
1603345869.976000, 1603345891.629000, 1603345891.629000, 1603345897.299000, 1603345897.299000, 1603346041.339000
1603346041.417000, 1603346053.500000, 1603346053.500000, 1603346060.069000, 1603346060.069000, 1603346164.273000
