read_start,read_end,cpu_start,cpu_end,write_start,write_end
1603347655.666000, 1603347692.596000, 1603347692.596000, 1603347698.318000, 1603347698.318000, 1603347933.636000
1603347933.651000, 1603348015.455000, 1603348015.455000, 1603348020.713000, 1603348020.713000, 1603348182.420000
1603348182.479000, 1603348240.877000, 1603348240.877000, 1603348245.414000, 1603348245.414000, 1603348312.712000
