read_start,read_end,cpu_start,cpu_end,write_start,write_end
1603338242.110000, 1603338264.867000, 1603338264.867000, 1603338270.030000, 1603338270.030000, 1603338391.320000
1603338391.334000, 1603338401.080000, 1603338401.080000, 1603338406.267000, 1603338406.267000, 1603338488.802000
1603338488.825000, 1603338520.026000, 1603338520.026000, 1603338525.695000, 1603338525.695000, 1603338657.778000
