read_start,read_end,cpu_start,cpu_end,write_start,write_end
1603334590.767000, 1603334606.714000, 1603334606.714000, 1603334611.590000, 1603334611.590000, 1603334701.185000
1603334701.198000, 1603334715.835000, 1603334715.835000, 1603334720.619000, 1603334720.619000, 1603334793.653000
1603334793.678000, 1603334811.267000, 1603334811.267000, 1603334816.101000, 1603334816.101000, 1603334913.815000
