read_start,read_end,cpu_start,cpu_end,write_start,write_end
1603332918.613000, 1603332929.846000, 1603332929.846000, 1603332934.630000, 1603332934.630000, 1603333000.316000
1603333000.332000, 1603333009.598000, 1603333009.598000, 1603333014.276000, 1603333014.276000, 1603333083.297000
1603333083.311000, 1603333085.217000, 1603333085.217000, 1603333090.137000, 1603333090.137000, 1603333125.068000
