read_start,read_end,cpu_start,cpu_end,write_start,write_end
1604805596.813000, 1604805757.700000, 1604805757.700000, 1604805764.128000, 1604805764.128000, 1604806039.839000
1604806039.868000, 1604806191.901000, 1604806191.901000, 1604806197.119000, 1604806197.119000, 1604806348.203000
1604806348.333000, 1604806440.724000, 1604806440.724000, 1604806446.187000, 1604806446.187000, 1604806601.027000
