read_start,read_end,cpu_start,cpu_end,write_start,write_end
1603338242.109000, 1603338264.864000, 1603338264.864000, 1603338270.525000, 1603338270.525000, 1603338400.893000
1603338400.907000, 1603338407.117000, 1603338407.117000, 1603338412.296000, 1603338412.296000, 1603338657.768000
1603338657.793000, 1603338668.494000, 1603338668.494000, 1603338673.226000, 1603338673.226000, 1603338739.950000
