read_start,read_end,cpu_start,cpu_end,write_start,write_end
1603346667.162000, 1603346702.926000, 1603346702.926000, 1603346708.148000, 1603346708.148000, 1603346912.077000
1603346912.120000, 1603346941.041000, 1603346941.041000, 1603346946.465000, 1603346946.465000, 1603347254.732000
1603347254.754000, 1603347263.344000, 1603347263.344000, 1603347268.489000, 1603347268.489000, 1603347323.270000
