read_start,read_end,cpu_start,cpu_end,write_start,write_end
1603346667.162000, 1603346702.926000, 1603346702.926000, 1603346708.149000, 1603346708.149000, 1603346912.066000
1603346912.080000, 1603346941.016000, 1603346941.016000, 1603346946.493000, 1603346946.493000, 1603347257.006000
1603347257.020000, 1603347265.395000, 1603347265.395000, 1603347270.379000, 1603347270.379000, 1603347335.906000
