read_start,read_end,cpu_start,cpu_end,write_start,write_end
1604807759.337000, 1604807931.352000, 1604807931.352000, 1604807937.648000, 1604807937.648000, 1604808223.012000
1604808223.026000, 1604808245.646000, 1604808245.646000, 1604808252.220000, 1604808252.220000, 1604808442.168000
1604808442.230000, 1604808563.613000, 1604808563.613000, 1604808569.163000, 1604808569.163000, 1604808874.033000
