read_start,read_end,cpu_start,cpu_end,write_start,write_end
1603349791.358000, 1603349832.908000, 1603349832.908000, 1603349838.684000, 1603349838.684000, 1603350293.503000
1603350293.514000, 1603350330.352000, 1603350330.352000, 1603350335.062000, 1603350335.062000, 1603350363.575000
1603350363.612000, 1603350443.345000, 1603350443.345000, 1603350448.129000, 1603350448.129000, 1603350477.984000
