read_start,read_end,cpu_start,cpu_end,write_start,write_end
1603350920.573000, 1603350965.696000, 1603350965.696000, 1603350971.431000, 1603350971.431000, 1603351440.766000
1603351440.779000, 1603351463.694000, 1603351463.694000, 1603351468.626000, 1603351468.626000, 1603351621.196000
1603351621.297000, 1603351641.761000, 1603351641.761000, 1603351646.631000, 1603351646.631000, 1603351726.360000
