read_start,read_end,cpu_start,cpu_end,write_start,write_end
1604792290.922000, 1604792351.992000, 1604792351.992000, 1604792356.865000, 1604792356.865000, 1604792449.210000
1604792449.245000, 1604792465.580000, 1604792465.580000, 1604792470.627000, 1604792470.627000, 1604792561.131000
1604792561.146000, 1604792569.853000, 1604792569.853000, 1604792574.635000, 1604792574.635000, 1604792657.706000
