read_start,read_end,cpu_start,cpu_end,write_start,write_end
1604795934.079000, 1604796034.034000, 1604796034.034000, 1604796039.581000, 1604796039.581000, 1604796248.315000
1604796248.359000, 1604796275.885000, 1604796275.885000, 1604796281.581000, 1604796281.581000, 1604796468.987000
1604796469.027000, 1604796494.655000, 1604796494.655000, 1604796499.999000, 1604796499.999000, 1604796663.877000
