read_start,read_end,cpu_start,cpu_end,write_start,write_end
1604799923.539000, 1604800050.992000, 1604800050.992000, 1604800056.774000, 1604800056.774000, 1604800267.605000
1604800267.642000, 1604800301.325000, 1604800301.325000, 1604800307.393000, 1604800307.393000, 1604800575.967000
1604800576.025000, 1604800582.202000, 1604800582.202000, 1604800587.962000, 1604800587.962000, 1604800653.100000
