read_start,read_end,cpu_start,cpu_end,write_start,write_end
1604799019.223000, 1604799141.282000, 1604799141.282000, 1604799146.447000, 1604799146.447000, 1604799362.455000
1604799362.507000, 1604799395.939000, 1604799395.939000, 1604799401.952000, 1604799401.952000, 1604799880.291000
1604799880.535000, 1604799882.639000, 1604799882.639000, 1604799886.989000, 1604799886.989000, 1604799897.759000
