read_start,read_end,cpu_start,cpu_end,write_start,write_end
1604805596.788000, 1604805757.558000, 1604805757.558000, 1604805764.036000, 1604805764.036000, 1604806039.708000
1604806039.739000, 1604806191.742000, 1604806191.742000, 1604806197.105000, 1604806197.105000, 1604806348.176000
1604806348.303000, 1604806440.702000, 1604806440.702000, 1604806445.554000, 1604806445.554000, 1604806598.723000
