read_start,read_end,cpu_start,cpu_end,write_start,write_end
1603339051.020000, 1603339074.386000, 1603339074.386000, 1603339079.529000, 1603339079.529000, 1603339314.841000
1603339314.858000, 1603339338.641000, 1603339338.641000, 1603339343.841000, 1603339343.841000, 1603339482.286000
1603339482.300000, 1603339490.959000, 1603339490.959000, 1603339495.529000, 1603339495.529000, 1603339572.110000
