read_start,read_end,cpu_start,cpu_end,write_start,write_end
1603333443.785000, 1603333456.475000, 1603333456.475000, 1603333461.083000, 1603333461.083000, 1603333534.424000
1603333534.438000, 1603333540.942000, 1603333540.942000, 1603333546.371000, 1603333546.371000, 1603333619.375000
1603333619.390000, 1603333631.971000, 1603333631.971000, 1603333636.811000, 1603333636.811000, 1603333711.911000
