read_start,read_end,cpu_start,cpu_end,write_start,write_end
1603348698.126000, 1603348737.021000, 1603348737.021000, 1603348743.242000, 1603348743.242000, 1603349026.299000
1603349026.312000, 1603349056.112000, 1603349056.112000, 1603349061.294000, 1603349061.294000, 1603349379.229000
1603349379.308000, 1603349400.992000, 1603349400.992000, 1603349405.851000, 1603349405.851000, 1603349471.082000
