read_start,read_end,cpu_start,cpu_end,write_start,write_end
1603346667.185000, 1603346703.050000, 1603346703.050000, 1603346708.358000, 1603346708.358000, 1603346912.077000
1603346912.122000, 1603346941.095000, 1603346941.095000, 1603346946.426000, 1603346946.426000, 1603347250.824000
1603347250.838000, 1603347260.027000, 1603347260.027000, 1603347265.032000, 1603347265.032000, 1603347320.051000
