read_start,read_end,cpu_start,cpu_end,write_start,write_end
1604806630.938000, 1604806797.011000, 1604806797.011000, 1604806802.899000, 1604806802.899000, 1604807062.720000
1604807062.735000, 1604807085.110000, 1604807085.110000, 1604807090.184000, 1604807090.184000, 1604807651.037000
1604807651.489000, 1604807662.319000, 1604807662.319000, 1604807667.090000, 1604807667.090000, 1604807724.690000
