read_start,read_end,cpu_start,cpu_end,write_start,write_end
1603339051.028000, 1603339074.426000, 1603339074.426000, 1603339079.607000, 1603339079.607000, 1603339342.860000
1603339342.881000, 1603339433.266000, 1603339433.266000, 1603339439.080000, 1603339439.080000, 1603339547.619000
1603339547.732000, 1603339549.596000, 1603339549.596000, 1603339553.937000, 1603339553.937000, 1603339580.413000
