read_start,read_end,cpu_start,cpu_end,write_start,write_end
1604796702.655000, 1604796808.078000, 1604796808.078000, 1604796813.945000, 1604796813.945000, 1604797003.894000
1604797003.918000, 1604797025.899000, 1604797025.899000, 1604797031.841000, 1604797031.841000, 1604797305.476000
1604797305.550000, 1604797310.847000, 1604797310.847000, 1604797315.956000, 1604797315.956000, 1604797392.333000
