read_start,read_end,cpu_start,cpu_end,write_start,write_end
1604805596.784000, 1604805757.521000, 1604805757.521000, 1604805763.340000, 1604805763.340000, 1604806009.877000
1604806009.892000, 1604806032.517000, 1604806032.517000, 1604806038.072000, 1604806038.072000, 1604806191.456000
1604806191.512000, 1604806318.394000, 1604806318.394000, 1604806325.149000, 1604806325.149000, 1604806418.627000
