read_start,read_end,cpu_start,cpu_end,write_start,write_end
1604799019.230000, 1604799141.288000, 1604799141.288000, 1604799147.223000, 1604799147.223000, 1604799362.642000
1604799362.678000, 1604799395.946000, 1604799395.946000, 1604799401.513000, 1604799401.513000, 1604799589.418000
1604799589.473000, 1604799636.660000, 1604799636.660000, 1604799642.855000, 1604799642.855000, 1604799880.300000
