read_start,read_end,cpu_start,cpu_end,write_start,write_end
1603344587.313000, 1603344619.611000, 1603344619.611000, 1603344624.788000, 1603344624.788000, 1603344833.436000
1603344833.474000, 1603344866.360000, 1603344866.360000, 1603344872.096000, 1603344872.096000, 1603345070.059000
1603345070.074000, 1603345078.562000, 1603345078.562000, 1603345084.505000, 1603345084.505000, 1603345161.124000
