read_start,read_end,cpu_start,cpu_end,write_start,write_end
1603349791.360000, 1603349832.908000, 1603349832.908000, 1603349838.648000, 1603349838.648000, 1603350079.029000
1603350079.042000, 1603350086.272000, 1603350086.272000, 1603350091.680000, 1603350091.680000, 1603350132.197000
1603350132.209000, 1603350151.051000, 1603350151.051000, 1603350155.739000, 1603350155.739000, 1603350221.441000
