read_start,read_end,cpu_start,cpu_end,write_start,write_end
1603337455.357000, 1603337476.007000, 1603337476.007000, 1603337481.318000, 1603337481.318000, 1603337599.246000
1603337599.271000, 1603337613.692000, 1603337613.692000, 1603337618.495000, 1603337618.495000, 1603337756.306000
1603337756.353000, 1603337778.413000, 1603337778.413000, 1603337783.155000, 1603337783.155000, 1603337913.455000
