read_start,read_end,cpu_start,cpu_end,write_start,write_end
1604804545.438000, 1604804700.477000, 1604804700.477000, 1604804706.176000, 1604804706.176000, 1604804989.793000
1604804989.809000, 1604805119.666000, 1604805119.666000, 1604805125.423000, 1604805125.423000, 1604805526.812000
1604805526.913000, 1604805534.881000, 1604805534.881000, 1604805539.467000, 1604805539.467000, 1604805567.956000
