read_start,read_end,cpu_start,cpu_end,write_start,write_end
1603344587.334000, 1603344619.815000, 1603344619.815000, 1603344625.010000, 1603344625.010000, 1603344832.462000
1603344832.515000, 1603344866.355000, 1603344866.355000, 1603344871.541000, 1603344871.541000, 1603345165.174000
1603345165.185000, 1603345221.557000, 1603345221.557000, 1603345226.216000, 1603345226.216000, 1603345304.689000
