read_start,read_end,cpu_start,cpu_end,write_start,write_end
1604799019.215000, 1604799140.961000, 1604799140.961000, 1604799146.539000, 1604799146.539000, 1604799362.455000
1604799362.516000, 1604799395.928000, 1604799395.928000, 1604799402.077000, 1604799402.077000, 1604799609.505000
1604799609.553000, 1604799638.993000, 1604799638.993000, 1604799645.280000, 1604799645.280000, 1604799880.297000
