read_start,read_end,cpu_start,cpu_end,write_start,write_end
1603345620.814000, 1603345655.011000, 1603345655.011000, 1603345660.804000, 1603345660.804000, 1603345859.137000
1603345859.152000, 1603345874.228000, 1603345874.228000, 1603345879.222000, 1603345879.222000, 1603346056.537000
1603346056.567000, 1603346082.431000, 1603346082.431000, 1603346087.869000, 1603346087.869000, 1603346274.356000
