read_start,read_end,cpu_start,cpu_end,write_start,write_end
1603332416.628000, 1603332426.322000, 1603332426.322000, 1603332431.576000, 1603332431.576000, 1603332489.682000
1603332489.696000, 1603332498.815000, 1603332498.815000, 1603332503.471000, 1603332503.471000, 1603332561.690000
1603332561.699000, 1603332568.384000, 1603332568.384000, 1603332573.274000, 1603332573.274000, 1603332613.461000
