read_start,read_end,cpu_start,cpu_end,write_start,write_end
1603334019.983000, 1603334033.749000, 1603334033.749000, 1603334038.603000, 1603334038.603000, 1603334115.736000
1603334115.748000, 1603334124.655000, 1603334124.655000, 1603334129.103000, 1603334129.103000, 1603334195.281000
1603334195.294000, 1603334200.264000, 1603334200.264000, 1603334205.753000, 1603334205.753000, 1603334278.664000
