read_start,read_end,cpu_start,cpu_end,write_start,write_end
1603346667.181000, 1603346703.053000, 1603346703.053000, 1603346708.769000, 1603346708.769000, 1603346912.077000
1603346912.109000, 1603346940.430000, 1603346940.430000, 1603346945.731000, 1603346945.731000, 1603347153.620000
1603347153.636000, 1603347173.967000, 1603347173.967000, 1603347178.843000, 1603347178.843000, 1603347265.452000
