read_start,read_end,cpu_start,cpu_end,write_start,write_end
1603352062.645000, 1603352111.229000, 1603352111.229000, 1603352117.053000, 1603352117.053000, 1603352364.372000
1603352364.387000, 1603352378.385000, 1603352378.385000, 1603352383.838000, 1603352383.838000, 1603352528.593000
1603352528.653000, 1603352589.295000, 1603352589.295000, 1603352594.884000, 1603352594.884000, 1603352843.081000
