read_start,read_end,cpu_start,cpu_end,write_start,write_end
1603340760.900000, 1603340786.986000, 1603340786.986000, 1603340792.165000, 1603340792.165000, 1603340956.011000
1603340956.025000, 1603340968.092000, 1603340968.092000, 1603340973.284000, 1603340973.284000, 1603341094.995000
1603341095.028000, 1603341119.955000, 1603341119.955000, 1603341125.203000, 1603341125.203000, 1603341277.758000
