read_start,read_end,cpu_start,cpu_end,write_start,write_end
1603350920.579000, 1603350965.750000, 1603350965.750000, 1603350971.505000, 1603350971.505000, 1603351366.222000
1603351366.236000, 1603351383.917000, 1603351383.917000, 1603351388.980000, 1603351388.980000, 1603351439.711000
1603351439.724000, 1603351461.005000, 1603351461.005000, 1603351465.914000, 1603351465.914000, 1603351553.272000
