read_start,read_end,cpu_start,cpu_end,write_start,write_end
1604794663.116000, 1604794751.960000, 1604794751.960000, 1604794757.468000, 1604794757.468000, 1604794902.119000
1604794902.136000, 1604794925.766000, 1604794925.766000, 1604794931.428000, 1604794931.428000, 1604795055.245000
1604795055.360000, 1604795073.362000, 1604795073.362000, 1604795078.655000, 1604795078.655000, 1604795203.291000
