read_start,read_end,cpu_start,cpu_end,write_start,write_end
1603347655.664000, 1603347692.587000, 1603347692.587000, 1603347698.317000, 1603347698.317000, 1603347933.675000
1603347933.695000, 1603348015.734000, 1603348015.734000, 1603348020.787000, 1603348020.787000, 1603348240.822000
1603348240.883000, 1603348259.676000, 1603348259.676000, 1603348264.607000, 1603348264.607000, 1603348318.022000
