read_start,read_end,cpu_start,cpu_end,write_start,write_end
1604790711.820000, 1604790734.021000, 1604790734.021000, 1604790739.024000, 1604790739.024000, 1604790770.624000
1604790770.638000, 1604790775.748000, 1604790775.748000, 1604790781.049000, 1604790781.049000, 1604790807.839000
1604790807.852000, 1604790811.795000, 1604790811.795000, 1604790817.027000, 1604790817.027000, 1604790836.837000
