read_start,read_end,cpu_start,cpu_end,write_start,write_end
1603347655.675000, 1603347692.759000, 1603347692.759000, 1603347698.726000, 1603347698.726000, 1603347930.344000
1603347930.358000, 1603347939.458000, 1603347939.458000, 1603347944.833000, 1603347944.833000, 1603348039.563000
1603348039.624000, 1603348164.422000, 1603348164.422000, 1603348169.236000, 1603348169.236000, 1603348265.899000
