read_start,read_end,cpu_start,cpu_end,write_start,write_end
1603333443.787000, 1603333456.475000, 1603333456.475000, 1603333461.639000, 1603333461.639000, 1603333534.735000
1603333534.748000, 1603333540.975000, 1603333540.975000, 1603333546.396000, 1603333546.396000, 1603333621.265000
1603333621.278000, 1603333632.576000, 1603333632.576000, 1603333637.442000, 1603333637.442000, 1603333712.229000
