read_start,read_end,cpu_start,cpu_end,write_start,write_end
1603341642.609000, 1603341670.741000, 1603341670.741000, 1603341675.905000, 1603341675.905000, 1603341857.663000
1603341857.679000, 1603341942.444000, 1603341942.444000, 1603341947.538000, 1603341947.538000, 1603342160.014000
1603342160.038000, 1603342173.886000, 1603342173.886000, 1603342179.005000, 1603342179.005000, 1603342256.164000
