read_start,read_end,cpu_start,cpu_end,write_start,write_end
1603340760.888000, 1603340786.910000, 1603340786.910000, 1603340792.093000, 1603340792.093000, 1603340973.118000
1603340973.134000, 1603340986.096000, 1603340986.096000, 1603340990.603000, 1603340990.603000, 1603341105.447000
1603341105.457000, 1603341122.593000, 1603341122.593000, 1603341127.784000, 1603341127.784000, 1603341273.109000
