read_start,read_end,cpu_start,cpu_end,write_start,write_end
1603331071.943000, 1603331078.186000, 1603331078.186000, 1603331082.786000, 1603331082.786000, 1603331113.702000
1603331113.715000, 1603331117.627000, 1603331117.627000, 1603331122.248000, 1603331122.248000, 1603331151.290000
1603331151.304000, 1603331153.098000, 1603331153.098000, 1603331157.481000, 1603331157.481000, 1603331174.553000
