read_start,read_end,cpu_start,cpu_end,write_start,write_end
1603353158.981000, 1603353211.130000, 1603353211.130000, 1603353216.839000, 1603353216.839000, 1603353427.153000
1603353427.189000, 1603353442.579000, 1603353442.579000, 1603353447.454000, 1603353447.454000, 1603353551.453000
1603353551.464000, 1603353648.371000, 1603353648.371000, 1603353653.118000, 1603353653.118000, 1603353838.750000
