read_start,read_end,cpu_start,cpu_end,write_start,write_end
1603348698.141000, 1603348737.023000, 1603348737.023000, 1603348742.860000, 1603348742.860000, 1603349021.831000
1603349021.846000, 1603349054.151000, 1603349054.151000, 1603349060.058000, 1603349060.058000, 1603349358.967000
1603349359.075000, 1603349366.457000, 1603349366.457000, 1603349372.474000, 1603349372.474000, 1603349413.505000
