read_start,read_end,cpu_start,cpu_end,write_start,write_end
1603339892.195000, 1603339917.809000, 1603339917.809000, 1603339922.920000, 1603339922.920000, 1603340094.419000
1603340094.434000, 1603340101.810000, 1603340101.810000, 1603340106.605000, 1603340106.605000, 1603340199.078000
1603340199.091000, 1603340217.319000, 1603340217.319000, 1603340222.434000, 1603340222.434000, 1603340381.293000
