read_start,read_end,cpu_start,cpu_end,write_start,write_end
1603344587.312000, 1603344619.701000, 1603344619.701000, 1603344625.274000, 1603344625.274000, 1603344832.451000
1603344832.508000, 1603344866.354000, 1603344866.354000, 1603344871.670000, 1603344871.670000, 1603345070.373000
1603345070.384000, 1603345078.690000, 1603345078.690000, 1603345084.641000, 1603345084.641000, 1603345159.342000
