read_start,read_end,cpu_start,cpu_end,write_start,write_end
1604802636.257000, 1604802780.390000, 1604802780.390000, 1604802786.182000, 1604802786.182000, 1604803001.124000
1604803001.137000, 1604803009.968000, 1604803009.968000, 1604803016.601000, 1604803016.601000, 1604803124.298000
1604803124.525000, 1604803290.158000, 1604803290.158000, 1604803295.357000, 1604803295.357000, 1604803379.556000
