read_start,read_end,cpu_start,cpu_end,write_start,write_end
1604802636.274000, 1604802780.568000, 1604802780.568000, 1604802786.743000, 1604802786.743000, 1604803014.979000
1604803014.996000, 1604803117.148000, 1604803117.148000, 1604803123.292000, 1604803123.292000, 1604803289.834000
1604803289.904000, 1604803346.040000, 1604803346.040000, 1604803350.983000, 1604803350.983000, 1604803475.195000
