read_start,read_end,cpu_start,cpu_end,write_start,write_end
1603336659.028000, 1603336678.513000, 1603336678.513000, 1603336683.245000, 1603336683.245000, 1603336820.574000
1603336820.600000, 1603336841.541000, 1603336841.541000, 1603336846.468000, 1603336846.468000, 1603336984.980000
1603336985.026000, 1603337005.737000, 1603337005.737000, 1603337011.046000, 1603337011.046000, 1603337144.129000
