read_start,read_end,cpu_start,cpu_end,write_start,write_end
1603329966.136000, 1603329967.793000, 1603329967.793000, 1603329972.129000, 1603329972.129000, 1603329981.855000
1603329981.869000, 1603329983.662000, 1603329983.662000, 1603329988.001000, 1603329988.001000, 1603329997.975000
1603329997.988000, 1603329999.793000, 1603329999.793000, 1603330004.130000, 1603330004.130000, 1603330013.845000
