read_start,read_end,cpu_start,cpu_end,write_start,write_end
1604795239.674000, 1604795334.011000, 1604795334.011000, 1604795339.603000, 1604795339.603000, 1604795518.027000
1604795518.065000, 1604795544.235000, 1604795544.235000, 1604795549.651000, 1604795549.651000, 1604795704.882000
1604795704.914000, 1604795726.919000, 1604795726.919000, 1604795732.975000, 1604795732.975000, 1604795910.278000
