read_start,read_end,cpu_start,cpu_end,write_start,write_end
1604791976.812000, 1604792032.265000, 1604792032.265000, 1604792037.668000, 1604792037.668000, 1604792111.251000
1604792111.266000, 1604792119.059000, 1604792119.059000, 1604792123.995000, 1604792123.995000, 1604792190.583000
1604792190.597000, 1604792196.820000, 1604792196.820000, 1604792201.601000, 1604792201.601000, 1604792273.872000
