read_start,read_end,cpu_start,cpu_end,write_start,write_end
1603335903.218000, 1603335921.046000, 1603335921.046000, 1603335926.390000, 1603335926.390000, 1603336030.279000
1603336030.302000, 1603336051.117000, 1603336051.117000, 1603336055.839000, 1603336055.839000, 1603336149.981000
1603336149.998000, 1603336189.281000, 1603336189.281000, 1603336193.884000, 1603336193.884000, 1603336216.404000
