read_start,read_end,cpu_start,cpu_end,write_start,write_end
1603344587.312000, 1603344619.701000, 1603344619.701000, 1603344624.911000, 1603344624.911000, 1603344832.450000
1603344832.493000, 1603344866.152000, 1603344866.152000, 1603344871.364000, 1603344871.364000, 1603345088.012000
1603345088.028000, 1603345161.591000, 1603345161.591000, 1603345167.084000, 1603345167.084000, 1603345247.079000
