read_start,read_end,cpu_start,cpu_end,write_start,write_end
1603349791.346000, 1603349832.906000, 1603349832.906000, 1603349838.690000, 1603349838.690000, 1603350307.278000
1603350307.292000, 1603350343.233000, 1603350343.233000, 1603350348.463000, 1603350348.463000, 1603350430.205000
1603350430.261000, 1603350455.795000, 1603350455.795000, 1603350460.833000, 1603350460.833000, 1603350528.525000
