read_start,read_end,cpu_start,cpu_end,write_start,write_end
1604794663.109000, 1604794751.860000, 1604794751.860000, 1604794757.188000, 1604794757.188000, 1604794885.033000
1604794885.054000, 1604794925.992000, 1604794925.992000, 1604794931.412000, 1604794931.412000, 1604795055.218000
1604795055.289000, 1604795073.265000, 1604795073.265000, 1604795078.554000, 1604795078.554000, 1604795203.296000
