read_start,read_end,cpu_start,cpu_end,write_start,write_end
1603333443.785000, 1603333456.473000, 1603333456.473000, 1603333461.256000, 1603333461.256000, 1603333527.510000
1603333527.529000, 1603333538.532000, 1603333538.532000, 1603333543.331000, 1603333543.331000, 1603333619.030000
1603333619.044000, 1603333631.044000, 1603333631.044000, 1603333635.800000, 1603333635.800000, 1603333713.601000
