read_start,read_end,cpu_start,cpu_end,write_start,write_end
1603348698.115000, 1603348736.835000, 1603348736.835000, 1603348742.841000, 1603348742.841000, 1603348999.647000
1603348999.661000, 1603349039.505000, 1603349039.505000, 1603349044.351000, 1603349044.351000, 1603349283.403000
1603349283.433000, 1603349294.836000, 1603349294.836000, 1603349299.756000, 1603349299.756000, 1603349354.119000
