read_start,read_end,cpu_start,cpu_end,write_start,write_end
1603345620.824000, 1603345655.014000, 1603345655.014000, 1603345660.275000, 1603345660.275000, 1603346065.350000
1603346065.363000, 1603346139.373000, 1603346139.373000, 1603346143.999000, 1603346143.999000, 1603346280.964000
1603346281.026000, 1603346285.844000, 1603346285.844000, 1603346291.155000, 1603346291.155000, 1603346342.437000
