read_start,read_end,cpu_start,cpu_end,write_start,write_end
1603343573.525000, 1603343605.049000, 1603343605.049000, 1603343610.270000, 1603343610.270000, 1603343825.368000
1603343825.405000, 1603343857.727000, 1603343857.727000, 1603343862.910000, 1603343862.910000, 1603344041.826000
1603344041.840000, 1603344056.696000, 1603344056.696000, 1603344061.791000, 1603344061.791000, 1603344166.113000
