read_start,read_end,cpu_start,cpu_end,write_start,write_end
1603353158.997000, 1603353211.423000, 1603353211.423000, 1603353217.286000, 1603353217.286000, 1603353454.211000
1603353454.235000, 1603353546.574000, 1603353546.574000, 1603353552.028000, 1603353552.028000, 1603353829.942000
1603353830.063000, 1603353856.193000, 1603353856.193000, 1603353861.929000, 1603353861.929000, 1603353995.791000
