read_start,read_end,cpu_start,cpu_end,write_start,write_end
1603334019.982000, 1603334033.749000, 1603334033.749000, 1603334038.488000, 1603334038.488000, 1603334102.790000
1603334102.801000, 1603334112.374000, 1603334112.374000, 1603334117.192000, 1603334117.192000, 1603334175.367000
1603334175.381000, 1603334197.090000, 1603334197.090000, 1603334201.888000, 1603334201.888000, 1603334276.776000
