read_start,read_end,cpu_start,cpu_end,write_start,write_end
1604808922.774000, 1604809100.468000, 1604809100.468000, 1604809106.446000, 1604809106.446000, 1604809717.453000
1604809717.473000, 1604809725.402000, 1604809725.402000, 1604809731.433000, 1604809731.433000, 1604809745.839000
1604809745.962000, 1604809749.427000, 1604809749.427000, 1604809754.006000, 1604809754.006000, 1604809768.066000
