read_start,read_end,cpu_start,cpu_end,write_start,write_end
1604797443.892000, 1604797554.921000, 1604797554.921000, 1604797560.197000, 1604797560.197000, 1604797748.560000
1604797748.579000, 1604797781.280000, 1604797781.280000, 1604797787.159000, 1604797787.159000, 1604797977.953000
1604797977.981000, 1604797994.126000, 1604797994.126000, 1604798001.169000, 1604798001.169000, 1604798167.445000
