read_start,read_end,cpu_start,cpu_end,write_start,write_end
1603352062.669000, 1603352111.561000, 1603352111.561000, 1603352117.985000, 1603352117.985000, 1603352374.411000
1603352374.442000, 1603352497.081000, 1603352497.081000, 1603352501.803000, 1603352501.803000, 1603352770.823000
1603352770.901000, 1603352782.684000, 1603352782.684000, 1603352787.400000, 1603352787.400000, 1603352830.388000
