read_start,read_end,cpu_start,cpu_end,write_start,write_end
1603345620.818000, 1603345655.015000, 1603345655.015000, 1603345660.208000, 1603345660.208000, 1603345876.875000
1603345876.888000, 1603345950.009000, 1603345950.009000, 1603345954.694000, 1603345954.694000, 1603346044.024000
1603346044.157000, 1603346053.727000, 1603346053.727000, 1603346060.521000, 1603346060.521000, 1603346274.190000
