read_start,read_end,cpu_start,cpu_end,write_start,write_end
1604795239.664000, 1604795334.008000, 1604795334.008000, 1604795339.322000, 1604795339.322000, 1604795518.025000
1604795518.064000, 1604795544.234000, 1604795544.234000, 1604795549.572000, 1604795549.572000, 1604795704.727000
1604795704.759000, 1604795726.895000, 1604795726.895000, 1604795732.668000, 1604795732.668000, 1604795884.015000
