read_start,read_end,cpu_start,cpu_end,write_start,write_end
1603340760.888000, 1603340786.932000, 1603340786.932000, 1603340792.125000, 1603340792.125000, 1603341094.751000
1603341094.774000, 1603341118.234000, 1603341118.234000, 1603341122.913000, 1603341122.913000, 1603341180.334000
1603341180.348000, 1603341271.717000, 1603341271.717000, 1603341276.786000, 1603341276.786000, 1603341328.837000
