read_start,read_end,cpu_start,cpu_end,write_start,write_end
1603336659.022000, 1603336678.490000, 1603336678.490000, 1603336683.741000, 1603336683.741000, 1603336820.544000
1603336820.572000, 1603336841.330000, 1603336841.330000, 1603336846.094000, 1603336846.094000, 1603336984.359000
1603336984.387000, 1603337005.533000, 1603337005.533000, 1603337010.697000, 1603337010.697000, 1603337144.002000
