read_start,read_end,cpu_start,cpu_end,write_start,write_end
1604798200.473000, 1604798316.555000, 1604798316.555000, 1604798322.178000, 1604798322.178000, 1604798522.504000
1604798522.518000, 1604798544.401000, 1604798544.401000, 1604798550.244000, 1604798550.244000, 1604798758.103000
1604798758.899000, 1604798787.803000, 1604798787.803000, 1604798793.722000, 1604798793.722000, 1604798992.736000
