read_start,read_end,cpu_start,cpu_end,write_start,write_end
1603342593.282000, 1603342623.735000, 1603342623.735000, 1603342629.173000, 1603342629.173000, 1603342815.849000
1603342815.885000, 1603342846.206000, 1603342846.206000, 1603342851.385000, 1603342851.385000, 1603343048.231000
1603343048.278000, 1603343076.537000, 1603343076.537000, 1603343081.758000, 1603343081.758000, 1603343259.189000
