read_start,read_end,cpu_start,cpu_end,write_start,write_end
1603333443.785000, 1603333456.473000, 1603333456.473000, 1603333461.784000, 1603333461.784000, 1603333527.863000
1603333527.881000, 1603333539.004000, 1603333539.004000, 1603333543.744000, 1603333543.744000, 1603333619.632000
1603333619.645000, 1603333632.139000, 1603333632.139000, 1603333636.927000, 1603333636.927000, 1603333711.697000
