read_start,read_end,cpu_start,cpu_end,write_start,write_end
1603354318.040000, 1603354378.645000, 1603354378.645000, 1603354384.390000, 1603354384.390000, 1603354672.280000
1603354672.316000, 1603354712.050000, 1603354712.050000, 1603354717.817000, 1603354717.817000, 1603355014.231000
1603355014.269000, 1603355027.079000, 1603355027.079000, 1603355031.989000, 1603355031.989000, 1603355108.911000
