read_start,read_end,cpu_start,cpu_end,write_start,write_end
1603332416.628000, 1603332426.319000, 1603332426.319000, 1603332430.936000, 1603332430.936000, 1603332487.972000
1603332487.985000, 1603332490.912000, 1603332490.912000, 1603332495.580000, 1603332495.580000, 1603332522.057000
1603332522.070000, 1603332523.779000, 1603332523.779000, 1603332528.128000, 1603332528.128000, 1603332564.705000
