read_start,read_end,cpu_start,cpu_end,write_start,write_end
1604797443.902000, 1604797554.923000, 1604797554.923000, 1604797560.111000, 1604797560.111000, 1604797765.119000
1604797765.135000, 1604797783.076000, 1604797783.076000, 1604797788.710000, 1604797788.710000, 1604797978.956000
1604797979.041000, 1604797994.362000, 1604797994.362000, 1604798001.375000, 1604798001.375000, 1604798157.231000
