read_start,read_end,cpu_start,cpu_end,write_start,write_end
1603344587.312000, 1603344619.694000, 1603344619.694000, 1603344624.893000, 1603344624.893000, 1603344832.444000
1603344832.468000, 1603344865.373000, 1603344865.373000, 1603344871.157000, 1603344871.157000, 1603345083.254000
1603345083.270000, 1603345092.326000, 1603345092.326000, 1603345097.408000, 1603345097.408000, 1603345218.737000
