read_start,read_end,cpu_start,cpu_end,write_start,write_end
1603346667.162000, 1603346702.926000, 1603346702.926000, 1603346708.122000, 1603346708.122000, 1603346912.077000
1603346912.120000, 1603346941.051000, 1603346941.051000, 1603346946.156000, 1603346946.156000, 1603347221.351000
1603347221.376000, 1603347253.756000, 1603347253.756000, 1603347258.282000, 1603347258.282000, 1603347319.341000
