read_start,read_end,cpu_start,cpu_end,write_start,write_end
1604806630.937000, 1604806797.051000, 1604806797.051000, 1604806803.228000, 1604806803.228000, 1604807149.282000
1604807149.297000, 1604807198.686000, 1604807198.686000, 1604807203.588000, 1604807203.588000, 1604807486.233000
1604807486.435000, 1604807504.178000, 1604807504.178000, 1604807509.635000, 1604807509.635000, 1604807649.071000
