read_start,read_end,cpu_start,cpu_end,write_start,write_end
1603343573.506000, 1603343604.977000, 1603343604.977000, 1603343610.479000, 1603343610.479000, 1603343825.357000
1603343825.396000, 1603343857.722000, 1603343857.722000, 1603343862.905000, 1603343862.905000, 1603344040.267000
1603344040.284000, 1603344055.568000, 1603344055.568000, 1603344060.778000, 1603344060.778000, 1603344166.113000
