read_start,read_end,cpu_start,cpu_end,write_start,write_end
1603337455.359000, 1603337476.015000, 1603337476.015000, 1603337481.072000, 1603337481.072000, 1603337598.145000
1603337598.173000, 1603337613.615000, 1603337613.615000, 1603337619.457000, 1603337619.457000, 1603337756.304000
1603337756.334000, 1603337777.424000, 1603337777.424000, 1603337782.324000, 1603337782.324000, 1603337913.455000
