read_start,read_end,cpu_start,cpu_end,write_start,write_end
1604793091.863000, 1604793163.898000, 1604793163.898000, 1604793168.977000, 1604793168.977000, 1604793282.934000
1604793282.975000, 1604793310.329000, 1604793310.329000, 1604793315.366000, 1604793315.366000, 1604793433.029000
1604793433.043000, 1604793451.164000, 1604793451.164000, 1604793456.603000, 1604793456.603000, 1604793564.233000
