read_start,read_end,cpu_start,cpu_end,write_start,write_end
1604798200.488000, 1604798316.932000, 1604798316.932000, 1604798322.779000, 1604798322.779000, 1604798507.454000
1604798507.498000, 1604798542.260000, 1604798542.260000, 1604798547.737000, 1604798547.737000, 1604798757.858000
1604798757.896000, 1604798787.550000, 1604798787.550000, 1604798795.554000, 1604798795.554000, 1604798993.068000
