read_start,read_end,cpu_start,cpu_end,write_start,write_end
1603349791.350000, 1603349832.908000, 1603349832.908000, 1603349838.685000, 1603349838.685000, 1603350295.126000
1603350295.145000, 1603350339.185000, 1603350339.185000, 1603350344.164000, 1603350344.164000, 1603350425.225000
1603350425.250000, 1603350455.288000, 1603350455.288000, 1603350460.288000, 1603350460.288000, 1603350537.974000
