read_start,read_end,cpu_start,cpu_end,write_start,write_end
1604804545.453000, 1604804700.822000, 1604804700.822000, 1604804706.594000, 1604804706.594000, 1604804965.997000
1604804966.012000, 1604804983.224000, 1604804983.224000, 1604804988.232000, 1604804988.232000, 1604805243.565000
1604805243.617000, 1604805265.663000, 1604805265.663000, 1604805272.292000, 1604805272.292000, 1604805548.762000
