read_start,read_end,cpu_start,cpu_end,write_start,write_end
1603341642.608000, 1603341670.741000, 1603341670.741000, 1603341675.934000, 1603341675.934000, 1603341854.504000
1603341854.518000, 1603341873.464000, 1603341873.464000, 1603341878.562000, 1603341878.562000, 1603342177.369000
1603342177.399000, 1603342180.449000, 1603342180.449000, 1603342185.543000, 1603342185.543000, 1603342273.960000
