read_start,read_end,cpu_start,cpu_end,write_start,write_end
1603344587.336000, 1603344619.815000, 1603344619.815000, 1603344625.007000, 1603344625.007000, 1603344832.601000
1603344832.637000, 1603344866.355000, 1603344866.355000, 1603344871.668000, 1603344871.668000, 1603345069.561000
1603345069.576000, 1603345078.137000, 1603345078.137000, 1603345083.274000, 1603345083.274000, 1603345156.085000
