read_start,read_end,cpu_start,cpu_end,write_start,write_end
1603354318.006000, 1603354378.310000, 1603354378.310000, 1603354384.028000, 1603354384.028000, 1603354669.351000
1603354669.365000, 1603354708.109000, 1603354708.109000, 1603354713.534000, 1603354713.534000, 1603354744.154000
1603354744.169000, 1603354847.459000, 1603354847.459000, 1603354852.436000, 1603354852.436000, 1603354921.924000
