read_start,read_end,cpu_start,cpu_end,write_start,write_end
1603352062.657000, 1603352111.561000, 1603352111.561000, 1603352117.307000, 1603352117.307000, 1603352375.571000
1603352375.612000, 1603352503.484000, 1603352503.484000, 1603352508.557000, 1603352508.557000, 1603352770.755000
1603352770.857000, 1603352782.674000, 1603352782.674000, 1603352788.102000, 1603352788.102000, 1603352832.604000
