read_start,read_end,cpu_start,cpu_end,write_start,write_end
1604796702.661000, 1604796808.081000, 1604796808.081000, 1604796813.401000, 1604796813.401000, 1604796991.462000
1604796991.484000, 1604797022.144000, 1604797022.144000, 1604797027.855000, 1604797027.855000, 1604797277.343000
1604797277.362000, 1604797294.415000, 1604797294.415000, 1604797299.857000, 1604797299.857000, 1604797350.833000
