read_start,read_end,cpu_start,cpu_end,write_start,write_end
1604803552.896000, 1604803702.787000, 1604803702.787000, 1604803708.970000, 1604803708.970000, 1604803933.085000
1604803933.100000, 1604803942.924000, 1604803942.924000, 1604803948.837000, 1604803948.837000, 1604804091.463000
1604804091.685000, 1604804150.919000, 1604804150.919000, 1604804156.616000, 1604804156.616000, 1604804458.222000
