read_start,read_end,cpu_start,cpu_end,write_start,write_end
1604805596.812000, 1604805757.700000, 1604805757.700000, 1604805763.450000, 1604805763.450000, 1604806010.586000
1604806010.603000, 1604806034.613000, 1604806034.613000, 1604806040.808000, 1604806040.808000, 1604806199.947000
1604806200.025000, 1604806319.763000, 1604806319.763000, 1604806324.576000, 1604806324.576000, 1604806397.897000
