read_start,read_end,cpu_start,cpu_end,write_start,write_end
1603339051.020000, 1603339074.386000, 1603339074.386000, 1603339079.589000, 1603339079.589000, 1603339308.003000
1603339308.024000, 1603339337.014000, 1603339337.014000, 1603339342.435000, 1603339342.435000, 1603339473.533000
1603339473.558000, 1603339489.592000, 1603339489.592000, 1603339494.321000, 1603339494.321000, 1603339550.052000
