read_start,read_end,cpu_start,cpu_end,write_start,write_end
1603336659.022000, 1603336678.490000, 1603336678.490000, 1603336683.248000, 1603336683.248000, 1603336820.550000
1603336820.578000, 1603336841.299000, 1603336841.299000, 1603336846.729000, 1603336846.729000, 1603336984.359000
1603336984.388000, 1603337005.326000, 1603337005.326000, 1603337010.763000, 1603337010.763000, 1603337144.002000
