read_start,read_end,cpu_start,cpu_end,write_start,write_end
1603342593.275000, 1603342623.726000, 1603342623.726000, 1603342629.347000, 1603342629.347000, 1603342815.774000
1603342815.820000, 1603342845.395000, 1603342845.395000, 1603342850.628000, 1603342850.628000, 1603343048.247000
1603343048.282000, 1603343076.431000, 1603343076.431000, 1603343081.971000, 1603343081.971000, 1603343259.117000
