read_start,read_end,cpu_start,cpu_end,write_start,write_end
1603349791.353000, 1603349832.908000, 1603349832.908000, 1603349838.852000, 1603349838.852000, 1603350544.046000
1603350544.065000, 1603350549.678000, 1603350549.678000, 1603350554.192000, 1603350554.192000, 1603350572.323000
1603350572.337000, 1603350582.636000, 1603350582.636000, 1603350587.103000, 1603350587.103000, 1603350603.676000
