read_start,read_end,cpu_start,cpu_end,write_start,write_end
1604800854.236000, 1604800987.316000, 1604800987.316000, 1604800992.422000, 1604800992.422000, 1604801206.104000
1604801206.137000, 1604801225.852000, 1604801225.852000, 1604801231.836000, 1604801231.836000, 1604801463.111000
1604801463.185000, 1604801495.170000, 1604801495.170000, 1604801502.290000, 1604801502.290000, 1604801722.044000
