read_start,read_end,cpu_start,cpu_end,write_start,write_end
1603348698.132000, 1603348737.022000, 1603348737.022000, 1603348742.802000, 1603348742.802000, 1603349022.750000
1603349022.766000, 1603349054.625000, 1603349054.625000, 1603349060.342000, 1603349060.342000, 1603349358.923000
1603349359.015000, 1603349366.410000, 1603349366.410000, 1603349372.088000, 1603349372.088000, 1603349414.671000
