read_start,read_end,cpu_start,cpu_end,write_start,write_end
1603342593.280000, 1603342623.744000, 1603342623.744000, 1603342629.043000, 1603342629.043000, 1603342815.967000
1603342816.007000, 1603342846.208000, 1603342846.208000, 1603342851.389000, 1603342851.389000, 1603343048.233000
1603343048.280000, 1603343076.537000, 1603343076.537000, 1603343081.618000, 1603343081.618000, 1603343259.108000
