read_start,read_end,cpu_start,cpu_end,write_start,write_end
1603353158.981000, 1603353210.958000, 1603353210.958000, 1603353216.625000, 1603353216.625000, 1603353448.674000
1603353448.694000, 1603353546.089000, 1603353546.089000, 1603353551.599000, 1603353551.599000, 1603353829.946000
1603353829.971000, 1603353856.673000, 1603353856.673000, 1603353861.997000, 1603353861.997000, 1603353995.791000
