read_start,read_end,cpu_start,cpu_end,write_start,write_end
1603335228.547000, 1603335245.298000, 1603335245.298000, 1603335250.254000, 1603335250.254000, 1603335341.450000
1603335341.466000, 1603335377.237000, 1603335377.237000, 1603335382.321000, 1603335382.321000, 1603335474.323000
1603335474.347000, 1603335493.885000, 1603335493.885000, 1603335498.726000, 1603335498.726000, 1603335572.341000
