read_start,read_end,cpu_start,cpu_end,write_start,write_end
1604801749.912000, 1604801888.515000, 1604801888.515000, 1604801894.496000, 1604801894.496000, 1604802152.432000
1604802152.444000, 1604802238.055000, 1604802238.055000, 1604802243.262000, 1604802243.262000, 1604802378.198000
1604802378.281000, 1604802393.755000, 1604802393.755000, 1604802399.357000, 1604802399.357000, 1604802604.885000
