read_start,read_end,cpu_start,cpu_end,write_start,write_end
1604806630.951000, 1604806797.361000, 1604806797.361000, 1604806802.943000, 1604806802.943000, 1604807058.099000
1604807058.130000, 1604807081.593000, 1604807081.593000, 1604807087.024000, 1604807087.024000, 1604807274.596000
1604807274.681000, 1604807308.256000, 1604807308.256000, 1604807313.025000, 1604807313.025000, 1604807507.494000
