read_start,read_end,cpu_start,cpu_end,write_start,write_end
1604801749.934000, 1604801888.584000, 1604801888.584000, 1604801894.341000, 1604801894.341000, 1604802152.660000
1604802152.678000, 1604802240.114000, 1604802240.114000, 1604802245.550000, 1604802245.550000, 1604802359.390000
1604802359.485000, 1604802387.881000, 1604802387.881000, 1604802394.951000, 1604802394.951000, 1604802562.445000
