read_start,read_end,cpu_start,cpu_end,write_start,write_end
1603354318.011000, 1603354378.310000, 1603354378.310000, 1603354384.026000, 1603354384.026000, 1603354667.624000
1603354667.639000, 1603354699.981000, 1603354699.981000, 1603354705.144000, 1603354705.144000, 1603354739.419000
1603354739.441000, 1603354845.880000, 1603354845.880000, 1603354851.360000, 1603354851.360000, 1603354928.539000
