read_start,read_end,cpu_start,cpu_end,write_start,write_end
1604805596.812000, 1604805757.700000, 1604805757.700000, 1604805764.211000, 1604805764.211000, 1604806039.707000
1604806039.740000, 1604806191.589000, 1604806191.589000, 1604806196.941000, 1604806196.941000, 1604806348.178000
1604806348.301000, 1604806440.736000, 1604806440.736000, 1604806445.735000, 1604806445.735000, 1604806587.568000
