read_start,read_end,cpu_start,cpu_end,write_start,write_end
1603334590.767000, 1603334606.718000, 1603334606.718000, 1603334611.456000, 1603334611.456000, 1603334705.070000
1603334705.083000, 1603334717.473000, 1603334717.473000, 1603334723.138000, 1603334723.138000, 1603334811.401000
1603334811.416000, 1603334814.509000, 1603334814.509000, 1603334819.224000, 1603334819.224000, 1603334919.966000
