read_start,read_end,cpu_start,cpu_end,write_start,write_end
1603346667.175000, 1603346703.050000, 1603346703.050000, 1603346708.799000, 1603346708.799000, 1603346912.829000
1603346912.847000, 1603346941.339000, 1603346941.339000, 1603346946.605000, 1603346946.605000, 1603347257.709000
1603347257.734000, 1603347265.991000, 1603347265.991000, 1603347271.396000, 1603347271.396000, 1603347339.460000
