read_start,read_end,cpu_start,cpu_end,write_start,write_end
1604805596.804000, 1604805757.700000, 1604805757.700000, 1604805763.493000, 1604805763.493000, 1604806012.914000
1604806012.932000, 1604806037.865000, 1604806037.865000, 1604806044.443000, 1604806044.443000, 1604806322.551000
1604806322.785000, 1604806350.550000, 1604806350.550000, 1604806355.851000, 1604806355.851000, 1604806600.163000
