read_start,read_end,cpu_start,cpu_end,write_start,write_end
1603341642.624000, 1603341670.820000, 1603341670.820000, 1603341675.996000, 1603341675.996000, 1603341873.212000
1603341873.223000, 1603341968.669000, 1603341968.669000, 1603341973.332000, 1603341973.332000, 1603342169.319000
1603342169.362000, 1603342176.547000, 1603342176.547000, 1603342183.514000, 1603342183.514000, 1603342279.439000
