read_start,read_end,cpu_start,cpu_end,write_start,write_end
1603333443.785000, 1603333456.475000, 1603333456.475000, 1603333461.415000, 1603333461.415000, 1603333527.776000
1603333527.798000, 1603333538.872000, 1603333538.872000, 1603333543.649000, 1603333543.649000, 1603333619.535000
1603333619.550000, 1603333632.039000, 1603333632.039000, 1603333637.273000, 1603333637.273000, 1603333711.657000
