read_start,read_end,cpu_start,cpu_end,write_start,write_end
1604805596.790000, 1604805757.609000, 1604805757.609000, 1604805764.016000, 1604805764.016000, 1604806039.707000
1604806039.739000, 1604806191.588000, 1604806191.588000, 1604806196.575000, 1604806196.575000, 1604806350.807000
1604806350.870000, 1604806445.497000, 1604806445.497000, 1604806450.858000, 1604806450.858000, 1604806562.841000
