read_start,read_end,cpu_start,cpu_end,write_start,write_end
1603354318.023000, 1603354378.644000, 1603354378.644000, 1603354384.430000, 1603354384.430000, 1603354671.737000
1603354671.766000, 1603354711.994000, 1603354711.994000, 1603354718.025000, 1603354718.025000, 1603354921.897000
1603354921.944000, 1603354934.542000, 1603354934.542000, 1603354940.145000, 1603354940.145000, 1603355004.112000
