read_start,read_end,cpu_start,cpu_end,write_start,write_end
1603350920.588000, 1603350965.750000, 1603350965.750000, 1603350971.687000, 1603350971.687000, 1603351464.145000
1603351464.159000, 1603351480.674000, 1603351480.674000, 1603351485.704000, 1603351485.704000, 1603351621.227000
1603351621.551000, 1603351641.810000, 1603351641.810000, 1603351647.178000, 1603351647.178000, 1603351741.035000
