read_start,read_end,cpu_start,cpu_end,write_start,write_end
1603348698.140000, 1603348737.024000, 1603348737.024000, 1603348742.786000, 1603348742.786000, 1603349015.231000
1603349015.244000, 1603349048.577000, 1603349048.577000, 1603349053.882000, 1603349053.882000, 1603349303.310000
1603349303.361000, 1603349328.281000, 1603349328.281000, 1603349332.662000, 1603349332.662000, 1603349379.986000
