read_start,read_end,cpu_start,cpu_end,write_start,write_end
1603339892.211000, 1603339917.960000, 1603339917.960000, 1603339923.189000, 1603339923.189000, 1603340079.627000
1603340079.658000, 1603340098.747000, 1603340098.747000, 1603340103.496000, 1603340103.496000, 1603340178.869000
1603340178.886000, 1603340210.100000, 1603340210.100000, 1603340215.957000, 1603340215.957000, 1603340372.305000
