read_start,read_end,cpu_start,cpu_end,write_start,write_end
1604804545.455000, 1604804700.823000, 1604804700.823000, 1604804706.741000, 1604804706.741000, 1604804973.999000
1604804974.013000, 1604804999.259000, 1604804999.259000, 1604805004.841000, 1604805004.841000, 1604805209.458000
1604805209.561000, 1604805252.399000, 1604805252.399000, 1604805257.594000, 1604805257.594000, 1604805517.607000
