read_start,read_end,cpu_start,cpu_end,write_start,write_end
1604793594.109000, 1604793671.765000, 1604793671.765000, 1604793676.510000, 1604793676.510000, 1604793813.098000
1604793813.111000, 1604793828.140000, 1604793828.140000, 1604793833.754000, 1604793833.754000, 1604793951.254000
1604793951.268000, 1604793969.484000, 1604793969.484000, 1604793974.820000, 1604793974.820000, 1604794099.592000
