read_start,read_end,cpu_start,cpu_end,write_start,write_end
1604791976.809000, 1604792032.245000, 1604792032.245000, 1604792037.490000, 1604792037.490000, 1604792111.417000
1604792111.433000, 1604792119.363000, 1604792119.363000, 1604792124.282000, 1604792124.282000, 1604792193.243000
1604792193.257000, 1604792202.056000, 1604792202.056000, 1604792206.770000, 1604792206.770000, 1604792278.275000
