read_start,read_end,cpu_start,cpu_end,write_start,write_end
1603338242.108000, 1603338264.864000, 1603338264.864000, 1603338270.025000, 1603338270.025000, 1603338389.905000
1603338389.921000, 1603338401.080000, 1603338401.080000, 1603338405.919000, 1603338405.919000, 1603338496.117000
1603338496.133000, 1603338521.103000, 1603338521.103000, 1603338525.720000, 1603338525.720000, 1603338657.781000
