read_start,read_end,cpu_start,cpu_end,write_start,write_end
1603350920.593000, 1603350965.750000, 1603350965.750000, 1603350971.502000, 1603350971.502000, 1603351213.988000
1603351214.001000, 1603351221.205000, 1603351221.205000, 1603351227.215000, 1603351227.215000, 1603351263.189000
1603351263.316000, 1603351289.036000, 1603351289.036000, 1603351293.568000, 1603351293.568000, 1603351334.444000
