read_start,read_end,cpu_start,cpu_end,write_start,write_end
1604799019.237000, 1604799141.290000, 1604799141.290000, 1604799146.501000, 1604799146.501000, 1604799362.455000
1604799362.519000, 1604799395.939000, 1604799395.939000, 1604799401.839000, 1604799401.839000, 1604799623.315000
1604799623.355000, 1604799640.749000, 1604799640.749000, 1604799647.296000, 1604799647.296000, 1604799787.204000
