read_start,read_end,cpu_start,cpu_end,write_start,write_end
1604793091.869000, 1604793163.977000, 1604793163.977000, 1604793168.721000, 1604793168.721000, 1604793282.933000
1604793282.970000, 1604793310.426000, 1604793310.426000, 1604793315.839000, 1604793315.839000, 1604793430.790000
1604793430.804000, 1604793449.382000, 1604793449.382000, 1604793454.477000, 1604793454.477000, 1604793478.846000
