read_start,read_end,cpu_start,cpu_end,write_start,write_end
1603346667.186000, 1603346703.050000, 1603346703.050000, 1603346708.818000, 1603346708.818000, 1603346893.207000
1603346893.218000, 1603346904.701000, 1603346904.701000, 1603346909.105000, 1603346909.105000, 1603346971.055000
1603346971.070000, 1603347103.108000, 1603347103.108000, 1603347108.349000, 1603347108.349000, 1603347163.320000
