read_start,read_end,cpu_start,cpu_end,write_start,write_end
1603346667.162000, 1603346702.920000, 1603346702.920000, 1603346708.151000, 1603346708.151000, 1603346912.077000
1603346912.120000, 1603346941.056000, 1603346941.056000, 1603346946.156000, 1603346946.156000, 1603347174.015000
1603347174.038000, 1603347235.923000, 1603347235.923000, 1603347240.623000, 1603347240.623000, 1603347305.136000
