read_start,read_end,cpu_start,cpu_end,write_start,write_end
1603346667.162000, 1603346702.914000, 1603346702.914000, 1603346708.121000, 1603346708.121000, 1603346912.077000
1603346912.119000, 1603346941.056000, 1603346941.056000, 1603346946.957000, 1603346946.957000, 1603347263.328000
1603347263.339000, 1603347269.785000, 1603347269.785000, 1603347275.375000, 1603347275.375000, 1603347336.537000
