read_start,read_end,cpu_start,cpu_end,write_start,write_end
1604793091.871000, 1604793163.977000, 1604793163.977000, 1604793168.718000, 1604793168.718000, 1604793282.933000
1604793282.971000, 1604793310.425000, 1604793310.425000, 1604793315.567000, 1604793315.567000, 1604793430.940000
1604793430.970000, 1604793450.934000, 1604793450.934000, 1604793456.444000, 1604793456.444000, 1604793564.231000
