read_start,read_end,cpu_start,cpu_end,write_start,write_end
1603352062.652000, 1603352111.561000, 1603352111.561000, 1603352117.329000, 1603352117.329000, 1603352343.278000
1603352343.298000, 1603352369.086000, 1603352369.086000, 1603352377.607000, 1603352377.607000, 1603352524.082000
1603352524.162000, 1603352588.635000, 1603352588.635000, 1603352593.751000, 1603352593.751000, 1603352843.074000
