read_start,read_end,cpu_start,cpu_end,write_start,write_end
1603354318.007000, 1603354378.310000, 1603354378.310000, 1603354384.031000, 1603354384.031000, 1603354672.323000
1603354672.343000, 1603354711.995000, 1603354711.995000, 1603354718.159000, 1603354718.159000, 1603354927.230000
1603354927.250000, 1603354938.099000, 1603354938.099000, 1603354942.758000, 1603354942.758000, 1603355010.120000
