read_start,read_end,cpu_start,cpu_end,write_start,write_end
1603335903.217000, 1603335921.046000, 1603335921.046000, 1603335925.789000, 1603335925.789000, 1603336044.117000
1603336044.129000, 1603336053.425000, 1603336053.425000, 1603336058.292000, 1603336058.292000, 1603336234.283000
1603336234.320000, 1603336247.140000, 1603336247.140000, 1603336251.871000, 1603336251.871000, 1603336338.284000
