read_start,read_end,cpu_start,cpu_end,write_start,write_end
1604797443.881000, 1604797554.699000, 1604797554.699000, 1604797560.124000, 1604797560.124000, 1604797748.562000
1604797748.582000, 1604797781.176000, 1604797781.176000, 1604797787.166000, 1604797787.166000, 1604797977.138000
1604797977.172000, 1604797993.803000, 1604797993.803000, 1604798000.430000, 1604798000.430000, 1604798136.569000
