read_start,read_end,cpu_start,cpu_end,write_start,write_end
1603340760.888000, 1603340786.932000, 1603340786.932000, 1603340792.098000, 1603340792.098000, 1603340972.384000
1603340972.397000, 1603340982.667000, 1603340982.667000, 1603340987.207000, 1603340987.207000, 1603341095.705000
1603341095.734000, 1603341119.997000, 1603341119.997000, 1603341125.666000, 1603341125.666000, 1603341270.517000
