read_start,read_end,cpu_start,cpu_end,write_start,write_end
1603341642.609000, 1603341670.703000, 1603341670.703000, 1603341675.871000, 1603341675.871000, 1603341857.705000
1603341857.719000, 1603341942.496000, 1603341942.496000, 1603341947.737000, 1603341947.737000, 1603342160.008000
1603342160.038000, 1603342173.646000, 1603342173.646000, 1603342178.811000, 1603342178.811000, 1603342256.164000
