read_start,read_end,cpu_start,cpu_end,write_start,write_end
1603350920.584000, 1603350965.750000, 1603350965.750000, 1603350971.528000, 1603350971.528000, 1603351442.762000
1603351442.776000, 1603351465.916000, 1603351465.916000, 1603351470.786000, 1603351470.786000, 1603351621.188000
1603351621.299000, 1603351641.618000, 1603351641.618000, 1603351646.348000, 1603351646.348000, 1603351742.349000
