read_start,read_end,cpu_start,cpu_end,write_start,write_end
1603354318.006000, 1603354378.310000, 1603354378.310000, 1603354384.030000, 1603354384.030000, 1603354669.794000
1603354669.809000, 1603354708.135000, 1603354708.135000, 1603354713.091000, 1603354713.091000, 1603354743.485000
1603354743.507000, 1603354847.220000, 1603354847.220000, 1603354852.227000, 1603354852.227000, 1603354930.275000
