read_start,read_end,cpu_start,cpu_end,write_start,write_end
1603352062.644000, 1603352111.180000, 1603352111.180000, 1603352116.912000, 1603352116.912000, 1603352342.200000
1603352342.214000, 1603352368.322000, 1603352368.322000, 1603352376.691000, 1603352376.691000, 1603352518.016000
1603352518.188000, 1603352586.246000, 1603352586.246000, 1603352591.644000, 1603352591.644000, 1603352843.074000
