read_start,read_end,cpu_start,cpu_end,write_start,write_end
1603340760.888000, 1603340786.932000, 1603340786.932000, 1603340792.131000, 1603340792.131000, 1603341084.857000
1603341084.871000, 1603341113.985000, 1603341113.985000, 1603341119.057000, 1603341119.057000, 1603341174.254000
1603341174.270000, 1603341271.212000, 1603341271.212000, 1603341276.798000, 1603341276.798000, 1603341328.726000
