read_start,read_end,cpu_start,cpu_end,write_start,write_end
1604799019.236000, 1604799141.288000, 1604799141.288000, 1604799146.497000, 1604799146.497000, 1604799362.642000
1604799362.678000, 1604799395.947000, 1604799395.947000, 1604799401.947000, 1604799401.947000, 1604799656.140000
1604799656.185000, 1604799763.025000, 1604799763.025000, 1604799767.512000, 1604799767.512000, 1604799880.289000
