read_start,read_end,cpu_start,cpu_end,write_start,write_end
1603343573.515000, 1603343605.049000, 1603343605.049000, 1603343610.294000, 1603343610.294000, 1603343825.361000
1603343825.399000, 1603343857.722000, 1603343857.722000, 1603343862.921000, 1603343862.921000, 1603344043.353000
1603344043.368000, 1603344057.482000, 1603344057.482000, 1603344062.903000, 1603344062.903000, 1603344254.515000
