read_start,read_end,cpu_start,cpu_end,write_start,write_end
1603347655.669000, 1603347692.738000, 1603347692.738000, 1603347698.456000, 1603347698.456000, 1603347928.492000
1603347928.507000, 1603347933.240000, 1603347933.240000, 1603347938.683000, 1603347938.683000, 1603348035.142000
1603348035.194000, 1603348162.817000, 1603348162.817000, 1603348168.569000, 1603348168.569000, 1603348235.503000
