read_start,read_end,cpu_start,cpu_end,write_start,write_end
1604808922.765000, 1604809099.951000, 1604809099.951000, 1604809106.291000, 1604809106.291000, 1604809383.484000
1604809383.498000, 1604809394.187000, 1604809394.187000, 1604809400.467000, 1604809400.467000, 1604809826.631000
1604809826.830000, 1604809842.643000, 1604809842.643000, 1604809849.784000, 1604809849.784000, 1604810106.248000
