read_start,read_end,cpu_start,cpu_end,write_start,write_end
1604795239.660000, 1604795333.894000, 1604795333.894000, 1604795339.229000, 1604795339.229000, 1604795518.025000
1604795518.064000, 1604795544.234000, 1604795544.234000, 1604795549.535000, 1604795549.535000, 1604795704.244000
1604795704.280000, 1604795726.843000, 1604795726.843000, 1604795732.673000, 1604795732.673000, 1604795886.188000
