read_start,read_end,cpu_start,cpu_end,write_start,write_end
1603344587.312000, 1603344619.701000, 1603344619.701000, 1603344625.229000, 1603344625.229000, 1603344832.451000
1603344832.495000, 1603344866.352000, 1603344866.352000, 1603344871.516000, 1603344871.516000, 1603345088.968000
1603345088.987000, 1603345162.802000, 1603345162.802000, 1603345168.425000, 1603345168.425000, 1603345247.257000
