read_start,read_end,cpu_start,cpu_end,write_start,write_end
1603347655.664000, 1603347692.596000, 1603347692.596000, 1603347698.817000, 1603347698.817000, 1603347919.116000
1603347919.138000, 1603347927.776000, 1603347927.776000, 1603347933.439000, 1603347933.439000, 1603348027.516000
1603348027.530000, 1603348150.585000, 1603348150.585000, 1603348155.360000, 1603348155.360000, 1603348243.934000
