read_start,read_end,cpu_start,cpu_end,write_start,write_end
1603342593.275000, 1603342623.727000, 1603342623.727000, 1603342629.543000, 1603342629.543000, 1603342815.774000
1603342815.817000, 1603342845.350000, 1603342845.350000, 1603342850.563000, 1603342850.563000, 1603343046.884000
1603343046.898000, 1603343052.023000, 1603343052.023000, 1603343056.742000, 1603343056.742000, 1603343088.496000
