read_start,read_end,cpu_start,cpu_end,write_start,write_end
1604791197.856000, 1604791236.697000, 1604791236.697000, 1604791241.851000, 1604791241.851000, 1604791296.396000
1604791296.413000, 1604791305.623000, 1604791305.623000, 1604791310.684000, 1604791310.684000, 1604791358.923000
1604791358.939000, 1604791364.494000, 1604791364.494000, 1604791369.214000, 1604791369.214000, 1604791400.007000
