read_start,read_end,cpu_start,cpu_end,write_start,write_end
1603336659.029000, 1603336678.513000, 1603336678.513000, 1603336683.252000, 1603336683.252000, 1603336820.545000
1603336820.579000, 1603336841.541000, 1603336841.541000, 1603336846.372000, 1603336846.372000, 1603336984.980000
1603336985.021000, 1603337005.695000, 1603337005.695000, 1603337010.490000, 1603337010.490000, 1603337102.418000
