read_start,read_end,cpu_start,cpu_end,write_start,write_end
1603336659.022000, 1603336678.490000, 1603336678.490000, 1603336683.258000, 1603336683.258000, 1603336820.241000
1603336820.264000, 1603336841.077000, 1603336841.077000, 1603336845.838000, 1603336845.838000, 1603336984.980000
1603336985.017000, 1603337005.630000, 1603337005.630000, 1603337010.438000, 1603337010.438000, 1603337144.002000
