read_start,read_end,cpu_start,cpu_end,write_start,write_end
1603349791.338000, 1603349832.717000, 1603349832.717000, 1603349838.435000, 1603349838.435000, 1603350072.921000
1603350072.938000, 1603350076.712000, 1603350076.712000, 1603350081.218000, 1603350081.218000, 1603350096.953000
1603350096.974000, 1603350112.111000, 1603350112.111000, 1603350117.019000, 1603350117.019000, 1603350148.811000
