read_start,read_end,cpu_start,cpu_end,write_start,write_end
1603335903.217000, 1603335921.046000, 1603335921.046000, 1603335925.853000, 1603335925.853000, 1603336054.574000
1603336054.584000, 1603336056.910000, 1603336056.910000, 1603336061.712000, 1603336061.712000, 1603336234.283000
1603336234.318000, 1603336247.140000, 1603336247.140000, 1603336252.325000, 1603336252.325000, 1603336350.029000
