read_start,read_end,cpu_start,cpu_end,write_start,write_end
1603350920.593000, 1603350965.750000, 1603350965.750000, 1603350972.125000, 1603350972.125000, 1603351468.549000
1603351468.564000, 1603351531.108000, 1603351531.108000, 1603351535.906000, 1603351535.906000, 1603351620.493000
1603351620.620000, 1603351641.691000, 1603351641.691000, 1603351646.429000, 1603351646.429000, 1603351744.160000
