read_start,read_end,cpu_start,cpu_end,write_start,write_end
1603331944.170000, 1603331952.505000, 1603331952.505000, 1603331957.543000, 1603331957.543000, 1603332008.879000
1603332008.897000, 1603332017.003000, 1603332017.003000, 1603332021.678000, 1603332021.678000, 1603332069.292000
1603332069.306000, 1603332074.545000, 1603332074.545000, 1603332079.659000, 1603332079.659000, 1603332112.010000
