read_start,read_end,cpu_start,cpu_end,write_start,write_end
1603354318.034000, 1603354378.645000, 1603354378.645000, 1603354384.410000, 1603354384.410000, 1603354672.106000
1603354672.144000, 1603354712.044000, 1603354712.044000, 1603354718.016000, 1603354718.016000, 1603354926.561000
1603354926.620000, 1603354937.752000, 1603354937.752000, 1603354942.925000, 1603354942.925000, 1603355012.698000
