read_start,read_end,cpu_start,cpu_end,write_start,write_end
1604802636.273000, 1604802780.568000, 1604802780.568000, 1604802786.943000, 1604802786.943000, 1604803015.383000
1604803015.401000, 1604803117.369000, 1604803117.369000, 1604803123.465000, 1604803123.465000, 1604803291.993000
1604803292.069000, 1604803346.416000, 1604803346.416000, 1604803351.217000, 1604803351.217000, 1604803422.378000
