read_start,read_end,cpu_start,cpu_end,write_start,write_end
1604796702.644000, 1604796807.782000, 1604796807.782000, 1604796813.218000, 1604796813.218000, 1604796955.432000
1604796955.447000, 1604797015.143000, 1604797015.143000, 1604797019.993000, 1604797019.993000, 1604797070.872000
1604797070.893000, 1604797157.725000, 1604797157.725000, 1604797162.743000, 1604797162.743000, 1604797244.457000
