read_start,read_end,cpu_start,cpu_end,write_start,write_end
1603345620.805000, 1603345654.859000, 1603345654.859000, 1603345660.083000, 1603345660.083000, 1603345857.376000
1603345857.391000, 1603345871.113000, 1603345871.113000, 1603345875.917000, 1603345875.917000, 1603346056.487000
1603346056.504000, 1603346081.435000, 1603346081.435000, 1603346086.676000, 1603346086.676000, 1603346273.015000
