read_start,read_end,cpu_start,cpu_end,write_start,write_end
1603335228.555000, 1603335245.302000, 1603335245.302000, 1603335250.104000, 1603335250.104000, 1603335366.936000
1603335366.950000, 1603335380.691000, 1603335380.691000, 1603335385.660000, 1603335385.660000, 1603335474.323000
1603335474.358000, 1603335495.150000, 1603335495.150000, 1603335500.175000, 1603335500.175000, 1603335592.564000
