read_start,read_end,cpu_start,cpu_end,write_start,write_end
1604804545.440000, 1604804700.550000, 1604804700.550000, 1604804706.294000, 1604804706.294000, 1604804990.104000
1604804990.122000, 1604805120.568000, 1604805120.568000, 1604805125.509000, 1604805125.509000, 1604805366.566000
1604805366.930000, 1604805394.755000, 1604805394.755000, 1604805399.992000, 1604805399.992000, 1604805558.507000
