read_start,read_end,cpu_start,cpu_end,write_start,write_end
1603334590.770000, 1603334606.708000, 1603334606.708000, 1603334611.434000, 1603334611.434000, 1603334684.563000
1603334684.577000, 1603334713.181000, 1603334713.181000, 1603334718.219000, 1603334718.219000, 1603334793.081000
1603334793.094000, 1603334811.264000, 1603334811.264000, 1603334816.332000, 1603334816.332000, 1603334913.721000
