read_start,read_end,cpu_start,cpu_end,write_start,write_end
1604797443.897000, 1604797554.921000, 1604797554.921000, 1604797560.074000, 1604797560.074000, 1604797751.749000
1604797751.801000, 1604797781.287000, 1604797781.287000, 1604797787.011000, 1604797787.011000, 1604797973.267000
1604797973.293000, 1604797992.022000, 1604797992.022000, 1604797998.268000, 1604797998.268000, 1604798136.203000
