read_start,read_end,cpu_start,cpu_end,write_start,write_end
1604799019.219000, 1604799141.066000, 1604799141.066000, 1604799146.994000, 1604799146.994000, 1604799362.455000
1604799362.520000, 1604799395.939000, 1604799395.939000, 1604799402.586000, 1604799402.586000, 1604799609.575000
1604799609.637000, 1604799639.008000, 1604799639.008000, 1604799645.295000, 1604799645.295000, 1604799880.291000
