read_start,read_end,cpu_start,cpu_end,write_start,write_end
1603350920.594000, 1603350965.750000, 1603350965.750000, 1603350971.495000, 1603350971.495000, 1603351468.922000
1603351468.937000, 1603351535.649000, 1603351535.649000, 1603351540.693000, 1603351540.693000, 1603351620.496000
1603351620.618000, 1603351640.944000, 1603351640.944000, 1603351646.384000, 1603351646.384000, 1603351746.265000
