read_start,read_end,cpu_start,cpu_end,write_start,write_end
1603346667.179000, 1603346703.050000, 1603346703.050000, 1603346708.781000, 1603346708.781000, 1603346898.025000
1603346898.035000, 1603346908.621000, 1603346908.621000, 1603346913.430000, 1603346913.430000, 1603346964.617000
1603346964.632000, 1603347100.454000, 1603347100.454000, 1603347105.814000, 1603347105.814000, 1603347212.206000
