read_start,read_end,cpu_start,cpu_end,write_start,write_end
1604801749.907000, 1604801888.455000, 1604801888.455000, 1604801894.463000, 1604801894.463000, 1604802143.660000
1604802143.675000, 1604802152.840000, 1604802152.840000, 1604802158.715000, 1604802158.715000, 1604802317.657000
1604802317.709000, 1604802373.358000, 1604802373.358000, 1604802378.696000, 1604802378.696000, 1604802590.855000
