read_start,read_end,cpu_start,cpu_end,write_start,write_end
1604807759.331000, 1604807931.351000, 1604807931.351000, 1604807937.183000, 1604807937.183000, 1604808235.222000
1604808235.238000, 1604808320.573000, 1604808320.573000, 1604808325.410000, 1604808325.410000, 1604808554.878000
1604808554.941000, 1604808580.658000, 1604808580.658000, 1604808585.602000, 1604808585.602000, 1604808873.086000
