read_start,read_end,cpu_start,cpu_end,write_start,write_end
1603344587.312000, 1603344619.701000, 1603344619.701000, 1603344624.897000, 1603344624.897000, 1603344832.469000
1603344832.511000, 1603344866.226000, 1603344866.226000, 1603344871.454000, 1603344871.454000, 1603345089.097000
1603345089.116000, 1603345162.866000, 1603345162.866000, 1603345168.499000, 1603345168.499000, 1603345256.075000
