read_start,read_end,cpu_start,cpu_end,write_start,write_end
1603354318.011000, 1603354378.310000, 1603354378.310000, 1603354384.068000, 1603354384.068000, 1603354671.321000
1603354671.339000, 1603354711.325000, 1603354711.325000, 1603354717.434000, 1603354717.434000, 1603354946.592000
1603354946.617000, 1603355015.195000, 1603355015.195000, 1603355020.115000, 1603355020.115000, 1603355083.077000
