read_start,read_end,cpu_start,cpu_end,write_start,write_end
1603341642.609000, 1603341670.741000, 1603341670.741000, 1603341675.933000, 1603341675.933000, 1603341851.234000
1603341851.247000, 1603341857.292000, 1603341857.292000, 1603341862.499000, 1603341862.499000, 1603342046.842000
1603342046.869000, 1603342063.449000, 1603342063.449000, 1603342068.178000, 1603342068.178000, 1603342177.547000
