read_start,read_end,cpu_start,cpu_end,write_start,write_end
1604792290.918000, 1604792351.909000, 1604792351.909000, 1604792356.646000, 1604792356.646000, 1604792449.211000
1604792449.246000, 1604792465.875000, 1604792465.875000, 1604792470.964000, 1604792470.964000, 1604792543.250000
1604792543.267000, 1604792555.080000, 1604792555.080000, 1604792559.978000, 1604792559.978000, 1604792628.592000
