read_start,read_end,cpu_start,cpu_end,write_start,write_end
1603339892.195000, 1603339917.833000, 1603339917.833000, 1603339922.955000, 1603339922.955000, 1603340100.661000
1603340100.674000, 1603340103.917000, 1603340103.917000, 1603340108.673000, 1603340108.673000, 1603340212.993000
1603340213.012000, 1603340282.487000, 1603340282.487000, 1603340287.289000, 1603340287.289000, 1603340373.250000
