read_start,read_end,cpu_start,cpu_end,write_start,write_end
1603342593.289000, 1603342623.835000, 1603342623.835000, 1603342629.132000, 1603342629.132000, 1603342815.774000
1603342815.834000, 1603342846.206000, 1603342846.206000, 1603342851.440000, 1603342851.440000, 1603343048.234000
1603343048.272000, 1603343076.295000, 1603343076.295000, 1603343081.490000, 1603343081.490000, 1603343259.133000
