read_start,read_end,cpu_start,cpu_end,write_start,write_end
1603331495.325000, 1603331502.260000, 1603331502.260000, 1603331506.868000, 1603331506.868000, 1603331547.632000
1603331547.647000, 1603331551.725000, 1603331551.725000, 1603331556.726000, 1603331556.726000, 1603331601.705000
1603331601.719000, 1603331605.011000, 1603331605.011000, 1603331609.664000, 1603331609.664000, 1603331640.371000
