read_start,read_end,cpu_start,cpu_end,write_start,write_end
1603353159.006000, 1603353211.423000, 1603353211.423000, 1603353217.216000, 1603353217.216000, 1603353456.604000
1603353456.620000, 1603353546.782000, 1603353546.782000, 1603353552.954000, 1603353552.954000, 1603353836.678000
1603353836.777000, 1603353859.876000, 1603353859.876000, 1603353865.717000, 1603353865.717000, 1603353999.699000
