read_start,read_end,cpu_start,cpu_end,write_start,write_end
1603343573.506000, 1603343604.981000, 1603343604.981000, 1603343610.175000, 1603343610.175000, 1603343825.558000
1603343825.588000, 1603343857.739000, 1603343857.739000, 1603343862.887000, 1603343862.887000, 1603344254.532000
1603344254.551000, 1603344256.433000, 1603344256.433000, 1603344260.965000, 1603344260.965000, 1603344273.831000
