read_start,read_end,cpu_start,cpu_end,write_start,write_end
1604795239.666000, 1604795334.008000, 1604795334.008000, 1604795339.331000, 1604795339.331000, 1604795518.026000
1604795518.065000, 1604795544.235000, 1604795544.235000, 1604795549.011000, 1604795549.011000, 1604795607.273000
1604795607.301000, 1604795719.339000, 1604795719.339000, 1604795725.384000, 1604795725.384000, 1604795755.763000
