read_start,read_end,cpu_start,cpu_end,write_start,write_end
1604793594.099000, 1604793671.624000, 1604793671.624000, 1604793676.572000, 1604793676.572000, 1604793806.390000
1604793806.412000, 1604793826.181000, 1604793826.181000, 1604793831.417000, 1604793831.417000, 1604793919.946000
1604793919.963000, 1604793950.274000, 1604793950.274000, 1604793955.054000, 1604793955.054000, 1604793987.300000
