read_start,read_end,cpu_start,cpu_end,write_start,write_end
1604794663.104000, 1604794751.767000, 1604794751.767000, 1604794757.181000, 1604794757.181000, 1604794960.393000
1604794960.407000, 1604795051.379000, 1604795051.379000, 1604795056.695000, 1604795056.695000, 1604795123.890000
1604795123.983000, 1604795201.142000, 1604795201.142000, 1604795205.712000, 1604795205.712000, 1604795217.661000
