read_start,read_end,cpu_start,cpu_end,write_start,write_end
1604790459.702000, 1604790465.306000, 1604790465.306000, 1604790469.627000, 1604790469.627000, 1604790479.083000
1604790479.096000, 1604790480.864000, 1604790480.864000, 1604790485.204000, 1604790485.204000, 1604790494.529000
1604790494.543000, 1604790496.320000, 1604790496.320000, 1604790500.664000, 1604790500.664000, 1604790509.965000
