read_start,read_end,cpu_start,cpu_end,write_start,write_end
1603335903.219000, 1603335921.046000, 1603335921.046000, 1603335925.790000, 1603335925.790000, 1603336051.754000
1603336051.767000, 1603336055.680000, 1603336055.680000, 1603336060.774000, 1603336060.774000, 1603336234.283000
1603336234.313000, 1603336246.724000, 1603336246.724000, 1603336251.407000, 1603336251.407000, 1603336340.582000
