read_start,read_end,cpu_start,cpu_end,write_start,write_end
1604799923.536000, 1604800050.887000, 1604800050.887000, 1604800056.848000, 1604800056.848000, 1604800267.461000
1604800267.493000, 1604800301.306000, 1604800301.306000, 1604800308.043000, 1604800308.043000, 1604800582.879000
1604800582.930000, 1604800611.705000, 1604800611.705000, 1604800616.918000, 1604800616.918000, 1604800657.827000
