read_start,read_end,cpu_start,cpu_end,write_start,write_end
1603348698.113000, 1603348736.835000, 1603348736.835000, 1603348742.578000, 1603348742.578000, 1603349007.072000
1603349007.086000, 1603349043.255000, 1603349043.255000, 1603349048.588000, 1603349048.588000, 1603349283.401000
1603349283.425000, 1603349294.837000, 1603349294.837000, 1603349299.500000, 1603349299.500000, 1603349337.741000
