read_start,read_end,cpu_start,cpu_end,write_start,write_end
1604799923.540000, 1604800050.951000, 1604800050.951000, 1604800057.216000, 1604800057.216000, 1604800267.597000
1604800267.635000, 1604800301.325000, 1604800301.325000, 1604800307.115000, 1604800307.115000, 1604800582.961000
1604800583.669000, 1604800615.140000, 1604800615.140000, 1604800620.911000, 1604800620.911000, 1604800828.234000
