read_start,read_end,cpu_start,cpu_end,write_start,write_end
1603345620.805000, 1603345654.861000, 1603345654.861000, 1603345660.093000, 1603345660.093000, 1603345857.361000
1603345857.378000, 1603345871.113000, 1603345871.113000, 1603345875.921000, 1603345875.921000, 1603346056.496000
1603346056.527000, 1603346081.567000, 1603346081.567000, 1603346086.628000, 1603346086.628000, 1603346274.364000
