read_start,read_end,cpu_start,cpu_end,write_start,write_end
1603350920.585000, 1603350965.750000, 1603350965.750000, 1603350971.534000, 1603350971.534000, 1603351467.511000
1603351467.528000, 1603351527.842000, 1603351527.842000, 1603351532.714000, 1603351532.714000, 1603351621.191000
1603351621.538000, 1603351641.810000, 1603351641.810000, 1603351646.551000, 1603351646.551000, 1603351726.234000
