read_start,read_end,cpu_start,cpu_end,write_start,write_end
1604806630.972000, 1604806797.368000, 1604806797.368000, 1604806804.122000, 1604806804.122000, 1604807046.211000
1604807046.228000, 1604807056.145000, 1604807056.145000, 1604807062.873000, 1604807062.873000, 1604807409.505000
1604807409.605000, 1604807417.563000, 1604807417.563000, 1604807422.442000, 1604807422.442000, 1604807466.465000
