read_start,read_end,cpu_start,cpu_end,write_start,write_end
1604800854.207000, 1604800987.016000, 1604800987.016000, 1604800992.590000, 1604800992.590000, 1604801206.104000
1604801206.138000, 1604801225.847000, 1604801225.847000, 1604801231.477000, 1604801231.477000, 1604801463.111000
1604801463.176000, 1604801494.343000, 1604801494.343000, 1604801499.978000, 1604801499.978000, 1604801719.737000
