read_start,read_end,cpu_start,cpu_end,write_start,write_end
1604806630.955000, 1604806797.363000, 1604806797.363000, 1604806803.707000, 1604806803.707000, 1604807047.172000
1604807047.182000, 1604807056.375000, 1604807056.375000, 1604807061.995000, 1604807061.995000, 1604807253.159000
1604807253.285000, 1604807290.570000, 1604807290.570000, 1604807295.377000, 1604807295.377000, 1604807507.399000
