read_start,read_end,cpu_start,cpu_end,write_start,write_end
1604800854.221000, 1604800987.311000, 1604800987.311000, 1604800993.318000, 1604800993.318000, 1604801208.968000
1604801208.984000, 1604801229.030000, 1604801229.030000, 1604801235.328000, 1604801235.328000, 1604801463.112000
1604801463.888000, 1604801495.699000, 1604801495.699000, 1604801501.269000, 1604801501.269000, 1604801719.736000
