read_start,read_end,cpu_start,cpu_end,write_start,write_end
1603333443.785000, 1603333456.464000, 1603333456.464000, 1603333461.204000, 1603333461.204000, 1603333527.510000
1603333527.529000, 1603333538.535000, 1603333538.535000, 1603333543.338000, 1603333543.338000, 1603333619.166000
1603333619.182000, 1603333631.502000, 1603333631.502000, 1603333636.308000, 1603333636.308000, 1603333705.301000
