read_start,read_end,cpu_start,cpu_end,write_start,write_end
1604805596.782000, 1604805757.369000, 1604805757.369000, 1604805763.011000, 1604805763.011000, 1604806027.680000
1604806027.693000, 1604806071.878000, 1604806071.878000, 1604806077.031000, 1604806077.031000, 1604806322.566000
1604806322.881000, 1604806350.548000, 1604806350.548000, 1604806355.825000, 1604806355.825000, 1604806600.169000
