read_start,read_end,cpu_start,cpu_end,write_start,write_end
1603347655.681000, 1603347692.759000, 1603347692.759000, 1603347698.371000, 1603347698.371000, 1603347933.696000
1603347933.725000, 1603348015.916000, 1603348015.916000, 1603348021.148000, 1603348021.148000, 1603348253.693000
1603348253.761000, 1603348289.365000, 1603348289.365000, 1603348294.777000, 1603348294.777000, 1603348381.695000
