read_start,read_end,cpu_start,cpu_end,write_start,write_end
1603340760.892000, 1603340786.933000, 1603340786.933000, 1603340792.126000, 1603340792.126000, 1603341046.263000
1603341046.278000, 1603341075.351000, 1603341075.351000, 1603341080.009000, 1603341080.009000, 1603341175.548000
1603341175.613000, 1603341271.363000, 1603341271.363000, 1603341276.138000, 1603341276.138000, 1603341329.321000
