read_start,read_end,cpu_start,cpu_end,write_start,write_end
1604791013.850000, 1604791047.106000, 1604791047.106000, 1604791051.708000, 1604791051.708000, 1604791096.606000
1604791096.620000, 1604791104.511000, 1604791104.511000, 1604791109.364000, 1604791109.364000, 1604791153.525000
1604791153.538000, 1604791158.702000, 1604791158.702000, 1604791163.949000, 1604791163.949000, 1604791190.049000
