read_start,read_end,cpu_start,cpu_end,write_start,write_end
1603339892.209000, 1603339917.948000, 1603339917.948000, 1603339923.676000, 1603339923.676000, 1603340088.074000
1603340088.086000, 1603340099.582000, 1603340099.582000, 1603340104.344000, 1603340104.344000, 1603340187.361000
1603340187.374000, 1603340212.839000, 1603340212.839000, 1603340218.234000, 1603340218.234000, 1603340372.305000
