read_start,read_end,cpu_start,cpu_end,write_start,write_end
1603353158.990000, 1603353211.349000, 1603353211.349000, 1603353217.148000, 1603353217.148000, 1603353434.336000
1603353434.350000, 1603353446.694000, 1603353446.694000, 1603353452.595000, 1603353452.595000, 1603353549.832000
1603353549.940000, 1603353616.206000, 1603353616.206000, 1603353620.885000, 1603353620.885000, 1603353839.411000
