read_start,read_end,cpu_start,cpu_end,write_start,write_end
1603336659.022000, 1603336678.491000, 1603336678.491000, 1603336683.976000, 1603336683.976000, 1603336820.581000
1603336820.606000, 1603336841.541000, 1603336841.541000, 1603336846.324000, 1603336846.324000, 1603336984.980000
1603336985.025000, 1603337005.748000, 1603337005.748000, 1603337010.492000, 1603337010.492000, 1603337102.418000
