read_start,read_end,cpu_start,cpu_end,write_start,write_end
1603349791.340000, 1603349832.767000, 1603349832.767000, 1603349838.441000, 1603349838.441000, 1603350303.846000
1603350303.861000, 1603350342.349000, 1603350342.349000, 1603350347.925000, 1603350347.925000, 1603350431.022000
1603350431.091000, 1603350456.213000, 1603350456.213000, 1603350461.375000, 1603350461.375000, 1603350530.057000
