read_start,read_end,cpu_start,cpu_end,write_start,write_end
1603342593.275000, 1603342623.729000, 1603342623.729000, 1603342628.881000, 1603342628.881000, 1603342815.774000
1603342815.819000, 1603342845.465000, 1603342845.465000, 1603342850.729000, 1603342850.729000, 1603343048.219000
1603343048.256000, 1603343076.510000, 1603343076.510000, 1603343081.732000, 1603343081.732000, 1603343259.195000
