read_start,read_end,cpu_start,cpu_end,write_start,write_end
1604798200.481000, 1604798316.919000, 1604798316.919000, 1604798322.066000, 1604798322.066000, 1604798507.455000
1604798507.493000, 1604798542.475000, 1604798542.475000, 1604798547.991000, 1604798547.991000, 1604798758.082000
1604798758.287000, 1604798787.808000, 1604798787.808000, 1604798793.597000, 1604798793.597000, 1604798992.746000
