read_start,read_end,cpu_start,cpu_end,write_start,write_end
1604792671.881000, 1604792738.520000, 1604792738.520000, 1604792743.381000, 1604792743.381000, 1604792833.763000
1604792833.806000, 1604792852.479000, 1604792852.479000, 1604792857.450000, 1604792857.450000, 1604792948.800000
1604792948.815000, 1604792963.794000, 1604792963.794000, 1604792968.988000, 1604792968.988000, 1604793057.849000
