read_start,read_end,cpu_start,cpu_end,write_start,write_end
1603335228.547000, 1603335245.301000, 1603335245.301000, 1603335250.117000, 1603335250.117000, 1603335368.093000
1603335368.106000, 1603335381.486000, 1603335381.486000, 1603335386.526000, 1603335386.526000, 1603335475.313000
1603335475.326000, 1603335495.150000, 1603335495.150000, 1603335499.882000, 1603335499.882000, 1603335577.411000
