read_start,read_end,cpu_start,cpu_end,write_start,write_end
1603342593.274000, 1603342623.729000, 1603342623.729000, 1603342628.863000, 1603342628.863000, 1603342815.973000
1603342815.998000, 1603342845.694000, 1603342845.694000, 1603342850.893000, 1603342850.893000, 1603343048.219000
1603343048.256000, 1603343076.372000, 1603343076.372000, 1603343081.830000, 1603343081.830000, 1603343259.261000
