read_start,read_end,cpu_start,cpu_end,write_start,write_end
1603334590.767000, 1603334606.718000, 1603334606.718000, 1603334611.453000, 1603334611.453000, 1603334700.548000
1603334700.563000, 1603334715.771000, 1603334715.771000, 1603334720.686000, 1603334720.686000, 1603334793.653000
1603334793.676000, 1603334811.264000, 1603334811.264000, 1603334816.285000, 1603334816.285000, 1603334902.539000
