read_start,read_end,cpu_start,cpu_end,write_start,write_end
1603337455.357000, 1603337476.015000, 1603337476.015000, 1603337480.874000, 1603337480.874000, 1603337585.383000
1603337585.399000, 1603337613.615000, 1603337613.615000, 1603337618.406000, 1603337618.406000, 1603337756.306000
1603337756.352000, 1603337778.413000, 1603337778.413000, 1603337783.144000, 1603337783.144000, 1603337914.995000
