read_start,read_end,cpu_start,cpu_end,write_start,write_end
1604799923.549000, 1604800051.151000, 1604800051.151000, 1604800057.080000, 1604800057.080000, 1604800267.371000
1604800267.396000, 1604800301.217000, 1604800301.217000, 1604800306.976000, 1604800306.976000, 1604800583.012000
1604800583.698000, 1604800615.052000, 1604800615.052000, 1604800620.422000, 1604800620.422000, 1604800808.017000
