read_start,read_end,cpu_start,cpu_end,write_start,write_end
1604794663.104000, 1604794751.782000, 1604794751.782000, 1604794756.761000, 1604794756.761000, 1604794816.717000
1604794816.727000, 1604794913.525000, 1604794913.525000, 1604794918.697000, 1604794918.697000, 1604794958.343000
1604794958.357000, 1604795045.601000, 1604795045.601000, 1604795050.504000, 1604795050.504000, 1604795069.181000
