read_start,read_end,cpu_start,cpu_end,write_start,write_end
1603347655.664000, 1603347692.530000, 1603347692.530000, 1603347698.120000, 1603347698.120000, 1603347933.655000
1603347933.676000, 1603348015.770000, 1603348015.770000, 1603348020.924000, 1603348020.924000, 1603348251.482000
1603348251.560000, 1603348288.913000, 1603348288.913000, 1603348294.563000, 1603348294.563000, 1603348381.695000
