read_start,read_end,cpu_start,cpu_end,write_start,write_end
1603336659.031000, 1603336678.514000, 1603336678.514000, 1603336683.811000, 1603336683.811000, 1603336820.545000
1603336820.572000, 1603336841.403000, 1603336841.403000, 1603336846.182000, 1603336846.182000, 1603336984.359000
1603336984.389000, 1603337005.756000, 1603337005.756000, 1603337010.552000, 1603337010.552000, 1603337102.418000
