read_start,read_end,cpu_start,cpu_end,write_start,write_end
1603344587.325000, 1603344619.813000, 1603344619.813000, 1603344625.011000, 1603344625.011000, 1603344832.604000
1603344832.641000, 1603344866.355000, 1603344866.355000, 1603344871.541000, 1603344871.541000, 1603345167.126000
1603345167.140000, 1603345222.873000, 1603345222.873000, 1603345227.548000, 1603345227.548000, 1603345300.676000
