read_start,read_end,cpu_start,cpu_end,write_start,write_end
1603345620.805000, 1603345654.892000, 1603345654.892000, 1603345660.686000, 1603345660.686000, 1603345857.242000
1603345857.256000, 1603345871.034000, 1603345871.034000, 1603345876.270000, 1603345876.270000, 1603346056.564000
1603346056.580000, 1603346082.005000, 1603346082.005000, 1603346087.300000, 1603346087.300000, 1603346274.367000
