read_start,read_end,cpu_start,cpu_end,write_start,write_end
1603350920.569000, 1603350965.329000, 1603350965.329000, 1603350970.981000, 1603350970.981000, 1603351223.307000
1603351223.320000, 1603351241.319000, 1603351241.319000, 1603351245.839000, 1603351245.839000, 1603351299.495000
1603351299.534000, 1603351322.110000, 1603351322.110000, 1603351326.804000, 1603351326.804000, 1603351376.946000
