read_start,read_end,cpu_start,cpu_end,write_start,write_end
1604793091.872000, 1604793163.980000, 1604793163.980000, 1604793168.715000, 1604793168.715000, 1604793291.020000
1604793291.034000, 1604793310.517000, 1604793310.517000, 1604793315.540000, 1604793315.540000, 1604793430.874000
1604793430.896000, 1604793450.850000, 1604793450.850000, 1604793456.131000, 1604793456.131000, 1604793564.231000
