read_start,read_end,cpu_start,cpu_end,write_start,write_end
1603340760.900000, 1603340786.985000, 1603340786.985000, 1603340792.169000, 1603340792.169000, 1603340956.035000
1603340956.050000, 1603340968.110000, 1603340968.110000, 1603340973.068000, 1603340973.068000, 1603341094.995000
1603341095.029000, 1603341119.955000, 1603341119.955000, 1603341124.702000, 1603341124.702000, 1603341276.998000
