read_start,read_end,cpu_start,cpu_end,write_start,write_end
1604797443.894000, 1604797554.921000, 1604797554.921000, 1604797560.116000, 1604797560.116000, 1604797751.749000
1604797751.801000, 1604797781.287000, 1604797781.287000, 1604797787.086000, 1604797787.086000, 1604797977.797000
1604797977.823000, 1604797994.080000, 1604797994.080000, 1604797999.962000, 1604797999.962000, 1604798160.693000
