read_start,read_end,cpu_start,cpu_end,write_start,write_end
1603350920.601000, 1603350965.753000, 1603350965.753000, 1603350971.471000, 1603350971.471000, 1603351227.032000
1603351227.050000, 1603351242.642000, 1603351242.642000, 1603351247.219000, 1603351247.219000, 1603351294.386000
1603351294.448000, 1603351310.299000, 1603351310.299000, 1603351315.097000, 1603351315.097000, 1603351369.699000
