read_start,read_end,cpu_start,cpu_end,write_start,write_end
1603353158.981000, 1603353211.130000, 1603353211.130000, 1603353216.872000, 1603353216.872000, 1603353454.430000
1603353454.456000, 1603353546.574000, 1603353546.574000, 1603353552.338000, 1603353552.338000, 1603353834.071000
1603353834.129000, 1603353858.988000, 1603353858.988000, 1603353864.501000, 1603353864.501000, 1603353995.863000
