read_start,read_end,cpu_start,cpu_end,write_start,write_end
1604798200.482000, 1604798316.931000, 1604798316.931000, 1604798322.880000, 1604798322.880000, 1604798511.525000
1604798511.565000, 1604798543.550000, 1604798543.550000, 1604798549.229000, 1604798549.229000, 1604798758.240000
1604798758.714000, 1604798787.820000, 1604798787.820000, 1604798793.775000, 1604798793.775000, 1604798992.747000
