read_start,read_end,cpu_start,cpu_end,write_start,write_end
1603354318.007000, 1603354378.310000, 1603354378.310000, 1603354384.070000, 1603354384.070000, 1603354671.321000
1603354671.339000, 1603354711.340000, 1603354711.340000, 1603354716.961000, 1603354716.961000, 1603354946.592000
1603354946.617000, 1603355015.196000, 1603355015.196000, 1603355019.972000, 1603355019.972000, 1603355083.830000
