read_start,read_end,cpu_start,cpu_end,write_start,write_end
1604803552.895000, 1604803702.787000, 1604803702.787000, 1604803709.317000, 1604803709.317000, 1604803937.384000
1604803937.399000, 1604803947.384000, 1604803947.384000, 1604803953.346000, 1604803953.346000, 1604804091.563000
1604804091.708000, 1604804150.817000, 1604804150.817000, 1604804156.289000, 1604804156.289000, 1604804458.168000
