read_start,read_end,cpu_start,cpu_end,write_start,write_end
1604796702.653000, 1604796808.076000, 1604796808.076000, 1604796813.996000, 1604796813.996000, 1604797003.895000
1604797003.918000, 1604797025.903000, 1604797025.903000, 1604797032.254000, 1604797032.254000, 1604797308.076000
1604797308.138000, 1604797350.619000, 1604797350.619000, 1604797356.406000, 1604797356.406000, 1604797397.354000
