read_start,read_end,cpu_start,cpu_end,write_start,write_end
1603346667.162000, 1603346702.926000, 1603346702.926000, 1603346708.119000, 1603346708.119000, 1603346887.583000
1603346887.600000, 1603346890.858000, 1603346890.858000, 1603346895.432000, 1603346895.432000, 1603346939.611000
1603346939.626000, 1603346976.422000, 1603346976.422000, 1603346981.667000, 1603346981.667000, 1603347148.860000
