read_start,read_end,cpu_start,cpu_end,write_start,write_end
1604802636.271000, 1604802780.568000, 1604802780.568000, 1604802786.842000, 1604802786.842000, 1604803014.794000
1604803014.808000, 1604803116.785000, 1604803116.785000, 1604803122.884000, 1604803122.884000, 1604803428.346000
1604803428.401000, 1604803436.435000, 1604803436.435000, 1604803441.080000, 1604803441.080000, 1604803498.514000
