read_start,read_end,cpu_start,cpu_end,write_start,write_end
1603352062.666000, 1603352111.561000, 1603352111.561000, 1603352117.306000, 1603352117.306000, 1603352372.405000
1603352372.437000, 1603352456.141000, 1603352456.141000, 1603352461.269000, 1603352461.269000, 1603352574.560000
1603352574.627000, 1603352618.164000, 1603352618.164000, 1603352622.796000, 1603352622.796000, 1603352842.803000
