read_start,read_end,cpu_start,cpu_end,write_start,write_end
1604807759.343000, 1604807931.353000, 1604807931.353000, 1604807937.580000, 1604807937.580000, 1604808223.223000
1604808223.243000, 1604808245.646000, 1604808245.646000, 1604808251.717000, 1604808251.717000, 1604808439.410000
1604808439.479000, 1604808562.100000, 1604808562.100000, 1604808568.447000, 1604808568.447000, 1604808873.944000
