read_start,read_end,cpu_start,cpu_end,write_start,write_end
1604791409.334000, 1604791453.701000, 1604791453.701000, 1604791458.456000, 1604791458.456000, 1604791521.021000
1604791521.035000, 1604791531.610000, 1604791531.610000, 1604791536.415000, 1604791536.415000, 1604791596.125000
1604791596.138000, 1604791607.062000, 1604791607.062000, 1604791611.816000, 1604791611.816000, 1604791664.180000
