read_start,read_end,cpu_start,cpu_end,write_start,write_end
1603336659.021000, 1603336678.490000, 1603336678.490000, 1603336683.758000, 1603336683.758000, 1603336820.545000
1603336820.579000, 1603336841.537000, 1603336841.537000, 1603336846.510000, 1603336846.510000, 1603336984.980000
1603336985.019000, 1603337005.756000, 1603337005.756000, 1603337010.503000, 1603337010.503000, 1603337107.086000
