read_start,read_end,cpu_start,cpu_end,write_start,write_end
1604807759.337000, 1604807931.352000, 1604807931.352000, 1604807937.691000, 1604807937.691000, 1604808224.143000
1604808224.162000, 1604808248.796000, 1604808248.796000, 1604808254.734000, 1604808254.734000, 1604808399.425000
1604808399.526000, 1604808555.952000, 1604808555.952000, 1604808562.130000, 1604808562.130000, 1604808717.470000
