read_start,read_end,cpu_start,cpu_end,write_start,write_end
1603339051.026000, 1603339074.426000, 1603339074.426000, 1603339079.612000, 1603339079.612000, 1603339205.885000
1603339205.906000, 1603339214.755000, 1603339214.755000, 1603339219.387000, 1603339219.387000, 1603339303.329000
1603339303.343000, 1603339335.989000, 1603339335.989000, 1603339341.725000, 1603339341.725000, 1603339473.532000
