read_start,read_end,cpu_start,cpu_end,write_start,write_end
1603331944.171000, 1603331952.502000, 1603331952.502000, 1603331957.109000, 1603331957.109000, 1603332008.209000
1603332008.222000, 1603332014.718000, 1603332014.718000, 1603332019.375000, 1603332019.375000, 1603332043.390000
1603332043.403000, 1603332045.115000, 1603332045.115000, 1603332049.499000, 1603332049.499000, 1603332073.163000
