read_start,read_end,cpu_start,cpu_end,write_start,write_end
1604792671.888000, 1604792738.547000, 1604792738.547000, 1604792743.570000, 1604792743.570000, 1604792838.036000
1604792838.049000, 1604792852.982000, 1604792852.982000, 1604792858.370000, 1604792858.370000, 1604792954.003000
1604792954.015000, 1604792964.893000, 1604792964.893000, 1604792970.737000, 1604792970.737000, 1604793070.886000
