read_start,read_end,cpu_start,cpu_end,write_start,write_end
1603348698.133000, 1603348737.022000, 1603348737.022000, 1603348742.759000, 1603348742.759000, 1603348977.537000
1603348977.551000, 1603349002.816000, 1603349002.816000, 1603349007.368000, 1603349007.368000, 1603349050.604000
1603349050.623000, 1603349156.354000, 1603349156.354000, 1603349160.803000, 1603349160.803000, 1603349408.879000
