read_start,read_end,cpu_start,cpu_end,write_start,write_end
1604795239.668000, 1604795334.008000, 1604795334.008000, 1604795339.367000, 1604795339.367000, 1604795517.917000
1604795517.946000, 1604795544.110000, 1604795544.110000, 1604795549.428000, 1604795549.428000, 1604795695.183000
1604795695.218000, 1604795726.219000, 1604795726.219000, 1604795732.285000, 1604795732.285000, 1604795910.286000
