read_start,read_end,cpu_start,cpu_end,write_start,write_end
1603341642.608000, 1603341670.740000, 1603341670.740000, 1603341676.383000, 1603341676.383000, 1603341839.868000
1603341839.881000, 1603341850.753000, 1603341850.753000, 1603341855.552000, 1603341855.552000, 1603342046.835000
1603342046.861000, 1603342063.449000, 1603342063.449000, 1603342068.286000, 1603342068.286000, 1603342177.525000
