read_start,read_end,cpu_start,cpu_end,write_start,write_end
1604798200.474000, 1604798316.694000, 1604798316.694000, 1604798322.511000, 1604798322.511000, 1604798507.454000
1604798507.506000, 1604798543.540000, 1604798543.540000, 1604798549.117000, 1604798549.117000, 1604798758.135000
1604798758.542000, 1604798787.817000, 1604798787.817000, 1604798796.034000, 1604798796.034000, 1604798992.805000
