read_start,read_end,cpu_start,cpu_end,write_start,write_end
1604791976.810000, 1604792032.246000, 1604792032.246000, 1604792037.034000, 1604792037.034000, 1604792100.532000
1604792100.548000, 1604792106.185000, 1604792106.185000, 1604792110.966000, 1604792110.966000, 1604792171.853000
1604792171.869000, 1604792189.394000, 1604792189.394000, 1604792194.360000, 1604792194.360000, 1604792262.389000
