read_start,read_end,cpu_start,cpu_end,write_start,write_end
1604791976.809000, 1604792032.201000, 1604792032.201000, 1604792036.981000, 1604792036.981000, 1604792104.487000
1604792104.501000, 1604792110.080000, 1604792110.080000, 1604792115.107000, 1604792115.107000, 1604792166.585000
1604792166.600000, 1604792186.871000, 1604792186.871000, 1604792193.030000, 1604792193.030000, 1604792261.607000
