read_start,read_end,cpu_start,cpu_end,write_start,write_end
1603352062.674000, 1603352111.561000, 1603352111.561000, 1603352117.319000, 1603352117.319000, 1603352341.526000
1603352341.538000, 1603352367.319000, 1603352367.319000, 1603352374.815000, 1603352374.815000, 1603352518.016000
1603352518.160000, 1603352585.100000, 1603352585.100000, 1603352589.874000, 1603352589.874000, 1603352842.937000
