read_start,read_end,cpu_start,cpu_end,write_start,write_end
1604794663.121000, 1604794751.967000, 1604794751.967000, 1604794757.296000, 1604794757.296000, 1604794898.108000
1604794898.133000, 1604794925.992000, 1604794925.992000, 1604794931.377000, 1604794931.377000, 1604795055.178000
1604795055.220000, 1604795071.828000, 1604795071.828000, 1604795077.300000, 1604795077.300000, 1604795134.573000
