read_start,read_end,cpu_start,cpu_end,write_start,write_end
1604799019.227000, 1604799141.286000, 1604799141.286000, 1604799146.483000, 1604799146.483000, 1604799362.476000
1604799362.519000, 1604799395.943000, 1604799395.943000, 1604799401.473000, 1604799401.473000, 1604799583.954000
1604799583.993000, 1604799636.468000, 1604799636.468000, 1604799642.605000, 1604799642.605000, 1604799880.297000
