read_start,read_end,cpu_start,cpu_end,write_start,write_end
1603352062.672000, 1603352111.561000, 1603352111.561000, 1603352117.323000, 1603352117.323000, 1603352343.818000
1603352343.835000, 1603352369.168000, 1603352369.168000, 1603352377.645000, 1603352377.645000, 1603352523.246000
1603352523.331000, 1603352588.287000, 1603352588.287000, 1603352593.693000, 1603352593.693000, 1603352843.074000
