read_start,read_end,cpu_start,cpu_end,write_start,write_end
1603352062.649000, 1603352111.448000, 1603352111.448000, 1603352117.420000, 1603352117.420000, 1603352343.428000
1603352343.444000, 1603352369.098000, 1603352369.098000, 1603352377.553000, 1603352377.553000, 1603352520.547000
1603352520.632000, 1603352586.973000, 1603352586.973000, 1603352592.444000, 1603352592.444000, 1603352842.940000
