read_start,read_end,cpu_start,cpu_end,write_start,write_end
1603341642.615000, 1603341670.818000, 1603341670.818000, 1603341676.042000, 1603341676.042000, 1603341839.837000
1603341839.857000, 1603341850.766000, 1603341850.766000, 1603341855.590000, 1603341855.590000, 1603342046.835000
1603342046.861000, 1603342063.449000, 1603342063.449000, 1603342068.516000, 1603342068.516000, 1603342177.512000
