read_start,read_end,cpu_start,cpu_end,write_start,write_end
1603345620.831000, 1603345655.016000, 1603345655.016000, 1603345660.197000, 1603345660.197000, 1603345869.892000
1603345869.909000, 1603345891.835000, 1603345891.835000, 1603345897.363000, 1603345897.363000, 1603346044.197000
1603346044.298000, 1603346053.775000, 1603346053.775000, 1603346060.613000, 1603346060.613000, 1603346274.206000
