read_start,read_end,cpu_start,cpu_end,write_start,write_end
1603346667.169000, 1603346703.049000, 1603346703.049000, 1603346709.015000, 1603346709.015000, 1603346943.675000
1603346943.686000, 1603347008.666000, 1603347008.666000, 1603347013.378000, 1603347013.378000, 1603347131.985000
1603347132.031000, 1603347150.111000, 1603347150.111000, 1603347154.780000, 1603347154.780000, 1603347214.114000
