read_start,read_end,cpu_start,cpu_end,write_start,write_end
1603350920.580000, 1603350965.750000, 1603350965.750000, 1603350971.472000, 1603350971.472000, 1603351379.588000
1603351379.602000, 1603351386.722000, 1603351386.722000, 1603351391.725000, 1603351391.725000, 1603351439.747000
1603351439.857000, 1603351461.832000, 1603351461.832000, 1603351466.777000, 1603351466.777000, 1603351621.188000
