read_start,read_end,cpu_start,cpu_end,write_start,write_end
1604805596.811000, 1604805757.702000, 1604805757.702000, 1604805763.537000, 1604805763.537000, 1604806013.341000
1604806013.357000, 1604806038.412000, 1604806038.412000, 1604806044.719000, 1604806044.719000, 1604806348.189000
1604806348.350000, 1604806440.746000, 1604806440.746000, 1604806445.666000, 1604806445.666000, 1604806588.173000
