read_start,read_end,cpu_start,cpu_end,write_start,write_end
1604801749.927000, 1604801888.580000, 1604801888.580000, 1604801894.687000, 1604801894.687000, 1604802127.202000
1604802127.226000, 1604802149.082000, 1604802149.082000, 1604802155.902000, 1604802155.902000, 1604802332.627000
1604802333.050000, 1604802383.469000, 1604802383.469000, 1604802389.349000, 1604802389.349000, 1604802590.129000
