read_start,read_end,cpu_start,cpu_end,write_start,write_end
1603338242.108000, 1603338264.864000, 1603338264.864000, 1603338269.650000, 1603338269.650000, 1603338414.491000
1603338414.507000, 1603338509.457000, 1603338509.457000, 1603338514.302000, 1603338514.302000, 1603338555.817000
1603338555.830000, 1603338590.429000, 1603338590.429000, 1603338595.392000, 1603338595.392000, 1603338636.894000
