read_start,read_end,cpu_start,cpu_end,write_start,write_end
1604792290.924000, 1604792351.993000, 1604792351.993000, 1604792356.754000, 1604792356.754000, 1604792449.210000
1604792449.246000, 1604792465.881000, 1604792465.881000, 1604792471.146000, 1604792471.146000, 1604792555.002000
1604792555.016000, 1604792560.090000, 1604792560.090000, 1604792565.061000, 1604792565.061000, 1604792623.321000
