read_start,read_end,cpu_start,cpu_end,write_start,write_end
1603339892.196000, 1603339917.828000, 1603339917.828000, 1603339923.575000, 1603339923.575000, 1603340079.629000
1603340079.657000, 1603340098.742000, 1603340098.742000, 1603340103.975000, 1603340103.975000, 1603340181.953000
1603340181.967000, 1603340210.427000, 1603340210.427000, 1603340215.800000, 1603340215.800000, 1603340372.305000
