read_start,read_end,cpu_start,cpu_end,write_start,write_end
1603340760.888000, 1603340786.910000, 1603340786.910000, 1603340792.119000, 1603340792.119000, 1603340970.899000
1603340970.918000, 1603340974.757000, 1603340974.757000, 1603340979.497000, 1603340979.497000, 1603341094.761000
1603341094.787000, 1603341119.810000, 1603341119.810000, 1603341124.543000, 1603341124.543000, 1603341272.088000
