read_start,read_end,cpu_start,cpu_end,write_start,write_end
1603339051.020000, 1603339074.385000, 1603339074.385000, 1603339079.755000, 1603339079.755000, 1603339216.178000
1603339216.192000, 1603339230.770000, 1603339230.770000, 1603339235.295000, 1603339235.295000, 1603339323.543000
1603339323.553000, 1603339339.350000, 1603339339.350000, 1603339344.526000, 1603339344.526000, 1603339485.457000
