read_start,read_end,cpu_start,cpu_end,write_start,write_end
1603341642.608000, 1603341670.741000, 1603341670.741000, 1603341675.935000, 1603341675.935000, 1603341854.945000
1603341854.959000, 1603341875.805000, 1603341875.805000, 1603341880.586000, 1603341880.586000, 1603342160.383000
1603342160.436000, 1603342174.941000, 1603342174.941000, 1603342180.203000, 1603342180.203000, 1603342256.164000
