read_start,read_end,cpu_start,cpu_end,write_start,write_end
1604802636.277000, 1604802780.568000, 1604802780.568000, 1604802786.406000, 1604802786.406000, 1604803015.517000
1604803015.541000, 1604803117.393000, 1604803117.393000, 1604803123.986000, 1604803123.986000, 1604803292.849000
1604803292.931000, 1604803346.594000, 1604803346.594000, 1604803351.426000, 1604803351.426000, 1604803481.428000
