read_start,read_end,cpu_start,cpu_end,write_start,write_end
1604797443.892000, 1604797554.921000, 1604797554.921000, 1604797560.174000, 1604797560.174000, 1604797751.749000
1604797751.806000, 1604797781.282000, 1604797781.282000, 1604797787.039000, 1604797787.039000, 1604798129.424000
1604798129.453000, 1604798151.050000, 1604798151.050000, 1604798155.931000, 1604798155.931000, 1604798175.877000
