read_start,read_end,cpu_start,cpu_end,write_start,write_end
1604806630.959000, 1604806797.366000, 1604806797.366000, 1604806803.756000, 1604806803.756000, 1604807045.828000
1604807045.846000, 1604807056.005000, 1604807056.005000, 1604807061.977000, 1604807061.977000, 1604807253.123000
1604807253.169000, 1604807290.571000, 1604807290.571000, 1604807295.431000, 1604807295.431000, 1604807507.386000
