read_start,read_end,cpu_start,cpu_end,write_start,write_end
1604798200.495000, 1604798316.936000, 1604798316.936000, 1604798322.772000, 1604798322.772000, 1604798507.454000
1604798507.495000, 1604798542.488000, 1604798542.488000, 1604798548.016000, 1604798548.016000, 1604798758.103000
1604798758.385000, 1604798787.334000, 1604798787.334000, 1604798793.112000, 1604798793.112000, 1604798992.736000
