read_start,read_end,cpu_start,cpu_end,write_start,write_end
1603354318.037000, 1603354378.645000, 1603354378.645000, 1603354384.387000, 1603354384.387000, 1603354671.583000
1603354671.603000, 1603354711.935000, 1603354711.935000, 1603354717.655000, 1603354717.655000, 1603354951.641000
1603354951.675000, 1603355017.176000, 1603355017.176000, 1603355022.292000, 1603355022.292000, 1603355085.217000
