read_start,read_end,cpu_start,cpu_end,write_start,write_end
1604791197.857000, 1604791236.699000, 1604791236.699000, 1604791241.297000, 1604791241.297000, 1604791292.338000
1604791292.352000, 1604791294.179000, 1604791294.179000, 1604791298.931000, 1604791298.931000, 1604791325.401000
1604791325.415000, 1604791327.204000, 1604791327.204000, 1604791331.520000, 1604791331.520000, 1604791364.542000
