read_start,read_end,cpu_start,cpu_end,write_start,write_end
1603344587.319000, 1603344619.790000, 1603344619.790000, 1603344625.049000, 1603344625.049000, 1603344832.450000
1603344832.497000, 1603344865.970000, 1603344865.970000, 1603344871.313000, 1603344871.313000, 1603345089.032000
1603345089.044000, 1603345162.829000, 1603345162.829000, 1603345168.369000, 1603345168.369000, 1603345279.307000
