read_start,read_end,cpu_start,cpu_end,write_start,write_end
1603352062.671000, 1603352111.561000, 1603352111.561000, 1603352117.415000, 1603352117.415000, 1603352343.140000
1603352343.155000, 1603352369.034000, 1603352369.034000, 1603352377.484000, 1603352377.484000, 1603352518.414000
1603352518.497000, 1603352586.265000, 1603352586.265000, 1603352591.743000, 1603352591.743000, 1603352843.075000
