read_start,read_end,cpu_start,cpu_end,write_start,write_end
1604793594.107000, 1604793671.765000, 1604793671.765000, 1604793676.789000, 1604793676.789000, 1604793806.486000
1604793806.513000, 1604793827.611000, 1604793827.611000, 1604793833.274000, 1604793833.274000, 1604793951.388000
1604793951.406000, 1604793970.769000, 1604793970.769000, 1604793976.094000, 1604793976.094000, 1604794104.988000
