read_start,read_end,cpu_start,cpu_end,write_start,write_end
1604801749.933000, 1604801888.580000, 1604801888.580000, 1604801894.848000, 1604801894.848000, 1604802127.200000
1604802127.227000, 1604802149.094000, 1604802149.094000, 1604802156.233000, 1604802156.233000, 1604802332.598000
1604802332.907000, 1604802383.443000, 1604802383.443000, 1604802389.210000, 1604802389.210000, 1604802592.254000
