read_start,read_end,cpu_start,cpu_end,write_start,write_end
1604799923.557000, 1604800051.152000, 1604800051.152000, 1604800056.466000, 1604800056.466000, 1604800267.521000
1604800267.547000, 1604800301.266000, 1604800301.266000, 1604800308.140000, 1604800308.140000, 1604800582.939000
1604800582.996000, 1604800613.662000, 1604800613.662000, 1604800619.113000, 1604800619.113000, 1604800828.003000
