read_start,read_end,cpu_start,cpu_end,write_start,write_end
1603347655.669000, 1603347692.756000, 1603347692.756000, 1603347698.509000, 1603347698.509000, 1603347871.406000
1603347871.421000, 1603347895.302000, 1603347895.302000, 1603347900.206000, 1603347900.206000, 1603347917.701000
1603347917.718000, 1603347926.497000, 1603347926.497000, 1603347931.681000, 1603347931.681000, 1603348015.430000
