read_start,read_end,cpu_start,cpu_end,write_start,write_end
1603353158.981000, 1603353211.130000, 1603353211.130000, 1603353216.870000, 1603353216.870000, 1603353448.674000
1603353448.696000, 1603353546.186000, 1603353546.186000, 1603353551.446000, 1603353551.446000, 1603353829.954000
1603353830.017000, 1603353856.084000, 1603353856.084000, 1603353861.276000, 1603353861.276000, 1603353994.573000
