read_start,read_end,cpu_start,cpu_end,write_start,write_end
1604793594.101000, 1604793671.664000, 1604793671.664000, 1604793676.793000, 1604793676.793000, 1604793806.511000
1604793806.540000, 1604793827.330000, 1604793827.330000, 1604793832.491000, 1604793832.491000, 1604793958.036000
1604793958.049000, 1604793972.352000, 1604793972.352000, 1604793977.550000, 1604793977.550000, 1604794099.590000
