read_start,read_end,cpu_start,cpu_end,write_start,write_end
1603342593.296000, 1603342623.836000, 1603342623.836000, 1603342629.103000, 1603342629.103000, 1603342815.774000
1603342815.834000, 1603342846.206000, 1603342846.206000, 1603342851.437000, 1603342851.437000, 1603343048.233000
1603343048.280000, 1603343076.517000, 1603343076.517000, 1603343081.775000, 1603343081.775000, 1603343259.263000
