read_start,read_end,cpu_start,cpu_end,write_start,write_end
1603347655.680000, 1603347692.759000, 1603347692.759000, 1603347699.143000, 1603347699.143000, 1603347919.106000
1603347919.126000, 1603347928.045000, 1603347928.045000, 1603347932.813000, 1603347932.813000, 1603348031.872000
1603348031.885000, 1603348161.411000, 1603348161.411000, 1603348167.097000, 1603348167.097000, 1603348233.966000
