read_start,read_end,cpu_start,cpu_end,write_start,write_end
1603340760.888000, 1603340786.932000, 1603340786.932000, 1603340792.488000, 1603340792.488000, 1603340957.876000
1603340957.890000, 1603340968.686000, 1603340968.686000, 1603340973.668000, 1603340973.668000, 1603341094.751000
1603341094.780000, 1603341119.802000, 1603341119.802000, 1603341124.998000, 1603341124.998000, 1603341270.872000
