read_start,read_end,cpu_start,cpu_end,write_start,write_end
1604794123.258000, 1604794206.349000, 1604794206.349000, 1604794211.824000, 1604794211.824000, 1604794330.343000
1604794330.364000, 1604794347.946000, 1604794347.946000, 1604794353.431000, 1604794353.431000, 1604794470.252000
1604794470.266000, 1604794500.091000, 1604794500.091000, 1604794505.754000, 1604794505.754000, 1604794602.042000
