read_start,read_end,cpu_start,cpu_end,write_start,write_end
1603352062.645000, 1603352111.245000, 1603352111.245000, 1603352117.385000, 1603352117.385000, 1603352342.259000
1603352342.273000, 1603352368.478000, 1603352368.478000, 1603352377.029000, 1603352377.029000, 1603352518.016000
1603352518.183000, 1603352586.265000, 1603352586.265000, 1603352591.726000, 1603352591.726000, 1603352843.074000
