read_start,read_end,cpu_start,cpu_end,write_start,write_end
1603344587.337000, 1603344619.817000, 1603344619.817000, 1603344625.011000, 1603344625.011000, 1603344832.607000
1603344832.643000, 1603344866.355000, 1603344866.355000, 1603344871.574000, 1603344871.574000, 1603345067.898000
1603345067.922000, 1603345077.736000, 1603345077.736000, 1603345083.283000, 1603345083.283000, 1603345156.759000
