read_start,read_end,cpu_start,cpu_end,write_start,write_end
1603354318.031000, 1603354378.645000, 1603354378.645000, 1603354385.127000, 1603354385.127000, 1603354671.311000
1603354671.328000, 1603354711.250000, 1603354711.250000, 1603354716.935000, 1603354716.935000, 1603354946.599000
1603354946.623000, 1603355015.212000, 1603355015.212000, 1603355019.984000, 1603355019.984000, 1603355082.626000
