read_start,read_end,cpu_start,cpu_end,write_start,write_end
1603335903.217000, 1603335921.046000, 1603335921.046000, 1603335926.124000, 1603335926.124000, 1603336030.423000
1603336030.448000, 1603336051.147000, 1603336051.147000, 1603336056.410000, 1603336056.410000, 1603336234.283000
1603336234.310000, 1603336246.811000, 1603336246.811000, 1603336251.571000, 1603336251.571000, 1603336338.692000
