read_start,read_end,cpu_start,cpu_end,write_start,write_end
1603340760.890000, 1603340786.910000, 1603340786.910000, 1603340792.132000, 1603340792.132000, 1603340961.880000
1603340961.889000, 1603340969.402000, 1603340969.402000, 1603340974.413000, 1603340974.413000, 1603341094.761000
1603341094.787000, 1603341119.810000, 1603341119.810000, 1603341124.558000, 1603341124.558000, 1603341273.805000
