read_start,read_end,cpu_start,cpu_end,write_start,write_end
1604791197.859000, 1604791236.707000, 1604791236.707000, 1604791241.641000, 1604791241.641000, 1604791296.021000
1604791296.035000, 1604791304.687000, 1604791304.687000, 1604791309.478000, 1604791309.478000, 1604791360.063000
1604791360.075000, 1604791365.464000, 1604791365.464000, 1604791370.362000, 1604791370.362000, 1604791400.138000
