read_start,read_end,cpu_start,cpu_end,write_start,write_end
1603350920.600000, 1603350965.750000, 1603350965.750000, 1603350971.471000, 1603350971.471000, 1603351202.829000
1603351202.844000, 1603351214.123000, 1603351214.123000, 1603351218.927000, 1603351218.927000, 1603351231.630000
1603351231.654000, 1603351250.437000, 1603351250.437000, 1603351255.042000, 1603351255.042000, 1603351299.023000
