read_start,read_end,cpu_start,cpu_end,write_start,write_end
1603343573.520000, 1603343605.051000, 1603343605.051000, 1603343610.268000, 1603343610.268000, 1603343825.361000
1603343825.400000, 1603343857.727000, 1603343857.727000, 1603343862.910000, 1603343862.910000, 1603344041.026000
1603344041.043000, 1603344055.749000, 1603344055.749000, 1603344060.764000, 1603344060.764000, 1603344166.113000
