read_start,read_end,cpu_start,cpu_end,write_start,write_end
1603339892.209000, 1603339917.948000, 1603339917.948000, 1603339923.134000, 1603339923.134000, 1603340187.264000
1603340187.278000, 1603340212.829000, 1603340212.829000, 1603340217.607000, 1603340217.607000, 1603340372.305000
1603340372.345000, 1603340382.745000, 1603340382.745000, 1603340387.541000, 1603340387.541000, 1603340446.946000
