read_start,read_end,cpu_start,cpu_end,write_start,write_end
1603334590.774000, 1603334606.750000, 1603334606.750000, 1603334611.478000, 1603334611.478000, 1603334700.943000
1603334700.958000, 1603334715.811000, 1603334715.811000, 1603334720.637000, 1603334720.637000, 1603334798.457000
1603334798.471000, 1603334811.580000, 1603334811.580000, 1603334816.952000, 1603334816.952000, 1603334915.982000
