read_start,read_end,cpu_start,cpu_end,write_start,write_end
1604794663.119000, 1604794751.960000, 1604794751.960000, 1604794757.430000, 1604794757.430000, 1604794902.525000
1604794902.555000, 1604794926.022000, 1604794926.022000, 1604794931.915000, 1604794931.915000, 1604795055.290000
1604795055.342000, 1604795073.359000, 1604795073.359000, 1604795078.663000, 1604795078.663000, 1604795203.298000
