read_start,read_end,cpu_start,cpu_end,write_start,write_end
1603348698.139000, 1603348737.023000, 1603348737.023000, 1603348742.794000, 1603348742.794000, 1603349015.027000
1603349015.042000, 1603349048.545000, 1603349048.545000, 1603349053.958000, 1603349053.958000, 1603349343.353000
1603349343.397000, 1603349360.286000, 1603349360.286000, 1603349364.904000, 1603349364.904000, 1603349376.973000
