read_start,read_end,cpu_start,cpu_end,write_start,write_end
1604791409.333000, 1604791453.633000, 1604791453.633000, 1604791458.865000, 1604791458.865000, 1604791519.639000
1604791519.657000, 1604791531.420000, 1604791531.420000, 1604791536.581000, 1604791536.581000, 1604791596.402000
1604791596.416000, 1604791607.463000, 1604791607.463000, 1604791612.273000, 1604791612.273000, 1604791663.900000
