read_start,read_end,cpu_start,cpu_end,write_start,write_end
1604795239.675000, 1604795334.013000, 1604795334.013000, 1604795339.204000, 1604795339.204000, 1604795518.024000
1604795518.065000, 1604795544.236000, 1604795544.236000, 1604795549.487000, 1604795549.487000, 1604795696.143000
1604795696.175000, 1604795726.402000, 1604795726.402000, 1604795732.290000, 1604795732.290000, 1604795872.179000
