read_start,read_end,cpu_start,cpu_end,write_start,write_end
1604799923.552000, 1604800051.152000, 1604800051.152000, 1604800056.872000, 1604800056.872000, 1604800267.596000
1604800267.634000, 1604800301.325000, 1604800301.325000, 1604800306.927000, 1604800306.927000, 1604800582.992000
1604800583.708000, 1604800615.142000, 1604800615.142000, 1604800620.816000, 1604800620.816000, 1604800827.587000
