read_start,read_end,cpu_start,cpu_end,write_start,write_end
1603348698.114000, 1603348736.835000, 1603348736.835000, 1603348742.574000, 1603348742.574000, 1603348970.085000
1603348970.098000, 1603348973.851000, 1603348973.851000, 1603348978.709000, 1603348978.709000, 1603349016.609000
1603349016.623000, 1603349050.118000, 1603349050.118000, 1603349055.848000, 1603349055.848000, 1603349368.961000
