read_start,read_end,cpu_start,cpu_end,write_start,write_end
1603335903.223000, 1603335921.048000, 1603335921.048000, 1603335925.787000, 1603335925.787000, 1603336027.733000
1603336027.758000, 1603336051.125000, 1603336051.125000, 1603336056.191000, 1603336056.191000, 1603336171.479000
1603336171.494000, 1603336189.983000, 1603336189.983000, 1603336194.583000, 1603336194.583000, 1603336234.107000
