read_start,read_end,cpu_start,cpu_end,write_start,write_end
1603349791.339000, 1603349832.742000, 1603349832.742000, 1603349839.046000, 1603349839.046000, 1603350311.159000
1603350311.179000, 1603350344.959000, 1603350344.959000, 1603350350.172000, 1603350350.172000, 1603350440.829000
1603350440.894000, 1603350458.845000, 1603350458.845000, 1603350464.184000, 1603350464.184000, 1603350541.077000
