read_start,read_end,cpu_start,cpu_end,write_start,write_end
1603350920.569000, 1603350965.442000, 1603350965.442000, 1603350971.121000, 1603350971.121000, 1603351278.744000
1603351278.754000, 1603351303.729000, 1603351303.729000, 1603351308.686000, 1603351308.686000, 1603351349.358000
1603351349.415000, 1603351379.037000, 1603351379.037000, 1603351383.534000, 1603351383.534000, 1603351395.944000
