read_start,read_end,cpu_start,cpu_end,write_start,write_end
1603353158.999000, 1603353211.423000, 1603353211.423000, 1603353217.223000, 1603353217.223000, 1603353454.322000
1603353454.360000, 1603353546.599000, 1603353546.599000, 1603353552.135000, 1603353552.135000, 1603353830.163000
1603353830.190000, 1603353856.911000, 1603353856.911000, 1603353862.263000, 1603353862.263000, 1603353995.791000
