read_start,read_end,cpu_start,cpu_end,write_start,write_end
1608312899.838000, 1608312926.388000, 1608312926.388000, 1608312931.296000, 1608312931.296000, 1608312932.450000
1608312932.460000, 1608312933.534000, 1608312933.534000, 1608312938.165000, 1608312938.165000, 1608312939.342000
1608312939.353000, 1608312940.301000, 1608312940.301000, 1608312945.054000, 1608312945.054000, 1608312946.237000
