read_start,read_end,cpu_start,cpu_end,write_start,write_end
1608312899.839000, 1608312926.407000, 1608312926.407000, 1608312931.028000, 1608312931.028000, 1608312932.210000
1608312932.221000, 1608312933.237000, 1608312933.237000, 1608312937.862000, 1608312937.862000, 1608312939.185000
1608312939.196000, 1608312940.185000, 1608312940.185000, 1608312944.752000, 1608312944.752000, 1608312946.042000
