read_start,read_end,cpu_start,cpu_end,write_start,write_end
1608312899.841000, 1608312926.410000, 1608312926.410000, 1608312931.031000, 1608312931.031000, 1608312932.205000
1608312932.216000, 1608312933.192000, 1608312933.192000, 1608312938.029000, 1608312938.029000, 1608312939.356000
1608312939.366000, 1608312940.438000, 1608312940.438000, 1608312945.160000, 1608312945.160000, 1608312946.344000
