read_start,read_end,cpu_start,cpu_end,write_start,write_end
1608312422.368000, 1608312433.332000, 1608312433.332000, 1608312437.696000, 1608312437.696000, 1608312438.763000
1608312438.773000, 1608312439.694000, 1608312439.694000, 1608312444.079000, 1608312444.079000, 1608312445.106000
1608312445.115000, 1608312446.047000, 1608312446.047000, 1608312450.448000, 1608312450.448000, 1608312451.493000
