read_start,read_end,cpu_start,cpu_end,write_start,write_end
1608312734.466000, 1608312755.797000, 1608312755.797000, 1608312760.811000, 1608312760.811000, 1608312761.979000
1608312761.989000, 1608312762.979000, 1608312762.979000, 1608312767.387000, 1608312767.387000, 1608312768.690000
1608312768.701000, 1608312769.695000, 1608312769.695000, 1608312774.152000, 1608312774.152000, 1608312775.464000
