read_start,read_end,cpu_start,cpu_end,write_start,write_end
1608312575.612000, 1608312591.818000, 1608312591.818000, 1608312596.201000, 1608312596.201000, 1608312597.232000
1608312597.243000, 1608312598.172000, 1608312598.172000, 1608312602.597000, 1608312602.597000, 1608312603.656000
1608312603.666000, 1608312604.613000, 1608312604.613000, 1608312609.335000, 1608312609.335000, 1608312610.545000
