read_start,read_end,cpu_start,cpu_end,write_start,write_end
1608312422.367000, 1608312433.299000, 1608312433.299000, 1608312438.154000, 1608312438.154000, 1608312439.194000
1608312439.204000, 1608312440.221000, 1608312440.221000, 1608312444.799000, 1608312444.799000, 1608312445.966000
1608312445.975000, 1608312446.963000, 1608312446.963000, 1608312451.413000, 1608312451.413000, 1608312452.576000
