read_start,read_end,cpu_start,cpu_end,write_start,write_end
1608312575.611000, 1608312591.782000, 1608312591.782000, 1608312596.790000, 1608312596.790000, 1608312597.849000
1608312597.858000, 1608312598.769000, 1608312598.769000, 1608312603.166000, 1608312603.166000, 1608312604.234000
1608312604.243000, 1608312605.155000, 1608312605.155000, 1608312609.712000, 1608312609.712000, 1608312610.832000
