read_start,read_end,cpu_start,cpu_end,write_start,write_end
1608340598.886000, 1608340677.704000, 1608340677.704000, 1608340682.959000, 1608340682.959000, 1608340684.280000
1608340684.293000, 1608340685.273000, 1608340685.273000, 1608340690.463000, 1608340690.463000, 1608340734.925000
1608340734.939000, 1608340735.886000, 1608340735.886000, 1608340740.390000, 1608340740.390000, 1608340795.425000
