read_start,read_end,cpu_start,cpu_end,write_start,write_end
1608330858.365000, 1608331021.553000, 1608331021.553000, 1608331027.573000, 1608331027.573000, 1608331213.972000
1608331213.988000, 1608331215.562000, 1608331215.562000, 1608331220.222000, 1608331220.222000, 1608331350.632000
1608331350.735000, 1608331352.014000, 1608331352.014000, 1608331356.729000, 1608331356.729000, 1608331438.685000
