read_start,read_end,cpu_start,cpu_end,write_start,write_end
1608330858.383000, 1608331020.484000, 1608331020.484000, 1608331026.126000, 1608331026.126000, 1608331027.919000
1608331027.933000, 1608331029.067000, 1608331029.067000, 1608331033.635000, 1608331033.635000, 1608331248.100000
1608331248.144000, 1608331249.531000, 1608331249.531000, 1608331254.833000, 1608331254.833000, 1608331391.246000
