read_start,read_end,cpu_start,cpu_end,write_start,write_end
1608340598.892000, 1608340676.473000, 1608340676.473000, 1608340681.741000, 1608340681.741000, 1608340682.964000
1608340682.977000, 1608340684.029000, 1608340684.029000, 1608340689.328000, 1608340689.328000, 1608340690.741000
1608340690.753000, 1608340691.712000, 1608340691.712000, 1608340696.512000, 1608340696.512000, 1608340788.841000
