read_start,read_end,cpu_start,cpu_end,write_start,write_end
1608330858.376000, 1608331017.780000, 1608331017.780000, 1608331023.056000, 1608331023.056000, 1608331024.359000
1608331024.371000, 1608331025.515000, 1608331025.515000, 1608331031.004000, 1608331031.004000, 1608331247.687000
1608331247.704000, 1608331248.805000, 1608331248.805000, 1608331253.859000, 1608331253.859000, 1608331390.403000
