read_start,read_end,cpu_start,cpu_end,write_start,write_end
1608329402.093000, 1608329485.973000, 1608329485.973000, 1608329491.263000, 1608329491.263000, 1608329492.582000
1608329492.597000, 1608329493.600000, 1608329493.600000, 1608329498.758000, 1608329498.758000, 1608329523.636000
1608329523.653000, 1608329524.787000, 1608329524.787000, 1608329529.154000, 1608329529.154000, 1608329614.522000
