read_start,read_end,cpu_start,cpu_end,write_start,write_end
1608330253.521000, 1608330379.821000, 1608330379.821000, 1608330384.723000, 1608330384.723000, 1608330386.621000
1608330386.632000, 1608330387.569000, 1608330387.569000, 1608330392.451000, 1608330392.451000, 1608330393.736000
1608330393.747000, 1608330394.775000, 1608330394.775000, 1608330400.074000, 1608330400.074000, 1608330563.253000
