read_start,read_end,cpu_start,cpu_end,write_start,write_end
1608329761.161000, 1608329872.264000, 1608329872.264000, 1608329877.739000, 1608329877.739000, 1608329879.044000
1608329879.056000, 1608329880.078000, 1608329880.078000, 1608329885.213000, 1608329885.213000, 1608330025.441000
1608330025.455000, 1608330026.450000, 1608330026.450000, 1608330031.396000, 1608330031.396000, 1608330118.519000
