read_start,read_end,cpu_start,cpu_end,write_start,write_end
1608329402.077000, 1608329485.482000, 1608329485.482000, 1608329491.161000, 1608329491.161000, 1608329492.427000
1608329492.442000, 1608329493.614000, 1608329493.614000, 1608329498.805000, 1608329498.805000, 1608329530.162000
1608329530.177000, 1608329531.127000, 1608329531.127000, 1608329535.510000, 1608329535.510000, 1608329616.547000
