read_start,read_end,cpu_start,cpu_end,write_start,write_end
1608329761.178000, 1608329871.645000, 1608329871.645000, 1608329877.371000, 1608329877.371000, 1608329878.645000
1608329878.659000, 1608329879.669000, 1608329879.669000, 1608329884.916000, 1608329884.916000, 1608330024.586000
1608330024.599000, 1608330025.526000, 1608330025.526000, 1608330030.370000, 1608330030.370000, 1608330118.250000
