read_start,read_end,cpu_start,cpu_end,write_start,write_end
1608329402.092000, 1608329479.509000, 1608329479.509000, 1608329483.988000, 1608329483.988000, 1608329485.730000
1608329485.740000, 1608329486.692000, 1608329486.692000, 1608329492.142000, 1608329492.142000, 1608329493.591000
1608329493.604000, 1608329494.740000, 1608329494.740000, 1608329499.863000, 1608329499.863000, 1608329582.916000
