read_start,read_end,cpu_start,cpu_end,write_start,write_end
1608329761.173000, 1608329872.073000, 1608329872.073000, 1608329877.703000, 1608329877.703000, 1608329879.009000
1608329879.021000, 1608329880.044000, 1608329880.044000, 1608329885.188000, 1608329885.188000, 1608330025.903000
1608330025.922000, 1608330026.885000, 1608330026.885000, 1608330031.811000, 1608330031.811000, 1608330118.655000
