read_start,read_end,cpu_start,cpu_end,write_start,write_end
1608330253.526000, 1608330384.116000, 1608330384.116000, 1608330388.856000, 1608330388.856000, 1608330389.976000
1608330389.986000, 1608330390.951000, 1608330390.951000, 1608330396.576000, 1608330396.576000, 1608330449.776000
1608330449.790000, 1608330450.729000, 1608330450.729000, 1608330455.709000, 1608330455.709000, 1608330607.503000
