read_start,read_end,cpu_start,cpu_end,write_start,write_end
1608329173.662000, 1608329230.490000, 1608329230.490000, 1608329235.548000, 1608329235.548000, 1608329236.800000
1608329236.811000, 1608329237.825000, 1608329237.825000, 1608329242.572000, 1608329242.572000, 1608329243.942000
1608329243.954000, 1608329245.093000, 1608329245.093000, 1608329249.926000, 1608329249.926000, 1608329266.483000
