read_start,read_end,cpu_start,cpu_end,write_start,write_end
1608339841.859000, 1608339889.656000, 1608339889.656000, 1608339894.476000, 1608339894.476000, 1608339895.732000
1608339895.744000, 1608339896.780000, 1608339896.780000, 1608339901.540000, 1608339901.540000, 1608339902.813000
1608339902.826000, 1608339903.822000, 1608339903.822000, 1608339908.590000, 1608339908.590000, 1608339909.815000
