read_start,read_end,cpu_start,cpu_end,write_start,write_end
1608330253.525000, 1608330390.899000, 1608330390.899000, 1608330396.766000, 1608330396.766000, 1608330474.936000
1608330474.953000, 1608330475.893000, 1608330475.893000, 1608330480.344000, 1608330480.344000, 1608330628.027000
1608330628.042000, 1608330629.023000, 1608330629.023000, 1608330633.475000, 1608330633.475000, 1608330715.844000
