read_start,read_end,cpu_start,cpu_end,write_start,write_end
1608330253.548000, 1608330387.338000, 1608330387.338000, 1608330392.407000, 1608330392.407000, 1608330393.691000
1608330393.702000, 1608330394.722000, 1608330394.722000, 1608330400.534000, 1608330400.534000, 1608330565.582000
1608330565.598000, 1608330567.695000, 1608330567.695000, 1608330573.389000, 1608330573.389000, 1608330698.354000
