read_start,read_end,cpu_start,cpu_end,write_start,write_end
1608330858.363000, 1608331021.437000, 1608331021.437000, 1608331027.536000, 1608331027.536000, 1608331212.092000
1608331212.109000, 1608331213.974000, 1608331213.974000, 1608331218.695000, 1608331218.695000, 1608331349.528000
1608331349.607000, 1608331351.137000, 1608331351.137000, 1608331356.605000, 1608331356.605000, 1608331438.640000
