read_start,read_end,cpu_start,cpu_end,write_start,write_end
1608329761.160000, 1608329872.657000, 1608329872.657000, 1608329878.303000, 1608329878.303000, 1608329879.944000
1608329879.955000, 1608329880.975000, 1608329880.975000, 1608329886.007000, 1608329886.007000, 1608330027.072000
1608330027.086000, 1608330028.363000, 1608330028.363000, 1608330033.218000, 1608330033.218000, 1608330118.876000
