read_start,read_end,cpu_start,cpu_end,write_start,write_end
1608339770.672000, 1608339813.229000, 1608339813.229000, 1608339818.366000, 1608339818.366000, 1608339819.809000
1608339819.820000, 1608339820.943000, 1608339820.943000, 1608339825.581000, 1608339825.581000, 1608339826.816000
1608339826.827000, 1608339827.831000, 1608339827.831000, 1608339832.577000, 1608339832.577000, 1608339833.840000
