read_start,read_end,cpu_start,cpu_end,write_start,write_end
1608329173.665000, 1608329229.513000, 1608329229.513000, 1608329234.564000, 1608329234.564000, 1608329235.738000
1608329235.750000, 1608329236.789000, 1608329236.789000, 1608329241.626000, 1608329241.626000, 1608329242.923000
1608329242.936000, 1608329243.950000, 1608329243.950000, 1608329248.767000, 1608329248.767000, 1608329250.175000
