read_start,read_end,cpu_start,cpu_end,write_start,write_end
1608329173.655000, 1608329232.237000, 1608329232.237000, 1608329237.133000, 1608329237.133000, 1608329238.279000
1608329238.290000, 1608329239.238000, 1608329239.238000, 1608329244.104000, 1608329244.104000, 1608329245.680000
1608329245.689000, 1608329246.625000, 1608329246.625000, 1608329251.355000, 1608329251.355000, 1608329272.048000
