read_start,read_end,cpu_start,cpu_end,write_start,write_end
1608340410.292000, 1608340481.694000, 1608340481.694000, 1608340486.592000, 1608340486.592000, 1608340487.833000
1608340487.845000, 1608340488.847000, 1608340488.847000, 1608340494.062000, 1608340494.062000, 1608340495.331000
1608340495.344000, 1608340496.353000, 1608340496.353000, 1608340501.282000, 1608340501.282000, 1608340579.719000
