read_start,read_end,cpu_start,cpu_end,write_start,write_end
1608329402.074000, 1608329486.755000, 1608329486.755000, 1608329491.934000, 1608329491.934000, 1608329493.219000
1608329493.235000, 1608329494.361000, 1608329494.361000, 1608329499.531000, 1608329499.531000, 1608329573.083000
1608329573.100000, 1608329574.056000, 1608329574.056000, 1608329578.547000, 1608329578.547000, 1608329625.969000
