read_start,read_end,cpu_start,cpu_end,write_start,write_end
1608329402.081000, 1608329483.708000, 1608329483.708000, 1608329488.564000, 1608329488.564000, 1608329489.706000
1608329489.716000, 1608329490.694000, 1608329490.694000, 1608329496.360000, 1608329496.360000, 1608329497.600000
1608329497.610000, 1608329498.709000, 1608329498.709000, 1608329503.491000, 1608329503.491000, 1608329608.851000
