read_start,read_end,cpu_start,cpu_end,write_start,write_end
1608339706.455000, 1608339743.628000, 1608339743.628000, 1608339748.394000, 1608339748.394000, 1608339749.671000
1608339749.683000, 1608339750.699000, 1608339750.699000, 1608339755.648000, 1608339755.648000, 1608339757.004000
1608339757.016000, 1608339758.124000, 1608339758.124000, 1608339762.856000, 1608339762.856000, 1608339764.051000
