read_start,read_end,cpu_start,cpu_end,write_start,write_end
1608339920.115000, 1608339972.175000, 1608339972.175000, 1608339976.963000, 1608339976.963000, 1608339978.205000
1608339978.217000, 1608339979.257000, 1608339979.257000, 1608339984.321000, 1608339984.321000, 1608339985.702000
1608339985.713000, 1608339986.660000, 1608339986.660000, 1608339991.393000, 1608339991.393000, 1608339993.709000
