read_start,read_end,cpu_start,cpu_end,write_start,write_end
1608329173.655000, 1608329231.722000, 1608329231.722000, 1608329236.495000, 1608329236.495000, 1608329237.699000
1608329237.709000, 1608329238.683000, 1608329238.683000, 1608329243.519000, 1608329243.519000, 1608329244.877000
1608329244.888000, 1608329245.864000, 1608329245.864000, 1608329250.597000, 1608329250.597000, 1608329271.021000
