read_start,read_end,cpu_start,cpu_end,write_start,write_end
1608329402.071000, 1608329486.910000, 1608329486.910000, 1608329492.384000, 1608329492.384000, 1608329493.644000
1608329493.657000, 1608329494.649000, 1608329494.649000, 1608329499.799000, 1608329499.799000, 1608329580.708000
1608329580.723000, 1608329581.678000, 1608329581.678000, 1608329586.160000, 1608329586.160000, 1608329626.864000
