read_start,read_end,cpu_start,cpu_end,write_start,write_end
1608339770.664000, 1608339813.208000, 1608339813.208000, 1608339818.031000, 1608339818.031000, 1608339819.316000
1608339819.327000, 1608339820.339000, 1608339820.339000, 1608339824.993000, 1608339824.993000, 1608339826.258000
1608339826.270000, 1608339827.254000, 1608339827.254000, 1608339832.048000, 1608339832.048000, 1608339833.269000
