read_start,read_end,cpu_start,cpu_end,write_start,write_end
1608340247.747000, 1608340315.262000, 1608340315.262000, 1608340320.437000, 1608340320.437000, 1608340321.706000
1608340321.717000, 1608340322.783000, 1608340322.783000, 1608340327.883000, 1608340327.883000, 1608340329.311000
1608340329.324000, 1608340330.351000, 1608340330.351000, 1608340335.126000, 1608340335.126000, 1608340397.190000
