read_start,read_end,cpu_start,cpu_end,write_start,write_end
1608340410.299000, 1608340482.180000, 1608340482.180000, 1608340487.098000, 1608340487.098000, 1608340488.429000
1608340488.443000, 1608340489.447000, 1608340489.447000, 1608340494.652000, 1608340494.652000, 1608340496.084000
1608340496.095000, 1608340497.076000, 1608340497.076000, 1608340502.303000, 1608340502.303000, 1608340581.777000
