read_start,read_end,cpu_start,cpu_end,write_start,write_end
1608329402.090000, 1608329485.023000, 1608329485.023000, 1608329490.288000, 1608329490.288000, 1608329491.609000
1608329491.623000, 1608329492.611000, 1608329492.611000, 1608329497.775000, 1608329497.775000, 1608329498.927000
1608329498.939000, 1608329499.903000, 1608329499.903000, 1608329504.445000, 1608329504.445000, 1608329609.615000
