read_start,read_end,cpu_start,cpu_end,write_start,write_end
1608339920.112000, 1608339971.544000, 1608339971.544000, 1608339976.717000, 1608339976.717000, 1608339977.913000
1608339977.925000, 1608339979.061000, 1608339979.061000, 1608339984.278000, 1608339984.278000, 1608339985.671000
1608339985.683000, 1608339986.815000, 1608339986.815000, 1608339991.567000, 1608339991.567000, 1608339994.520000
