read_start,read_end,cpu_start,cpu_end,write_start,write_end
1608329173.664000, 1608329229.383000, 1608329229.383000, 1608329234.321000, 1608329234.321000, 1608329235.473000
1608329235.483000, 1608329236.510000, 1608329236.510000, 1608329241.283000, 1608329241.283000, 1608329242.524000
1608329242.535000, 1608329243.556000, 1608329243.556000, 1608329248.368000, 1608329248.368000, 1608329249.587000
