read_start,read_end,cpu_start,cpu_end,write_start,write_end
1608329402.088000, 1608329484.034000, 1608329484.034000, 1608329489.390000, 1608329489.390000, 1608329490.661000
1608329490.671000, 1608329491.773000, 1608329491.773000, 1608329496.989000, 1608329496.989000, 1608329498.163000
1608329498.173000, 1608329499.153000, 1608329499.153000, 1608329504.152000, 1608329504.152000, 1608329609.713000
