read_start,read_end,cpu_start,cpu_end,write_start,write_end
1608340598.885000, 1608340678.334000, 1608340678.334000, 1608340683.749000, 1608340683.749000, 1608340684.951000
1608340684.961000, 1608340686.062000, 1608340686.062000, 1608340691.249000, 1608340691.249000, 1608340758.470000
1608340758.485000, 1608340759.447000, 1608340759.447000, 1608340763.976000, 1608340763.976000, 1608340797.152000
