read_start,read_end,cpu_start,cpu_end,write_start,write_end
1608339706.451000, 1608339743.624000, 1608339743.624000, 1608339748.368000, 1608339748.368000, 1608339749.619000
1608339749.631000, 1608339750.660000, 1608339750.660000, 1608339755.460000, 1608339755.460000, 1608339756.789000
1608339756.800000, 1608339757.755000, 1608339757.755000, 1608339762.353000, 1608339762.353000, 1608339763.492000
