read_start,read_end,cpu_start,cpu_end,write_start,write_end
1608340410.302000, 1608340483.572000, 1608340483.572000, 1608340488.937000, 1608340488.937000, 1608340490.142000
1608340490.153000, 1608340491.186000, 1608340491.186000, 1608340496.131000, 1608340496.131000, 1608340509.877000
1608340509.891000, 1608340510.985000, 1608340510.985000, 1608340515.381000, 1608340515.381000, 1608340585.680000
