read_start,read_end,cpu_start,cpu_end,write_start,write_end
1608328995.076000, 1608329026.931000, 1608329026.931000, 1608329031.539000, 1608329031.539000, 1608329032.719000
1608329032.731000, 1608329033.744000, 1608329033.744000, 1608329038.558000, 1608329038.558000, 1608329039.883000
1608329039.894000, 1608329040.986000, 1608329040.986000, 1608329045.625000, 1608329045.625000, 1608329046.789000
