read_start,read_end,cpu_start,cpu_end,write_start,write_end
1608340410.284000, 1608340484.173000, 1608340484.173000, 1608340489.572000, 1608340489.572000, 1608340490.706000
1608340490.717000, 1608340491.710000, 1608340491.710000, 1608340496.518000, 1608340496.518000, 1608340524.885000
1608340524.900000, 1608340526.003000, 1608340526.003000, 1608340530.518000, 1608340530.518000, 1608340587.142000
