read_start,read_end,cpu_start,cpu_end,write_start,write_end
1608329761.173000, 1608329867.356000, 1608329867.356000, 1608329872.595000, 1608329872.595000, 1608329873.974000
1608329873.985000, 1608329875.136000, 1608329875.136000, 1608329880.699000, 1608329880.699000, 1608329934.834000
1608329934.850000, 1608329935.779000, 1608329935.779000, 1608329940.251000, 1608329940.251000, 1608330059.750000
