read_start,read_end,cpu_start,cpu_end,write_start,write_end
1608329761.188000, 1608329871.774000, 1608329871.774000, 1608329877.362000, 1608329877.362000, 1608329878.635000
1608329878.648000, 1608329879.636000, 1608329879.636000, 1608329884.636000, 1608329884.636000, 1608330023.063000
1608330023.078000, 1608330024.032000, 1608330024.032000, 1608330028.762000, 1608330028.762000, 1608330117.625000
