read_start,read_end,cpu_start,cpu_end,write_start,write_end
1608340111.894000, 1608340174.472000, 1608340174.472000, 1608340179.493000, 1608340179.493000, 1608340180.755000
1608340180.766000, 1608340181.814000, 1608340181.814000, 1608340186.714000, 1608340186.714000, 1608340188.117000
1608340188.128000, 1608340189.252000, 1608340189.252000, 1608340194.108000, 1608340194.108000, 1608340235.850000
