read_start,read_end,cpu_start,cpu_end,write_start,write_end
1608329173.665000, 1608329230.567000, 1608329230.567000, 1608329235.874000, 1608329235.874000, 1608329237.137000
1608329237.149000, 1608329238.145000, 1608329238.145000, 1608329242.981000, 1608329242.981000, 1608329244.223000
1608329244.236000, 1608329245.338000, 1608329245.338000, 1608329250.091000, 1608329250.091000, 1608329268.281000
