read_start,read_end,cpu_start,cpu_end,write_start,write_end
1608330858.388000, 1608331021.271000, 1608331021.271000, 1608331027.296000, 1608331027.296000, 1608331197.521000
1608331197.539000, 1608331199.029000, 1608331199.029000, 1608331203.524000, 1608331203.524000, 1608331338.548000
1608331338.636000, 1608331340.176000, 1608331340.176000, 1608331344.833000, 1608331344.833000, 1608331432.803000
