read_start,read_end,cpu_start,cpu_end,write_start,write_end
1608340598.902000, 1608340677.058000, 1608340677.058000, 1608340682.237000, 1608340682.237000, 1608340683.452000
1608340683.464000, 1608340684.464000, 1608340684.464000, 1608340689.205000, 1608340689.205000, 1608340690.467000
1608340690.478000, 1608340691.579000, 1608340691.579000, 1608340696.397000, 1608340696.397000, 1608340788.937000
