read_start,read_end,cpu_start,cpu_end,write_start,write_end
1608340247.747000, 1608340315.254000, 1608340315.254000, 1608340320.630000, 1608340320.630000, 1608340321.924000
1608340321.936000, 1608340323.108000, 1608340323.108000, 1608340328.240000, 1608340328.240000, 1608340329.769000
1608340329.781000, 1608340330.749000, 1608340330.749000, 1608340335.651000, 1608340335.651000, 1608340398.862000
