read_start,read_end,cpu_start,cpu_end,write_start,write_end
1608329761.182000, 1608329867.651000, 1608329867.651000, 1608329872.665000, 1608329872.665000, 1608329873.932000
1608329873.943000, 1608329875.007000, 1608329875.007000, 1608329880.366000, 1608329880.366000, 1608329917.151000
1608329917.166000, 1608329918.283000, 1608329918.283000, 1608329922.752000, 1608329922.752000, 1608330045.508000
