read_start,read_end,cpu_start,cpu_end,write_start,write_end
1608329402.073000, 1608329486.550000, 1608329486.550000, 1608329491.983000, 1608329491.983000, 1608329493.261000
1608329493.274000, 1608329494.296000, 1608329494.296000, 1608329499.533000, 1608329499.533000, 1608329573.389000
1608329573.402000, 1608329574.369000, 1608329574.369000, 1608329579.143000, 1608329579.143000, 1608329626.044000
