read_start,read_end,cpu_start,cpu_end,write_start,write_end
1608330253.518000, 1608330389.371000, 1608330389.371000, 1608330395.351000, 1608330395.351000, 1608330396.719000
1608330396.735000, 1608330397.861000, 1608330397.861000, 1608330403.121000, 1608330403.121000, 1608330573.913000
1608330573.924000, 1608330575.394000, 1608330575.394000, 1608330580.371000, 1608330580.371000, 1608330703.388000
