read_start,read_end,cpu_start,cpu_end,write_start,write_end
1608330858.384000, 1608331023.247000, 1608331023.247000, 1608331029.506000, 1608331029.506000, 1608331245.693000
1608331245.710000, 1608331246.924000, 1608331246.924000, 1608331252.570000, 1608331252.570000, 1608331388.103000
1608331388.139000, 1608331389.102000, 1608331389.102000, 1608331393.653000, 1608331393.653000, 1608331447.095000
