read_start,read_end,cpu_start,cpu_end,write_start,write_end
1608340111.882000, 1608340175.786000, 1608340175.786000, 1608340181.008000, 1608340181.008000, 1608340182.151000
1608340182.161000, 1608340183.193000, 1608340183.193000, 1608340188.185000, 1608340188.185000, 1608340189.988000
1608340189.997000, 1608340191.060000, 1608340191.060000, 1608340196.094000, 1608340196.094000, 1608340237.627000
