read_start,read_end,cpu_start,cpu_end,write_start,write_end
1608339841.863000, 1608339889.668000, 1608339889.668000, 1608339894.865000, 1608339894.865000, 1608339896.124000
1608339896.134000, 1608339897.263000, 1608339897.263000, 1608339901.999000, 1608339901.999000, 1608339903.260000
1608339903.272000, 1608339904.339000, 1608339904.339000, 1608339909.199000, 1608339909.199000, 1608339910.969000
