read_start,read_end,cpu_start,cpu_end,write_start,write_end
1608340247.735000, 1608340314.109000, 1608340314.109000, 1608340318.940000, 1608340318.940000, 1608340320.171000
1608340320.182000, 1608340321.244000, 1608340321.244000, 1608340326.256000, 1608340326.256000, 1608340327.543000
1608340327.554000, 1608340328.561000, 1608340328.561000, 1608340333.301000, 1608340333.301000, 1608340380.596000
