read_start,read_end,cpu_start,cpu_end,write_start,write_end
1608330253.545000, 1608330381.674000, 1608330381.674000, 1608330386.643000, 1608330386.643000, 1608330387.843000
1608330387.853000, 1608330388.792000, 1608330388.792000, 1608330394.173000, 1608330394.173000, 1608330395.487000
1608330395.500000, 1608330396.532000, 1608330396.532000, 1608330401.474000, 1608330401.474000, 1608330570.228000
