read_start,read_end,cpu_start,cpu_end,write_start,write_end
1608340410.285000, 1608340483.320000, 1608340483.320000, 1608340488.434000, 1608340488.434000, 1608340489.692000
1608340489.711000, 1608340490.832000, 1608340490.832000, 1608340496.024000, 1608340496.024000, 1608340504.639000
1608340504.652000, 1608340505.593000, 1608340505.593000, 1608340509.987000, 1608340509.987000, 1608340585.118000
