read_start,read_end,cpu_start,cpu_end,write_start,write_end
1608330253.540000, 1608330390.527000, 1608330390.527000, 1608330396.509000, 1608330396.509000, 1608330444.381000
1608330444.396000, 1608330445.378000, 1608330445.378000, 1608330449.880000, 1608330449.880000, 1608330602.200000
1608330602.216000, 1608330603.246000, 1608330603.246000, 1608330607.783000, 1608330607.783000, 1608330710.691000
