read_start,read_end,cpu_start,cpu_end,write_start,write_end
1608340598.894000, 1608340676.822000, 1608340676.822000, 1608340682.130000, 1608340682.130000, 1608340683.328000
1608340683.341000, 1608340684.512000, 1608340684.512000, 1608340689.881000, 1608340689.881000, 1608340694.393000
1608340694.407000, 1608340695.482000, 1608340695.482000, 1608340700.030000, 1608340700.030000, 1608340789.673000
