read_start,read_end,cpu_start,cpu_end,write_start,write_end
1608339920.106000, 1608339971.731000, 1608339971.731000, 1608339976.476000, 1608339976.476000, 1608339977.723000
1608339977.735000, 1608339978.857000, 1608339978.857000, 1608339983.596000, 1608339983.596000, 1608339984.808000
1608339984.820000, 1608339985.940000, 1608339985.940000, 1608339991.217000, 1608339991.217000, 1608339993.509000
