read_start,read_end,cpu_start,cpu_end,write_start,write_end
1608339920.105000, 1608339972.253000, 1608339972.253000, 1608339977.579000, 1608339977.579000, 1608339978.730000
1608339978.741000, 1608339979.820000, 1608339979.820000, 1608339984.577000, 1608339984.577000, 1608339985.818000
1608339985.829000, 1608339986.921000, 1608339986.921000, 1608339991.667000, 1608339991.667000, 1608339995.351000
