read_start,read_end,cpu_start,cpu_end,write_start,write_end
1608330253.516000, 1608330391.499000, 1608330391.499000, 1608330397.367000, 1608330397.367000, 1608330510.672000
1608330510.687000, 1608330511.832000, 1608330511.832000, 1608330516.664000, 1608330516.664000, 1608330654.431000
1608330654.465000, 1608330655.542000, 1608330655.542000, 1608330660.276000, 1608330660.276000, 1608330720.887000
