read_start,read_end,cpu_start,cpu_end,write_start,write_end
1608329761.179000, 1608329868.358000, 1608329868.358000, 1608329873.488000, 1608329873.488000, 1608329874.761000
1608329874.772000, 1608329875.860000, 1608329875.860000, 1608329881.598000, 1608329881.598000, 1608329969.841000
1608329969.858000, 1608329970.939000, 1608329970.939000, 1608329975.362000, 1608329975.362000, 1608330085.547000
