read_start,read_end,cpu_start,cpu_end,write_start,write_end
1608330253.546000, 1608330389.162000, 1608330389.162000, 1608330394.722000, 1608330394.722000, 1608330396.037000
1608330396.049000, 1608330397.090000, 1608330397.090000, 1608330401.962000, 1608330401.962000, 1608330571.591000
1608330571.606000, 1608330572.559000, 1608330572.559000, 1608330577.290000, 1608330577.290000, 1608330702.197000
