read_start,read_end,cpu_start,cpu_end,write_start,write_end
1608330858.379000, 1608331023.068000, 1608331023.068000, 1608331028.888000, 1608331028.888000, 1608331242.767000
1608331242.782000, 1608331243.994000, 1608331243.994000, 1608331249.594000, 1608331249.594000, 1608331379.907000
1608331379.951000, 1608331380.959000, 1608331380.959000, 1608331385.488000, 1608331385.488000, 1608331445.240000
