read_start,read_end,cpu_start,cpu_end,write_start,write_end
1608328995.075000, 1608329026.868000, 1608329026.868000, 1608329031.924000, 1608329031.924000, 1608329033.075000
1608329033.085000, 1608329034.174000, 1608329034.174000, 1608329039.161000, 1608329039.161000, 1608329040.467000
1608329040.477000, 1608329041.562000, 1608329041.562000, 1608329046.793000, 1608329046.793000, 1608329047.983000
