read_start,read_end,cpu_start,cpu_end,write_start,write_end
1608339770.670000, 1608339813.228000, 1608339813.228000, 1608339818.010000, 1608339818.010000, 1608339819.305000
1608339819.316000, 1608339820.309000, 1608339820.309000, 1608339825.410000, 1608339825.410000, 1608339826.737000
1608339826.750000, 1608339827.888000, 1608339827.888000, 1608339832.977000, 1608339832.977000, 1608339834.282000
