read_start,read_end,cpu_start,cpu_end,write_start,write_end
1608340247.742000, 1608340314.134000, 1608340314.134000, 1608340319.312000, 1608340319.312000, 1608340320.480000
1608340320.491000, 1608340321.602000, 1608340321.602000, 1608340326.767000, 1608340326.767000, 1608340328.045000
1608340328.057000, 1608340329.025000, 1608340329.025000, 1608340333.777000, 1608340333.777000, 1608340386.685000
