read_start,read_end,cpu_start,cpu_end,write_start,write_end
1608330858.356000, 1608331023.050000, 1608331023.050000, 1608331028.938000, 1608331028.938000, 1608331243.989000
1608331244.004000, 1608331245.755000, 1608331245.755000, 1608331253.460000, 1608331253.460000, 1608331389.866000
1608331389.976000, 1608331390.975000, 1608331390.975000, 1608331395.660000, 1608331395.660000, 1608331447.486000
