read_start,read_end,cpu_start,cpu_end,write_start,write_end
1608340247.741000, 1608340314.803000, 1608340314.803000, 1608340320.094000, 1608340320.094000, 1608340321.278000
1608340321.290000, 1608340322.433000, 1608340322.433000, 1608340327.587000, 1608340327.587000, 1608340328.851000
1608340328.863000, 1608340329.849000, 1608340329.849000, 1608340334.792000, 1608340334.792000, 1608340395.374000
