read_start,read_end,cpu_start,cpu_end,write_start,write_end
1608329761.170000, 1608329869.983000, 1608329869.983000, 1608329875.241000, 1608329875.241000, 1608329876.473000
1608329876.486000, 1608329877.485000, 1608329877.485000, 1608329882.881000, 1608329882.881000, 1608330001.991000
1608330002.006000, 1608330002.916000, 1608330002.916000, 1608330007.388000, 1608330007.388000, 1608330108.299000
