read_start,read_end,cpu_start,cpu_end,write_start,write_end
1608340598.890000, 1608340675.562000, 1608340675.562000, 1608340680.869000, 1608340680.869000, 1608340682.031000
1608340682.041000, 1608340683.058000, 1608340683.058000, 1608340687.814000, 1608340687.814000, 1608340689.026000
1608340689.035000, 1608340690.048000, 1608340690.048000, 1608340694.732000, 1608340694.732000, 1608340787.663000
