read_start,read_end,cpu_start,cpu_end,write_start,write_end
1608329402.076000, 1608329486.130000, 1608329486.130000, 1608329491.383000, 1608329491.383000, 1608329492.637000
1608329492.651000, 1608329493.812000, 1608329493.812000, 1608329498.974000, 1608329498.974000, 1608329540.399000
1608329540.415000, 1608329541.522000, 1608329541.522000, 1608329545.936000, 1608329545.936000, 1608329619.204000
