read_start,read_end,cpu_start,cpu_end,write_start,write_end
1608330858.381000, 1608331019.616000, 1608331019.616000, 1608331025.300000, 1608331025.300000, 1608331026.631000
1608331026.644000, 1608331027.669000, 1608331027.669000, 1608331032.450000, 1608331032.450000, 1608331247.868000
1608331247.886000, 1608331248.978000, 1608331248.978000, 1608331253.901000, 1608331253.901000, 1608331390.435000
