read_start,read_end,cpu_start,cpu_end,write_start,write_end
1608330253.514000, 1608330391.666000, 1608330391.666000, 1608330397.748000, 1608330397.748000, 1608330524.491000
1608330524.505000, 1608330526.468000, 1608330526.468000, 1608330531.325000, 1608330531.325000, 1608330664.097000
1608330664.188000, 1608330665.917000, 1608330665.917000, 1608330670.469000, 1608330670.469000, 1608330721.817000
