read_start,read_end,cpu_start,cpu_end,write_start,write_end
1608340247.738000, 1608340313.377000, 1608340313.377000, 1608340318.313000, 1608340318.313000, 1608340319.611000
1608340319.622000, 1608340320.602000, 1608340320.602000, 1608340325.824000, 1608340325.824000, 1608340327.060000
1608340327.071000, 1608340328.058000, 1608340328.058000, 1608340333.144000, 1608340333.144000, 1608340377.310000
