read_start,read_end,cpu_start,cpu_end,write_start,write_end
1608329402.089000, 1608329486.512000, 1608329486.512000, 1608329491.943000, 1608329491.943000, 1608329493.221000
1608329493.236000, 1608329494.219000, 1608329494.219000, 1608329499.375000, 1608329499.375000, 1608329566.483000
1608329566.499000, 1608329567.466000, 1608329567.466000, 1608329571.911000, 1608329571.911000, 1608329624.741000
