read_start,read_end,cpu_start,cpu_end,write_start,write_end
1608330253.514000, 1608330388.663000, 1608330388.663000, 1608330393.961000, 1608330393.961000, 1608330395.268000
1608330395.280000, 1608330396.291000, 1608330396.291000, 1608330401.332000, 1608330401.332000, 1608330569.423000
1608330569.440000, 1608330570.361000, 1608330570.361000, 1608330575.020000, 1608330575.020000, 1608330700.294000
