read_start,read_end,cpu_start,cpu_end,write_start,write_end
1608328995.079000, 1608329026.978000, 1608329026.978000, 1608329031.945000, 1608329031.945000, 1608329033.095000
1608329033.105000, 1608329034.138000, 1608329034.138000, 1608329038.887000, 1608329038.887000, 1608329040.234000
1608329040.245000, 1608329041.343000, 1608329041.343000, 1608329045.977000, 1608329045.977000, 1608329047.160000
