read_start,read_end,cpu_start,cpu_end,write_start,write_end
1608340410.294000, 1608340483.606000, 1608340483.606000, 1608340488.441000, 1608340488.441000, 1608340489.608000
1608340489.619000, 1608340490.645000, 1608340490.645000, 1608340495.434000, 1608340495.434000, 1608340499.580000
1608340499.594000, 1608340500.595000, 1608340500.595000, 1608340505.236000, 1608340505.236000, 1608340584.249000
