read_start,read_end,cpu_start,cpu_end,write_start,write_end
1608340598.888000, 1608340677.116000, 1608340677.116000, 1608340682.261000, 1608340682.261000, 1608340683.530000
1608340683.544000, 1608340684.655000, 1608340684.655000, 1608340689.468000, 1608340689.468000, 1608340691.436000
1608340691.449000, 1608340692.451000, 1608340692.451000, 1608340697.025000, 1608340697.025000, 1608340789.151000
