read_start,read_end,cpu_start,cpu_end,write_start,write_end
1608330858.387000, 1608331020.494000, 1608331020.494000, 1608331026.625000, 1608331026.625000, 1608331111.221000
1608331111.239000, 1608331113.126000, 1608331113.126000, 1608331118.196000, 1608331118.196000, 1608331280.523000
1608331280.616000, 1608331282.392000, 1608331282.392000, 1608331287.450000, 1608331287.450000, 1608331402.681000
