read_start,read_end,cpu_start,cpu_end,write_start,write_end
1608340410.287000, 1608340481.663000, 1608340481.663000, 1608340487.022000, 1608340487.022000, 1608340488.216000
1608340488.227000, 1608340489.267000, 1608340489.267000, 1608340494.047000, 1608340494.047000, 1608340495.368000
1608340495.380000, 1608340496.357000, 1608340496.357000, 1608340501.070000, 1608340501.070000, 1608340578.747000
