read_start,read_end,cpu_start,cpu_end,write_start,write_end
1608330253.547000, 1608330384.180000, 1608330384.180000, 1608330389.082000, 1608330389.082000, 1608330390.261000
1608330390.271000, 1608330391.254000, 1608330391.254000, 1608330396.998000, 1608330396.998000, 1608330492.697000
1608330492.717000, 1608330494.124000, 1608330494.124000, 1608330498.759000, 1608330498.759000, 1608330642.735000
