read_start,read_end,cpu_start,cpu_end,write_start,write_end
1608330858.388000, 1608331022.583000, 1608331022.583000, 1608331028.899000, 1608331028.899000, 1608331243.224000
1608331243.238000, 1608331244.502000, 1608331244.502000, 1608331249.746000, 1608331249.746000, 1608331380.295000
1608331380.332000, 1608331381.457000, 1608331381.457000, 1608331386.108000, 1608331386.108000, 1608331445.338000
