read_start,read_end,cpu_start,cpu_end,write_start,write_end
1608330253.539000, 1608330390.519000, 1608330390.519000, 1608330396.415000, 1608330396.415000, 1608330427.684000
1608330427.702000, 1608330428.823000, 1608330428.823000, 1608330433.380000, 1608330433.380000, 1608330589.651000
1608330589.666000, 1608330590.852000, 1608330590.852000, 1608330596.081000, 1608330596.081000, 1608330708.083000
