read_start,read_end,cpu_start,cpu_end,write_start,write_end
1608330858.380000, 1608331022.992000, 1608331022.992000, 1608331028.732000, 1608331028.732000, 1608331241.347000
1608331241.363000, 1608331242.373000, 1608331242.373000, 1608331247.368000, 1608331247.368000, 1608331373.276000
1608331373.297000, 1608331374.357000, 1608331374.357000, 1608331378.824000, 1608331378.824000, 1608331444.038000
