read_start,read_end,cpu_start,cpu_end,write_start,write_end
1608340247.740000, 1608340315.331000, 1608340315.331000, 1608340320.246000, 1608340320.246000, 1608340321.507000
1608340321.518000, 1608340322.552000, 1608340322.552000, 1608340327.912000, 1608340327.912000, 1608340329.313000
1608340329.326000, 1608340330.438000, 1608340330.438000, 1608340335.327000, 1608340335.327000, 1608340398.047000
