read_start,read_end,cpu_start,cpu_end,write_start,write_end
1608340111.894000, 1608340172.920000, 1608340172.920000, 1608340177.726000, 1608340177.726000, 1608340178.919000
1608340178.931000, 1608340180.015000, 1608340180.015000, 1608340184.792000, 1608340184.792000, 1608340186.113000
1608340186.124000, 1608340187.245000, 1608340187.245000, 1608340192.531000, 1608340192.531000, 1608340211.216000
