read_start,read_end,cpu_start,cpu_end,write_start,write_end
1608329402.082000, 1608329485.844000, 1608329485.844000, 1608329490.778000, 1608329490.778000, 1608329491.979000
1608329491.991000, 1608329493.014000, 1608329493.014000, 1608329498.207000, 1608329498.207000, 1608329499.519000
1608329499.531000, 1608329500.500000, 1608329500.500000, 1608329505.202000, 1608329505.202000, 1608329610.064000
