read_start,read_end,cpu_start,cpu_end,write_start,write_end
1608329173.660000, 1608329230.488000, 1608329230.488000, 1608329235.566000, 1608329235.566000, 1608329236.753000
1608329236.766000, 1608329237.775000, 1608329237.775000, 1608329242.921000, 1608329242.921000, 1608329244.314000
1608329244.326000, 1608329245.447000, 1608329245.447000, 1608329250.201000, 1608329250.201000, 1608329269.521000
