read_start,read_end,cpu_start,cpu_end,write_start,write_end
1608340598.889000, 1608340677.201000, 1608340677.201000, 1608340682.543000, 1608340682.543000, 1608340683.841000
1608340683.855000, 1608340684.895000, 1608340684.895000, 1608340690.124000, 1608340690.124000, 1608340717.489000
1608340717.504000, 1608340718.499000, 1608340718.499000, 1608340723.037000, 1608340723.037000, 1608340792.695000
