read_start,read_end,cpu_start,cpu_end,write_start,write_end
1608328995.075000, 1608329026.915000, 1608329026.915000, 1608329031.524000, 1608329031.524000, 1608329032.718000
1608329032.731000, 1608329033.707000, 1608329033.707000, 1608329038.358000, 1608329038.358000, 1608329039.566000
1608329039.577000, 1608329040.537000, 1608329040.537000, 1608329045.189000, 1608329045.189000, 1608329046.369000
