read_start,read_end,cpu_start,cpu_end,write_start,write_end
1608339770.669000, 1608339813.225000, 1608339813.225000, 1608339817.989000, 1608339817.989000, 1608339819.282000
1608339819.296000, 1608339820.324000, 1608339820.324000, 1608339825.398000, 1608339825.398000, 1608339826.738000
1608339826.751000, 1608339827.905000, 1608339827.905000, 1608339832.642000, 1608339832.642000, 1608339833.899000
