read_start,read_end,cpu_start,cpu_end,write_start,write_end
1608339841.860000, 1608339889.573000, 1608339889.573000, 1608339894.794000, 1608339894.794000, 1608339895.991000
1608339896.002000, 1608339897.120000, 1608339897.120000, 1608339902.144000, 1608339902.144000, 1608339903.517000
1608339903.527000, 1608339904.605000, 1608339904.605000, 1608339909.625000, 1608339909.625000, 1608339911.487000
