read_start,read_end,cpu_start,cpu_end,write_start,write_end
1608329402.079000, 1608329485.613000, 1608329485.613000, 1608329491.139000, 1608329491.139000, 1608329492.400000
1608329492.416000, 1608329493.573000, 1608329493.573000, 1608329499.108000, 1608329499.108000, 1608329550.996000
1608329551.012000, 1608329552.109000, 1608329552.109000, 1608329556.521000, 1608329556.521000, 1608329621.725000
