read_start,read_end,cpu_start,cpu_end,write_start,write_end
1608340111.896000, 1608340172.937000, 1608340172.937000, 1608340177.676000, 1608340177.676000, 1608340178.923000
1608340178.934000, 1608340179.917000, 1608340179.917000, 1608340184.929000, 1608340184.929000, 1608340186.178000
1608340186.190000, 1608340187.283000, 1608340187.283000, 1608340192.063000, 1608340192.063000, 1608340194.556000
