read_start,read_end,cpu_start,cpu_end,write_start,write_end
1608329761.184000, 1608329867.386000, 1608329867.386000, 1608329872.666000, 1608329872.666000, 1608329873.860000
1608329873.872000, 1608329874.872000, 1608329874.872000, 1608329880.481000, 1608329880.481000, 1608329922.587000
1608329922.602000, 1608329923.694000, 1608329923.694000, 1608329928.142000, 1608329928.142000, 1608330050.313000
