read_start,read_end,cpu_start,cpu_end,write_start,write_end
1608339706.454000, 1608339743.627000, 1608339743.627000, 1608339748.840000, 1608339748.840000, 1608339750.077000
1608339750.087000, 1608339751.206000, 1608339751.206000, 1608339755.904000, 1608339755.904000, 1608339757.150000
1608339757.162000, 1608339758.137000, 1608339758.137000, 1608339762.873000, 1608339762.873000, 1608339764.067000
