read_start,read_end,cpu_start,cpu_end,write_start,write_end
1608339841.869000, 1608339889.762000, 1608339889.762000, 1608339894.504000, 1608339894.504000, 1608339895.762000
1608339895.776000, 1608339896.850000, 1608339896.850000, 1608339901.892000, 1608339901.892000, 1608339903.288000
1608339903.298000, 1608339904.259000, 1608339904.259000, 1608339909.012000, 1608339909.012000, 1608339910.334000
