read_start,read_end,cpu_start,cpu_end,write_start,write_end
1608330253.533000, 1608330388.209000, 1608330388.209000, 1608330393.460000, 1608330393.460000, 1608330394.724000
1608330394.738000, 1608330395.768000, 1608330395.768000, 1608330400.977000, 1608330400.977000, 1608330568.304000
1608330568.320000, 1608330569.250000, 1608330569.250000, 1608330574.413000, 1608330574.413000, 1608330699.649000
