read_start,read_end,cpu_start,cpu_end,write_start,write_end
1608330253.537000, 1608330390.296000, 1608330390.296000, 1608330396.392000, 1608330396.392000, 1608330429.659000
1608330429.674000, 1608330430.604000, 1608330430.604000, 1608330435.528000, 1608330435.528000, 1608330590.419000
1608330590.433000, 1608330592.255000, 1608330592.255000, 1608330598.019000, 1608330598.019000, 1608330708.430000
