read_start,read_end,cpu_start,cpu_end,write_start,write_end
1608330253.532000, 1608330391.832000, 1608330391.832000, 1608330398.052000, 1608330398.052000, 1608330531.956000
1608330531.972000, 1608330533.826000, 1608330533.826000, 1608330538.876000, 1608330538.876000, 1608330669.340000
1608330669.414000, 1608330671.083000, 1608330671.083000, 1608330676.180000, 1608330676.180000, 1608330722.130000
