read_start,read_end,cpu_start,cpu_end,write_start,write_end
1608340598.903000, 1608340677.147000, 1608340677.147000, 1608340682.628000, 1608340682.628000, 1608340684.016000
1608340684.030000, 1608340685.035000, 1608340685.035000, 1608340690.238000, 1608340690.238000, 1608340724.826000
1608340724.842000, 1608340725.820000, 1608340725.820000, 1608340730.330000, 1608340730.330000, 1608340793.953000
