read_start,read_end,cpu_start,cpu_end,write_start,write_end
1608339706.452000, 1608339743.625000, 1608339743.625000, 1608339748.378000, 1608339748.378000, 1608339749.636000
1608339749.650000, 1608339750.652000, 1608339750.652000, 1608339755.384000, 1608339755.384000, 1608339756.626000
1608339756.637000, 1608339757.616000, 1608339757.616000, 1608339762.351000, 1608339762.351000, 1608339763.519000
