read_start,read_end,cpu_start,cpu_end,write_start,write_end
1608330858.365000, 1608331021.347000, 1608331021.347000, 1608331027.383000, 1608331027.383000, 1608331203.923000
1608331203.940000, 1608331205.760000, 1608331205.760000, 1608331211.520000, 1608331211.520000, 1608331344.140000
1608331344.214000, 1608331345.483000, 1608331345.483000, 1608331350.086000, 1608331350.086000, 1608331435.553000
