read_start,read_end,cpu_start,cpu_end,write_start,write_end
1608340247.733000, 1608340315.378000, 1608340315.378000, 1608340320.802000, 1608340320.802000, 1608340322.060000
1608340322.071000, 1608340323.243000, 1608340323.243000, 1608340328.370000, 1608340328.370000, 1608340330.057000
1608340330.066000, 1608340331.097000, 1608340331.097000, 1608340335.937000, 1608340335.937000, 1608340399.280000
