read_start,read_end,cpu_start,cpu_end,write_start,write_end
1608340111.893000, 1608340173.585000, 1608340173.585000, 1608340178.895000, 1608340178.895000, 1608340180.063000
1608340180.075000, 1608340181.152000, 1608340181.152000, 1608340186.163000, 1608340186.163000, 1608340187.489000
1608340187.501000, 1608340188.623000, 1608340188.623000, 1608340193.531000, 1608340193.531000, 1608340232.432000
