read_start,read_end,cpu_start,cpu_end,write_start,write_end
1608330858.374000, 1608331021.817000, 1608331021.817000, 1608331027.959000, 1608331027.959000, 1608331228.935000
1608331228.951000, 1608331229.954000, 1608331229.954000, 1608331234.481000, 1608331234.481000, 1608331362.532000
1608331362.548000, 1608331363.578000, 1608331363.578000, 1608331368.141000, 1608331368.141000, 1608331441.876000
