read_start,read_end,cpu_start,cpu_end,write_start,write_end
1608339841.867000, 1608339889.519000, 1608339889.519000, 1608339894.541000, 1608339894.541000, 1608339895.789000
1608339895.802000, 1608339896.804000, 1608339896.804000, 1608339901.525000, 1608339901.525000, 1608339902.839000
1608339902.852000, 1608339903.989000, 1608339903.989000, 1608339908.752000, 1608339908.752000, 1608339910.016000
