read_start,read_end,cpu_start,cpu_end,write_start,write_end
1608340247.732000, 1608340316.657000, 1608340316.657000, 1608340321.881000, 1608340321.881000, 1608340323.116000
1608340323.126000, 1608340324.112000, 1608340324.112000, 1608340329.238000, 1608340329.238000, 1608340332.738000
1608340332.748000, 1608340333.804000, 1608340333.804000, 1608340338.392000, 1608340338.392000, 1608340400.102000
