read_start,read_end,cpu_start,cpu_end,write_start,write_end
1608340598.905000, 1608340676.960000, 1608340676.960000, 1608340682.302000, 1608340682.302000, 1608340683.511000
1608340683.523000, 1608340684.629000, 1608340684.629000, 1608340689.640000, 1608340689.640000, 1608340691.945000
1608340691.958000, 1608340692.949000, 1608340692.949000, 1608340697.469000, 1608340697.469000, 1608340789.140000
