read_start,read_end,cpu_start,cpu_end,write_start,write_end
1608330253.536000, 1608330387.494000, 1608330387.494000, 1608330392.594000, 1608330392.594000, 1608330393.874000
1608330393.885000, 1608330395.072000, 1608330395.072000, 1608330400.869000, 1608330400.869000, 1608330567.347000
1608330567.362000, 1608330569.429000, 1608330569.429000, 1608330576.418000, 1608330576.418000, 1608330701.527000
