read_start,read_end,cpu_start,cpu_end,write_start,write_end
1608329761.171000, 1608329870.925000, 1608329870.925000, 1608329876.442000, 1608329876.442000, 1608329877.684000
1608329877.695000, 1608329878.853000, 1608329878.853000, 1608329883.966000, 1608329883.966000, 1608330018.070000
1608330018.085000, 1608330019.906000, 1608330019.906000, 1608330025.385000, 1608330025.385000, 1608330116.298000
