read_start,read_end,cpu_start,cpu_end,write_start,write_end
1608330858.380000, 1608331017.399000, 1608331017.399000, 1608331023.028000, 1608331023.028000, 1608331024.330000
1608331024.341000, 1608331025.583000, 1608331025.583000, 1608331030.826000, 1608331030.826000, 1608331247.433000
1608331247.450000, 1608331248.463000, 1608331248.463000, 1608331253.317000, 1608331253.317000, 1608331389.643000
