read_start,read_end,cpu_start,cpu_end,write_start,write_end
1608340247.736000, 1608340315.486000, 1608340315.486000, 1608340320.411000, 1608340320.411000, 1608340321.670000
1608340321.683000, 1608340322.727000, 1608340322.727000, 1608340327.978000, 1608340327.978000, 1608340329.468000
1608340329.480000, 1608340330.511000, 1608340330.511000, 1608340335.307000, 1608340335.307000, 1608340397.901000
