read_start,read_end,cpu_start,cpu_end,write_start,write_end
1608329761.187000, 1608329871.239000, 1608329871.239000, 1608329876.474000, 1608329876.474000, 1608329877.750000
1608329877.764000, 1608329878.919000, 1608329878.919000, 1608329884.528000, 1608329884.528000, 1608330022.274000
1608330022.287000, 1608330024.196000, 1608330024.196000, 1608330030.122000, 1608330030.122000, 1608330118.142000
