read_start,read_end,cpu_start,cpu_end,write_start,write_end
1608330858.372000, 1608331009.829000, 1608331009.829000, 1608331014.881000, 1608331014.881000, 1608331015.915000
1608331015.925000, 1608331016.934000, 1608331016.934000, 1608331021.837000, 1608331021.837000, 1608331023.247000
1608331023.260000, 1608331024.435000, 1608331024.435000, 1608331029.998000, 1608331029.998000, 1608331246.436000
