read_start,read_end,cpu_start,cpu_end,write_start,write_end
1608340598.885000, 1608340678.727000, 1608340678.727000, 1608340684.061000, 1608340684.061000, 1608340685.170000
1608340685.180000, 1608340686.153000, 1608340686.153000, 1608340690.898000, 1608340690.898000, 1608340750.843000
1608340750.859000, 1608340751.966000, 1608340751.966000, 1608340756.507000, 1608340756.507000, 1608340796.704000
