read_start,read_end,cpu_start,cpu_end,write_start,write_end
1608329761.160000, 1608329872.904000, 1608329872.904000, 1608329878.639000, 1608329878.639000, 1608329880.587000
1608329880.597000, 1608329881.712000, 1608329881.712000, 1608329886.623000, 1608329886.623000, 1608330027.481000
1608330027.492000, 1608330028.960000, 1608330028.960000, 1608330034.629000, 1608330034.629000, 1608330119.034000
