read_start,read_end,cpu_start,cpu_end,write_start,write_end
1608339841.864000, 1608339889.754000, 1608339889.754000, 1608339894.526000, 1608339894.526000, 1608339895.793000
1608339895.806000, 1608339896.830000, 1608339896.830000, 1608339901.585000, 1608339901.585000, 1608339902.856000
1608339902.869000, 1608339903.875000, 1608339903.875000, 1608339908.643000, 1608339908.643000, 1608339909.888000
