read_start,read_end,cpu_start,cpu_end,write_start,write_end
1608329761.193000, 1608329870.032000, 1608329870.032000, 1608329875.454000, 1608329875.454000, 1608329876.702000
1608329876.714000, 1608329877.700000, 1608329877.700000, 1608329882.902000, 1608329882.902000, 1608330002.963000
1608330002.977000, 1608330003.902000, 1608330003.902000, 1608330008.364000, 1608330008.364000, 1608330108.914000
