read_start,read_end,cpu_start,cpu_end,write_start,write_end
1608340111.883000, 1608340172.402000, 1608340172.402000, 1608340177.635000, 1608340177.635000, 1608340178.854000
1608340178.865000, 1608340179.983000, 1608340179.983000, 1608340185.001000, 1608340185.001000, 1608340186.256000
1608340186.267000, 1608340187.277000, 1608340187.277000, 1608340192.310000, 1608340192.310000, 1608340205.453000
