read_start,read_end,cpu_start,cpu_end,write_start,write_end
1608339920.108000, 1608339971.529000, 1608339971.529000, 1608339976.275000, 1608339976.275000, 1608339977.491000
1608339977.502000, 1608339978.506000, 1608339978.506000, 1608339983.388000, 1608339983.388000, 1608339984.622000
1608339984.635000, 1608339985.666000, 1608339985.666000, 1608339990.709000, 1608339990.709000, 1608339992.107000
