read_start,read_end,cpu_start,cpu_end,write_start,write_end
1608340410.293000, 1608340481.260000, 1608340481.260000, 1608340486.527000, 1608340486.527000, 1608340487.683000
1608340487.696000, 1608340488.715000, 1608340488.715000, 1608340493.499000, 1608340493.499000, 1608340494.794000
1608340494.805000, 1608340495.930000, 1608340495.930000, 1608340500.877000, 1608340500.877000, 1608340577.688000
