read_start,read_end,cpu_start,cpu_end,write_start,write_end
1608340598.898000, 1608340674.409000, 1608340674.409000, 1608340679.291000, 1608340679.291000, 1608340680.488000
1608340680.499000, 1608340681.491000, 1608340681.491000, 1608340686.811000, 1608340686.811000, 1608340687.974000
1608340687.984000, 1608340688.960000, 1608340688.960000, 1608340694.001000, 1608340694.001000, 1608340785.697000
