read_start,read_end,cpu_start,cpu_end,write_start,write_end
1608330858.379000, 1608331022.287000, 1608331022.287000, 1608331028.074000, 1608331028.074000, 1608331231.412000
1608331231.426000, 1608331232.412000, 1608331232.412000, 1608331236.872000, 1608331236.872000, 1608331363.832000
1608331363.851000, 1608331364.831000, 1608331364.831000, 1608331369.254000, 1608331369.254000, 1608331442.115000
