read_start,read_end,cpu_start,cpu_end,write_start,write_end
1608329761.178000, 1608329870.112000, 1608329870.112000, 1608329875.734000, 1608329875.734000, 1608329877.002000
1608329877.015000, 1608329878.025000, 1608329878.025000, 1608329883.702000, 1608329883.702000, 1608330014.534000
1608330014.550000, 1608330016.146000, 1608330016.146000, 1608330021.301000, 1608330021.301000, 1608330114.701000
