read_start,read_end,cpu_start,cpu_end,write_start,write_end
1608328995.081000, 1608329026.980000, 1608329026.980000, 1608329031.595000, 1608329031.595000, 1608329032.777000
1608329032.788000, 1608329033.739000, 1608329033.739000, 1608329038.384000, 1608329038.384000, 1608329039.581000
1608329039.592000, 1608329040.557000, 1608329040.557000, 1608329045.764000, 1608329045.764000, 1608329047.086000
