read_start,read_end,cpu_start,cpu_end,write_start,write_end
1608330858.390000, 1608331018.921000, 1608331018.921000, 1608331024.505000, 1608331024.505000, 1608331025.788000
1608331025.799000, 1608331026.901000, 1608331026.901000, 1608331032.081000, 1608331032.081000, 1608331247.904000
1608331247.919000, 1608331249.199000, 1608331249.199000, 1608331254.331000, 1608331254.331000, 1608331390.826000
