read_start,read_end,cpu_start,cpu_end,write_start,write_end
1608340247.745000, 1608340315.454000, 1608340315.454000, 1608340320.851000, 1608340320.851000, 1608340322.148000
1608340322.160000, 1608340323.307000, 1608340323.307000, 1608340328.431000, 1608340328.431000, 1608340330.189000
1608340330.200000, 1608340331.149000, 1608340331.149000, 1608340335.995000, 1608340335.995000, 1608340399.366000
