read_start,read_end,cpu_start,cpu_end,write_start,write_end
1608330858.367000, 1608331019.235000, 1608331019.235000, 1608331024.860000, 1608331024.860000, 1608331026.160000
1608331026.173000, 1608331027.204000, 1608331027.204000, 1608331032.276000, 1608331032.276000, 1608331247.889000
1608331247.906000, 1608331248.919000, 1608331248.919000, 1608331253.706000, 1608331253.706000, 1608331390.235000
