read_start,read_end,cpu_start,cpu_end,write_start,write_end
1608329761.191000, 1608329869.575000, 1608329869.575000, 1608329875.010000, 1608329875.010000, 1608329876.185000
1608329876.197000, 1608329877.198000, 1608329877.198000, 1608329882.612000, 1608329882.612000, 1608329997.098000
1608329997.115000, 1608329998.054000, 1608329998.054000, 1608330002.532000, 1608330002.532000, 1608330105.073000
