read_start,read_end,cpu_start,cpu_end,write_start,write_end
1608329402.071000, 1608329487.221000, 1608329487.221000, 1608329492.576000, 1608329492.576000, 1608329493.814000
1608329493.825000, 1608329494.801000, 1608329494.801000, 1608329499.944000, 1608329499.944000, 1608329584.048000
1608329584.063000, 1608329584.990000, 1608329584.990000, 1608329589.433000, 1608329589.433000, 1608329627.167000
