read_start,read_end,cpu_start,cpu_end,write_start,write_end
1608340111.882000, 1608340174.589000, 1608340174.589000, 1608340179.829000, 1608340179.829000, 1608340180.956000
1608340180.967000, 1608340182.091000, 1608340182.091000, 1608340187.039000, 1608340187.039000, 1608340188.372000
1608340188.385000, 1608340189.478000, 1608340189.478000, 1608340194.203000, 1608340194.203000, 1608340236.234000
