read_start,read_end,cpu_start,cpu_end,write_start,write_end
1608339920.104000, 1608339973.365000, 1608339973.365000, 1608339978.691000, 1608339978.691000, 1608339979.833000
1608339979.843000, 1608339980.937000, 1608339980.937000, 1608339985.726000, 1608339985.726000, 1608339986.855000
1608339986.864000, 1608339987.811000, 1608339987.811000, 1608339992.554000, 1608339992.554000, 1608339997.245000
