read_start,read_end,cpu_start,cpu_end,write_start,write_end
1608330253.513000, 1608330388.756000, 1608330388.756000, 1608330394.513000, 1608330394.513000, 1608330395.836000
1608330395.849000, 1608330397.027000, 1608330397.027000, 1608330401.934000, 1608330401.934000, 1608330571.452000
1608330571.469000, 1608330572.414000, 1608330572.414000, 1608330577.095000, 1608330577.095000, 1608330701.981000
