read_start,read_end,cpu_start,cpu_end,write_start,write_end
1608339920.109000, 1608339971.034000, 1608339971.034000, 1608339976.209000, 1608339976.209000, 1608339977.371000
1608339977.384000, 1608339978.451000, 1608339978.451000, 1608339983.498000, 1608339983.498000, 1608339984.858000
1608339984.871000, 1608339985.826000, 1608339985.826000, 1608339990.560000, 1608339990.560000, 1608339991.692000
