read_start,read_end,cpu_start,cpu_end,write_start,write_end
1608329761.185000, 1608329870.457000, 1608329870.457000, 1608329875.678000, 1608329875.678000, 1608329876.925000
1608329876.938000, 1608329878.009000, 1608329878.009000, 1608329883.254000, 1608329883.254000, 1608330008.405000
1608330008.420000, 1608330009.507000, 1608330009.507000, 1608330013.960000, 1608330013.960000, 1608330111.777000
