read_start,read_end,cpu_start,cpu_end,write_start,write_end
1608339841.866000, 1608339889.510000, 1608339889.510000, 1608339894.403000, 1608339894.403000, 1608339895.582000
1608339895.595000, 1608339896.753000, 1608339896.753000, 1608339901.573000, 1608339901.573000, 1608339902.833000
1608339902.847000, 1608339903.854000, 1608339903.854000, 1608339908.621000, 1608339908.621000, 1608339909.855000
