read_start,read_end,cpu_start,cpu_end,write_start,write_end
1608339920.114000, 1608339971.995000, 1608339971.995000, 1608339977.127000, 1608339977.127000, 1608339978.418000
1608339978.429000, 1608339979.418000, 1608339979.418000, 1608339984.175000, 1608339984.175000, 1608339985.443000
1608339985.455000, 1608339986.439000, 1608339986.439000, 1608339991.202000, 1608339991.202000, 1608339993.002000
