read_start,read_end,cpu_start,cpu_end,write_start,write_end
1608340247.745000, 1608340313.853000, 1608340313.853000, 1608340318.816000, 1608340318.816000, 1608340320.103000
1608340320.114000, 1608340321.114000, 1608340321.114000, 1608340326.337000, 1608340326.337000, 1608340327.576000
1608340327.586000, 1608340328.581000, 1608340328.581000, 1608340333.631000, 1608340333.631000, 1608340384.905000
