read_start,read_end,cpu_start,cpu_end,write_start,write_end
1608340598.899000, 1608340673.760000, 1608340673.760000, 1608340678.816000, 1608340678.816000, 1608340679.961000
1608340679.971000, 1608340681.089000, 1608340681.089000, 1608340686.415000, 1608340686.415000, 1608340687.614000
1608340687.624000, 1608340688.598000, 1608340688.598000, 1608340693.634000, 1608340693.634000, 1608340784.429000
