read_start,read_end,cpu_start,cpu_end,write_start,write_end
1608330253.545000, 1608330389.777000, 1608330389.777000, 1608330395.563000, 1608330395.563000, 1608330396.868000
1608330396.880000, 1608330397.887000, 1608330397.887000, 1608330402.652000, 1608330402.652000, 1608330573.005000
1608330573.015000, 1608330574.076000, 1608330574.076000, 1608330579.013000, 1608330579.013000, 1608330702.857000
