type, start, end
read, 0.000000, 215.053763
write, 370.053763, 494.067519
read, 494.067519, 514.848899
write, 669.848899, 794.034807
read, 794.034807, 814.816186
write, 969.816186, 1093.910389
