read_start,read_end,cpu_start,cpu_end,write_start,write_end
1591034876.071000, 1591034971.896000, 1591034971.896000, 1591034977.636000, 1591034977.636000, 1591034978.816000
1591034978.825000, 1591034979.852000, 1591034979.852000, 1591034984.733000, 1591034984.733000, 1591035090.620000
1591035090.632000, 1591035092.485000, 1591035092.485000, 1591035097.776000, 1591035097.776000, 1591035141.619000
