read_start,read_end,cpu_start,cpu_end,write_start,write_end
1591032334.236000, 1591032400.980000, 1591032400.980000, 1591032405.889000, 1591032405.889000, 1591032407.036000
1591032407.046000, 1591032408.172000, 1591032408.172000, 1591032413.283000, 1591032413.283000, 1591032414.513000
1591032414.527000, 1591032415.494000, 1591032415.494000, 1591032420.291000, 1591032420.291000, 1591032483.199000
