read_start,read_end,cpu_start,cpu_end,write_start,write_end
1591034876.075000, 1591034967.151000, 1591034967.151000, 1591034972.088000, 1591034972.088000, 1591034973.299000
1591034973.311000, 1591034974.293000, 1591034974.293000, 1591034979.999000, 1591034979.999000, 1591034981.757000
1591034981.768000, 1591034982.884000, 1591034982.884000, 1591034987.563000, 1591034987.563000, 1591035097.126000
