read_start,read_end,cpu_start,cpu_end,write_start,write_end
1591038727.874000, 1591038855.611000, 1591038855.611000, 1591038861.373000, 1591038861.373000, 1591038944.963000
1591038944.976000, 1591038945.990000, 1591038945.990000, 1591038950.490000, 1591038950.490000, 1591039073.885000
1591039073.899000, 1591039075.658000, 1591039075.658000, 1591039081.818000, 1591039081.818000, 1591039137.267000
