read_start,read_end,cpu_start,cpu_end,write_start,write_end
1591036059.901000, 1591036163.399000, 1591036163.399000, 1591036168.837000, 1591036168.837000, 1591036170.014000
1591036170.026000, 1591036171.064000, 1591036171.064000, 1591036176.534000, 1591036176.534000, 1591036276.798000
1591036276.814000, 1591036277.757000, 1591036277.757000, 1591036282.112000, 1591036282.112000, 1591036364.260000
