read_start,read_end,cpu_start,cpu_end,write_start,write_end
1591040956.185000, 1591041097.057000, 1591041097.057000, 1591041102.512000, 1591041102.512000, 1591041103.782000
1591041103.795000, 1591041104.850000, 1591041104.850000, 1591041110.007000, 1591041110.007000, 1591041275.548000
1591041275.563000, 1591041276.692000, 1591041276.692000, 1591041281.552000, 1591041281.552000, 1591041403.984000
