read_start,read_end,cpu_start,cpu_end,write_start,write_end
1591042553.250000, 1591042692.909000, 1591042692.909000, 1591042697.748000, 1591042697.748000, 1591042698.808000
1591042698.817000, 1591042699.897000, 1591042699.897000, 1591042704.674000, 1591042704.674000, 1591042705.713000
1591042705.722000, 1591042706.669000, 1591042706.669000, 1591042712.343000, 1591042712.343000, 1591042848.978000
