read_start,read_end,cpu_start,cpu_end,write_start,write_end
1591036689.229000, 1591036799.672000, 1591036799.672000, 1591036804.978000, 1591036804.978000, 1591036806.223000
1591036806.236000, 1591036807.379000, 1591036807.379000, 1591036812.205000, 1591036812.205000, 1591036927.883000
1591036927.897000, 1591036929.694000, 1591036929.694000, 1591036936.237000, 1591036936.237000, 1591037029.695000
