read_start,read_end,cpu_start,cpu_end,write_start,write_end
1591031899.056000, 1591031962.036000, 1591031962.036000, 1591031967.211000, 1591031967.211000, 1591031968.307000
1591031968.317000, 1591031969.301000, 1591031969.301000, 1591031974.063000, 1591031974.063000, 1591031975.257000
1591031975.267000, 1591031976.366000, 1591031976.366000, 1591031981.233000, 1591031981.233000, 1591032024.586000
