read_start,read_end,cpu_start,cpu_end,write_start,write_end
1591036059.904000, 1591036163.089000, 1591036163.089000, 1591036168.533000, 1591036168.533000, 1591036169.705000
1591036169.716000, 1591036170.853000, 1591036170.853000, 1591036175.820000, 1591036175.820000, 1591036269.459000
1591036269.473000, 1591036270.374000, 1591036270.374000, 1591036274.723000, 1591036274.723000, 1591036359.446000
