read_start,read_end,cpu_start,cpu_end,write_start,write_end
1591030357.163000, 1591030399.578000, 1591030399.578000, 1591030404.309000, 1591030404.309000, 1591030405.489000
1591030405.500000, 1591030406.473000, 1591030406.473000, 1591030411.200000, 1591030411.200000, 1591030412.362000
1591030412.372000, 1591030413.343000, 1591030413.343000, 1591030418.070000, 1591030418.070000, 1591030420.362000
