read_start,read_end,cpu_start,cpu_end,write_start,write_end
1591040956.188000, 1591041097.943000, 1591041097.943000, 1591041103.930000, 1591041103.930000, 1591041166.851000
1591041166.864000, 1591041167.917000, 1591041167.917000, 1591041172.730000, 1591041172.730000, 1591041310.616000
1591041310.628000, 1591041311.719000, 1591041311.719000, 1591041316.178000, 1591041316.178000, 1591041412.223000
