read_start,read_end,cpu_start,cpu_end,write_start,write_end
1591034876.071000, 1591034969.403000, 1591034969.403000, 1591034974.842000, 1591034974.842000, 1591034975.979000
1591034975.991000, 1591034977.107000, 1591034977.107000, 1591034982.371000, 1591034982.371000, 1591035057.624000
1591035057.640000, 1591035058.578000, 1591035058.578000, 1591035063.048000, 1591035063.048000, 1591035129.739000
