read_start,read_end,cpu_start,cpu_end,write_start,write_end
1591039452.300000, 1591039585.073000, 1591039585.073000, 1591039590.858000, 1591039590.858000, 1591039696.350000
1591039696.413000, 1591039698.358000, 1591039698.358000, 1591039703.779000, 1591039703.779000, 1591039826.869000
1591039826.972000, 1591039828.864000, 1591039828.864000, 1591039835.036000, 1591039835.036000, 1591039874.667000
