read_start,read_end,cpu_start,cpu_end,write_start,write_end
1591033283.204000, 1591033361.483000, 1591033361.483000, 1591033366.883000, 1591033366.883000, 1591033368.091000
1591033368.102000, 1591033369.250000, 1591033369.250000, 1591033374.397000, 1591033374.397000, 1591033424.654000
1591033424.669000, 1591033425.618000, 1591033425.619000, 1591033430.482000, 1591033430.482000, 1591033477.425000
