read_start,read_end,cpu_start,cpu_end,write_start,write_end
1591040191.329000, 1591040326.530000, 1591040326.530000, 1591040332.255000, 1591040332.255000, 1591040333.616000
1591040333.629000, 1591040334.724000, 1591040334.724000, 1591040339.796000, 1591040339.796000, 1591040503.300000
1591040503.314000, 1591040504.316000, 1591040504.316000, 1591040509.499000, 1591040509.499000, 1591040629.220000
