read_start,read_end,cpu_start,cpu_end,write_start,write_end
1591038727.874000, 1591038854.741000, 1591038854.741000, 1591038860.642000, 1591038860.642000, 1591038885.286000
1591038885.300000, 1591038886.238000, 1591038886.238000, 1591038890.698000, 1591038890.698000, 1591039024.011000
1591039024.025000, 1591039025.048000, 1591039025.048000, 1591039029.706000, 1591039029.706000, 1591039133.634000
