read_start,read_end,cpu_start,cpu_end,write_start,write_end
1591034320.411000, 1591034409.103000, 1591034409.103000, 1591034414.177000, 1591034414.177000, 1591034415.436000
1591034415.449000, 1591034416.468000, 1591034416.468000, 1591034421.686000, 1591034421.686000, 1591034486.118000
1591034486.133000, 1591034487.103000, 1591034487.103000, 1591034491.697000, 1591034491.697000, 1591034557.382000
