read_start,read_end,cpu_start,cpu_end,write_start,write_end
1591038727.892000, 1591038854.672000, 1591038854.672000, 1591038860.476000, 1591038860.476000, 1591038864.877000
1591038864.890000, 1591038865.990000, 1591038865.990000, 1591038870.454000, 1591038870.454000, 1591039017.578000
1591039017.594000, 1591039018.508000, 1591039018.508000, 1591039023.437000, 1591039023.437000, 1591039132.677000
