read_start,read_end,cpu_start,cpu_end,write_start,write_end
1591038028.919000, 1591038151.409000, 1591038151.409000, 1591038157.064000, 1591038157.064000, 1591038230.377000
1591038230.390000, 1591038231.337000, 1591038231.337000, 1591038236.244000, 1591038236.244000, 1591038350.059000
1591038350.072000, 1591038352.014000, 1591038352.014000, 1591038357.773000, 1591038357.773000, 1591038413.575000
