read_start,read_end,cpu_start,cpu_end,write_start,write_end
1591040191.324000, 1591040329.356000, 1591040329.356000, 1591040335.389000, 1591040335.389000, 1591040445.005000
1591040445.020000, 1591040446.480000, 1591040446.480000, 1591040450.885000, 1591040450.885000, 1591040586.024000
1591040586.081000, 1591040587.925000, 1591040587.925000, 1591040592.779000, 1591040592.779000, 1591040640.235000
