read_start,read_end,cpu_start,cpu_end,write_start,write_end
1591039452.296000, 1591039585.034000, 1591039585.034000, 1591039591.117000, 1591039591.117000, 1591039704.094000
1591039704.107000, 1591039705.899000, 1591039705.899000, 1591039711.360000, 1591039711.360000, 1591039833.631000
1591039833.728000, 1591039835.509000, 1591039835.509000, 1591039841.665000, 1591039841.665000, 1591039875.547000
