read_start,read_end,cpu_start,cpu_end,write_start,write_end
1591040956.203000, 1591041097.686000, 1591041097.686000, 1591041103.523000, 1591041103.523000, 1591041113.735000
1591041113.748000, 1591041114.698000, 1591041114.698000, 1591041119.086000, 1591041119.086000, 1591041277.594000
1591041277.607000, 1591041278.582000, 1591041278.582000, 1591041283.117000, 1591041283.117000, 1591041404.710000
