read_start,read_end,cpu_start,cpu_end,write_start,write_end
1591038028.929000, 1591038149.498000, 1591038149.498000, 1591038155.126000, 1591038155.126000, 1591038156.419000
1591038156.434000, 1591038157.452000, 1591038157.452000, 1591038162.397000, 1591038162.397000, 1591038287.071000
1591038287.084000, 1591038288.085000, 1591038288.085000, 1591038292.803000, 1591038292.803000, 1591038405.044000
