read_start,read_end,cpu_start,cpu_end,write_start,write_end
1591043389.062000, 1591043543.601000, 1591043543.601000, 1591043549.196000, 1591043549.196000, 1591043550.474000
1591043550.485000, 1591043551.509000, 1591043551.509000, 1591043556.778000, 1591043556.778000, 1591043750.613000
1591043750.626000, 1591043751.610000, 1591043751.610000, 1591043756.400000, 1591043756.400000, 1591043897.405000
