read_start,read_end,cpu_start,cpu_end,write_start,write_end
1591030727.821000, 1591030775.021000, 1591030775.021000, 1591030779.900000, 1591030779.900000, 1591030781.136000
1591030781.147000, 1591030782.234000, 1591030782.235000, 1591030787.038000, 1591030787.038000, 1591030788.352000
1591030788.363000, 1591030789.466000, 1591030789.466000, 1591030794.189000, 1591030794.189000, 1591030796.918000
