read_start,read_end,cpu_start,cpu_end,write_start,write_end
1591029993.813000, 1591030031.042000, 1591030031.042000, 1591030036.189000, 1591030036.189000, 1591030037.388000
1591030037.399000, 1591030038.530000, 1591030038.530000, 1591030043.258000, 1591030043.258000, 1591030044.471000
1591030044.482000, 1591030045.458000, 1591030045.458000, 1591030050.190000, 1591030050.190000, 1591030051.386000
