read_start,read_end,cpu_start,cpu_end,write_start,write_end
1591043389.072000, 1591043547.443000, 1591043547.443000, 1591043553.307000, 1591043553.307000, 1591043704.105000
1591043704.119000, 1591043705.099000, 1591043705.099000, 1591043709.737000, 1591043709.737000, 1591043851.622000
1591043851.642000, 1591043852.582000, 1591043852.582000, 1591043857.167000, 1591043857.167000, 1591043926.801000
