read_start,read_end,cpu_start,cpu_end,write_start,write_end
1591031899.059000, 1591031961.276000, 1591031961.276000, 1591031966.280000, 1591031966.280000, 1591031967.428000
1591031967.439000, 1591031968.558000, 1591031968.558000, 1591031973.489000, 1591031973.489000, 1591031974.709000
1591031974.721000, 1591031975.721000, 1591031975.721000, 1591031980.975000, 1591031980.975000, 1591032023.864000
