read_start,read_end,cpu_start,cpu_end,write_start,write_end
1591040956.194000, 1591041099.205000, 1591041099.205000, 1591041105.422000, 1591041105.422000, 1591041236.664000
1591041236.678000, 1591041237.693000, 1591041237.693000, 1591041242.394000, 1591041242.394000, 1591041372.697000
1591041372.724000, 1591041373.701000, 1591041373.701000, 1591041378.374000, 1591041378.374000, 1591041424.245000
