read_start,read_end,cpu_start,cpu_end,write_start,write_end
1591041740.191000, 1591041881.974000, 1591041881.974000, 1591041887.254000, 1591041887.254000, 1591041888.407000
1591041888.417000, 1591041889.521000, 1591041889.521000, 1591041895.557000, 1591041895.557000, 1591042051.505000
1591042051.520000, 1591042053.474000, 1591042053.474000, 1591042058.502000, 1591042058.502000, 1591042192.576000
