read_start,read_end,cpu_start,cpu_end,write_start,write_end
1591038727.874000, 1591038855.529000, 1591038855.529000, 1591038861.228000, 1591038861.228000, 1591038938.386000
1591038938.399000, 1591038939.469000, 1591038939.469000, 1591038944.252000, 1591038944.252000, 1591039068.374000
1591039068.387000, 1591039070.208000, 1591039070.208000, 1591039076.933000, 1591039076.933000, 1591039137.043000
