read_start,read_end,cpu_start,cpu_end,write_start,write_end
1591036689.233000, 1591036799.467000, 1591036799.467000, 1591036805.126000, 1591036805.126000, 1591036806.355000
1591036806.368000, 1591036807.477000, 1591036807.477000, 1591036812.489000, 1591036812.489000, 1591036928.126000
1591036928.143000, 1591036930.005000, 1591036930.005000, 1591036935.896000, 1591036935.896000, 1591037029.572000
