read_start,read_end,cpu_start,cpu_end,write_start,write_end
1591033789.910000, 1591033874.397000, 1591033874.397000, 1591033879.625000, 1591033879.625000, 1591033880.851000
1591033880.862000, 1591033881.834000, 1591033881.834000, 1591033886.983000, 1591033886.983000, 1591033964.390000
1591033964.406000, 1591033965.366000, 1591033965.366000, 1591033969.944000, 1591033969.944000, 1591034008.683000
