read_start,read_end,cpu_start,cpu_end,write_start,write_end
1591031494.143000, 1591031552.279000, 1591031552.279000, 1591031557.267000, 1591031557.267000, 1591031558.356000
1591031558.365000, 1591031559.424000, 1591031559.424000, 1591031564.305000, 1591031564.305000, 1591031565.443000
1591031565.453000, 1591031566.438000, 1591031566.438000, 1591031571.409000, 1591031571.409000, 1591031590.130000
