read_start,read_end,cpu_start,cpu_end,write_start,write_end
1591040191.324000, 1591040326.138000, 1591040326.138000, 1591040331.825000, 1591040331.825000, 1591040333.213000
1591040333.225000, 1591040334.323000, 1591040334.323000, 1591040339.491000, 1591040339.491000, 1591040502.300000
1591040502.313000, 1591040503.331000, 1591040503.331000, 1591040508.396000, 1591040508.396000, 1591040628.470000
