read_start,read_end,cpu_start,cpu_end,write_start,write_end
1591038727.886000, 1591038854.305000, 1591038854.305000, 1591038859.994000, 1591038859.994000, 1591038861.637000
1591038861.647000, 1591038862.609000, 1591038862.609000, 1591038867.358000, 1591038867.358000, 1591039016.314000
1591039016.331000, 1591039017.266000, 1591039017.266000, 1591039021.936000, 1591039021.936000, 1591039132.268000
