read_start,read_end,cpu_start,cpu_end,write_start,write_end
1591043389.059000, 1591043542.912000, 1591043542.912000, 1591043548.376000, 1591043548.376000, 1591043549.761000
1591043549.772000, 1591043550.775000, 1591043550.775000, 1591043556.224000, 1591043556.224000, 1591043749.611000
1591043749.625000, 1591043750.589000, 1591043750.589000, 1591043755.516000, 1591043755.516000, 1591043895.931000
