read_start,read_end,cpu_start,cpu_end,write_start,write_end
1591045130.360000, 1591045299.090000, 1591045299.090000, 1591045304.784000, 1591045304.784000, 1591045479.991000
1591045480.005000, 1591045480.970000, 1591045480.971000, 1591045485.482000, 1591045485.482000, 1591045615.342000
1591045615.357000, 1591045616.315000, 1591045616.315000, 1591045620.849000, 1591045620.849000, 1591045710.627000
