read_start,read_end,cpu_start,cpu_end,write_start,write_end
1591043389.054000, 1591043545.179000, 1591043545.179000, 1591043551.012000, 1591043551.012000, 1591043552.343000
1591043552.358000, 1591043553.448000, 1591043553.449000, 1591043558.433000, 1591043558.433000, 1591043751.818000
1591043751.831000, 1591043752.965000, 1591043752.965000, 1591043758.168000, 1591043758.168000, 1591043899.200000
