read_start,read_end,cpu_start,cpu_end,write_start,write_end
1591031494.143000, 1591031550.102000, 1591031550.102000, 1591031554.846000, 1591031554.846000, 1591031556.007000
1591031556.018000, 1591031556.999000, 1591031556.999000, 1591031561.879000, 1591031561.879000, 1591031563.067000
1591031563.077000, 1591031564.164000, 1591031564.164000, 1591031568.889000, 1591031568.889000, 1591031570.197000
