read_start,read_end,cpu_start,cpu_end,write_start,write_end
1591033283.200000, 1591033358.385000, 1591033358.385000, 1591033363.238000, 1591033363.238000, 1591033364.363000
1591033364.373000, 1591033365.350000, 1591033365.350000, 1591033370.701000, 1591033370.701000, 1591033371.895000
1591033371.904000, 1591033372.910000, 1591033372.910000, 1591033377.583000, 1591033377.583000, 1591033462.571000
