read_start,read_end,cpu_start,cpu_end,write_start,write_end
1591044247.006000, 1591044412.126000, 1591044412.127000, 1591044418.426000, 1591044418.426000, 1591044612.368000
1591044612.380000, 1591044613.379000, 1591044613.380000, 1591044618.141000, 1591044618.141000, 1591044748.429000
1591044748.446000, 1591044749.794000, 1591044749.794000, 1591044755.228000, 1591044755.228000, 1591044813.375000
