read_start,read_end,cpu_start,cpu_end,write_start,write_end
1591028941.918000, 1591028963.278000, 1591028963.278000, 1591028967.642000, 1591028967.642000, 1591028968.727000
1591028968.737000, 1591028969.787000, 1591028969.788000, 1591028974.329000, 1591028974.329000, 1591028975.459000
1591028975.468000, 1591028976.449000, 1591028976.449000, 1591028981.190000, 1591028981.190000, 1591028982.442000
