read_start,read_end,cpu_start,cpu_end,write_start,write_end
1591029286.534000, 1591029313.154000, 1591029313.154000, 1591029317.738000, 1591029317.738000, 1591029318.912000
1591029318.923000, 1591029319.907000, 1591029319.908000, 1591029324.736000, 1591029324.736000, 1591029326.060000
1591029326.070000, 1591029327.120000, 1591029327.120000, 1591029331.908000, 1591029331.908000, 1591029333.183000
