read_start,read_end,cpu_start,cpu_end,write_start,write_end
1591040956.201000, 1591041099.662000, 1591041099.662000, 1591041105.389000, 1591041105.389000, 1591041235.914000
1591041235.927000, 1591041236.874000, 1591041236.874000, 1591041241.358000, 1591041241.358000, 1591041372.189000
1591041372.202000, 1591041373.136000, 1591041373.136000, 1591041377.539000, 1591041377.539000, 1591041424.141000
