read_start,read_end,cpu_start,cpu_end,write_start,write_end
1591041740.177000, 1591041888.755000, 1591041888.755000, 1591041894.453000, 1591041894.453000, 1591042000.333000
1591042000.348000, 1591042001.634000, 1591042001.634000, 1591042006.908000, 1591042006.908000, 1591042152.734000
1591042152.781000, 1591042153.950000, 1591042153.950000, 1591042158.916000, 1591042158.916000, 1591042231.294000
