read_start,read_end,cpu_start,cpu_end,write_start,write_end
1591032796.500000, 1591032868.819000, 1591032868.819000, 1591032873.636000, 1591032873.636000, 1591032874.829000
1591032874.841000, 1591032875.832000, 1591032875.832000, 1591032881.218000, 1591032881.218000, 1591032883.582000
1591032883.596000, 1591032884.676000, 1591032884.676000, 1591032889.468000, 1591032889.468000, 1591032968.058000
