read_start,read_end,cpu_start,cpu_end,write_start,write_end
1591041740.176000, 1591041887.246000, 1591041887.246000, 1591041893.012000, 1591041893.012000, 1591041894.422000
1591041894.436000, 1591041895.450000, 1591041895.450000, 1591041900.380000, 1591041900.380000, 1591042080.911000
1591042080.927000, 1591042082.204000, 1591042082.204000, 1591042087.541000, 1591042087.541000, 1591042217.057000
