read_start,read_end,cpu_start,cpu_end,write_start,write_end
1591037345.557000, 1591037462.102000, 1591037462.102000, 1591037468.037000, 1591037468.037000, 1591037470.254000
1591037470.266000, 1591037471.377000, 1591037471.377000, 1591037476.249000, 1591037476.249000, 1591037612.193000
1591037612.207000, 1591037613.633000, 1591037613.633000, 1591037619.119000, 1591037619.119000, 1591037715.431000
