read_start,read_end,cpu_start,cpu_end,write_start,write_end
1591035454.630000, 1591035554.419000, 1591035554.419000, 1591035559.770000, 1591035559.770000, 1591035561.038000
1591035561.051000, 1591035562.209000, 1591035562.209000, 1591035567.267000, 1591035567.267000, 1591035665.975000
1591035665.988000, 1591035666.940000, 1591035666.940000, 1591035671.362000, 1591035671.362000, 1591035741.504000
