read_start,read_end,cpu_start,cpu_end,write_start,write_end
1591039452.296000, 1591039581.161000, 1591039581.161000, 1591039586.793000, 1591039586.793000, 1591039588.140000
1591039588.151000, 1591039589.284000, 1591039589.284000, 1591039594.548000, 1591039594.548000, 1591039740.265000
1591039740.279000, 1591039741.315000, 1591039741.315000, 1591039746.451000, 1591039746.451000, 1591039863.412000
