read_start,read_end,cpu_start,cpu_end,write_start,write_end
1591044247.026000, 1591044411.571000, 1591044411.571000, 1591044417.939000, 1591044417.939000, 1591044608.592000
1591044608.605000, 1591044610.353000, 1591044610.353000, 1591044615.809000, 1591044615.809000, 1591044745.841000
1591044745.937000, 1591044747.224000, 1591044747.224000, 1591044752.150000, 1591044752.150000, 1591044812.850000
