read_start,read_end,cpu_start,cpu_end,write_start,write_end
1591035454.617000, 1591035551.957000, 1591035551.957000, 1591035557.327000, 1591035557.327000, 1591035558.543000
1591035558.554000, 1591035559.689000, 1591035559.689000, 1591035565.264000, 1591035565.264000, 1591035590.735000
1591035590.749000, 1591035591.715000, 1591035591.715000, 1591035596.309000, 1591035596.309000, 1591035697.343000
