read_start,read_end,cpu_start,cpu_end,write_start,write_end
1591037345.553000, 1591037461.809000, 1591037461.809000, 1591037467.161000, 1591037467.161000, 1591037468.500000
1591037468.514000, 1591037469.688000, 1591037469.688000, 1591037474.808000, 1591037474.808000, 1591037609.290000
1591037609.303000, 1591037610.277000, 1591037610.277000, 1591037615.215000, 1591037615.215000, 1591037714.528000
