read_start,read_end,cpu_start,cpu_end,write_start,write_end
1591032796.492000, 1591032869.273000, 1591032869.273000, 1591032874.318000, 1591032874.318000, 1591032875.637000
1591032875.648000, 1591032876.636000, 1591032876.636000, 1591032881.703000, 1591032881.703000, 1591032885.794000
1591032885.808000, 1591032886.847000, 1591032886.847000, 1591032891.437000, 1591032891.437000, 1591032969.316000
