read_start,read_end,cpu_start,cpu_end,write_start,write_end
1591043389.064000, 1591043538.221000, 1591043538.221000, 1591043542.845000, 1591043542.845000, 1591043544.474000
1591043544.486000, 1591043545.529000, 1591043545.529000, 1591043551.132000, 1591043551.132000, 1591043552.748000
1591043552.761000, 1591043553.951000, 1591043553.951000, 1591043558.773000, 1591043558.773000, 1591043751.939000
