read_start,read_end,cpu_start,cpu_end,write_start,write_end
1591045130.341000, 1591045292.657000, 1591045292.657000, 1591045297.872000, 1591045297.872000, 1591045299.428000
1591045299.439000, 1591045300.517000, 1591045300.517000, 1591045306.205000, 1591045306.205000, 1591045497.321000
1591045497.336000, 1591045498.308000, 1591045498.308000, 1591045503.404000, 1591045503.404000, 1591045632.682000
