read_start,read_end,cpu_start,cpu_end,write_start,write_end
1591044247.025000, 1591044411.318000, 1591044411.318000, 1591044417.134000, 1591044417.134000, 1591044596.941000
1591044596.956000, 1591044597.938000, 1591044597.938000, 1591044602.505000, 1591044602.505000, 1591044737.230000
1591044737.252000, 1591044738.248000, 1591044738.248000, 1591044742.836000, 1591044742.836000, 1591044810.236000
