read_start,read_end,cpu_start,cpu_end,write_start,write_end
1591038727.874000, 1591038852.393000, 1591038852.394000, 1591038857.664000, 1591038857.664000, 1591038858.998000
1591038859.009000, 1591038860.028000, 1591038860.028000, 1591038865.328000, 1591038865.328000, 1591039010.675000
1591039010.688000, 1591039012.057000, 1591039012.057000, 1591039018.018000, 1591039018.018000, 1591039130.160000
