read_start,read_end,cpu_start,cpu_end,write_start,write_end
1591033789.911000, 1591033869.586000, 1591033869.586000, 1591033874.720000, 1591033874.720000, 1591033875.956000
1591033875.966000, 1591033876.995000, 1591033876.995000, 1591033881.791000, 1591033881.791000, 1591033883.046000
1591033883.056000, 1591033884.085000, 1591033884.085000, 1591033888.907000, 1591033888.907000, 1591033988.014000
