read_start,read_end,cpu_start,cpu_end,write_start,write_end
1591034320.410000, 1591034408.831000, 1591034408.831000, 1591034413.866000, 1591034413.866000, 1591034415.109000
1591034415.121000, 1591034416.134000, 1591034416.134000, 1591034421.395000, 1591034421.395000, 1591034477.015000
1591034477.031000, 1591034477.999000, 1591034477.999000, 1591034482.625000, 1591034482.625000, 1591034554.255000
