read_start,read_end,cpu_start,cpu_end,write_start,write_end
1591029637.086000, 1591029669.025000, 1591029669.025000, 1591029673.628000, 1591029673.628000, 1591029674.794000
1591029674.805000, 1591029675.781000, 1591029675.781000, 1591029680.879000, 1591029680.879000, 1591029682.167000
1591029682.178000, 1591029683.269000, 1591029683.269000, 1591029688.016000, 1591029688.016000, 1591029689.185000
