read_start,read_end,cpu_start,cpu_end,write_start,write_end
1591040956.200000, 1591041096.488000, 1591041096.488000, 1591041102.384000, 1591041102.384000, 1591041103.724000
1591041103.737000, 1591041104.766000, 1591041104.766000, 1591041109.682000, 1591041109.682000, 1591041275.361000
1591041275.374000, 1591041276.356000, 1591041276.356000, 1591041281.018000, 1591041281.018000, 1591041403.590000
