read_start,read_end,cpu_start,cpu_end,write_start,write_end
1591039452.301000, 1591039585.085000, 1591039585.085000, 1591039590.972000, 1591039590.972000, 1591039699.721000
1591039699.736000, 1591039701.697000, 1591039701.697000, 1591039707.979000, 1591039707.979000, 1591039830.801000
1591039830.912000, 1591039832.669000, 1591039832.669000, 1591039837.792000, 1591039837.792000, 1591039875.079000
