read_start,read_end,cpu_start,cpu_end,write_start,write_end
1591044247.004000, 1591044406.259000, 1591044406.259000, 1591044411.728000, 1591044411.728000, 1591044413.027000
1591044413.039000, 1591044414.235000, 1591044414.235000, 1591044419.538000, 1591044419.538000, 1591044615.430000
1591044615.443000, 1591044616.419000, 1591044616.419000, 1591044621.100000, 1591044621.100000, 1591044751.996000
