read_start,read_end,cpu_start,cpu_end,write_start,write_end
1591038727.885000, 1591038847.044000, 1591038847.044000, 1591038851.562000, 1591038851.562000, 1591038853.661000
1591038853.670000, 1591038854.647000, 1591038854.647000, 1591038860.066000, 1591038860.066000, 1591038861.775000
1591038861.785000, 1591038862.768000, 1591038862.768000, 1591038868.085000, 1591038868.085000, 1591039016.722000
