read_start,read_end,cpu_start,cpu_end,write_start,write_end
1591036059.894000, 1591036165.226000, 1591036165.226000, 1591036170.538000, 1591036170.538000, 1591036172.173000
1591036172.183000, 1591036173.278000, 1591036173.278000, 1591036178.282000, 1591036178.282000, 1591036289.902000
1591036289.916000, 1591036291.255000, 1591036291.255000, 1591036296.273000, 1591036296.273000, 1591036374.026000
