read_start,read_end,cpu_start,cpu_end,write_start,write_end
1591035454.624000, 1591035554.059000, 1591035554.059000, 1591035559.274000, 1591035559.274000, 1591035560.503000
1591035560.515000, 1591035561.537000, 1591035561.538000, 1591035567.015000, 1591035567.015000, 1591035660.689000
1591035660.704000, 1591035661.756000, 1591035661.756000, 1591035666.576000, 1591035666.576000, 1591035739.317000
