read_start,read_end,cpu_start,cpu_end,write_start,write_end
1591029993.812000, 1591030031.056000, 1591030031.056000, 1591030035.822000, 1591030035.822000, 1591030037.053000
1591030037.064000, 1591030038.077000, 1591030038.077000, 1591030042.924000, 1591030042.924000, 1591030044.293000
1591030044.304000, 1591030045.366000, 1591030045.366000, 1591030050.203000, 1591030050.203000, 1591030051.528000
