read_start,read_end,cpu_start,cpu_end,write_start,write_end
1591045130.365000, 1591045299.730000, 1591045299.730000, 1591045306.218000, 1591045306.218000, 1591045497.318000
1591045497.334000, 1591045498.435000, 1591045498.435000, 1591045503.180000, 1591045503.180000, 1591045632.244000
1591045632.258000, 1591045633.202000, 1591045633.202000, 1591045637.903000, 1591045637.903000, 1591045717.888000
