read_start,read_end,cpu_start,cpu_end,write_start,write_end
1591040191.324000, 1591040329.501000, 1591040329.501000, 1591040335.548000, 1591040335.548000, 1591040450.656000
1591040450.670000, 1591040452.080000, 1591040452.080000, 1591040456.950000, 1591040456.950000, 1591040591.086000
1591040591.149000, 1591040592.849000, 1591040592.850000, 1591040598.539000, 1591040598.539000, 1591040641.031000
