read_start,read_end,cpu_start,cpu_end,write_start,write_end
1591037345.546000, 1591037455.903000, 1591037455.903000, 1591037460.821000, 1591037460.821000, 1591037462.682000
1591037462.694000, 1591037463.694000, 1591037463.694000, 1591037469.151000, 1591037469.151000, 1591037521.944000
1591037521.959000, 1591037522.911000, 1591037522.911000, 1591037527.835000, 1591037527.835000, 1591037648.263000
