read_start,read_end,cpu_start,cpu_end,write_start,write_end
1591041740.191000, 1591041886.971000, 1591041886.971000, 1591041892.870000, 1591041892.870000, 1591041894.161000
1591041894.174000, 1591041895.170000, 1591041895.170000, 1591041899.980000, 1591041899.980000, 1591042080.775000
1591042080.790000, 1591042081.783000, 1591042081.783000, 1591042086.515000, 1591042086.515000, 1591042216.543000
