read_start,read_end,cpu_start,cpu_end,write_start,write_end
1591045130.336000, 1591045300.702000, 1591045300.702000, 1591045306.501000, 1591045306.501000, 1591045498.856000
1591045498.870000, 1591045500.427000, 1591045500.427000, 1591045505.581000, 1591045505.581000, 1591045635.505000
1591045635.565000, 1591045636.704000, 1591045636.704000, 1591045641.853000, 1591045641.853000, 1591045719.757000
