read_start,read_end,cpu_start,cpu_end,write_start,write_end
1591033789.916000, 1591033869.723000, 1591033869.723000, 1591033874.630000, 1591033874.630000, 1591033876.008000
1591033876.018000, 1591033877.074000, 1591033877.074000, 1591033881.994000, 1591033881.994000, 1591033883.251000
1591033883.261000, 1591033884.284000, 1591033884.284000, 1591033889.122000, 1591033889.122000, 1591033988.836000
