read_start,read_end,cpu_start,cpu_end,write_start,write_end
1591032796.492000, 1591032866.732000, 1591032866.732000, 1591032871.609000, 1591032871.609000, 1591032872.825000
1591032872.835000, 1591032873.777000, 1591032873.777000, 1591032878.515000, 1591032878.515000, 1591032879.571000
1591032879.580000, 1591032880.577000, 1591032880.577000, 1591032885.248000, 1591032885.248000, 1591032954.414000
