read_start,read_end,cpu_start,cpu_end,write_start,write_end
1591038028.934000, 1591038148.645000, 1591038148.645000, 1591038154.453000, 1591038154.453000, 1591038155.712000
1591038155.724000, 1591038156.922000, 1591038156.922000, 1591038162.514000, 1591038162.514000, 1591038287.439000
1591038287.454000, 1591038288.460000, 1591038288.460000, 1591038293.311000, 1591038293.311000, 1591038405.308000
