read_start,read_end,cpu_start,cpu_end,write_start,write_end
1591035454.617000, 1591035555.198000, 1591035555.198000, 1591035561.039000, 1591035561.039000, 1591035562.279000
1591035562.290000, 1591035563.321000, 1591035563.322000, 1591035568.336000, 1591035568.336000, 1591035680.277000
1591035680.293000, 1591035681.354000, 1591035681.354000, 1591035685.797000, 1591035685.797000, 1591035745.851000
