read_start,read_end,cpu_start,cpu_end,write_start,write_end
1591036689.222000, 1591036800.950000, 1591036800.951000, 1591036806.712000, 1591036806.712000, 1591036857.433000
1591036857.449000, 1591036858.389000, 1591036858.389000, 1591036862.838000, 1591036862.838000, 1591036963.285000
1591036963.301000, 1591036964.379000, 1591036964.379000, 1591036968.985000, 1591036968.985000, 1591037032.309000
