read_start,read_end,cpu_start,cpu_end,write_start,write_end
1591044247.004000, 1591044410.150000, 1591044410.150000, 1591044416.171000, 1591044416.171000, 1591044569.573000
1591044569.588000, 1591044571.350000, 1591044571.350000, 1591044577.033000, 1591044577.033000, 1591044720.496000
1591044720.576000, 1591044721.687000, 1591044721.687000, 1591044726.198000, 1591044726.198000, 1591044800.921000
