read_start,read_end,cpu_start,cpu_end,write_start,write_end
1591033789.911000, 1591033872.827000, 1591033872.827000, 1591033878.229000, 1591033878.229000, 1591033879.400000
1591033879.412000, 1591033880.535000, 1591033880.535000, 1591033885.909000, 1591033885.909000, 1591033914.747000
1591033914.763000, 1591033915.883000, 1591033915.883000, 1591033920.713000, 1591033920.713000, 1591033997.521000
