read_start,read_end,cpu_start,cpu_end,write_start,write_end
1591044247.026000, 1591044408.768000, 1591044408.768000, 1591044414.704000, 1591044414.704000, 1591044462.633000
1591044462.675000, 1591044464.707000, 1591044464.707000, 1591044469.867000, 1591044469.867000, 1591044633.766000
1591044633.856000, 1591044635.783000, 1591044635.783000, 1591044640.961000, 1591044640.961000, 1591044761.097000
