read_start,read_end,cpu_start,cpu_end,write_start,write_end
1591034320.413000, 1591034408.644000, 1591034408.644000, 1591034413.715000, 1591034413.715000, 1591034414.948000
1591034414.960000, 1591034415.979000, 1591034415.979000, 1591034421.253000, 1591034421.253000, 1591034469.513000
1591034469.529000, 1591034470.499000, 1591034470.500000, 1591034475.087000, 1591034475.087000, 1591034550.565000
