read_start,read_end,cpu_start,cpu_end,write_start,write_end
1591032334.238000, 1591032401.737000, 1591032401.738000, 1591032406.921000, 1591032406.921000, 1591032408.053000
1591032408.063000, 1591032409.155000, 1591032409.155000, 1591032414.259000, 1591032414.259000, 1591032415.871000
1591032415.881000, 1591032416.942000, 1591032416.942000, 1591032421.636000, 1591032421.636000, 1591032486.309000
