read_start,read_end,cpu_start,cpu_end,write_start,write_end
1591042553.268000, 1591042706.766000, 1591042706.766000, 1591042712.621000, 1591042712.621000, 1591042857.224000
1591042857.239000, 1591042858.252000, 1591042858.252000, 1591042862.732000, 1591042862.732000, 1591042985.767000
1591042985.784000, 1591042986.771000, 1591042986.771000, 1591042991.230000, 1591042991.230000, 1591043066.691000
