read_start,read_end,cpu_start,cpu_end,write_start,write_end
1591034320.412000, 1591034408.635000, 1591034408.635000, 1591034413.834000, 1591034413.834000, 1591034415.136000
1591034415.149000, 1591034416.175000, 1591034416.175000, 1591034421.429000, 1591034421.429000, 1591034478.031000
1591034478.043000, 1591034479.085000, 1591034479.085000, 1591034483.466000, 1591034483.466000, 1591034554.580000
