read_start,read_end,cpu_start,cpu_end,write_start,write_end
1591045130.365000, 1591045299.233000, 1591045299.233000, 1591045305.393000, 1591045305.393000, 1591045489.887000
1591045489.901000, 1591045491.800000, 1591045491.800000, 1591045496.825000, 1591045496.825000, 1591045623.882000
1591045623.973000, 1591045625.801000, 1591045625.801000, 1591045630.818000, 1591045630.818000, 1591045714.666000
