read_start,read_end,cpu_start,cpu_end,write_start,write_end
1591032334.234000, 1591032400.609000, 1591032400.609000, 1591032405.739000, 1591032405.739000, 1591032406.882000
1591032406.892000, 1591032407.966000, 1591032407.966000, 1591032412.947000, 1591032412.947000, 1591032414.236000
1591032414.247000, 1591032415.284000, 1591032415.284000, 1591032420.084000, 1591032420.084000, 1591032482.221000
