read_start,read_end,cpu_start,cpu_end,write_start,write_end
1591038727.874000, 1591038853.231000, 1591038853.231000, 1591038859.151000, 1591038859.151000, 1591038860.388000
1591038860.400000, 1591038861.556000, 1591038861.556000, 1591038866.621000, 1591038866.621000, 1591039015.249000
1591039015.265000, 1591039016.261000, 1591039016.261000, 1591039021.605000, 1591039021.605000, 1591039132.113000
