read_start,read_end,cpu_start,cpu_end,write_start,write_end
1591032334.237000, 1591032400.412000, 1591032400.413000, 1591032405.277000, 1591032405.277000, 1591032406.457000
1591032406.468000, 1591032407.484000, 1591032407.484000, 1591032412.607000, 1591032412.607000, 1591032413.829000
1591032413.840000, 1591032414.843000, 1591032414.843000, 1591032419.661000, 1591032419.661000, 1591032479.824000
