read_start,read_end,cpu_start,cpu_end,write_start,write_end
1591037345.542000, 1591037461.646000, 1591037461.646000, 1591037467.349000, 1591037467.349000, 1591037468.670000
1591037468.684000, 1591037469.861000, 1591037469.861000, 1591037474.964000, 1591037474.964000, 1591037609.834000
1591037609.848000, 1591037611.176000, 1591037611.176000, 1591037617.048000, 1591037617.048000, 1591037715.079000
