read_start,read_end,cpu_start,cpu_end,write_start,write_end
1591035454.628000, 1591035552.337000, 1591035552.337000, 1591035557.639000, 1591035557.639000, 1591035558.847000
1591035558.858000, 1591035559.850000, 1591035559.851000, 1591035565.432000, 1591035565.432000, 1591035602.891000
1591035602.907000, 1591035603.871000, 1591035603.871000, 1591035608.479000, 1591035608.479000, 1591035704.649000
