read_start,read_end,cpu_start,cpu_end,write_start,write_end
1591045130.351000, 1591045299.043000, 1591045299.043000, 1591045304.850000, 1591045304.850000, 1591045481.049000
1591045481.062000, 1591045482.028000, 1591045482.028000, 1591045486.466000, 1591045486.466000, 1591045616.009000
1591045616.022000, 1591045617.248000, 1591045617.248000, 1591045622.188000, 1591045622.188000, 1591045711.279000
