read_start,read_end,cpu_start,cpu_end,write_start,write_end
1591038727.874000, 1591038855.288000, 1591038855.289000, 1591038861.184000, 1591038861.184000, 1591038934.563000
1591038934.579000, 1591038935.683000, 1591038935.683000, 1591038940.318000, 1591038940.318000, 1591039064.696000
1591039064.711000, 1591039065.734000, 1591039065.734000, 1591039070.440000, 1591039070.440000, 1591039136.642000
