read_start,read_end,cpu_start,cpu_end,write_start,write_end
1591044247.004000, 1591044408.936000, 1591044408.936000, 1591044414.943000, 1591044414.943000, 1591044492.292000
1591044492.309000, 1591044494.154000, 1591044494.154000, 1591044499.917000, 1591044499.917000, 1591044658.283000
1591044658.379000, 1591044659.744000, 1591044659.744000, 1591044664.266000, 1591044664.266000, 1591044770.034000
