read_start,read_end,cpu_start,cpu_end,write_start,write_end
1591032334.234000, 1591032399.063000, 1591032399.063000, 1591032404.260000, 1591032404.260000, 1591032405.288000
1591032405.298000, 1591032406.305000, 1591032406.305000, 1591032411.067000, 1591032411.067000, 1591032412.279000
1591032412.287000, 1591032413.277000, 1591032413.277000, 1591032418.015000, 1591032418.015000, 1591032460.776000
