read_start,read_end,cpu_start,cpu_end,write_start,write_end
1591036059.900000, 1591036158.102000, 1591036158.102000, 1591036162.893000, 1591036162.893000, 1591036163.985000
1591036163.994000, 1591036165.072000, 1591036165.072000, 1591036170.288000, 1591036170.288000, 1591036171.636000
1591036171.650000, 1591036172.740000, 1591036172.740000, 1591036177.793000, 1591036177.793000, 1591036287.466000
