read_start,read_end,cpu_start,cpu_end,write_start,write_end
1591034876.071000, 1591034971.001000, 1591034971.001000, 1591034976.551000, 1591034976.551000, 1591034977.730000
1591034977.743000, 1591034978.859000, 1591034978.859000, 1591034983.938000, 1591034983.938000, 1591035085.141000
1591035085.153000, 1591035086.102000, 1591035086.102000, 1591035090.716000, 1591035090.716000, 1591035140.517000
