read_start,read_end,cpu_start,cpu_end,write_start,write_end
1591041740.190000, 1591041880.622000, 1591041880.622000, 1591041885.608000, 1591041885.608000, 1591041886.693000
1591041886.703000, 1591041887.811000, 1591041887.811000, 1591041893.558000, 1591041893.558000, 1591041896.441000
1591041896.454000, 1591041897.472000, 1591041897.472000, 1591041902.348000, 1591041902.348000, 1591042081.286000
