read_start,read_end,cpu_start,cpu_end,write_start,write_end
1591045130.367000, 1591045300.518000, 1591045300.518000, 1591045306.209000, 1591045306.209000, 1591045497.403000
1591045497.415000, 1591045498.396000, 1591045498.396000, 1591045503.147000, 1591045503.147000, 1591045632.172000
1591045632.186000, 1591045633.129000, 1591045633.129000, 1591045638.435000, 1591045638.435000, 1591045718.246000
