read_start,read_end,cpu_start,cpu_end,write_start,write_end
1591029637.086000, 1591029669.041000, 1591029669.041000, 1591029673.643000, 1591029673.643000, 1591029674.817000
1591029674.827000, 1591029675.885000, 1591029675.885000, 1591029680.555000, 1591029680.555000, 1591029681.845000
1591029681.855000, 1591029682.952000, 1591029682.952000, 1591029687.934000, 1591029687.934000, 1591029689.250000
