read_start,read_end,cpu_start,cpu_end,write_start,write_end
1591045130.336000, 1591045287.544000, 1591045287.544000, 1591045292.931000, 1591045292.931000, 1591045294.057000
1591045294.067000, 1591045295.177000, 1591045295.177000, 1591045300.189000, 1591045300.189000, 1591045302.238000
1591045302.250000, 1591045303.275000, 1591045303.275000, 1591045308.540000, 1591045308.540000, 1591045502.461000
