read_start,read_end,cpu_start,cpu_end,write_start,write_end
1591035454.631000, 1591035555.181000, 1591035555.181000, 1591035560.725000, 1591035560.725000, 1591035561.992000
1591035562.005000, 1591035562.972000, 1591035562.972000, 1591035567.940000, 1591035567.940000, 1591035675.995000
1591035676.007000, 1591035676.913000, 1591035676.913000, 1591035681.349000, 1591035681.349000, 1591035744.989000
