read_start,read_end,cpu_start,cpu_end,write_start,write_end
1591033283.210000, 1591033359.299000, 1591033359.300000, 1591033364.262000, 1591033364.262000, 1591033365.527000
1591033365.537000, 1591033366.524000, 1591033366.524000, 1591033371.928000, 1591033371.928000, 1591033373.160000
1591033373.170000, 1591033374.261000, 1591033374.261000, 1591033379.065000, 1591033379.065000, 1591033467.396000
