read_start,read_end,cpu_start,cpu_end,write_start,write_end
1591038727.884000, 1591038853.275000, 1591038853.275000, 1591038858.660000, 1591038858.660000, 1591038859.893000
1591038859.903000, 1591038860.921000, 1591038860.922000, 1591038866.148000, 1591038866.148000, 1591039014.090000
1591039014.103000, 1591039015.624000, 1591039015.624000, 1591039021.490000, 1591039021.490000, 1591039132.267000
