read_start,read_end,cpu_start,cpu_end,write_start,write_end
1591033283.200000, 1591033361.011000, 1591033361.011000, 1591033366.344000, 1591033366.344000, 1591033367.462000
1591033367.473000, 1591033368.602000, 1591033368.602000, 1591033373.755000, 1591033373.755000, 1591033397.292000
1591033397.307000, 1591033398.273000, 1591033398.273000, 1591033402.876000, 1591033402.876000, 1591033472.736000
