read_start,read_end,cpu_start,cpu_end,write_start,write_end
1591036689.229000, 1591036799.245000, 1591036799.245000, 1591036804.902000, 1591036804.902000, 1591036806.099000
1591036806.111000, 1591036807.280000, 1591036807.280000, 1591036812.220000, 1591036812.220000, 1591036927.530000
1591036927.543000, 1591036928.584000, 1591036928.584000, 1591036933.468000, 1591036933.468000, 1591037028.574000
