read_start,read_end,cpu_start,cpu_end,write_start,write_end
1591045130.345000, 1591045283.994000, 1591045283.994000, 1591045288.915000, 1591045288.915000, 1591045290.857000
1591045290.867000, 1591045291.956000, 1591045291.956000, 1591045297.360000, 1591045297.360000, 1591045298.674000
1591045298.684000, 1591045299.960000, 1591045299.960000, 1591045305.867000, 1591045305.867000, 1591045494.640000
