read_start,read_end,cpu_start,cpu_end,write_start,write_end
1591040956.193000, 1591041096.990000, 1591041096.990000, 1591041102.658000, 1591041102.658000, 1591041104.036000
1591041104.050000, 1591041105.213000, 1591041105.213000, 1591041110.092000, 1591041110.092000, 1591041275.459000
1591041275.472000, 1591041276.450000, 1591041276.451000, 1591041281.236000, 1591041281.236000, 1591041403.760000
