read_start,read_end,cpu_start,cpu_end,write_start,write_end
1591029993.813000, 1591030031.037000, 1591030031.037000, 1591030035.794000, 1591030035.794000, 1591030037.013000
1591030037.024000, 1591030038.003000, 1591030038.003000, 1591030042.731000, 1591030042.731000, 1591030043.933000
1591030043.944000, 1591030044.941000, 1591030044.941000, 1591030049.867000, 1591030049.867000, 1591030051.143000
