read_start,read_end,cpu_start,cpu_end,write_start,write_end
1591032796.492000, 1591032871.035000, 1591032871.035000, 1591032875.783000, 1591032875.783000, 1591032876.880000
1591032876.890000, 1591032877.991000, 1591032877.991000, 1591032883.001000, 1591032883.001000, 1591032927.265000
1591032927.280000, 1591032928.222000, 1591032928.222000, 1591032932.821000, 1591032932.821000, 1591032972.649000
