read_start,read_end,cpu_start,cpu_end,write_start,write_end
1591040191.333000, 1591040327.450000, 1591040327.450000, 1591040333.367000, 1591040333.367000, 1591040334.847000
1591040334.858000, 1591040335.851000, 1591040335.851000, 1591040340.732000, 1591040340.732000, 1591040504.406000
1591040504.420000, 1591040505.402000, 1591040505.402000, 1591040510.112000, 1591040510.112000, 1591040629.497000
