read_start,read_end,cpu_start,cpu_end,write_start,write_end
1591038727.876000, 1591038854.853000, 1591038854.854000, 1591038860.521000, 1591038860.521000, 1591038865.559000
1591038865.573000, 1591038866.679000, 1591038866.679000, 1591038871.184000, 1591038871.184000, 1591039017.753000
1591039017.766000, 1591039018.747000, 1591039018.747000, 1591039023.529000, 1591039023.529000, 1591039132.696000
