read_start,read_end,cpu_start,cpu_end,write_start,write_end
1591040956.185000, 1591041087.686000, 1591041087.686000, 1591041092.371000, 1591041092.371000, 1591041094.192000
1591041094.202000, 1591041095.153000, 1591041095.153000, 1591041100.189000, 1591041100.189000, 1591041101.427000
1591041101.436000, 1591041102.431000, 1591041102.431000, 1591041107.768000, 1591041107.768000, 1591041268.198000
