read_start,read_end,cpu_start,cpu_end,write_start,write_end
1591030727.820000, 1591030775.556000, 1591030775.556000, 1591030780.344000, 1591030780.344000, 1591030781.606000
1591030781.618000, 1591030782.601000, 1591030782.601000, 1591030787.325000, 1591030787.325000, 1591030788.545000
1591030788.557000, 1591030789.533000, 1591030789.533000, 1591030794.257000, 1591030794.257000, 1591030797.343000
