read_start,read_end,cpu_start,cpu_end,write_start,write_end
1591036059.894000, 1591036165.143000, 1591036165.143000, 1591036170.847000, 1591036170.847000, 1591036172.893000
1591036172.904000, 1591036174.052000, 1591036174.052000, 1591036179.193000, 1591036179.193000, 1591036292.620000
1591036292.633000, 1591036293.861000, 1591036293.861000, 1591036299.391000, 1591036299.391000, 1591036375.209000
