read_start,read_end,cpu_start,cpu_end,write_start,write_end
1591045130.348000, 1591045293.664000, 1591045293.664000, 1591045298.921000, 1591045298.921000, 1591045300.574000
1591045300.585000, 1591045301.688000, 1591045301.688000, 1591045307.233000, 1591045307.233000, 1591045501.234000
1591045501.247000, 1591045502.222000, 1591045502.223000, 1591045507.385000, 1591045507.385000, 1591045637.025000
