read_start,read_end,cpu_start,cpu_end,write_start,write_end
1591036689.226000, 1591036789.360000, 1591036789.361000, 1591036794.119000, 1591036794.119000, 1591036795.156000
1591036795.165000, 1591036796.109000, 1591036796.109000, 1591036800.945000, 1591036800.945000, 1591036802.083000
1591036802.092000, 1591036803.083000, 1591036803.083000, 1591036808.450000, 1591036808.450000, 1591036901.063000
