read_start,read_end,cpu_start,cpu_end,write_start,write_end
1591034320.410000, 1591034410.464000, 1591034410.464000, 1591034416.209000, 1591034416.209000, 1591034417.368000
1591034417.377000, 1591034418.358000, 1591034418.358000, 1591034423.445000, 1591034423.445000, 1591034517.371000
1591034517.384000, 1591034518.331000, 1591034518.331000, 1591034522.935000, 1591034522.935000, 1591034563.220000
