read_start,read_end,cpu_start,cpu_end,write_start,write_end
1591034320.410000, 1591034407.581000, 1591034407.581000, 1591034412.677000, 1591034412.677000, 1591034413.890000
1591034413.902000, 1591034414.941000, 1591034414.941000, 1591034420.136000, 1591034420.136000, 1591034422.139000
1591034422.150000, 1591034423.246000, 1591034423.246000, 1591034427.916000, 1591034427.916000, 1591034532.036000
