read_start,read_end,cpu_start,cpu_end,write_start,write_end
1591040956.185000, 1591041093.788000, 1591041093.788000, 1591041099.308000, 1591041099.308000, 1591041100.560000
1591041100.572000, 1591041101.728000, 1591041101.728000, 1591041107.177000, 1591041107.177000, 1591041264.187000
1591041264.202000, 1591041265.183000, 1591041265.183000, 1591041269.791000, 1591041269.791000, 1591041392.948000
