read_start,read_end,cpu_start,cpu_end,write_start,write_end
1591040956.185000, 1591041098.995000, 1591041098.995000, 1591041104.896000, 1591041104.896000, 1591041222.165000
1591041222.226000, 1591041224.155000, 1591041224.155000, 1591041228.808000, 1591041228.808000, 1591041361.130000
1591041361.228000, 1591041362.773000, 1591041362.773000, 1591041368.040000, 1591041368.040000, 1591041422.102000
