read_start,read_end,cpu_start,cpu_end,write_start,write_end
1591028271.491000, 1591028282.461000, 1591028282.462000, 1591028287.211000, 1591028287.211000, 1591028288.201000
1591028288.210000, 1591028289.259000, 1591028289.259000, 1591028293.902000, 1591028293.902000, 1591028295.064000
1591028295.073000, 1591028296.064000, 1591028296.064000, 1591028300.536000, 1591028300.536000, 1591028301.701000
