read_start,read_end,cpu_start,cpu_end,write_start,write_end
1591027946.533000, 1591027952.436000, 1591027952.436000, 1591027956.781000, 1591027956.781000, 1591027957.756000
1591027957.765000, 1591027958.660000, 1591027958.660000, 1591027963.000000, 1591027963.000000, 1591027963.971000
1591027963.980000, 1591027964.887000, 1591027964.887000, 1591027969.231000, 1591027969.231000, 1591027970.205000
