read_start,read_end,cpu_start,cpu_end,write_start,write_end
1591045130.336000, 1591045296.920000, 1591045296.921000, 1591045302.759000, 1591045302.759000, 1591045425.983000
1591045426.000000, 1591045426.993000, 1591045426.993000, 1591045431.614000, 1591045431.614000, 1591045577.293000
1591045577.310000, 1591045578.274000, 1591045578.274000, 1591045582.942000, 1591045582.942000, 1591045685.408000
