read_start,read_end,cpu_start,cpu_end,write_start,write_end
1591043389.066000, 1591043547.194000, 1591043547.194000, 1591043553.356000, 1591043553.356000, 1591043705.177000
1591043705.191000, 1591043707.079000, 1591043707.079000, 1591043712.372000, 1591043712.372000, 1591043853.734000
1591043853.824000, 1591043855.669000, 1591043855.669000, 1591043860.728000, 1591043860.728000, 1591043927.592000
