read_start,read_end,cpu_start,cpu_end,write_start,write_end
1591045130.361000, 1591045299.545000, 1591045299.545000, 1591045305.274000, 1591045305.274000, 1591045488.059000
1591045488.077000, 1591045489.086000, 1591045489.086000, 1591045493.571000, 1591045493.571000, 1591045621.246000
1591045621.265000, 1591045622.306000, 1591045622.306000, 1591045626.859000, 1591045626.859000, 1591045713.234000
