read_start,read_end,cpu_start,cpu_end,write_start,write_end
1591033789.910000, 1591033872.121000, 1591033872.121000, 1591033877.387000, 1591033877.387000, 1591033878.551000
1591033878.562000, 1591033879.596000, 1591033879.596000, 1591033884.422000, 1591033884.422000, 1591033885.700000
1591033885.710000, 1591033886.817000, 1591033886.817000, 1591033891.615000, 1591033891.615000, 1591033991.340000
