read_start,read_end,cpu_start,cpu_end,write_start,write_end
1591032796.493000, 1591032867.587000, 1591032867.587000, 1591032872.827000, 1591032872.827000, 1591032873.922000
1591032873.932000, 1591032874.935000, 1591032874.935000, 1591032879.749000, 1591032879.749000, 1591032880.984000
1591032880.994000, 1591032882.023000, 1591032882.023000, 1591032886.699000, 1591032886.699000, 1591032962.049000
