read_start,read_end,cpu_start,cpu_end,write_start,write_end
1591038028.926000, 1591038147.673000, 1591038147.673000, 1591038152.823000, 1591038152.823000, 1591038154.004000
1591038154.014000, 1591038155.146000, 1591038155.146000, 1591038160.821000, 1591038160.821000, 1591038280.211000
1591038280.256000, 1591038282.013000, 1591038282.013000, 1591038287.978000, 1591038287.978000, 1591038401.392000
