read_start,read_end,cpu_start,cpu_end,write_start,write_end
1591038028.935000, 1591038146.857000, 1591038146.857000, 1591038152.010000, 1591038152.010000, 1591038153.321000
1591038153.331000, 1591038154.318000, 1591038154.318000, 1591038159.512000, 1591038159.512000, 1591038271.251000
1591038271.267000, 1591038272.225000, 1591038272.225000, 1591038276.692000, 1591038276.692000, 1591038389.432000
