read_start,read_end,cpu_start,cpu_end,write_start,write_end
1591034876.073000, 1591034968.318000, 1591034968.318000, 1591034973.221000, 1591034973.221000, 1591034974.373000
1591034974.383000, 1591034975.500000, 1591034975.500000, 1591034980.807000, 1591034980.807000, 1591034984.590000
1591034984.604000, 1591034985.591000, 1591034985.591000, 1591034990.428000, 1591034990.428000, 1591035097.772000
