read_start,read_end,cpu_start,cpu_end,write_start,write_end
1591044247.014000, 1591044406.565000, 1591044406.565000, 1591044411.659000, 1591044411.659000, 1591044412.915000
1591044412.927000, 1591044414.263000, 1591044414.263000, 1591044419.765000, 1591044419.765000, 1591044615.788000
1591044615.816000, 1591044616.800000, 1591044616.800000, 1591044621.598000, 1591044621.598000, 1591044752.382000
