read_start,read_end,cpu_start,cpu_end,write_start,write_end
1591032334.234000, 1591032403.492000, 1591032403.492000, 1591032408.449000, 1591032408.449000, 1591032409.570000
1591032409.580000, 1591032410.546000, 1591032410.546000, 1591032415.629000, 1591032415.629000, 1591032420.175000
1591032420.188000, 1591032421.128000, 1591032421.128000, 1591032425.676000, 1591032425.676000, 1591032487.509000
