read_start,read_end,cpu_start,cpu_end,write_start,write_end
1591044247.004000, 1591044410.541000, 1591044410.541000, 1591044416.525000, 1591044416.525000, 1591044582.380000
1591044582.396000, 1591044583.374000, 1591044583.375000, 1591044587.944000, 1591044587.944000, 1591044727.919000
1591044727.933000, 1591044728.917000, 1591044728.918000, 1591044733.394000, 1591044733.394000, 1591044805.219000
