read_start,read_end,cpu_start,cpu_end,write_start,write_end
1591028941.918000, 1591028963.254000, 1591028963.254000, 1591028968.258000, 1591028968.258000, 1591028969.395000
1591028969.405000, 1591028970.460000, 1591028970.460000, 1591028974.993000, 1591028974.993000, 1591028976.089000
1591028976.098000, 1591028977.039000, 1591028977.039000, 1591028981.622000, 1591028981.622000, 1591028982.783000
