read_start,read_end,cpu_start,cpu_end,write_start,write_end
1591040956.185000, 1591041096.632000, 1591041096.632000, 1591041102.681000, 1591041102.681000, 1591041104.241000
1591041104.254000, 1591041105.405000, 1591041105.405000, 1591041110.254000, 1591041110.254000, 1591041275.652000
1591041275.665000, 1591041276.742000, 1591041276.742000, 1591041281.635000, 1591041281.635000, 1591041404.028000
