read_start,read_end,cpu_start,cpu_end,write_start,write_end
1591045130.343000, 1591045294.848000, 1591045294.848000, 1591045300.068000, 1591045300.068000, 1591045302.135000
1591045302.146000, 1591045303.260000, 1591045303.260000, 1591045308.526000, 1591045308.526000, 1591045502.469000
1591045502.479000, 1591045503.461000, 1591045503.461000, 1591045508.236000, 1591045508.236000, 1591045637.577000
