read_start,read_end,cpu_start,cpu_end,write_start,write_end
1591040191.324000, 1591040328.571000, 1591040328.571000, 1591040334.550000, 1591040334.550000, 1591040387.134000
1591040387.149000, 1591040388.117000, 1591040388.117000, 1591040392.727000, 1591040392.727000, 1591040532.488000
1591040532.503000, 1591040533.505000, 1591040533.505000, 1591040538.137000, 1591040538.137000, 1591040633.787000
