read_start,read_end,cpu_start,cpu_end,write_start,write_end
1591029993.813000, 1591030031.037000, 1591030031.037000, 1591030036.291000, 1591030036.291000, 1591030037.524000
1591030037.533000, 1591030038.646000, 1591030038.646000, 1591030043.372000, 1591030043.372000, 1591030044.578000
1591030044.588000, 1591030045.575000, 1591030045.575000, 1591030050.307000, 1591030050.307000, 1591030051.500000
