read_start,read_end,cpu_start,cpu_end,write_start,write_end
1591038727.888000, 1591038851.266000, 1591038851.267000, 1591038856.696000, 1591038856.696000, 1591038857.949000
1591038857.962000, 1591038859.133000, 1591038859.133000, 1591038864.946000, 1591038864.946000, 1591039008.851000
1591039008.863000, 1591039010.375000, 1591039010.375000, 1591039015.638000, 1591039015.638000, 1591039128.452000
