read_start,read_end,cpu_start,cpu_end,write_start,write_end
1591036059.897000, 1591036165.009000, 1591036165.009000, 1591036170.711000, 1591036170.711000, 1591036172.605000
1591036172.618000, 1591036173.650000, 1591036173.650000, 1591036178.831000, 1591036178.831000, 1591036291.795000
1591036291.808000, 1591036292.843000, 1591036292.843000, 1591036297.783000, 1591036297.783000, 1591036374.702000
