read_start,read_end,cpu_start,cpu_end,write_start,write_end
1591044247.018000, 1591044411.479000, 1591044411.479000, 1591044417.497000, 1591044417.497000, 1591044603.178000
1591044603.192000, 1591044604.419000, 1591044604.419000, 1591044609.370000, 1591044609.370000, 1591044741.836000
1591044741.876000, 1591044743.204000, 1591044743.204000, 1591044748.473000, 1591044748.473000, 1591044812.146000
