read_start,read_end,cpu_start,cpu_end,write_start,write_end
1591030727.820000, 1591030775.427000, 1591030775.427000, 1591030780.559000, 1591030780.559000, 1591030781.780000
1591030781.790000, 1591030782.801000, 1591030782.801000, 1591030787.590000, 1591030787.590000, 1591030788.913000
1591030788.923000, 1591030789.873000, 1591030789.873000, 1591030794.622000, 1591030794.622000, 1591030798.907000
