read_start,read_end,cpu_start,cpu_end,write_start,write_end
1591038727.893000, 1591038855.305000, 1591038855.305000, 1591038861.286000, 1591038861.286000, 1591038941.411000
1591038941.426000, 1591038942.529000, 1591038942.529000, 1591038947.331000, 1591038947.331000, 1591039071.110000
1591039071.123000, 1591039072.901000, 1591039072.901000, 1591039078.467000, 1591039078.467000, 1591039137.132000
