read_start,read_end,cpu_start,cpu_end,write_start,write_end
1591033789.918000, 1591033873.647000, 1591033873.647000, 1591033878.891000, 1591033878.891000, 1591033880.053000
1591033880.063000, 1591033881.176000, 1591033881.176000, 1591033886.330000, 1591033886.330000, 1591033942.309000
1591033942.322000, 1591033943.349000, 1591033943.349000, 1591033947.797000, 1591033947.797000, 1591034006.264000
