read_start,read_end,cpu_start,cpu_end,write_start,write_end
1591030727.821000, 1591030775.711000, 1591030775.711000, 1591030780.686000, 1591030780.686000, 1591030781.882000
1591030781.893000, 1591030782.864000, 1591030782.864000, 1591030787.587000, 1591030787.587000, 1591030788.797000
1591030788.807000, 1591030789.775000, 1591030789.775000, 1591030794.498000, 1591030794.498000, 1591030798.506000
