read_start,read_end,cpu_start,cpu_end,write_start,write_end
1591040956.185000, 1591041097.940000, 1591041097.940000, 1591041103.820000, 1591041103.820000, 1591041162.401000
1591041162.416000, 1591041163.481000, 1591041163.481000, 1591041168.089000, 1591041168.089000, 1591041306.744000
1591041306.759000, 1591041307.813000, 1591041307.813000, 1591041312.572000, 1591041312.572000, 1591041411.424000
