read_start,read_end,cpu_start,cpu_end,write_start,write_end
1591039452.296000, 1591039585.478000, 1591039585.479000, 1591039591.258000, 1591039591.258000, 1591039708.124000
1591039708.137000, 1591039710.009000, 1591039710.009000, 1591039715.262000, 1591039715.262000, 1591039837.190000
1591039837.298000, 1591039838.825000, 1591039838.825000, 1591039843.470000, 1591039843.470000, 1591039875.729000
