read_start,read_end,cpu_start,cpu_end,write_start,write_end
1591036059.893000, 1591036163.844000, 1591036163.844000, 1591036169.130000, 1591036169.130000, 1591036170.312000
1591036170.323000, 1591036171.484000, 1591036171.484000, 1591036177.054000, 1591036177.054000, 1591036282.280000
1591036282.296000, 1591036284.353000, 1591036284.353000, 1591036289.320000, 1591036289.320000, 1591036368.980000
