read_start,read_end,cpu_start,cpu_end,write_start,write_end
1591031494.143000, 1591031551.607000, 1591031551.608000, 1591031556.417000, 1591031556.417000, 1591031557.562000
1591031557.572000, 1591031558.553000, 1591031558.553000, 1591031563.799000, 1591031563.799000, 1591031565.068000
1591031565.078000, 1591031566.105000, 1591031566.105000, 1591031570.965000, 1591031570.965000, 1591031588.605000
