read_start,read_end,cpu_start,cpu_end,write_start,write_end
1591032334.234000, 1591032400.161000, 1591032400.161000, 1591032405.095000, 1591032405.095000, 1591032406.331000
1591032406.342000, 1591032407.355000, 1591032407.355000, 1591032412.531000, 1591032412.531000, 1591032413.809000
1591032413.820000, 1591032414.836000, 1591032414.836000, 1591032419.603000, 1591032419.603000, 1591032479.200000
