read_start,read_end,cpu_start,cpu_end,write_start,write_end
1591042553.248000, 1591042706.614000, 1591042706.614000, 1591042712.866000, 1591042712.866000, 1591042863.039000
1591042863.054000, 1591042864.153000, 1591042864.154000, 1591042869.026000, 1591042869.026000, 1591042991.222000
1591042991.253000, 1591042992.287000, 1591042992.287000, 1591042997.046000, 1591042997.046000, 1591043069.165000
