read_start,read_end,cpu_start,cpu_end,write_start,write_end
1591033283.200000, 1591033360.008000, 1591033360.008000, 1591033365.011000, 1591033365.011000, 1591033366.249000
1591033366.261000, 1591033367.293000, 1591033367.293000, 1591033372.705000, 1591033372.705000, 1591033374.327000
1591033374.337000, 1591033375.271000, 1591033375.271000, 1591033379.821000, 1591033379.821000, 1591033468.617000
