read_start,read_end,cpu_start,cpu_end,write_start,write_end
1591045130.364000, 1591045288.582000, 1591045288.582000, 1591045293.681000, 1591045293.681000, 1591045294.853000
1591045294.863000, 1591045296.003000, 1591045296.003000, 1591045301.270000, 1591045301.270000, 1591045328.102000
1591045328.152000, 1591045329.151000, 1591045329.151000, 1591045333.584000, 1591045333.584000, 1591045507.032000
