read_start,read_end,cpu_start,cpu_end,write_start,write_end
1591028603.842000, 1591028619.888000, 1591028619.889000, 1591028624.341000, 1591028624.341000, 1591028625.417000
1591028625.426000, 1591028626.402000, 1591028626.402000, 1591028630.825000, 1591028630.825000, 1591028632.026000
1591028632.040000, 1591028633.091000, 1591028633.091000, 1591028637.668000, 1591028637.668000, 1591028638.778000
