read_start,read_end,cpu_start,cpu_end,write_start,write_end
1591042553.248000, 1591042700.490000, 1591042700.490000, 1591042705.819000, 1591042705.819000, 1591042707.002000
1591042707.013000, 1591042708.138000, 1591042708.138000, 1591042713.796000, 1591042713.796000, 1591042877.341000
1591042877.353000, 1591042878.630000, 1591042878.630000, 1591042884.334000, 1591042884.334000, 1591043004.994000
