read_start,read_end,cpu_start,cpu_end,write_start,write_end
1591035454.617000, 1591035555.751000, 1591035555.751000, 1591035561.484000, 1591035561.484000, 1591035562.714000
1591035562.724000, 1591035563.735000, 1591035563.735000, 1591035568.664000, 1591035568.664000, 1591035683.150000
1591035683.163000, 1591035684.593000, 1591035684.593000, 1591035690.049000, 1591035690.049000, 1591035746.413000
