read_start,read_end,cpu_start,cpu_end,write_start,write_end
1591034876.071000, 1591034970.373000, 1591034970.373000, 1591034975.945000, 1591034975.945000, 1591034977.157000
1591034977.168000, 1591034978.311000, 1591034978.311000, 1591034983.473000, 1591034983.473000, 1591035079.345000
1591035079.359000, 1591035080.422000, 1591035080.422000, 1591035085.241000, 1591035085.241000, 1591035139.039000
