read_start,read_end,cpu_start,cpu_end,write_start,write_end
1591035454.619000, 1591035554.276000, 1591035554.276000, 1591035559.882000, 1591035559.882000, 1591035561.155000
1591035561.168000, 1591035562.212000, 1591035562.213000, 1591035567.628000, 1591035567.628000, 1591035672.157000
1591035672.172000, 1591035673.204000, 1591035673.204000, 1591035677.993000, 1591035677.993000, 1591035743.987000
