read_start,read_end,cpu_start,cpu_end,write_start,write_end
1591034320.410000, 1591034409.342000, 1591034409.342000, 1591034414.816000, 1591034414.816000, 1591034415.974000
1591034415.985000, 1591034417.124000, 1591034417.124000, 1591034422.278000, 1591034422.278000, 1591034500.673000
1591034500.686000, 1591034501.717000, 1591034501.717000, 1591034506.119000, 1591034506.119000, 1591034561.181000
