read_start,read_end,cpu_start,cpu_end,write_start,write_end
1591033283.204000, 1591033360.575000, 1591033360.575000, 1591033365.579000, 1591033365.579000, 1591033366.827000
1591033366.839000, 1591033367.850000, 1591033367.850000, 1591033373.017000, 1591033373.017000, 1591033375.021000
1591033375.034000, 1591033375.999000, 1591033375.999000, 1591033380.808000, 1591033380.808000, 1591033469.291000
