read_start,read_end,cpu_start,cpu_end,write_start,write_end
1591035454.617000, 1591035555.081000, 1591035555.081000, 1591035560.333000, 1591035560.333000, 1591035561.624000
1591035561.637000, 1591035562.666000, 1591035562.666000, 1591035568.024000, 1591035568.024000, 1591035676.982000
1591035676.995000, 1591035678.009000, 1591035678.009000, 1591035682.793000, 1591035682.793000, 1591035745.277000
