read_start,read_end,cpu_start,cpu_end,write_start,write_end
1591041740.181000, 1591041887.194000, 1591041887.194000, 1591041892.866000, 1591041892.866000, 1591041894.269000
1591041894.282000, 1591041895.439000, 1591041895.439000, 1591041900.374000, 1591041900.374000, 1591042080.896000
1591042080.911000, 1591042081.998000, 1591042081.998000, 1591042086.793000, 1591042086.793000, 1591042216.729000
