read_start,read_end,cpu_start,cpu_end,write_start,write_end
1591037345.542000, 1591037462.676000, 1591037462.676000, 1591037468.340000, 1591037468.340000, 1591037471.964000
1591037471.977000, 1591037473.085000, 1591037473.085000, 1591037477.789000, 1591037477.789000, 1591037613.098000
1591037613.110000, 1591037614.299000, 1591037614.299000, 1591037619.337000, 1591037619.337000, 1591037715.441000
