read_start,read_end,cpu_start,cpu_end,write_start,write_end
1591043389.054000, 1591043547.965000, 1591043547.965000, 1591043553.838000, 1591043553.838000, 1591043721.751000
1591043721.766000, 1591043723.613000, 1591043723.613000, 1591043729.306000, 1591043729.306000, 1591043868.196000
1591043868.294000, 1591043869.638000, 1591043869.638000, 1591043874.506000, 1591043874.506000, 1591043929.543000
