read_start,read_end,cpu_start,cpu_end,write_start,write_end
1591042553.248000, 1591042707.532000, 1591042707.532000, 1591042713.453000, 1591042713.453000, 1591042872.491000
1591042872.504000, 1591042873.720000, 1591042873.720000, 1591042878.312000, 1591042878.312000, 1591042999.454000
1591042999.494000, 1591043001.233000, 1591043001.233000, 1591043006.957000, 1591043006.957000, 1591043071.573000
