read_start,read_end,cpu_start,cpu_end,write_start,write_end
1591040956.195000, 1591041099.996000, 1591041099.996000, 1591041106.291000, 1591041106.291000, 1591041252.878000
1591041252.892000, 1591041253.853000, 1591041253.853000, 1591041258.430000, 1591041258.430000, 1591041384.372000
1591041384.385000, 1591041386.243000, 1591041386.243000, 1591041391.280000, 1591041391.280000, 1591041425.180000
