read_start,read_end,cpu_start,cpu_end,write_start,write_end
1591035454.619000, 1591035552.395000, 1591035552.395000, 1591035557.793000, 1591035557.793000, 1591035558.993000
1591035559.003000, 1591035560.131000, 1591035560.131000, 1591035565.718000, 1591035565.718000, 1591035618.600000
1591035618.615000, 1591035619.581000, 1591035619.581000, 1591035624.188000, 1591035624.188000, 1591035714.259000
