read_start,read_end,cpu_start,cpu_end,write_start,write_end
1591043389.054000, 1591043544.565000, 1591043544.565000, 1591043550.249000, 1591043550.249000, 1591043551.607000
1591043551.620000, 1591043552.724000, 1591043552.724000, 1591043557.826000, 1591043557.826000, 1591043751.480000
1591043751.494000, 1591043752.525000, 1591043752.525000, 1591043757.388000, 1591043757.388000, 1591043898.657000
