read_start,read_end,cpu_start,cpu_end,write_start,write_end
1591031494.143000, 1591031552.741000, 1591031552.741000, 1591031558.060000, 1591031558.060000, 1591031559.116000
1591031559.125000, 1591031560.091000, 1591031560.091000, 1591031565.021000, 1591031565.021000, 1591031566.129000
1591031566.139000, 1591031567.114000, 1591031567.114000, 1591031572.042000, 1591031572.042000, 1591031591.127000
