read_start,read_end,cpu_start,cpu_end,write_start,write_end
1591043389.054000, 1591043546.273000, 1591043546.273000, 1591043552.168000, 1591043552.168000, 1591043606.074000
1591043606.146000, 1591043607.130000, 1591043607.130000, 1591043611.590000, 1591043611.590000, 1591043766.935000
1591043766.956000, 1591043767.941000, 1591043767.941000, 1591043772.479000, 1591043772.479000, 1591043903.787000
