read_start,read_end,cpu_start,cpu_end,write_start,write_end
1591030727.820000, 1591030774.848000, 1591030774.848000, 1591030779.969000, 1591030779.969000, 1591030781.154000
1591030781.167000, 1591030782.277000, 1591030782.277000, 1591030787.005000, 1591030787.005000, 1591030788.213000
1591030788.225000, 1591030789.290000, 1591030789.290000, 1591030794.130000, 1591030794.130000, 1591030797.375000
