read_start,read_end,cpu_start,cpu_end,write_start,write_end
1591041740.183000, 1591041889.192000, 1591041889.192000, 1591041894.986000, 1591041894.986000, 1591042034.004000
1591042034.020000, 1591042035.047000, 1591042035.047000, 1591042039.571000, 1591042039.571000, 1591042179.311000
1591042179.335000, 1591042180.328000, 1591042180.328000, 1591042184.831000, 1591042184.831000, 1591042235.526000
