read_start,read_end,cpu_start,cpu_end,write_start,write_end
1591038028.920000, 1591038151.465000, 1591038151.465000, 1591038157.286000, 1591038157.286000, 1591038236.710000
1591038236.726000, 1591038238.250000, 1591038238.250000, 1591038243.782000, 1591038243.782000, 1591038357.002000
1591038357.055000, 1591038358.192000, 1591038358.192000, 1591038362.776000, 1591038362.776000, 1591038413.882000
