read_start,read_end,cpu_start,cpu_end,write_start,write_end
1591039452.296000, 1591039585.830000, 1591039585.830000, 1591039591.522000, 1591039591.522000, 1591039715.020000
1591039715.034000, 1591039716.624000, 1591039716.624000, 1591039721.121000, 1591039721.121000, 1591039842.165000
1591039842.226000, 1591039843.369000, 1591039843.369000, 1591039848.052000, 1591039848.052000, 1591039876.083000
