read_start,read_end,cpu_start,cpu_end,write_start,write_end
1591042553.265000, 1591042690.358000, 1591042690.358000, 1591042695.146000, 1591042695.146000, 1591042696.849000
1591042696.859000, 1591042697.841000, 1591042697.841000, 1591042702.667000, 1591042702.667000, 1591042704.093000
1591042704.102000, 1591042705.041000, 1591042705.041000, 1591042710.341000, 1591042710.341000, 1591042711.705000
