read_start,read_end,cpu_start,cpu_end,write_start,write_end
1591040956.190000, 1591041097.435000, 1591041097.435000, 1591041103.514000, 1591041103.514000, 1591041110.335000
1591041110.348000, 1591041111.300000, 1591041111.300000, 1591041115.879000, 1591041115.879000, 1591041277.031000
1591041277.041000, 1591041278.050000, 1591041278.051000, 1591041282.832000, 1591041282.832000, 1591041404.596000
