read_start,read_end,cpu_start,cpu_end,write_start,write_end
1591041740.177000, 1591041886.281000, 1591041886.281000, 1591041891.949000, 1591041891.949000, 1591041893.230000
1591041893.244000, 1591041894.261000, 1591041894.261000, 1591041899.374000, 1591041899.374000, 1591042080.458000
1591042080.473000, 1591042081.514000, 1591042081.514000, 1591042086.741000, 1591042086.741000, 1591042216.687000
