read_start,read_end,cpu_start,cpu_end,write_start,write_end
1591043389.054000, 1591043547.589000, 1591043547.589000, 1591043553.422000, 1591043553.422000, 1591043707.395000
1591043707.408000, 1591043708.385000, 1591043708.385000, 1591043713.082000, 1591043713.082000, 1591043854.040000
1591043854.060000, 1591043855.013000, 1591043855.013000, 1591043859.578000, 1591043859.578000, 1591043927.421000
