read_start,read_end,cpu_start,cpu_end,write_start,write_end
1591040191.334000, 1591040322.151000, 1591040322.151000, 1591040327.286000, 1591040327.286000, 1591040328.501000
1591040328.512000, 1591040329.529000, 1591040329.529000, 1591040335.269000, 1591040335.269000, 1591040439.759000
1591040439.847000, 1591040440.879000, 1591040440.879000, 1591040445.286000, 1591040445.286000, 1591040581.171000
