read_start,read_end,cpu_start,cpu_end,write_start,write_end
1591038028.919000, 1591038151.088000, 1591038151.088000, 1591038156.857000, 1591038156.857000, 1591038223.584000
1591038223.599000, 1591038224.554000, 1591038224.554000, 1591038229.106000, 1591038229.106000, 1591038344.160000
1591038344.175000, 1591038345.264000, 1591038345.264000, 1591038349.951000, 1591038349.951000, 1591038412.919000
