read_start,read_end,cpu_start,cpu_end,write_start,write_end
1591043389.054000, 1591043548.124000, 1591043548.124000, 1591043554.078000, 1591043554.078000, 1591043727.228000
1591043727.239000, 1591043729.148000, 1591043729.148000, 1591043734.128000, 1591043734.128000, 1591043871.892000
1591043871.984000, 1591043873.859000, 1591043873.859000, 1591043878.489000, 1591043878.489000, 1591043929.934000
