read_start,read_end,cpu_start,cpu_end,write_start,write_end
1591044247.012000, 1591044411.299000, 1591044411.299000, 1591044417.239000, 1591044417.239000, 1591044598.978000
1591044598.993000, 1591044600.446000, 1591044600.446000, 1591044605.105000, 1591044605.105000, 1591044738.999000
1591044739.055000, 1591044740.859000, 1591044740.860000, 1591044746.143000, 1591044746.143000, 1591044811.433000
