read_start,read_end,cpu_start,cpu_end,write_start,write_end
1606686589.548000, 1606686644.310000, 1606686644.310000, 1606686649.066000, 1606686649.066000, 1606686709.912000
1606686709.927000, 1606686710.937000, 1606686710.937000, 1606686715.475000, 1606686715.475000, 1606686764.799000
1606686764.813000, 1606686765.738000, 1606686765.738000, 1606686770.356000, 1606686770.356000, 1606686825.399000
