read_start,read_end,cpu_start,cpu_end,write_start,write_end
1606689867.864000, 1606689970.609000, 1606689970.609000, 1606689975.629000, 1606689975.629000, 1606689976.973000
1606689976.984000, 1606689978.080000, 1606689978.080000, 1606689982.923000, 1606689982.923000, 1606689986.006000
1606689986.018000, 1606689987.127000, 1606689987.127000, 1606689991.512000, 1606689991.512000, 1606690049.721000
