read_start,read_end,cpu_start,cpu_end,write_start,write_end
1606695740.921000, 1606695897.530000, 1606695897.530000, 1606695902.691000, 1606695902.691000, 1606695978.023000
1606695978.044000, 1606695979.421000, 1606695979.421000, 1606695984.235000, 1606695984.235000, 1606696091.676000
1606696091.749000, 1606696093.191000, 1606696093.191000, 1606696097.903000, 1606696097.903000, 1606696275.117000
