read_start,read_end,cpu_start,cpu_end,write_start,write_end
1606687777.539000, 1606687853.291000, 1606687853.291000, 1606687858.093000, 1606687858.093000, 1606687928.272000
1606687928.286000, 1606687929.312000, 1606687929.312000, 1606687933.858000, 1606687933.858000, 1606687992.280000
1606687992.295000, 1606687993.364000, 1606687993.364000, 1606687997.714000, 1606687997.714000, 1606688069.655000
