read_start,read_end,cpu_start,cpu_end,write_start,write_end
1606690351.665000, 1606690463.815000, 1606690463.815000, 1606690469.036000, 1606690469.036000, 1606690578.045000
1606690578.059000, 1606690579.163000, 1606690579.163000, 1606690584.448000, 1606690584.448000, 1606690758.060000
1606690758.082000, 1606690760.067000, 1606690760.067000, 1606690766.698000, 1606690766.698000, 1606690814.390000
