read_start,read_end,cpu_start,cpu_end,write_start,write_end
1606691392.949000, 1606691515.854000, 1606691515.854000, 1606691521.258000, 1606691521.258000, 1606691685.405000
1606691685.419000, 1606691686.784000, 1606691686.784000, 1606691691.890000, 1606691691.890000, 1606691802.932000
1606691802.986000, 1606691803.993000, 1606691803.993000, 1606691808.467000, 1606691808.467000, 1606691889.756000
