read_start,read_end,cpu_start,cpu_end,write_start,write_end
1606689867.851000, 1606689973.283000, 1606689973.283000, 1606689978.672000, 1606689978.672000, 1606690084.226000
1606690084.239000, 1606690085.382000, 1606690085.382000, 1606690090.550000, 1606690090.550000, 1606690189.489000
1606690189.503000, 1606690190.504000, 1606690190.504000, 1606690195.390000, 1606690195.390000, 1606690296.274000
