read_start,read_end,cpu_start,cpu_end,write_start,write_end
1606688958.125000, 1606689053.084000, 1606689053.084000, 1606689058.292000, 1606689058.292000, 1606689151.057000
1606689151.073000, 1606689152.056000, 1606689152.056000, 1606689156.785000, 1606689156.785000, 1606689249.708000
1606689249.722000, 1606689250.842000, 1606689250.842000, 1606689255.785000, 1606689255.785000, 1606689347.785000
