read_start,read_end,cpu_start,cpu_end,write_start,write_end
1606695740.919000, 1606695900.961000, 1606695900.961000, 1606695906.460000, 1606695906.460000, 1606696067.019000
1606696067.034000, 1606696068.889000, 1606696068.889000, 1606696073.897000, 1606696073.897000, 1606696245.644000
1606696245.751000, 1606696247.595000, 1606696247.595000, 1606696252.802000, 1606696252.802000, 1606696321.677000
