read_start,read_end,cpu_start,cpu_end,write_start,write_end
1606689399.550000, 1606689500.634000, 1606689500.634000, 1606689506.067000, 1606689506.067000, 1606689608.844000
1606689608.859000, 1606689609.977000, 1606689609.977000, 1606689614.814000, 1606689614.814000, 1606689725.568000
1606689725.584000, 1606689726.734000, 1606689726.734000, 1606689731.503000, 1606689731.503000, 1606689818.279000
