read_start,read_end,cpu_start,cpu_end,write_start,write_end
1606692522.114000, 1606692654.683000, 1606692654.683000, 1606692660.326000, 1606692660.326000, 1606692843.152000
1606692843.165000, 1606692844.370000, 1606692844.370000, 1606692849.237000, 1606692849.237000, 1606692922.119000
1606692922.154000, 1606692923.920000, 1606692923.920000, 1606692928.896000, 1606692928.896000, 1606693078.396000
