read_start,read_end,cpu_start,cpu_end,write_start,write_end
1606697037.442000, 1606697211.573000, 1606697211.573000, 1606697216.860000, 1606697216.860000, 1606697426.989000
1606697428.066000, 1606697430.247000, 1606697430.247000, 1606697435.769000, 1606697435.769000, 1606697626.593000
1606697626.668000, 1606697627.929000, 1606697627.929000, 1606697632.619000, 1606697632.619000, 1606697757.642000
