read_start,read_end,cpu_start,cpu_end,write_start,write_end
1606689399.561000, 1606689499.119000, 1606689499.119000, 1606689504.253000, 1606689504.253000, 1606689607.591000
1606689607.607000, 1606689608.586000, 1606689608.586000, 1606689613.570000, 1606689613.570000, 1606689723.333000
1606689723.351000, 1606689724.396000, 1606689724.396000, 1606689729.426000, 1606689729.426000, 1606689815.972000
