read_start,read_end,cpu_start,cpu_end,write_start,write_end
1606688535.292000, 1606688625.255000, 1606688625.255000, 1606688630.411000, 1606688630.411000, 1606688717.758000
1606688717.774000, 1606688718.805000, 1606688718.805000, 1606688723.652000, 1606688723.652000, 1606688820.622000
1606688820.639000, 1606688821.879000, 1606688821.879000, 1606688826.881000, 1606688826.881000, 1606688910.655000
