read_start,read_end,cpu_start,cpu_end,write_start,write_end
1606685629.648000, 1606685661.556000, 1606685661.556000, 1606685666.752000, 1606685666.752000, 1606685693.032000
1606685693.048000, 1606685694.112000, 1606685694.112000, 1606685698.634000, 1606685698.634000, 1606685733.864000
1606685733.878000, 1606685734.965000, 1606685734.965000, 1606685739.632000, 1606685739.632000, 1606685772.373000
