read_start,read_end,cpu_start,cpu_end,write_start,write_end
1606695057.392000, 1606695210.523000, 1606695210.523000, 1606695215.831000, 1606695215.831000, 1606695286.141000
1606695286.157000, 1606695287.784000, 1606695287.784000, 1606695292.709000, 1606695292.709000, 1606695441.573000
1606695441.648000, 1606695442.868000, 1606695442.868000, 1606695447.410000, 1606695447.410000, 1606695599.537000
