read_start,read_end,cpu_start,cpu_end,write_start,write_end
1606694393.165000, 1606694539.343000, 1606694539.343000, 1606694544.827000, 1606694544.827000, 1606694630.671000
1606694630.685000, 1606694631.820000, 1606694631.820000, 1606694636.757000, 1606694636.757000, 1606694781.315000
1606694781.330000, 1606694783.653000, 1606694783.653000, 1606694788.979000, 1606694788.979000, 1606694941.664000
