read_start,read_end,cpu_start,cpu_end,write_start,write_end
1606691945.391000, 1606692072.262000, 1606692072.262000, 1606692077.640000, 1606692077.640000, 1606692178.900000
1606692178.917000, 1606692179.920000, 1606692179.920000, 1606692184.758000, 1606692184.758000, 1606692336.160000
1606692336.177000, 1606692337.430000, 1606692337.430000, 1606692342.792000, 1606692342.792000, 1606692443.724000
