read_start,read_end,cpu_start,cpu_end,write_start,write_end
1606694393.179000, 1606694539.166000, 1606694539.166000, 1606694544.651000, 1606694544.651000, 1606694630.647000
1606694630.666000, 1606694631.809000, 1606694631.809000, 1606694636.585000, 1606694636.585000, 1606694741.202000
1606694741.220000, 1606694742.196000, 1606694742.196000, 1606694746.549000, 1606694746.549000, 1606694864.939000
