read_start,read_end,cpu_start,cpu_end,write_start,write_end
1606696336.392000, 1606696499.828000, 1606696499.828000, 1606696504.915000, 1606696504.915000, 1606696584.791000
1606696584.806000, 1606696585.812000, 1606696585.812000, 1606696590.358000, 1606696590.358000, 1606696709.255000
1606696709.281000, 1606696711.346000, 1606696711.346000, 1606696717.329000, 1606696717.329000, 1606696907.769000
