read_start,read_end,cpu_start,cpu_end,write_start,write_end
1606689867.853000, 1606689967.136000, 1606689967.136000, 1606689971.795000, 1606689971.795000, 1606690307.192000
1606690307.209000, 1606690308.291000, 1606690308.291000, 1606690312.646000, 1606690312.646000, 1606690326.174000
1606690326.189000, 1606690327.166000, 1606690327.166000, 1606690331.522000, 1606690331.522000, 1606690339.357000
