read_start,read_end,cpu_start,cpu_end,write_start,write_end
1606688140.956000, 1606688221.908000, 1606688221.908000, 1606688226.718000, 1606688226.718000, 1606688304.066000
1606688304.079000, 1606688305.033000, 1606688305.033000, 1606688309.610000, 1606688309.610000, 1606688376.256000
1606688376.270000, 1606688377.209000, 1606688377.209000, 1606688381.797000, 1606688381.797000, 1606688455.848000
