read_start,read_end,cpu_start,cpu_end,write_start,write_end
1606690863.368000, 1606690980.399000, 1606690980.399000, 1606690985.358000, 1606690985.358000, 1606691096.383000
1606691096.400000, 1606691097.389000, 1606691097.389000, 1606691102.116000, 1606691102.116000, 1606691271.405000
1606691271.421000, 1606691272.345000, 1606691272.345000, 1606691276.788000, 1606691276.788000, 1606691340.443000
