read_start,read_end,cpu_start,cpu_end,write_start,write_end
1606692522.140000, 1606692655.240000, 1606692655.240000, 1606692660.616000, 1606692660.616000, 1606692755.519000
1606692755.536000, 1606692756.656000, 1606692756.656000, 1606692761.419000, 1606692761.419000, 1606692844.671000
1606692844.693000, 1606692845.835000, 1606692845.835000, 1606692850.654000, 1606692850.654000, 1606692915.731000
