read_start,read_end,cpu_start,cpu_end,write_start,write_end
1606685943.384000, 1606685986.826000, 1606685986.826000, 1606685991.535000, 1606685991.535000, 1606686029.459000
1606686029.478000, 1606686030.490000, 1606686030.490000, 1606686035.117000, 1606686035.117000, 1606686077.298000
1606686077.313000, 1606686078.380000, 1606686078.380000, 1606686083.159000, 1606686083.159000, 1606686122.426000
