read_start,read_end,cpu_start,cpu_end,write_start,write_end
1606696336.393000, 1606696506.402000, 1606696506.402000, 1606696512.368000, 1606696512.368000, 1606696706.384000
1606696706.601000, 1606696708.412000, 1606696708.412000, 1606696713.917000, 1606696713.917000, 1606696894.572000
1606696894.589000, 1606696896.154000, 1606696896.154000, 1606696901.211000, 1606696901.211000, 1606697014.717000
