read_start,read_end,cpu_start,cpu_end,write_start,write_end
1606691945.410000, 1606692068.078000, 1606692068.078000, 1606692072.868000, 1606692072.868000, 1606692167.362000
1606692167.375000, 1606692168.435000, 1606692168.435000, 1606692172.880000, 1606692172.880000, 1606692254.919000
1606692254.946000, 1606692256.563000, 1606692256.563000, 1606692261.638000, 1606692261.638000, 1606692419.070000
