read_start,read_end,cpu_start,cpu_end,write_start,write_end
1606688140.953000, 1606688224.281000, 1606688224.281000, 1606688229.374000, 1606688229.374000, 1606688312.086000
1606688312.099000, 1606688313.056000, 1606688313.056000, 1606688317.981000, 1606688317.981000, 1606688398.445000
1606688398.458000, 1606688399.432000, 1606688399.432000, 1606688404.365000, 1606688404.365000, 1606688484.624000
