read_start,read_end,cpu_start,cpu_end,write_start,write_end
1606693759.136000, 1606693898.183000, 1606693898.183000, 1606693903.498000, 1606693903.498000, 1606694001.458000
1606694001.472000, 1606694002.415000, 1606694002.415000, 1606694007.544000, 1606694007.544000, 1606694143.231000
1606694143.249000, 1606694144.255000, 1606694144.255000, 1606694148.982000, 1606694148.982000, 1606694278.332000
