read_start,read_end,cpu_start,cpu_end,write_start,write_end
1606695740.909000, 1606695897.072000, 1606695897.072000, 1606695902.339000, 1606695902.339000, 1606696031.083000
1606696031.097000, 1606696032.329000, 1606696032.329000, 1606696037.157000, 1606696037.157000, 1606696137.214000
1606696137.243000, 1606696138.683000, 1606696138.683000, 1606696143.929000, 1606696143.929000, 1606696284.622000
