read_start,read_end,cpu_start,cpu_end,write_start,write_end
1606691945.396000, 1606692071.494000, 1606692071.494000, 1606692077.235000, 1606692077.235000, 1606692178.445000
1606692178.459000, 1606692179.564000, 1606692179.564000, 1606692184.594000, 1606692184.594000, 1606692335.963000
1606692335.979000, 1606692337.425000, 1606692337.425000, 1606692343.255000, 1606692343.255000, 1606692443.509000
