read_start,read_end,cpu_start,cpu_end,write_start,write_end
1606690351.665000, 1606690457.323000, 1606690457.323000, 1606690462.344000, 1606690462.344000, 1606690560.009000
1606690560.031000, 1606690561.115000, 1606690561.115000, 1606690565.713000, 1606690565.713000, 1606690649.013000
1606690649.032000, 1606690650.392000, 1606690650.392000, 1606690655.862000, 1606690655.862000, 1606690767.517000
