read_start,read_end,cpu_start,cpu_end,write_start,write_end
1606695740.898000, 1606695889.312000, 1606695889.312000, 1606695894.059000, 1606695894.059000, 1606695976.795000
1606695976.812000, 1606695978.126000, 1606695978.126000, 1606695983.290000, 1606695983.290000, 1606696086.705000
1606696086.720000, 1606696087.728000, 1606696087.728000, 1606696092.497000, 1606696092.497000, 1606696272.868000
