read_start,read_end,cpu_start,cpu_end,write_start,write_end
1606691392.949000, 1606691505.297000, 1606691505.297000, 1606691510.499000, 1606691510.499000, 1606691598.803000
1606691598.816000, 1606691599.892000, 1606691599.892000, 1606691604.571000, 1606691604.571000, 1606691691.547000
1606691691.562000, 1606691692.893000, 1606691692.893000, 1606691697.802000, 1606691697.802000, 1606691797.210000
