read_start,read_end,cpu_start,cpu_end,write_start,write_end
1606691392.949000, 1606691503.183000, 1606691503.183000, 1606691508.194000, 1606691508.194000, 1606691597.237000
1606691597.253000, 1606691598.368000, 1606691598.368000, 1606691603.369000, 1606691603.369000, 1606691691.138000
1606691691.186000, 1606691692.642000, 1606691692.642000, 1606691698.020000, 1606691698.020000, 1606691798.933000
