read_start,read_end,cpu_start,cpu_end,write_start,write_end
1606689399.552000, 1606689492.930000, 1606689492.930000, 1606689497.902000, 1606689497.902000, 1606689824.830000
1606689824.854000, 1606689825.946000, 1606689825.946000, 1606689830.305000, 1606689830.305000, 1606689843.362000
1606689843.377000, 1606689844.360000, 1606689844.360000, 1606689848.719000, 1606689848.719000, 1606689855.673000
