read_start,read_end,cpu_start,cpu_end,write_start,write_end
1606690351.668000, 1606690461.817000, 1606690461.817000, 1606690467.252000, 1606690467.252000, 1606690575.988000
1606690576.008000, 1606690577.001000, 1606690577.001000, 1606690581.926000, 1606690581.926000, 1606690666.624000
1606690666.641000, 1606690667.615000, 1606690667.615000, 1606690672.270000, 1606690672.270000, 1606690779.830000
