read_start,read_end,cpu_start,cpu_end,write_start,write_end
1606685777.454000, 1606685814.693000, 1606685814.693000, 1606685819.903000, 1606685819.903000, 1606685821.179000
1606685821.190000, 1606685822.278000, 1606685822.278000, 1606685826.698000, 1606685826.698000, 1606685827.672000
1606685827.681000, 1606685828.592000, 1606685828.592000, 1606685832.996000, 1606685832.996000, 1606685833.964000
