read_start,read_end,cpu_start,cpu_end,write_start,write_end
1606690863.365000, 1606690979.753000, 1606690979.753000, 1606690985.135000, 1606690985.135000, 1606691095.895000
1606691095.909000, 1606691096.879000, 1606691096.879000, 1606691101.612000, 1606691101.612000, 1606691193.523000
1606691193.539000, 1606691194.571000, 1606691194.571000, 1606691199.024000, 1606691199.024000, 1606691337.548000
