read_start,read_end,cpu_start,cpu_end,write_start,write_end
1606693759.134000, 1606693903.847000, 1606693903.847000, 1606693909.152000, 1606693909.152000, 1606694063.425000
1606694063.443000, 1606694065.148000, 1606694065.148000, 1606694070.487000, 1606694070.487000, 1606694208.231000
1606694208.310000, 1606694209.716000, 1606694209.716000, 1606694214.598000, 1606694214.598000, 1606694355.057000
