read_start,read_end,cpu_start,cpu_end,write_start,write_end
1606693759.111000, 1606693897.546000, 1606693897.546000, 1606693902.590000, 1606693902.590000, 1606694000.513000
1606694000.529000, 1606694001.536000, 1606694001.536000, 1606694006.645000, 1606694006.645000, 1606694134.217000
1606694134.232000, 1606694135.208000, 1606694135.208000, 1606694139.907000, 1606694139.907000, 1606694267.032000
