read_start,read_end,cpu_start,cpu_end,write_start,write_end
1606686136.171000, 1606686183.455000, 1606686183.455000, 1606686188.365000, 1606686188.365000, 1606686237.311000
1606686237.331000, 1606686238.345000, 1606686238.345000, 1606686242.735000, 1606686242.735000, 1606686287.750000
1606686287.764000, 1606686288.818000, 1606686288.818000, 1606686293.999000, 1606686293.999000, 1606686341.497000
