read_start,read_end,cpu_start,cpu_end,write_start,write_end
1606695057.388000, 1606695210.897000, 1606695210.897000, 1606695216.381000, 1606695216.381000, 1606695287.042000
1606695287.056000, 1606695289.144000, 1606695289.144000, 1606695294.036000, 1606695294.036000, 1606695457.644000
1606695457.759000, 1606695459.194000, 1606695459.194000, 1606695464.209000, 1606695464.209000, 1606695684.434000
