read_start,read_end,cpu_start,cpu_end,write_start,write_end
1606686838.411000, 1606686907.393000, 1606686907.393000, 1606686912.736000, 1606686912.736000, 1606686969.629000
1606686969.644000, 1606686970.594000, 1606686970.594000, 1606686975.265000, 1606686975.265000, 1606687033.344000
1606687033.358000, 1606687034.408000, 1606687034.408000, 1606687039.256000, 1606687039.256000, 1606687092.308000
