read_start,read_end,cpu_start,cpu_end,write_start,write_end
1606685777.453000, 1606685814.634000, 1606685814.634000, 1606685819.831000, 1606685819.831000, 1606685851.409000
1606685851.423000, 1606685852.487000, 1606685852.487000, 1606685857.086000, 1606685857.086000, 1606685905.053000
1606685905.068000, 1606685906.209000, 1606685906.209000, 1606685910.614000, 1606685910.614000, 1606685937.302000
