read_start,read_end,cpu_start,cpu_end,write_start,write_end
1606685504.470000, 1606685531.067000, 1606685531.067000, 1606685535.686000, 1606685535.686000, 1606685560.387000
1606685560.400000, 1606685561.439000, 1606685561.439000, 1606685565.809000, 1606685565.809000, 1606685591.365000
1606685591.378000, 1606685592.466000, 1606685592.466000, 1606685597.106000, 1606685597.106000, 1606685625.374000
