read_start,read_end,cpu_start,cpu_end,write_start,write_end
1606695740.894000, 1606695888.994000, 1606695888.994000, 1606695894.055000, 1606695894.055000, 1606695976.747000
1606695976.762000, 1606695978.105000, 1606695978.105000, 1606695983.277000, 1606695983.277000, 1606696086.657000
1606696086.671000, 1606696087.950000, 1606696087.950000, 1606696093.008000, 1606696093.008000, 1606696273.198000
