read_start,read_end,cpu_start,cpu_end,write_start,write_end
1606689399.563000, 1606689497.819000, 1606689497.819000, 1606689503.097000, 1606689503.097000, 1606689605.287000
1606689605.301000, 1606689606.397000, 1606689606.397000, 1606689611.442000, 1606689611.442000, 1606689718.020000
1606689718.033000, 1606689719.066000, 1606689719.066000, 1606689723.478000, 1606689723.478000, 1606689806.602000
