read_start,read_end,cpu_start,cpu_end,write_start,write_end
1606692522.117000, 1606692654.779000, 1606692654.779000, 1606692660.111000, 1606692660.111000, 1606692842.146000
1606692842.164000, 1606692843.468000, 1606692843.468000, 1606692848.531000, 1606692848.531000, 1606692918.126000
1606692918.180000, 1606692919.461000, 1606692919.461000, 1606692924.530000, 1606692924.530000, 1606693077.887000
