read_start,read_end,cpu_start,cpu_end,write_start,write_end
1606686136.171000, 1606686183.773000, 1606686183.773000, 1606686188.510000, 1606686188.510000, 1606686230.667000
1606686230.683000, 1606686231.681000, 1606686231.681000, 1606686236.492000, 1606686236.492000, 1606686288.404000
1606686288.420000, 1606686289.372000, 1606686289.372000, 1606686294.073000, 1606686294.073000, 1606686341.831000
