read_start,read_end,cpu_start,cpu_end,write_start,write_end
1606691945.394000, 1606692073.399000, 1606692073.399000, 1606692078.830000, 1606692078.830000, 1606692254.011000
1606692254.027000, 1606692255.137000, 1606692255.137000, 1606692260.084000, 1606692260.084000, 1606692341.565000
1606692341.581000, 1606692342.974000, 1606692342.974000, 1606692347.627000, 1606692347.627000, 1606692464.686000
