read_start,read_end,cpu_start,cpu_end,write_start,write_end
1606685504.470000, 1606685531.065000, 1606685531.065000, 1606685536.030000, 1606685536.030000, 1606685557.016000
1606685557.034000, 1606685558.144000, 1606685558.144000, 1606685562.772000, 1606685562.772000, 1606685593.088000
1606685593.101000, 1606685594.135000, 1606685594.135000, 1606685598.509000, 1606685598.509000, 1606685622.715000
