read_start,read_end,cpu_start,cpu_end,write_start,write_end
1606695740.906000, 1606695901.326000, 1606695901.326000, 1606695906.279000, 1606695906.279000, 1606696044.532000
1606696044.554000, 1606696045.516000, 1606696045.516000, 1606696050.249000, 1606696050.249000, 1606696197.568000
1606696197.583000, 1606696198.561000, 1606696198.561000, 1606696202.981000, 1606696202.981000, 1606696294.280000
