read_start,read_end,cpu_start,cpu_end,write_start,write_end
1606686136.170000, 1606686183.569000, 1606686183.569000, 1606686188.565000, 1606686188.565000, 1606686231.325000
1606686231.339000, 1606686232.319000, 1606686232.319000, 1606686237.058000, 1606686237.058000, 1606686286.185000
1606686286.198000, 1606686287.293000, 1606686287.293000, 1606686292.020000, 1606686292.020000, 1606686339.865000
