read_start,read_end,cpu_start,cpu_end,write_start,write_end
1606695740.905000, 1606695898.787000, 1606695898.787000, 1606695904.026000, 1606695904.026000, 1606696031.438000
1606696031.452000, 1606696032.500000, 1606696032.500000, 1606696037.163000, 1606696037.163000, 1606696137.104000
1606696137.118000, 1606696138.431000, 1606696138.431000, 1606696143.307000, 1606696143.307000, 1606696284.519000
