read_start,read_end,cpu_start,cpu_end,write_start,write_end
1606688140.959000, 1606688223.684000, 1606688223.684000, 1606688228.981000, 1606688228.981000, 1606688230.277000
1606688230.290000, 1606688231.298000, 1606688231.298000, 1606688235.708000, 1606688235.708000, 1606688236.828000
1606688236.839000, 1606688237.909000, 1606688237.909000, 1606688242.327000, 1606688242.327000, 1606688243.296000
