read_start,read_end,cpu_start,cpu_end,write_start,write_end
1606690351.665000, 1606690462.503000, 1606690462.503000, 1606690467.791000, 1606690467.791000, 1606690576.442000
1606690576.456000, 1606690577.567000, 1606690577.567000, 1606690582.490000, 1606690582.490000, 1606690672.505000
1606690672.524000, 1606690673.668000, 1606690673.668000, 1606690678.245000, 1606690678.245000, 1606690811.589000
