read_start,read_end,cpu_start,cpu_end,write_start,write_end
1606690863.354000, 1606690977.238000, 1606690977.238000, 1606690982.161000, 1606690982.161000, 1606691091.163000
1606691091.176000, 1606691092.112000, 1606691092.112000, 1606691097.055000, 1606691097.055000, 1606691178.726000
1606691178.740000, 1606691179.877000, 1606691179.877000, 1606691184.812000, 1606691184.812000, 1606691287.918000
