read_start,read_end,cpu_start,cpu_end,write_start,write_end
1606696336.393000, 1606696505.558000, 1606696505.558000, 1606696511.400000, 1606696511.400000, 1606696706.250000
1606696706.312000, 1606696709.019000, 1606696709.019000, 1606696716.837000, 1606696716.837000, 1606696907.514000
1606696907.623000, 1606696908.867000, 1606696908.867000, 1606696914.186000, 1606696914.186000, 1606697021.313000
