read_start,read_end,cpu_start,cpu_end,write_start,write_end
1606690351.674000, 1606690461.505000, 1606690461.505000, 1606690466.681000, 1606690466.681000, 1606690575.200000
1606690575.214000, 1606690576.189000, 1606690576.189000, 1606690581.152000, 1606690581.152000, 1606690663.618000
1606690663.636000, 1606690664.815000, 1606690664.815000, 1606690669.985000, 1606690669.985000, 1606690778.662000
