read_start,read_end,cpu_start,cpu_end,write_start,write_end
1606693128.080000, 1606693260.837000, 1606693260.837000, 1606693265.740000, 1606693265.740000, 1606693359.083000
1606693359.097000, 1606693360.056000, 1606693360.056000, 1606693364.717000, 1606693364.717000, 1606693445.888000
1606693445.909000, 1606693447.713000, 1606693447.713000, 1606693452.901000, 1606693452.901000, 1606693596.971000
