read_start,read_end,cpu_start,cpu_end,write_start,write_end
1606686838.410000, 1606686905.065000, 1606686905.065000, 1606686910.008000, 1606686910.008000, 1606686967.891000
1606686967.904000, 1606686968.873000, 1606686968.873000, 1606686973.659000, 1606686973.659000, 1606687031.867000
1606687031.880000, 1606687032.826000, 1606687032.826000, 1606687038.072000, 1606687038.072000, 1606687090.983000
