read_start,read_end,cpu_start,cpu_end,write_start,write_end
1606695740.920000, 1606695900.722000, 1606695900.722000, 1606695906.004000, 1606695906.004000, 1606696066.339000
1606696066.356000, 1606696068.247000, 1606696068.247000, 1606696073.924000, 1606696073.924000, 1606696245.891000
1606696245.970000, 1606696247.917000, 1606696247.917000, 1606696253.087000, 1606696253.087000, 1606696318.532000
