read_start,read_end,cpu_start,cpu_end,write_start,write_end
1606688140.954000, 1606688224.563000, 1606688224.563000, 1606688229.649000, 1606688229.649000, 1606688312.835000
1606688312.852000, 1606688313.979000, 1606688313.979000, 1606688319.196000, 1606688319.196000, 1606688400.142000
1606688400.168000, 1606688401.272000, 1606688401.272000, 1606688406.052000, 1606688406.052000, 1606688486.580000
