read_start,read_end,cpu_start,cpu_end,write_start,write_end
1606696336.392000, 1606696494.348000, 1606696494.348000, 1606696498.907000, 1606696498.907000, 1606696527.938000
1606696527.966000, 1606696529.467000, 1606696529.467000, 1606696534.189000, 1606696534.189000, 1606696706.483000
1606696706.794000, 1606696709.867000, 1606696709.867000, 1606696715.758000, 1606696715.758000, 1606696906.289000
