read_start,read_end,cpu_start,cpu_end,write_start,write_end
1606688958.127000, 1606689051.679000, 1606689051.679000, 1606689056.984000, 1606689056.984000, 1606689149.155000
1606689149.169000, 1606689150.181000, 1606689150.181000, 1606689154.853000, 1606689154.853000, 1606689245.526000
1606689245.539000, 1606689246.596000, 1606689246.596000, 1606689251.451000, 1606689251.451000, 1606689339.100000
