read_start,read_end,cpu_start,cpu_end,write_start,write_end
1606688535.287000, 1606688625.213000, 1606688625.213000, 1606688630.159000, 1606688630.159000, 1606688717.736000
1606688717.751000, 1606688718.812000, 1606688718.812000, 1606688723.913000, 1606688723.913000, 1606688820.923000
1606688820.938000, 1606688821.924000, 1606688821.924000, 1606688826.543000, 1606688826.543000, 1606688910.419000
