read_start,read_end,cpu_start,cpu_end,write_start,write_end
1606686838.411000, 1606686906.785000, 1606686906.785000, 1606686912.071000, 1606686912.071000, 1606686969.554000
1606686969.574000, 1606686970.603000, 1606686970.603000, 1606686975.270000, 1606686975.270000, 1606687033.400000
1606687033.415000, 1606687034.361000, 1606687034.361000, 1606687039.107000, 1606687039.107000, 1606687092.134000
