read_start,read_end,cpu_start,cpu_end,write_start,write_end
1606685629.648000, 1606685661.550000, 1606685661.550000, 1606685666.171000, 1606685666.171000, 1606685667.375000
1606685667.385000, 1606685668.321000, 1606685668.321000, 1606685672.701000, 1606685672.701000, 1606685673.729000
1606685673.738000, 1606685674.651000, 1606685674.651000, 1606685679.033000, 1606685679.033000, 1606685680.059000
