read_start,read_end,cpu_start,cpu_end,write_start,write_end
1606693128.065000, 1606693259.479000, 1606693259.479000, 1606693264.591000, 1606693264.591000, 1606693358.480000
1606693358.494000, 1606693359.433000, 1606693359.433000, 1606693363.966000, 1606693363.966000, 1606693445.989000
1606693446.013000, 1606693448.096000, 1606693448.096000, 1606693453.259000, 1606693453.259000, 1606693602.397000
