read_start,read_end,cpu_start,cpu_end,write_start,write_end
1606696336.393000, 1606696507.646000, 1606696507.646000, 1606696513.038000, 1606696513.038000, 1606696706.291000
1606696706.330000, 1606696709.168000, 1606696709.168000, 1606696717.010000, 1606696717.010000, 1606696907.690000
1606696907.792000, 1606696909.008000, 1606696909.008000, 1606696914.069000, 1606696914.069000, 1606697021.285000
