read_start,read_end,cpu_start,cpu_end,write_start,write_end
1606690863.354000, 1606690973.696000, 1606690973.696000, 1606690978.784000, 1606690978.784000, 1606691081.496000
1606691081.511000, 1606691082.512000, 1606691082.512000, 1606691086.931000, 1606691086.931000, 1606691174.678000
1606691174.692000, 1606691176.068000, 1606691176.068000, 1606691180.750000, 1606691180.750000, 1606691283.278000
