read_start,read_end,cpu_start,cpu_end,write_start,write_end
1606692522.122000, 1606692653.235000, 1606692653.235000, 1606692658.587000, 1606692658.587000, 1606692755.307000
1606692755.326000, 1606692756.378000, 1606692756.378000, 1606692761.158000, 1606692761.158000, 1606692911.888000
1606692911.905000, 1606692913.291000, 1606692913.291000, 1606692918.614000, 1606692918.614000, 1606693076.041000
