read_start,read_end,cpu_start,cpu_end,write_start,write_end
1606685232.503000, 1606685239.927000, 1606685239.927000, 1606685244.888000, 1606685244.888000, 1606685245.883000
1606685245.893000, 1606685246.984000, 1606685246.984000, 1606685251.349000, 1606685251.349000, 1606685252.317000
1606685252.327000, 1606685253.235000, 1606685253.235000, 1606685257.572000, 1606685257.572000, 1606685258.531000
