read_start,read_end,cpu_start,cpu_end,write_start,write_end
1606693759.134000, 1606693900.435000, 1606693900.435000, 1606693905.456000, 1606693905.456000, 1606694003.164000
1606694003.177000, 1606694004.237000, 1606694004.237000, 1606694009.204000, 1606694009.204000, 1606694146.081000
1606694146.096000, 1606694147.141000, 1606694147.141000, 1606694151.882000, 1606694151.882000, 1606694284.236000
