read_start,read_end,cpu_start,cpu_end,write_start,write_end
1606695740.913000, 1606695895.859000, 1606695895.859000, 1606695900.897000, 1606695900.897000, 1606695977.889000
1606695977.904000, 1606695979.325000, 1606695979.325000, 1606695984.153000, 1606695984.153000, 1606696090.790000
1606696090.854000, 1606696091.974000, 1606696091.974000, 1606696096.750000, 1606696096.750000, 1606696274.708000
