read_start,read_end,cpu_start,cpu_end,write_start,write_end
1606692522.127000, 1606692654.993000, 1606692654.993000, 1606692660.636000, 1606692660.636000, 1606692843.392000
1606692843.407000, 1606692844.721000, 1606692844.721000, 1606692849.832000, 1606692849.832000, 1606692982.029000
1606692982.070000, 1606692983.046000, 1606692983.046000, 1606692987.976000, 1606692987.976000, 1606693078.146000
