read_start,read_end,cpu_start,cpu_end,write_start,write_end
1606687435.464000, 1606687508.263000, 1606687508.263000, 1606687513.433000, 1606687513.433000, 1606687583.886000
1606687583.906000, 1606687584.937000, 1606687584.937000, 1606687590.206000, 1606687590.206000, 1606687661.930000
1606687661.949000, 1606687663.090000, 1606687663.090000, 1606687667.899000, 1606687667.899000, 1606687730.549000
