read_start,read_end,cpu_start,cpu_end,write_start,write_end
1606696336.393000, 1606696507.723000, 1606696507.723000, 1606696513.827000, 1606696513.827000, 1606696706.291000
1606696706.568000, 1606696709.724000, 1606696709.724000, 1606696716.252000, 1606696716.252000, 1606696907.138000
1606696907.243000, 1606696908.341000, 1606696908.341000, 1606696913.375000, 1606696913.375000, 1606697021.067000
