read_start,read_end,cpu_start,cpu_end,write_start,write_end
1606685943.384000, 1606685986.561000, 1606685986.561000, 1606685991.260000, 1606685991.260000, 1606686028.550000
1606686028.565000, 1606686029.519000, 1606686029.519000, 1606686034.658000, 1606686034.658000, 1606686076.432000
1606686076.448000, 1606686077.576000, 1606686077.576000, 1606686082.550000, 1606686082.550000, 1606686129.814000
