read_start,read_end,cpu_start,cpu_end,write_start,write_end
1606691945.391000, 1606692071.304000, 1606692071.304000, 1606692076.529000, 1606692076.529000, 1606692177.555000
1606692177.568000, 1606692178.544000, 1606692178.544000, 1606692183.500000, 1606692183.500000, 1606692260.870000
1606692260.884000, 1606692262.354000, 1606692262.354000, 1606692267.410000, 1606692267.410000, 1606692425.778000
