read_start,read_end,cpu_start,cpu_end,write_start,write_end
1606695740.894000, 1606695894.556000, 1606695894.556000, 1606695899.616000, 1606695899.616000, 1606695976.938000
1606695976.969000, 1606695978.461000, 1606695978.461000, 1606695983.860000, 1606695983.860000, 1606696089.613000
1606696089.638000, 1606696091.096000, 1606696091.096000, 1606696096.155000, 1606696096.155000, 1606696274.523000
