read_start,read_end,cpu_start,cpu_end,write_start,write_end
1606688140.957000, 1606688225.330000, 1606688225.330000, 1606688230.666000, 1606688230.666000, 1606688313.522000
1606688313.540000, 1606688314.579000, 1606688314.579000, 1606688319.679000, 1606688319.679000, 1606688400.414000
1606688400.428000, 1606688401.464000, 1606688401.464000, 1606688406.247000, 1606688406.247000, 1606688486.694000
