{
    "workflow_execution": {
        "tasks": [
            {
                "color": "",
                "compute": {
                    "end": 37.25883720610147,
                    "start": 32.258642056101465
                },
                "execution_host": {
                    "cores": 32,
                    "flop_rate": 1000000000.0,
                    "hostname": "host01",
                    "memory": 268000000000.0
                },
                "failed": -1.0,
                "num_cores_allocated": 1,
                "read": [
                    {
                        "end": 32.258642056101465,
                        "id": "file_0_0",
                        "start": 0.00019726981948412205
                    }
                ],
                "task_id": "task_0_0",
                "terminated": -1.0,
                "whole_task": {
                    "end": 69.51233296309047,
                    "start": 0.00019726981948412205
                },
                "write": [
                    {
                        "end": 69.51233296309047,
                        "id": "file_0_1",
                        "start": 37.25883720610147
                    }
                ]
            },
            {
                "color": "",
                "compute": {
                    "end": 106.7719853508415,
                    "start": 101.77179020084151
                },
                "execution_host": {
                    "cores": 32,
                    "flop_rate": 1000000000.0,
                    "hostname": "host01",
                    "memory": 268000000000.0
                },
                "failed": -1.0,
                "num_cores_allocated": 1,
                "read": [
                    {
                        "end": 101.77179020084151,
                        "id": "file_0_1",
                        "start": 69.51311780272943
                    }
                ],
                "task_id": "task_0_1",
                "terminated": -1.0,
                "whole_task": {
                    "end": 139.00515321344088,
                    "start": 69.51311780272943
                },
                "write": [
                    {
                        "end": 139.00515321344088,
                        "id": "file_0_2",
                        "start": 106.7719853508415
                    }
                ]
            },
            {
                "color": "",
                "compute": {
                    "end": 176.26503193896434,
                    "start": 171.26483678896435
                },
                "execution_host": {
                    "cores": 32,
                    "flop_rate": 1000000000.0,
                    "hostname": "host01",
                    "memory": 268000000000.0
                },
                "failed": -1.0,
                "num_cores_allocated": 1,
                "read": [
                    {
                        "end": 171.26483678896435,
                        "id": "file_0_2",
                        "start": 139.0059380530798
                    }
                ],
                "task_id": "task_0_2",
                "terminated": -1.0,
                "whole_task": {
                    "end": 208.42474010949783,
                    "start": 139.0059380530798
                },
                "write": [
                    {
                        "end": 208.42474010949783,
                        "id": "file_0_3",
                        "start": 176.26503193896434
                    }
                ]
            },
            {
                "color": "",
                "compute": {
                    "end": 37.26046712384341,
                    "start": 32.26027197384341
                },
                "execution_host": {
                    "cores": 32,
                    "flop_rate": 1000000000.0,
                    "hostname": "host01",
                    "memory": 268000000000.0
                },
                "failed": -1.0,
                "num_cores_allocated": 1,
                "read": [
                    {
                        "end": 32.26027197384341,
                        "id": "file_1_0",
                        "start": 0.0005918094584523661
                    }
                ],
                "task_id": "task_1_0",
                "terminated": -1.0,
                "whole_task": {
                    "end": 69.52013948107805,
                    "start": 0.0005918094584523661
                },
                "write": [
                    {
                        "end": 69.52013948107805,
                        "id": "file_1_1",
                        "start": 37.26046712384341
                    }
                ]
            },
            {
                "color": "",
                "compute": {
                    "end": 106.7785852185739,
                    "start": 101.7783900685739
                },
                "execution_host": {
                    "cores": 32,
                    "flop_rate": 1000000000.0,
                    "hostname": "host01",
                    "memory": 268000000000.0
                },
                "failed": -1.0,
                "num_cores_allocated": 1,
                "read": [
                    {
                        "end": 101.7783900685739,
                        "id": "file_1_1",
                        "start": 69.520924320717
                    }
                ],
                "task_id": "task_1_1",
                "terminated": -1.0,
                "whole_task": {
                    "end": 139.03670103162958,
                    "start": 69.520924320717
                },
                "write": [
                    {
                        "end": 139.03670103162958,
                        "id": "file_1_2",
                        "start": 106.7785852185739
                    }
                ]
            },
            {
                "color": "",
                "compute": {
                    "end": 176.29059646004112,
                    "start": 171.29040131004112
                },
                "execution_host": {
                    "cores": 32,
                    "flop_rate": 1000000000.0,
                    "hostname": "host01",
                    "memory": 268000000000.0
                },
                "failed": -1.0,
                "num_cores_allocated": 1,
                "read": [
                    {
                        "end": 171.29040131004112,
                        "id": "file_1_2",
                        "start": 139.0374858712685
                    }
                ],
                "task_id": "task_1_2",
                "terminated": -1.0,
                "whole_task": {
                    "end": 208.522564597377,
                    "start": 139.0374858712685
                },
                "write": [
                    {
                        "end": 208.522564597377,
                        "id": "file_1_3",
                        "start": 176.29059646004112
                    }
                ]
            },
            {
                "color": "",
                "compute": {
                    "end": 37.26111068244556,
                    "start": 32.26091553244556
                },
                "execution_host": {
                    "cores": 32,
                    "flop_rate": 1000000000.0,
                    "hostname": "host01",
                    "memory": 268000000000.0
                },
                "failed": -1.0,
                "num_cores_allocated": 1,
                "read": [
                    {
                        "end": 32.26091553244556,
                        "id": "file_2_0",
                        "start": 0.0009863490974206103
                    }
                ],
                "task_id": "task_2_0",
                "terminated": -1.0,