{"cruise_cortex_extraction": {"cputime": 272.45085048675537, "read": 0.8456288344091263, "write": 1.691257668817343}, "extract_brain_region": {"cputime": 75.76031446456909, "read": 2.95969335053951, "write": 1.9026648774205341}, "mgdm_segmentation": {"cputime": 614.2867069244385, "read": 0.4228144172045063, "write": 2.95969335053951}, "mp2rage_skullstripping": {"cputime": 137.20237159729004, "read": 0.6342216258067708, "write": 0.8456288344090126}}