{
  "mp2rage_skullstripping": {
    "cputime": 136.64184379577637,
    "read": 0.23916759784958277,
    "write": 0.06497571182796946
  },
  "mgdm_segmentation": {
    "cputime": 623.8712430000305,
    "read": 0.04681572258064648,
    "write": 0.3755523848382154
  },
  "extract_brain_region": {
    "cputime": 80.50609922409058,
    "read": 0.3755523849464453,
    "write": 0.2597005505377865
  },
  "cruise_cortex_extraction": {
    "cputime": 269.66171407699596,
    "read": 0.10116248387100768,
    "write": 0.5375343462362707
  }
}