no_pipeline,makespan,readtime,writetime
1,23.585999965667725,7.655000448226929,2.862999677658081
6,311.3679995536804,203.35399961471558,22.165000200271606
11,979.7300002574921,647.7990009784698,168.9919991493225
16,3396.956000328064,1366.192999124527,1790.4350004196167
21,7054.256999492645,2347.478000164032,4381.423999071121
26,11714.086000680923,3578.3100020885468,7732.675000190735
31,17708.005999565125,5028.073999404907,12191.465000629425
