read_start,read_end,cpu_start,cpu_end,write_start,write_end
1608336281.151000, 1608336323.617000, 1608336323.617000, 1608336328.840000, 1608336328.840000, 1608336330.070000
1608336330.081000, 1608336331.226000, 1608336331.226000, 1608336335.962000, 1608336335.962000, 1608336337.237000
1608336337.250000, 1608336338.229000, 1608336338.229000, 1608336343.461000, 1608336343.461000, 1608336346.492000
