read_start,read_end,cpu_start,cpu_end,write_start,write_end
1608321425.369000, 1608321532.909000, 1608321532.909000, 1608321537.827000, 1608321537.827000, 1608321539.028000
1608321539.039000, 1608321540.170000, 1608321540.170000, 1608321545.671000, 1608321545.671000, 1608321617.509000
1608321617.520000, 1608321618.455000, 1608321618.455000, 1608321623.423000, 1608321623.423000, 1608321736.478000
