read_start,read_end,cpu_start,cpu_end,write_start,write_end
1608336919.803000, 1608336991.411000, 1608336991.411000, 1608336996.342000, 1608336996.342000, 1608336997.571000
1608336997.584000, 1608336998.593000, 1608336998.593000, 1608337003.836000, 1608337003.836000, 1608337005.126000
1608337005.138000, 1608337006.125000, 1608337006.125000, 1608337010.990000, 1608337010.990000, 1608337088.444000
