read_start,read_end,cpu_start,cpu_end,write_start,write_end
1608320665.655000, 1608320697.540000, 1608320697.540000, 1608320702.158000, 1608320702.158000, 1608320703.337000
1608320703.348000, 1608320704.311000, 1608320704.311000, 1608320708.934000, 1608320708.934000, 1608320710.140000
1608320710.151000, 1608320711.113000, 1608320711.113000, 1608320715.790000, 1608320715.790000, 1608320716.965000
