read_start,read_end,cpu_start,cpu_end,write_start,write_end
1608337107.836000, 1608337186.614000, 1608337186.614000, 1608337192.138000, 1608337192.138000, 1608337193.374000
1608337193.386000, 1608337194.370000, 1608337194.370000, 1608337199.713000, 1608337199.713000, 1608337261.761000
1608337261.778000, 1608337262.888000, 1608337262.888000, 1608337267.731000, 1608337267.731000, 1608337308.697000
