read_start,read_end,cpu_start,cpu_end,write_start,write_end
1608337107.844000, 1608337185.906000, 1608337185.906000, 1608337191.174000, 1608337191.174000, 1608337192.354000
1608337192.367000, 1608337193.492000, 1608337193.492000, 1608337198.716000, 1608337198.716000, 1608337236.570000
1608337236.585000, 1608337237.528000, 1608337237.528000, 1608337242.035000, 1608337242.035000, 1608337305.394000
