read_start,read_end,cpu_start,cpu_end,write_start,write_end
1608336622.303000, 1608336682.835000, 1608336682.835000, 1608336687.794000, 1608336687.794000, 1608336688.980000
1608336688.992000, 1608336690.077000, 1608336690.077000, 1608336695.022000, 1608336695.022000, 1608336696.200000
1608336696.212000, 1608336697.186000, 1608336697.186000, 1608336702.208000, 1608336702.208000, 1608336705.478000
