read_start,read_end,cpu_start,cpu_end,write_start,write_end
1608321912.366000, 1608322049.712000, 1608322049.712000, 1608322055.533000, 1608322055.533000, 1608322110.620000
1608322110.635000, 1608322111.666000, 1608322111.666000, 1608322116.125000, 1608322116.125000, 1608322273.314000
1608322273.330000, 1608322274.395000, 1608322274.395000, 1608322279.104000, 1608322279.104000, 1608322374.582000
