read_start,read_end,cpu_start,cpu_end,write_start,write_end
1608336622.305000, 1608336684.185000, 1608336684.185000, 1608336689.254000, 1608336689.254000, 1608336690.470000
1608336690.482000, 1608336691.592000, 1608336691.592000, 1608336696.495000, 1608336696.495000, 1608336697.699000
1608336697.709000, 1608336698.692000, 1608336698.692000, 1608336703.601000, 1608336703.601000, 1608336738.259000
