read_start,read_end,cpu_start,cpu_end,write_start,write_end
1608321071.679000, 1608321155.532000, 1608321155.532000, 1608321160.540000, 1608321160.540000, 1608321161.827000
1608321161.841000, 1608321163.010000, 1608321163.010000, 1608321168.127000, 1608321168.127000, 1608321222.242000
1608321222.256000, 1608321223.346000, 1608321223.346000, 1608321227.869000, 1608321227.869000, 1608321289.606000
