read_start,read_end,cpu_start,cpu_end,write_start,write_end
1608336216.924000, 1608336254.136000, 1608336254.136000, 1608336258.851000, 1608336258.851000, 1608336260.063000
1608336260.074000, 1608336261.046000, 1608336261.046000, 1608336265.779000, 1608336265.779000, 1608336266.995000
1608336267.010000, 1608336267.973000, 1608336267.973000, 1608336272.714000, 1608336272.714000, 1608336273.927000
