read_start,read_end,cpu_start,cpu_end,write_start,write_end
1608321071.677000, 1608321156.491000, 1608321156.491000, 1608321161.609000, 1608321161.609000, 1608321162.867000
1608321162.877000, 1608321163.845000, 1608321163.845000, 1608321168.965000, 1608321168.965000, 1608321248.560000
1608321248.576000, 1608321249.509000, 1608321249.509000, 1608321253.960000, 1608321253.960000, 1608321293.171000
