read_start,read_end,cpu_start,cpu_end,write_start,write_end
1608321912.361000, 1608322048.223000, 1608322048.223000, 1608322053.882000, 1608322053.882000, 1608322055.167000
1608322055.178000, 1608322056.195000, 1608322056.195000, 1608322061.400000, 1608322061.400000, 1608322226.373000
1608322226.387000, 1608322228.022000, 1608322228.022000, 1608322232.693000, 1608322232.693000, 1608322366.985000
