read_start,read_end,cpu_start,cpu_end,write_start,write_end
1608320665.650000, 1608320697.527000, 1608320697.527000, 1608320702.172000, 1608320702.172000, 1608320703.299000
1608320703.310000, 1608320704.330000, 1608320704.330000, 1608320708.942000, 1608320708.942000, 1608320710.300000
1608320710.311000, 1608320711.331000, 1608320711.331000, 1608320716.123000, 1608320716.123000, 1608320717.447000
