read_start,read_end,cpu_start,cpu_end,write_start,write_end
1608321425.367000, 1608321530.610000, 1608321530.610000, 1608321535.602000, 1608321535.602000, 1608321537.272000
1608321537.284000, 1608321538.275000, 1608321538.275000, 1608321544.129000, 1608321544.129000, 1608321547.475000
1608321547.489000, 1608321548.617000, 1608321548.617000, 1608321553.093000, 1608321553.093000, 1608321689.685000
