read_start,read_end,cpu_start,cpu_end,write_start,write_end
1608321425.389000, 1608321537.083000, 1608321537.083000, 1608321542.783000, 1608321542.783000, 1608321544.189000
1608321544.202000, 1608321545.340000, 1608321545.340000, 1608321550.452000, 1608321550.452000, 1608321688.034000
1608321688.047000, 1608321688.986000, 1608321688.986000, 1608321693.896000, 1608321693.896000, 1608321777.932000
