read_start,read_end,cpu_start,cpu_end,write_start,write_end
1608336432.269000, 1608336482.342000, 1608336482.342000, 1608336487.135000, 1608336487.135000, 1608336488.214000
1608336488.224000, 1608336489.150000, 1608336489.150000, 1608336494.406000, 1608336494.406000, 1608336495.626000
1608336495.636000, 1608336496.741000, 1608336496.741000, 1608336501.584000, 1608336501.584000, 1608336502.737000
