read_start,read_end,cpu_start,cpu_end,write_start,write_end
1608336919.790000, 1608336992.475000, 1608336992.475000, 1608336997.576000, 1608336997.576000, 1608336998.861000
1608336998.872000, 1608336999.949000, 1608336999.949000, 1608337004.740000, 1608337004.740000, 1608337008.325000
1608337008.339000, 1608337009.345000, 1608337009.345000, 1608337014.001000, 1608337014.001000, 1608337092.670000
