read_start,read_end,cpu_start,cpu_end,write_start,write_end
1608337107.841000, 1608337186.072000, 1608337186.072000, 1608337191.212000, 1608337191.212000, 1608337192.386000
1608337192.398000, 1608337193.479000, 1608337193.479000, 1608337198.449000, 1608337198.449000, 1608337223.387000
1608337223.401000, 1608337224.467000, 1608337224.467000, 1608337229.138000, 1608337229.138000, 1608337303.076000
