read_start,read_end,cpu_start,cpu_end,write_start,write_end
1608336756.602000, 1608336822.383000, 1608336822.383000, 1608336827.189000, 1608336827.189000, 1608336828.397000
1608336828.409000, 1608336829.497000, 1608336829.497000, 1608336834.543000, 1608336834.543000, 1608336835.710000
1608336835.721000, 1608336836.691000, 1608336836.691000, 1608336841.649000, 1608336841.649000, 1608336892.936000
