read_start,read_end,cpu_start,cpu_end,write_start,write_end
1608337107.842000, 1608337184.741000, 1608337184.741000, 1608337189.680000, 1608337189.680000, 1608337190.867000
1608337190.878000, 1608337191.867000, 1608337191.867000, 1608337197.159000, 1608337197.159000, 1608337198.542000
1608337198.553000, 1608337199.547000, 1608337199.547000, 1608337204.643000, 1608337204.643000, 1608337298.353000
