read_start,read_end,cpu_start,cpu_end,write_start,write_end
1608336919.801000, 1608336990.972000, 1608336990.972000, 1608336995.994000, 1608336995.994000, 1608336997.302000
1608336997.315000, 1608336998.307000, 1608336998.307000, 1608337003.585000, 1608337003.585000, 1608337004.826000
1608337004.838000, 1608337005.823000, 1608337005.823000, 1608337010.741000, 1608337010.741000, 1608337087.429000
