read_start,read_end,cpu_start,cpu_end,write_start,write_end
1608336432.273000, 1608336483.025000, 1608336483.025000, 1608336487.915000, 1608336487.915000, 1608336489.152000
1608336489.164000, 1608336490.188000, 1608336490.188000, 1608336495.004000, 1608336495.004000, 1608336496.273000
1608336496.285000, 1608336497.286000, 1608336497.286000, 1608336502.054000, 1608336502.054000, 1608336503.270000
