read_start,read_end,cpu_start,cpu_end,write_start,write_end
1608321071.694000, 1608321154.415000, 1608321154.415000, 1608321159.607000, 1608321159.607000, 1608321160.836000
1608321160.850000, 1608321162.009000, 1608321162.009000, 1608321167.201000, 1608321167.201000, 1608321168.861000
1608321168.874000, 1608321169.847000, 1608321169.847000, 1608321174.616000, 1608321174.616000, 1608321277.648000
