read_start,read_end,cpu_start,cpu_end,write_start,write_end
1608336281.156000, 1608336323.726000, 1608336323.726000, 1608336328.820000, 1608336328.820000, 1608336330.047000
1608336330.059000, 1608336331.202000, 1608336331.202000, 1608336335.933000, 1608336335.933000, 1608336337.206000
1608336337.218000, 1608336338.343000, 1608336338.343000, 1608336343.119000, 1608336343.119000, 1608336345.883000
