read_start,read_end,cpu_start,cpu_end,write_start,write_end
1608336353.835000, 1608336401.390000, 1608336401.390000, 1608336405.995000, 1608336405.995000, 1608336407.192000
1608336407.203000, 1608336408.173000, 1608336408.173000, 1608336413.006000, 1608336413.006000, 1608336414.206000
1608336414.220000, 1608336415.215000, 1608336415.215000, 1608336420.075000, 1608336420.075000, 1608336421.257000
