read_start,read_end,cpu_start,cpu_end,write_start,write_end
1608321912.375000, 1608322048.681000, 1608322048.681000, 1608322054.528000, 1608322054.528000, 1608322056.004000
1608322056.023000, 1608322056.999000, 1608322056.999000, 1608322061.744000, 1608322061.744000, 1608322227.387000
1608322227.402000, 1608322228.348000, 1608322228.348000, 1608322232.920000, 1608322232.920000, 1608322367.051000
