read_start,read_end,cpu_start,cpu_end,write_start,write_end
1608336281.152000, 1608336323.723000, 1608336323.723000, 1608336328.468000, 1608336328.468000, 1608336329.720000
1608336329.733000, 1608336330.729000, 1608336330.729000, 1608336335.849000, 1608336335.849000, 1608336337.231000
1608336337.244000, 1608336338.204000, 1608336338.204000, 1608336342.960000, 1608336342.960000, 1608336344.845000
