read_start,read_end,cpu_start,cpu_end,write_start,write_end
1608336353.839000, 1608336401.306000, 1608336401.306000, 1608336406.243000, 1608336406.243000, 1608336407.510000
1608336407.522000, 1608336408.508000, 1608336408.508000, 1608336413.304000, 1608336413.304000, 1608336414.526000
1608336414.539000, 1608336415.523000, 1608336415.523000, 1608336420.333000, 1608336420.333000, 1608336421.519000
