read_start,read_end,cpu_start,cpu_end,write_start,write_end
1608337107.830000, 1608337183.786000, 1608337183.786000, 1608337188.738000, 1608337188.738000, 1608337189.943000
1608337189.953000, 1608337190.927000, 1608337190.927000, 1608337196.247000, 1608337196.247000, 1608337197.414000
1608337197.425000, 1608337198.402000, 1608337198.402000, 1608337203.289000, 1608337203.289000, 1608337296.159000
