read_start,read_end,cpu_start,cpu_end,write_start,write_end
1608336919.801000, 1608336993.123000, 1608336993.123000, 1608336998.226000, 1608336998.226000, 1608336999.505000
1608336999.516000, 1608337000.509000, 1608337000.509000, 1608337005.897000, 1608337005.897000, 1608337035.878000
1608337035.895000, 1608337037.001000, 1608337037.001000, 1608337041.444000, 1608337041.444000, 1608337096.141000
