read_start,read_end,cpu_start,cpu_end,write_start,write_end
1608336919.793000, 1608336991.726000, 1608336991.726000, 1608336997.053000, 1608336997.053000, 1608336998.325000
1608336998.337000, 1608336999.490000, 1608336999.490000, 1608337004.785000, 1608337004.785000, 1608337008.589000
1608337008.603000, 1608337009.570000, 1608337009.570000, 1608337014.190000, 1608337014.190000, 1608337092.798000
