read_start,read_end,cpu_start,cpu_end,write_start,write_end
1608322517.294000, 1608322676.381000, 1608322676.381000, 1608322681.990000, 1608322681.990000, 1608322685.556000
1608322685.568000, 1608322686.717000, 1608322686.717000, 1608322691.590000, 1608322691.590000, 1608322915.689000
1608322915.709000, 1608322916.821000, 1608322916.821000, 1608322921.583000, 1608322921.583000, 1608323091.263000
