read_start,read_end,cpu_start,cpu_end,write_start,write_end
1608336432.272000, 1608336483.726000, 1608336483.726000, 1608336488.746000, 1608336488.746000, 1608336490.060000
1608336490.073000, 1608336491.183000, 1608336491.183000, 1608336495.931000, 1608336495.931000, 1608336497.132000
1608336497.144000, 1608336498.113000, 1608336498.113000, 1608336502.865000, 1608336502.865000, 1608336504.461000
