read_start,read_end,cpu_start,cpu_end,write_start,write_end
1608336622.299000, 1608336685.131000, 1608336685.131000, 1608336690.274000, 1608336690.274000, 1608336691.476000
1608336691.488000, 1608336692.593000, 1608336692.593000, 1608336697.996000, 1608336697.996000, 1608336699.593000
1608336699.603000, 1608336700.696000, 1608336700.696000, 1608336705.474000, 1608336705.474000, 1608336746.602000
