read_start,read_end,cpu_start,cpu_end,write_start,write_end
1608336281.154000, 1608336323.724000, 1608336323.724000, 1608336328.953000, 1608336328.953000, 1608336330.212000
1608336330.222000, 1608336331.350000, 1608336331.350000, 1608336336.084000, 1608336336.084000, 1608336337.351000
1608336337.363000, 1608336338.330000, 1608336338.330000, 1608336343.060000, 1608336343.060000, 1608336345.467000
