read_start,read_end,cpu_start,cpu_end,write_start,write_end
1608321425.366000, 1608321535.781000, 1608321535.781000, 1608321541.048000, 1608321541.048000, 1608321542.328000
1608321542.342000, 1608321543.551000, 1608321543.551000, 1608321548.829000, 1608321548.829000, 1608321680.653000
1608321680.667000, 1608321682.202000, 1608321682.202000, 1608321687.546000, 1608321687.546000, 1608321775.269000
