read_start,read_end,cpu_start,cpu_end,write_start,write_end
1608336756.611000, 1608336824.847000, 1608336824.847000, 1608336830.193000, 1608336830.193000, 1608336831.468000
1608336831.479000, 1608336832.469000, 1608336832.469000, 1608336837.352000, 1608336837.352000, 1608336840.871000
1608336840.885000, 1608336841.832000, 1608336841.832000, 1608336846.508000, 1608336846.508000, 1608336908.639000
