read_start,read_end,cpu_start,cpu_end,write_start,write_end
1608322517.287000, 1608322676.325000, 1608322676.325000, 1608322681.651000, 1608322681.651000, 1608322684.787000
1608322684.799000, 1608322685.822000, 1608322685.822000, 1608322691.324000, 1608322691.324000, 1608322915.750000
1608322915.765000, 1608322917.022000, 1608322917.022000, 1608322921.747000, 1608322921.747000, 1608323091.307000
