read_start,read_end,cpu_start,cpu_end,write_start,write_end
1608336919.798000, 1608336989.014000, 1608336989.014000, 1608336993.669000, 1608336993.669000, 1608336994.919000
1608336994.930000, 1608336995.934000, 1608336995.934000, 1608337001.249000, 1608337001.249000, 1608337002.395000
1608337002.405000, 1608337003.374000, 1608337003.374000, 1608337008.451000, 1608337008.451000, 1608337074.400000
