read_start,read_end,cpu_start,cpu_end,write_start,write_end
1608321912.358000, 1608322050.273000, 1608322050.273000, 1608322056.539000, 1608322056.539000, 1608322169.036000
1608322169.050000, 1608322170.084000, 1608322170.084000, 1608322174.604000, 1608322174.604000, 1608322324.102000
1608322324.131000, 1608322325.107000, 1608322325.107000, 1608322329.713000, 1608322329.713000, 1608322381.071000
