read_start,read_end,cpu_start,cpu_end,write_start,write_end
1608321071.686000, 1608321154.382000, 1608321154.382000, 1608321159.316000, 1608321159.316000, 1608321160.515000
1608321160.528000, 1608321161.602000, 1608321161.602000, 1608321166.993000, 1608321166.993000, 1608321168.612000
1608321168.624000, 1608321169.721000, 1608321169.721000, 1608321174.495000, 1608321174.495000, 1608321277.585000
