read_start,read_end,cpu_start,cpu_end,write_start,write_end
1608321425.375000, 1608321534.678000, 1608321534.678000, 1608321540.076000, 1608321540.076000, 1608321541.281000
1608321541.293000, 1608321542.294000, 1608321542.294000, 1608321547.630000, 1608321547.630000, 1608321664.605000
1608321664.621000, 1608321665.565000, 1608321665.565000, 1608321669.944000, 1608321669.944000, 1608321766.197000
