read_start,read_end,cpu_start,cpu_end,write_start,write_end
1608321912.368000, 1608322050.097000, 1608322050.097000, 1608322056.405000, 1608322056.405000, 1608322163.986000
1608322164.001000, 1608322164.937000, 1608322164.937000, 1608322169.576000, 1608322169.576000, 1608322319.915000
1608322319.932000, 1608322321.307000, 1608322321.307000, 1608322326.432000, 1608322326.432000, 1608322380.664000
