read_start,read_end,cpu_start,cpu_end,write_start,write_end
1608321912.376000, 1608322047.534000, 1608322047.534000, 1608322052.944000, 1608322052.944000, 1608322054.233000
1608322054.244000, 1608322055.267000, 1608322055.267000, 1608322060.235000, 1608322060.235000, 1608322221.501000
1608322221.515000, 1608322222.462000, 1608322222.462000, 1608322226.912000, 1608322226.912000, 1608322364.381000
