read_start,read_end,cpu_start,cpu_end,write_start,write_end
1608321912.379000, 1608322045.904000, 1608322045.904000, 1608322051.190000, 1608322051.190000, 1608322052.505000
1608322052.518000, 1608322053.693000, 1608322053.693000, 1608322058.913000, 1608322058.913000, 1608322211.744000
1608322211.758000, 1608322212.673000, 1608322212.673000, 1608322217.134000, 1608322217.134000, 1608322359.638000
