read_start,read_end,cpu_start,cpu_end,write_start,write_end
1608336756.601000, 1608336823.331000, 1608336823.331000, 1608336828.332000, 1608336828.332000, 1608336829.560000
1608336829.573000, 1608336830.721000, 1608336830.721000, 1608336835.681000, 1608336835.681000, 1608336836.899000
1608336836.912000, 1608336837.890000, 1608336837.890000, 1608336842.705000, 1608336842.705000, 1608336901.984000
