read_start,read_end,cpu_start,cpu_end,write_start,write_end
1608336353.837000, 1608336401.476000, 1608336401.476000, 1608336406.870000, 1608336406.870000, 1608336408.101000
1608336408.113000, 1608336409.259000, 1608336409.259000, 1608336413.999000, 1608336413.999000, 1608336415.247000
1608336415.258000, 1608336416.227000, 1608336416.227000, 1608336421.455000, 1608336421.455000, 1608336423.702000
