read_start,read_end,cpu_start,cpu_end,write_start,write_end
1608321912.364000, 1608322048.010000, 1608322048.010000, 1608322053.894000, 1608322053.894000, 1608322055.285000
1608322055.296000, 1608322056.292000, 1608322056.292000, 1608322061.228000, 1608322061.228000, 1608322225.784000
1608322225.794000, 1608322226.790000, 1608322226.790000, 1608322231.755000, 1608322231.755000, 1608322366.635000
