read_start,read_end,cpu_start,cpu_end,write_start,write_end
1608336919.789000, 1608336993.757000, 1608336993.757000, 1608336998.957000, 1608336998.957000, 1608337000.190000
1608337000.200000, 1608337001.182000, 1608337001.182000, 1608337006.349000, 1608337006.349000, 1608337046.532000
1608337046.548000, 1608337047.510000, 1608337047.510000, 1608337052.068000, 1608337052.068000, 1608337097.045000
