read_start,read_end,cpu_start,cpu_end,write_start,write_end
1608322517.262000, 1608322680.927000, 1608322680.927000, 1608322686.950000, 1608322686.950000, 1608322899.595000
1608322899.610000, 1608322900.565000, 1608322900.565000, 1608322905.125000, 1608322905.125000, 1608323076.112000
1608323076.127000, 1608323077.086000, 1608323077.086000, 1608323081.692000, 1608323081.692000, 1608323148.387000
