read_start,read_end,cpu_start,cpu_end,write_start,write_end
1608321912.382000, 1608322043.482000, 1608322043.482000, 1608322048.225000, 1608322048.225000, 1608322049.451000
1608322049.465000, 1608322050.457000, 1608322050.457000, 1608322056.111000, 1608322056.111000, 1608322153.599000
1608322153.621000, 1608322154.619000, 1608322154.619000, 1608322159.010000, 1608322159.010000, 1608322310.942000
