read_start,read_end,cpu_start,cpu_end,write_start,write_end
1608322517.276000, 1608322683.253000, 1608322683.253000, 1608322688.796000, 1608322688.796000, 1608322913.671000
1608322913.688000, 1608322914.932000, 1608322914.932000, 1608322920.199000, 1608322920.199000, 1608323090.508000
1608323090.561000, 1608323091.526000, 1608323091.526000, 1608323096.190000, 1608323096.190000, 1608323156.995000
