read_start,read_end,cpu_start,cpu_end,write_start,write_end
1608321071.677000, 1608321156.843000, 1608321156.843000, 1608321162.095000, 1608321162.095000, 1608321163.286000
1608321163.296000, 1608321164.271000, 1608321164.271000, 1608321169.394000, 1608321169.394000, 1608321257.198000
1608321257.213000, 1608321258.157000, 1608321258.157000, 1608321262.632000, 1608321262.632000, 1608321293.664000
