read_start,read_end,cpu_start,cpu_end,write_start,write_end
1608322517.277000, 1608322682.025000, 1608322682.025000, 1608322688.017000, 1608322688.017000, 1608322910.985000
1608322910.998000, 1608322912.750000, 1608322912.750000, 1608322919.177000, 1608322919.177000, 1608323089.719000
1608323089.804000, 1608323090.791000, 1608323090.791000, 1608323095.573000, 1608323095.573000, 1608323156.776000
