read_start,read_end,cpu_start,cpu_end,write_start,write_end
1608336281.158000, 1608336323.727000, 1608336323.727000, 1608336328.961000, 1608336328.961000, 1608336330.151000
1608336330.162000, 1608336331.285000, 1608336331.285000, 1608336336.021000, 1608336336.021000, 1608336337.287000
1608336337.298000, 1608336338.275000, 1608336338.275000, 1608336343.005000, 1608336343.005000, 1608336345.257000
