read_start,read_end,cpu_start,cpu_end,write_start,write_end
1608336216.925000, 1608336254.136000, 1608336254.136000, 1608336258.855000, 1608336258.855000, 1608336260.072000
1608336260.083000, 1608336261.054000, 1608336261.054000, 1608336265.788000, 1608336265.788000, 1608336267.000000
1608336267.013000, 1608336268.029000, 1608336268.029000, 1608336272.896000, 1608336272.896000, 1608336274.249000
