read_start,read_end,cpu_start,cpu_end,write_start,write_end
1608322517.284000, 1608322672.859000, 1608322672.859000, 1608322678.030000, 1608322678.030000, 1608322679.215000
1608322679.226000, 1608322680.213000, 1608322680.213000, 1608322685.910000, 1608322685.910000, 1608322874.221000
1608322874.237000, 1608322875.227000, 1608322875.227000, 1608322879.872000, 1608322879.872000, 1608323058.720000
