read_start,read_end,cpu_start,cpu_end,write_start,write_end
1608336353.843000, 1608336401.651000, 1608336401.651000, 1608336406.868000, 1608336406.868000, 1608336408.074000
1608336408.086000, 1608336409.201000, 1608336409.201000, 1608336414.121000, 1608336414.121000, 1608336415.494000
1608336415.505000, 1608336416.627000, 1608336416.627000, 1608336421.422000, 1608336421.422000, 1608336423.242000
