read_start,read_end,cpu_start,cpu_end,write_start,write_end
1608337107.836000, 1608337183.151000, 1608337183.151000, 1608337188.169000, 1608337188.169000, 1608337189.311000
1608337189.322000, 1608337190.429000, 1608337190.429000, 1608337195.719000, 1608337195.719000, 1608337196.904000
1608337196.915000, 1608337197.894000, 1608337197.894000, 1608337202.883000, 1608337202.883000, 1608337295.141000
