read_start,read_end,cpu_start,cpu_end,write_start,write_end
1608336353.838000, 1608336401.304000, 1608336401.304000, 1608336405.903000, 1608336405.903000, 1608336407.078000
1608336407.091000, 1608336408.052000, 1608336408.052000, 1608336412.895000, 1608336412.895000, 1608336414.079000
1608336414.092000, 1608336415.083000, 1608336415.083000, 1608336419.978000, 1608336419.978000, 1608336421.177000
