read_start,read_end,cpu_start,cpu_end,write_start,write_end
1608320843.895000, 1608320900.576000, 1608320900.576000, 1608320905.401000, 1608320905.401000, 1608320906.684000
1608320906.697000, 1608320907.719000, 1608320907.719000, 1608320913.004000, 1608320913.004000, 1608320914.391000
1608320914.402000, 1608320915.343000, 1608320915.343000, 1608320920.078000, 1608320920.078000, 1608320938.060000
