read_start,read_end,cpu_start,cpu_end,write_start,write_end
1608322517.272000, 1608322673.979000, 1608322673.979000, 1608322679.396000, 1608322679.396000, 1608322680.609000
1608322680.621000, 1608322681.777000, 1608322681.777000, 1608322687.432000, 1608322687.432000, 1608322906.695000
1608322906.711000, 1608322907.699000, 1608322907.699000, 1608322912.499000, 1608322912.499000, 1608323083.280000
