read_start,read_end,cpu_start,cpu_end,write_start,write_end
1608337107.832000, 1608337185.149000, 1608337185.149000, 1608337190.169000, 1608337190.169000, 1608337191.371000
1608337191.383000, 1608337192.371000, 1608337192.371000, 1608337197.573000, 1608337197.573000, 1608337199.672000
1608337199.684000, 1608337200.649000, 1608337200.649000, 1608337205.385000, 1608337205.385000, 1608337298.896000
