read_start,read_end,cpu_start,cpu_end,write_start,write_end
1608322517.267000, 1608322677.120000, 1608322677.120000, 1608322682.659000, 1608322682.659000, 1608322685.487000
1608322685.499000, 1608322686.500000, 1608322686.500000, 1608322691.284000, 1608322691.284000, 1608322915.778000
1608322915.791000, 1608322916.821000, 1608322916.821000, 1608322921.641000, 1608322921.641000, 1608323091.253000
