read_start,read_end,cpu_start,cpu_end,write_start,write_end
1608321912.353000, 1608322045.707000, 1608322045.707000, 1608322050.809000, 1608322050.809000, 1608322052.225000
1608322052.238000, 1608322053.310000, 1608322053.310000, 1608322058.755000, 1608322058.755000, 1608322210.255000
1608322210.268000, 1608322211.249000, 1608322211.249000, 1608322216.050000, 1608322216.050000, 1608322358.887000
