read_start,read_end,cpu_start,cpu_end,write_start,write_end
1608322517.264000, 1608322679.637000, 1608322679.637000, 1608322685.498000, 1608322685.498000, 1608322859.291000
1608322859.308000, 1608322861.194000, 1608322861.194000, 1608322866.940000, 1608322866.940000, 1608323047.141000
1608323047.232000, 1608323048.546000, 1608323048.546000, 1608323053.155000, 1608323053.155000, 1608323132.213000
