read_start,read_end,cpu_start,cpu_end,write_start,write_end
1608322517.283000, 1608322674.074000, 1608322674.074000, 1608322679.538000, 1608322679.538000, 1608322680.787000
1608322680.799000, 1608322681.809000, 1608322681.809000, 1608322687.425000, 1608322687.425000, 1608322906.630000
1608322906.646000, 1608322907.646000, 1608322907.646000, 1608322912.472000, 1608322912.472000, 1608323083.214000
