read_start,read_end,cpu_start,cpu_end,write_start,write_end
1608336756.599000, 1608336824.580000, 1608336824.580000, 1608336829.416000, 1608336829.416000, 1608336830.647000
1608336830.659000, 1608336831.786000, 1608336831.786000, 1608336836.676000, 1608336836.676000, 1608336838.265000
1608336838.277000, 1608336839.231000, 1608336839.231000, 1608336844.482000, 1608336844.482000, 1608336907.189000
