read_start,read_end,cpu_start,cpu_end,write_start,write_end
1608336432.277000, 1608336483.841000, 1608336483.841000, 1608336488.550000, 1608336488.550000, 1608336489.659000
1608336489.669000, 1608336490.624000, 1608336490.624000, 1608336495.438000, 1608336495.438000, 1608336496.636000
1608336496.649000, 1608336497.633000, 1608336497.633000, 1608336502.923000, 1608336502.923000, 1608336504.929000
