read_start,read_end,cpu_start,cpu_end,write_start,write_end
1608337107.827000, 1608337186.536000, 1608337186.536000, 1608337191.723000, 1608337191.723000, 1608337192.967000
1608337192.978000, 1608337193.976000, 1608337193.976000, 1608337199.221000, 1608337199.221000, 1608337251.240000
1608337251.257000, 1608337252.363000, 1608337252.363000, 1608337256.857000, 1608337256.857000, 1608337307.505000
