read_start,read_end,cpu_start,cpu_end,write_start,write_end
1608336622.299000, 1608336686.204000, 1608336686.204000, 1608336691.358000, 1608336691.358000, 1608336692.539000
1608336692.549000, 1608336693.633000, 1608336693.633000, 1608336698.544000, 1608336698.544000, 1608336700.463000
1608336700.473000, 1608336701.455000, 1608336701.455000, 1608336706.159000, 1608336706.159000, 1608336747.097000
