read_start,read_end,cpu_start,cpu_end,write_start,write_end
1608322517.288000, 1608322680.874000, 1608322680.874000, 1608322686.916000, 1608322686.916000, 1608322898.459000
1608322898.475000, 1608322900.066000, 1608322900.066000, 1608322904.635000, 1608322904.635000, 1608323075.991000
1608323076.136000, 1608323077.710000, 1608323077.710000, 1608323082.566000, 1608323082.566000, 1608323148.747000
