read_start,read_end,cpu_start,cpu_end,write_start,write_end
1608336622.309000, 1608336684.861000, 1608336684.861000, 1608336690.250000, 1608336690.250000, 1608336691.463000
1608336691.474000, 1608336692.449000, 1608336692.449000, 1608336697.358000, 1608336697.358000, 1608336698.550000
1608336698.562000, 1608336699.620000, 1608336699.620000, 1608336704.526000, 1608336704.526000, 1608336744.755000
