read_start,read_end,cpu_start,cpu_end,write_start,write_end
1608321425.392000, 1608321536.625000, 1608321536.625000, 1608321542.310000, 1608321542.310000, 1608321543.751000
1608321543.765000, 1608321544.939000, 1608321544.939000, 1608321550.071000, 1608321550.071000, 1608321687.378000
1608321687.395000, 1608321688.353000, 1608321688.353000, 1608321693.114000, 1608321693.114000, 1608321777.823000
