read_start,read_end,cpu_start,cpu_end,write_start,write_end
1608336756.604000, 1608336822.994000, 1608336822.994000, 1608336827.997000, 1608336827.997000, 1608336829.208000
1608336829.219000, 1608336830.284000, 1608336830.284000, 1608336835.308000, 1608336835.308000, 1608336836.704000
1608336836.715000, 1608336837.742000, 1608336837.742000, 1608336842.532000, 1608336842.532000, 1608336901.134000
