read_start,read_end,cpu_start,cpu_end,write_start,write_end
1608336353.842000, 1608336401.644000, 1608336401.644000, 1608336406.493000, 1608336406.493000, 1608336407.727000
1608336407.739000, 1608336408.862000, 1608336408.862000, 1608336413.790000, 1608336413.790000, 1608336415.150000
1608336415.162000, 1608336416.256000, 1608336416.256000, 1608336421.291000, 1608336421.291000, 1608336423.159000
