read_start,read_end,cpu_start,cpu_end,write_start,write_end
1608336281.162000, 1608336323.730000, 1608336323.730000, 1608336328.474000, 1608336328.474000, 1608336329.720000
1608336329.734000, 1608336330.742000, 1608336330.742000, 1608336335.869000, 1608336335.869000, 1608336337.276000
1608336337.287000, 1608336338.254000, 1608336338.254000, 1608336343.010000, 1608336343.010000, 1608336345.143000
