read_start,read_end,cpu_start,cpu_end,write_start,write_end
1608336622.310000, 1608336684.210000, 1608336684.210000, 1608336689.427000, 1608336689.427000, 1608336690.648000
1608336690.660000, 1608336691.775000, 1608336691.775000, 1608336696.675000, 1608336696.675000, 1608336697.881000
1608336697.892000, 1608336698.863000, 1608336698.863000, 1608336703.755000, 1608336703.755000, 1608336740.151000
