read_start,read_end,cpu_start,cpu_end,write_start,write_end
1608337107.829000, 1608337186.200000, 1608337186.200000, 1608337191.342000, 1608337191.342000, 1608337192.563000
1608337192.575000, 1608337193.678000, 1608337193.678000, 1608337198.428000, 1608337198.428000, 1608337221.937000
1608337221.952000, 1608337223.065000, 1608337223.065000, 1608337227.616000, 1608337227.616000, 1608337302.767000
