read_start,read_end,cpu_start,cpu_end,write_start,write_end
1608321425.377000, 1608321535.307000, 1608321535.307000, 1608321540.804000, 1608321540.804000, 1608321542.085000
1608321542.098000, 1608321543.142000, 1608321543.142000, 1608321548.363000, 1608321548.363000, 1608321675.807000
1608321675.821000, 1608321676.736000, 1608321676.736000, 1608321681.704000, 1608321681.704000, 1608321772.689000
