read_start,read_end,cpu_start,cpu_end,write_start,write_end
1608336622.301000, 1608336683.277000, 1608336683.277000, 1608336687.987000, 1608336687.987000, 1608336689.159000
1608336689.169000, 1608336690.277000, 1608336690.277000, 1608336695.173000, 1608336695.173000, 1608336696.333000
1608336696.343000, 1608336697.452000, 1608336697.452000, 1608336702.453000, 1608336702.453000, 1608336713.877000
