read_start,read_end,cpu_start,cpu_end,write_start,write_end
1608336622.309000, 1608336683.902000, 1608336683.902000, 1608336689.137000, 1608336689.137000, 1608336690.276000
1608336690.288000, 1608336691.322000, 1608336691.322000, 1608336696.337000, 1608336696.337000, 1608336697.669000
1608336697.680000, 1608336698.790000, 1608336698.790000, 1608336704.054000, 1608336704.054000, 1608336742.357000
