read_start,read_end,cpu_start,cpu_end,write_start,write_end
1608321912.356000, 1608322050.632000, 1608322050.632000, 1608322056.478000, 1608322056.478000, 1608322166.676000
1608322166.690000, 1608322168.366000, 1608322168.366000, 1608322174.042000, 1608322174.042000, 1608322323.658000
1608322323.734000, 1608322325.421000, 1608322325.421000, 1608322330.185000, 1608322330.185000, 1608322381.115000
