read_start,read_end,cpu_start,cpu_end,write_start,write_end
1608336216.919000, 1608336254.072000, 1608336254.072000, 1608336258.783000, 1608336258.783000, 1608336259.996000
1608336260.008000, 1608336261.014000, 1608336261.014000, 1608336265.906000, 1608336265.906000, 1608336267.267000
1608336267.278000, 1608336268.342000, 1608336268.342000, 1608336273.258000, 1608336273.258000, 1608336274.568000
