read_start,read_end,cpu_start,cpu_end,write_start,write_end
1608321425.380000, 1608321535.822000, 1608321535.822000, 1608321541.375000, 1608321541.375000, 1608321542.677000
1608321542.693000, 1608321543.887000, 1608321543.887000, 1608321549.158000, 1608321549.158000, 1608321683.783000
1608321683.798000, 1608321684.885000, 1608321684.885000, 1608321689.760000, 1608321689.760000, 1608321776.434000
