read_start,read_end,cpu_start,cpu_end,write_start,write_end
1608336756.605000, 1608336822.996000, 1608336822.996000, 1608336828.070000, 1608336828.070000, 1608336829.294000
1608336829.306000, 1608336830.458000, 1608336830.458000, 1608336835.446000, 1608336835.446000, 1608336836.668000
1608336836.680000, 1608336837.670000, 1608336837.670000, 1608336842.551000, 1608336842.551000, 1608336901.247000
