read_start,read_end,cpu_start,cpu_end,write_start,write_end
1608336216.918000, 1608336254.067000, 1608336254.067000, 1608336259.279000, 1608336259.279000, 1608336260.480000
1608336260.491000, 1608336261.518000, 1608336261.518000, 1608336266.300000, 1608336266.300000, 1608336267.633000
1608336267.643000, 1608336268.722000, 1608336268.722000, 1608336273.456000, 1608336273.456000, 1608336274.604000
