read_start,read_end,cpu_start,cpu_end,write_start,write_end
1608322517.283000, 1608322672.619000, 1608322672.619000, 1608322677.889000, 1608322677.889000, 1608322679.105000
1608322679.120000, 1608322680.231000, 1608322680.231000, 1608322685.922000, 1608322685.922000, 1608322874.758000
1608322874.771000, 1608322875.743000, 1608322875.743000, 1608322880.414000, 1608322880.414000, 1608323058.951000
