read_start,read_end,cpu_start,cpu_end,write_start,write_end
1608336919.803000, 1608336991.757000, 1608336991.757000, 1608336996.948000, 1608336996.948000, 1608336998.116000
1608336998.128000, 1608336999.204000, 1608336999.204000, 1608337004.177000, 1608337004.177000, 1608337005.906000
1608337005.918000, 1608337006.932000, 1608337006.932000, 1608337011.578000, 1608337011.578000, 1608337089.944000
