read_start,read_end,cpu_start,cpu_end,write_start,write_end
1608336432.266000, 1608336484.308000, 1608336484.308000, 1608336489.505000, 1608336489.505000, 1608336490.694000
1608336490.706000, 1608336491.679000, 1608336491.679000, 1608336496.414000, 1608336496.414000, 1608336497.618000
1608336497.630000, 1608336498.623000, 1608336498.623000, 1608336503.357000, 1608336503.357000, 1608336506.475000
