read_start,read_end,cpu_start,cpu_end,write_start,write_end
1608336353.834000, 1608336401.641000, 1608336401.641000, 1608336406.898000, 1608336406.898000, 1608336408.116000
1608336408.128000, 1608336409.268000, 1608336409.268000, 1608336414.498000, 1608336414.498000, 1608336415.823000
1608336415.834000, 1608336416.862000, 1608336416.862000, 1608336421.699000, 1608336421.699000, 1608336424.327000
