read_start,read_end,cpu_start,cpu_end,write_start,write_end
1608320843.885000, 1608320901.051000, 1608320901.051000, 1608320905.906000, 1608320905.906000, 1608320907.188000
1608320907.201000, 1608320908.174000, 1608320908.174000, 1608320913.053000, 1608320913.053000, 1608320914.288000
1608320914.299000, 1608320915.259000, 1608320915.259000, 1608320920.161000, 1608320920.161000, 1608320938.650000
