read_start,read_end,cpu_start,cpu_end,write_start,write_end
1608336756.595000, 1608336825.812000, 1608336825.812000, 1608336830.850000, 1608336830.850000, 1608336832.009000
1608336832.019000, 1608336832.976000, 1608336832.976000, 1608336837.885000, 1608336837.885000, 1608336843.085000
1608336843.099000, 1608336844.042000, 1608336844.042000, 1608336848.563000, 1608336848.563000, 1608336909.057000
