read_start,read_end,cpu_start,cpu_end,write_start,write_end
1608336432.265000, 1608336485.028000, 1608336485.028000, 1608336489.775000, 1608336489.775000, 1608336490.931000
1608336490.941000, 1608336491.896000, 1608336491.896000, 1608336496.636000, 1608336496.636000, 1608336497.828000
1608336497.839000, 1608336498.818000, 1608336498.818000, 1608336503.553000, 1608336503.553000, 1608336507.480000
