read_start,read_end,cpu_start,cpu_end,write_start,write_end
1608336353.840000, 1608336401.415000, 1608336401.415000, 1608336406.815000, 1608336406.815000, 1608336408.035000
1608336408.047000, 1608336409.171000, 1608336409.171000, 1608336414.298000, 1608336414.298000, 1608336415.670000
1608336415.681000, 1608336416.802000, 1608336416.802000, 1608336421.570000, 1608336421.570000, 1608336423.671000
