read_start,read_end,cpu_start,cpu_end,write_start,write_end
1608336281.151000, 1608336323.732000, 1608336323.732000, 1608336328.453000, 1608336328.453000, 1608336329.709000
1608336329.721000, 1608336330.760000, 1608336330.760000, 1608336335.600000, 1608336335.600000, 1608336336.970000
1608336336.982000, 1608336338.089000, 1608336338.089000, 1608336342.820000, 1608336342.820000, 1608336344.277000
