read_start,read_end,cpu_start,cpu_end,write_start,write_end
1608336432.279000, 1608336484.269000, 1608336484.269000, 1608336489.131000, 1608336489.131000, 1608336490.337000
1608336490.348000, 1608336491.426000, 1608336491.426000, 1608336496.476000, 1608336496.476000, 1608336497.781000
1608336497.792000, 1608336498.808000, 1608336498.808000, 1608336503.638000, 1608336503.638000, 1608336507.630000
