read_start,read_end,cpu_start,cpu_end,write_start,write_end
1608321071.688000, 1608321155.602000, 1608321155.602000, 1608321160.648000, 1608321160.648000, 1608321161.987000
1608321162.000000, 1608321163.037000, 1608321163.037000, 1608321168.194000, 1608321168.194000, 1608321225.855000
1608321225.867000, 1608321226.802000, 1608321226.802000, 1608321231.777000, 1608321231.777000, 1608321290.506000
