read_start,read_end,cpu_start,cpu_end,write_start,write_end
1608336622.314000, 1608336683.140000, 1608336683.140000, 1608336688.019000, 1608336688.019000, 1608336689.241000
1608336689.251000, 1608336690.202000, 1608336690.202000, 1608336695.147000, 1608336695.147000, 1608336696.324000
1608336696.334000, 1608336697.314000, 1608336697.314000, 1608336702.632000, 1608336702.632000, 1608336715.036000
