read_start,read_end,cpu_start,cpu_end,write_start,write_end
1608321425.373000, 1608321535.288000, 1608321535.288000, 1608321540.985000, 1608321540.985000, 1608321542.231000
1608321542.244000, 1608321543.449000, 1608321543.449000, 1608321548.621000, 1608321548.621000, 1608321678.741000
1608321678.754000, 1608321679.690000, 1608321679.690000, 1608321684.212000, 1608321684.212000, 1608321773.760000
