read_start,read_end,cpu_start,cpu_end,write_start,write_end
1608320665.657000, 1608320697.538000, 1608320697.538000, 1608320702.728000, 1608320702.728000, 1608320703.926000
1608320703.936000, 1608320704.999000, 1608320704.999000, 1608320709.615000, 1608320709.615000, 1608320710.785000
1608320710.794000, 1608320711.733000, 1608320711.733000, 1608320716.395000, 1608320716.395000, 1608320717.571000
