read_start,read_end,cpu_start,cpu_end,write_start,write_end
1608336919.804000, 1608336992.146000, 1608336992.146000, 1608336997.544000, 1608336997.544000, 1608336998.783000
1608336998.795000, 1608336999.943000, 1608336999.943000, 1608337005.121000, 1608337005.121000, 1608337010.578000
1608337010.592000, 1608337011.518000, 1608337011.518000, 1608337016.084000, 1608337016.084000, 1608337093.334000
