read_start,read_end,cpu_start,cpu_end,write_start,write_end
1608322517.256000, 1608322682.454000, 1608322682.454000, 1608322688.360000, 1608322688.360000, 1608322912.432000
1608322912.446000, 1608322913.448000, 1608322913.448000, 1608322918.450000, 1608322918.450000, 1608323089.169000
1608323089.183000, 1608323090.136000, 1608323090.136000, 1608323094.991000, 1608323094.991000, 1608323156.528000
