type,start,end
read,0,39.21568627450994
write,67.21568627450995,74.44895933056603
read,74.44895933056603,77.36441122561234
write,105.36441122561234,112.59768428166842
read,112.59768428166842,115.51313617671474
write,143.51313617671474,150.74640923277082
