type,start,end
read,0,98.0392156862741
write,173.0392156862741,191.1223983264143
read,191.1223983264143,198.4110280640301
write,273.4110280640301,303.60994307308954
read,303.60994307308954,310.89857281070533
write,385.89857281070533,441.23763248521317
