read_start,read_end,cpu_start,cpu_end,write_start,write_end
1591038727.892000, 1591038850.970000, 1591038850.970000, 1591038856.169000, 1591038856.169000, 1591038857.396000
1591038857.407000, 1591038858.597000, 1591038858.597000, 1591038863.726000, 1591038863.726000, 1591038997.859000
1591038997.923000, 1591038998.930000, 1591038998.930000, 1591039003.334000, 1591039003.334000, 1591039119.256000
