read_start,read_end,cpu_start,cpu_end,write_start,write_end
1591031494.143000, 1591031549.402000, 1591031549.402000, 1591031554.465000, 1591031554.465000, 1591031555.679000
1591031555.689000, 1591031556.686000, 1591031556.686000, 1591031561.447000, 1591031561.447000, 1591031562.712000
1591031562.722000, 1591031563.836000, 1591031563.836000, 1591031569.165000, 1591031569.165000, 1591031570.749000
