read_start,read_end,cpu_start,cpu_end,write_start,write_end
1591044247.004000, 1591044401.519000, 1591044401.519000, 1591044406.602000, 1591044406.602000, 1591044407.678000
1591044407.687000, 1591044408.665000, 1591044408.665000, 1591044414.181000, 1591044414.181000, 1591044416.844000
1591044416.857000, 1591044417.873000, 1591044417.874000, 1591044422.480000, 1591044422.480000, 1591044616.627000
