read_start,read_end,cpu_start,cpu_end,write_start,write_end
1591031494.143000, 1591031549.928000, 1591031549.928000, 1591031554.661000, 1591031554.661000, 1591031555.827000
1591031555.837000, 1591031556.820000, 1591031556.820000, 1591031561.726000, 1591031561.726000, 1591031562.913000
1591031562.923000, 1591031563.954000, 1591031563.954000, 1591031569.015000, 1591031569.015000, 1591031570.341000
