read_start,read_end,cpu_start,cpu_end,write_start,write_end
1591041740.176000, 1591041889.107000, 1591041889.107000, 1591041895.064000, 1591041895.064000, 1591042037.115000
1591042037.129000, 1591042038.871000, 1591042038.871000, 1591042043.915000, 1591042043.915000, 1591042183.137000
1591042183.212000, 1591042185.090000, 1591042185.090000, 1591042189.663000, 1591042189.663000, 1591042236.116000
