read_start,read_end,cpu_start,cpu_end,write_start,write_end
1591030357.163000, 1591030399.708000, 1591030399.708000, 1591030404.316000, 1591030404.316000, 1591030405.475000
1591030405.486000, 1591030406.443000, 1591030406.444000, 1591030411.036000, 1591030411.036000, 1591030412.199000
1591030412.210000, 1591030413.185000, 1591030413.185000, 1591030417.930000, 1591030417.930000, 1591030419.811000
