read_start,read_end,cpu_start,cpu_end,write_start,write_end
1591043389.068000, 1591043547.202000, 1591043547.202000, 1591043553.045000, 1591043553.045000, 1591043691.875000
1591043691.890000, 1591043693.673000, 1591043693.673000, 1591043699.113000, 1591043699.113000, 1591043842.044000
1591043842.133000, 1591043843.419000, 1591043843.419000, 1591043847.990000, 1591043847.990000, 1591043923.943000
