read_start,read_end,cpu_start,cpu_end,write_start,write_end
1591034876.071000, 1591034964.156000, 1591034964.156000, 1591034968.660000, 1591034968.660000, 1591034970.300000
1591034970.310000, 1591034971.297000, 1591034971.297000, 1591034976.530000, 1591034976.530000, 1591034977.797000
1591034977.809000, 1591034978.811000, 1591034978.811000, 1591034983.895000, 1591034983.895000, 1591035084.658000
