read_start,read_end,cpu_start,cpu_end,write_start,write_end
1591031106.238000, 1591031157.853000, 1591031157.853000, 1591031162.769000, 1591031162.769000, 1591031163.903000
1591031163.913000, 1591031165.014000, 1591031165.014000, 1591031169.845000, 1591031169.845000, 1591031171.050000
1591031171.061000, 1591031172.048000, 1591031172.048000, 1591031176.778000, 1591031176.778000, 1591031180.094000
