read_start,read_end,cpu_start,cpu_end,write_start,write_end
1591033789.913000, 1591033872.681000, 1591033872.681000, 1591033877.801000, 1591033877.801000, 1591033879.125000
1591033879.138000, 1591033880.209000, 1591033880.209000, 1591033885.233000, 1591033885.233000, 1591033886.799000
1591033886.810000, 1591033887.881000, 1591033887.881000, 1591033892.585000, 1591033892.585000, 1591033991.719000
