read_start,read_end,cpu_start,cpu_end,write_start,write_end
1591034876.077000, 1591034968.437000, 1591034968.437000, 1591034973.730000, 1591034973.730000, 1591034974.892000
1591034974.903000, 1591034975.872000, 1591034975.872000, 1591034981.000000, 1591034981.000000, 1591034990.807000
1591034990.821000, 1591034991.781000, 1591034991.781000, 1591034996.162000, 1591034996.162000, 1591035099.321000
