read_start,read_end,cpu_start,cpu_end,write_start,write_end
1591036059.893000, 1591036166.522000, 1591036166.522000, 1591036172.098000, 1591036172.098000, 1591036188.150000
1591036188.166000, 1591036189.269000, 1591036189.269000, 1591036193.851000, 1591036193.851000, 1591036297.835000
1591036297.848000, 1591036298.844000, 1591036298.844000, 1591036303.481000, 1591036303.481000, 1591036375.787000
