read_start,read_end,cpu_start,cpu_end,write_start,write_end
1591042553.272000, 1591042706.231000, 1591042706.231000, 1591042712.056000, 1591042712.056000, 1591042836.231000
1591042836.245000, 1591042837.205000, 1591042837.205000, 1591042841.580000, 1591042841.580000, 1591042966.780000
1591042966.793000, 1591042967.805000, 1591042967.805000, 1591042972.250000, 1591042972.250000, 1591043057.737000
