read_start,read_end,cpu_start,cpu_end,write_start,write_end
1591040191.324000, 1591040329.522000, 1591040329.522000, 1591040335.475000, 1591040335.475000, 1591040448.282000
1591040448.295000, 1591040450.287000, 1591040450.287000, 1591040457.029000, 1591040457.029000, 1591040591.112000
1591040591.222000, 1591040592.564000, 1591040592.564000, 1591040597.093000, 1591040597.093000, 1591040640.852000
