read_start,read_end,cpu_start,cpu_end,write_start,write_end
1591040191.324000, 1591040326.145000, 1591040326.145000, 1591040331.380000, 1591040331.380000, 1591040332.592000
1591040332.603000, 1591040333.617000, 1591040333.617000, 1591040338.828000, 1591040338.828000, 1591040500.234000
1591040500.246000, 1591040501.884000, 1591040501.884000, 1591040508.120000, 1591040508.120000, 1591040628.201000
