read_start,read_end,cpu_start,cpu_end,write_start,write_end
1591042553.256000, 1591042701.174000, 1591042701.174000, 1591042706.575000, 1591042706.575000, 1591042707.720000
1591042707.730000, 1591042708.741000, 1591042708.741000, 1591042714.293000, 1591042714.293000, 1591042880.460000
1591042880.474000, 1591042881.451000, 1591042881.451000, 1591042886.249000, 1591042886.249000, 1591043006.733000
