read_start,read_end,cpu_start,cpu_end,write_start,write_end
1591031494.143000, 1591031551.532000, 1591031551.532000, 1591031556.313000, 1591031556.313000, 1591031557.437000
1591031557.447000, 1591031558.544000, 1591031558.544000, 1591031563.377000, 1591031563.377000, 1591031564.543000
1591031564.554000, 1591031565.505000, 1591031565.505000, 1591031570.545000, 1591031570.545000, 1591031585.806000
