read_start,read_end,cpu_start,cpu_end,write_start,write_end
1591044247.004000, 1591044398.671000, 1591044398.672000, 1591044403.331000, 1591044403.331000, 1591044405.176000
1591044405.186000, 1591044406.137000, 1591044406.137000, 1591044411.017000, 1591044411.017000, 1591044412.242000
1591044412.253000, 1591044413.283000, 1591044413.283000, 1591044418.763000, 1591044418.763000, 1591044613.954000
