read_start,read_end,cpu_start,cpu_end,write_start,write_end
1591042553.248000, 1591042706.610000, 1591042706.610000, 1591042712.624000, 1591042712.624000, 1591042857.491000
1591042857.505000, 1591042859.131000, 1591042859.131000, 1591042865.526000, 1591042865.526000, 1591042988.258000
1591042988.332000, 1591042989.550000, 1591042989.550000, 1591042994.305000, 1591042994.305000, 1591043068.106000
