read_start,read_end,cpu_start,cpu_end,write_start,write_end
1591040956.206000, 1591041096.175000, 1591041096.175000, 1591041101.785000, 1591041101.785000, 1591041103.045000
1591041103.058000, 1591041104.078000, 1591041104.078000, 1591041109.097000, 1591041109.097000, 1591041273.922000
1591041273.936000, 1591041274.941000, 1591041274.941000, 1591041279.705000, 1591041279.705000, 1591041402.310000
