read_start,read_end,cpu_start,cpu_end,write_start,write_end
1591034320.410000, 1591034409.553000, 1591034409.553000, 1591034414.939000, 1591034414.939000, 1591034416.109000
1591034416.120000, 1591034417.139000, 1591034417.139000, 1591034421.981000, 1591034421.981000, 1591034494.098000
1591034494.113000, 1591034495.219000, 1591034495.219000, 1591034500.141000, 1591034500.141000, 1591034559.887000
