read_start,read_end,cpu_start,cpu_end,write_start,write_end
1591040956.185000, 1591041092.554000, 1591041092.554000, 1591041097.509000, 1591041097.509000, 1591041098.629000
1591041098.638000, 1591041099.633000, 1591041099.633000, 1591041105.320000, 1591041105.320000, 1591041234.334000
1591041234.347000, 1591041235.619000, 1591041235.619000, 1591041240.694000, 1591041240.694000, 1591041371.461000
