read_start,read_end,cpu_start,cpu_end,write_start,write_end
1591032796.492000, 1591032869.782000, 1591032869.782000, 1591032874.727000, 1591032874.727000, 1591032875.915000
1591032875.925000, 1591032876.949000, 1591032876.949000, 1591032881.724000, 1591032881.724000, 1591032886.772000
1591032886.785000, 1591032887.715000, 1591032887.715000, 1591032892.317000, 1591032892.317000, 1591032969.543000
