read_start,read_end,cpu_start,cpu_end,write_start,write_end
1591031899.056000, 1591031962.982000, 1591031962.982000, 1591031968.339000, 1591031968.339000, 1591031969.389000
1591031969.398000, 1591031970.376000, 1591031970.376000, 1591031975.168000, 1591031975.168000, 1591031976.784000
1591031976.792000, 1591031977.908000, 1591031977.908000, 1591031983.072000, 1591031983.072000, 1591032025.874000
