read_start,read_end,cpu_start,cpu_end,write_start,write_end
1591043389.054000, 1591043544.844000, 1591043544.844000, 1591043550.729000, 1591043550.729000, 1591043552.058000
1591043552.072000, 1591043553.286000, 1591043553.286000, 1591043558.290000, 1591043558.290000, 1591043751.588000
1591043751.603000, 1591043752.648000, 1591043752.648000, 1591043757.572000, 1591043757.572000, 1591043898.832000
