read_start,read_end,cpu_start,cpu_end,write_start,write_end
1591034876.071000, 1591034970.060000, 1591034970.060000, 1591034975.326000, 1591034975.326000, 1591034976.538000
1591034976.550000, 1591034977.560000, 1591034977.560000, 1591034982.789000, 1591034982.789000, 1591035067.250000
1591035067.265000, 1591035068.294000, 1591035068.294000, 1591035072.879000, 1591035072.879000, 1591035134.770000
