read_start,read_end,cpu_start,cpu_end,write_start,write_end
1591034876.081000, 1591034970.053000, 1591034970.053000, 1591034975.558000, 1591034975.558000, 1591034976.753000
1591034976.764000, 1591034977.752000, 1591034977.752000, 1591034982.835000, 1591034982.835000, 1591035068.359000
1591035068.372000, 1591035069.288000, 1591035069.288000, 1591035073.708000, 1591035073.708000, 1591035134.924000
