read_start,read_end,cpu_start,cpu_end,write_start,write_end
1591031106.238000, 1591031157.930000, 1591031157.930000, 1591031162.710000, 1591031162.710000, 1591031163.892000
1591031163.903000, 1591031164.902000, 1591031164.902000, 1591031169.697000, 1591031169.697000, 1591031170.889000
1591031170.900000, 1591031171.928000, 1591031171.928000, 1591031176.982000, 1591031176.982000, 1591031180.989000
