read_start,read_end,cpu_start,cpu_end,write_start,write_end
1591034876.076000, 1591034970.147000, 1591034970.147000, 1591034975.606000, 1591034975.606000, 1591034976.855000
1591034976.867000, 1591034977.956000, 1591034977.956000, 1591034983.225000, 1591034983.225000, 1591035076.016000
1591035076.032000, 1591035078.105000, 1591035078.105000, 1591035083.454000, 1591035083.454000, 1591035138.435000
