read_start,read_end,cpu_start,cpu_end,write_start,write_end
1591036059.893000, 1591036164.752000, 1591036164.752000, 1591036170.371000, 1591036170.371000, 1591036171.714000
1591036171.727000, 1591036172.891000, 1591036172.891000, 1591036178.184000, 1591036178.184000, 1591036289.447000
1591036289.457000, 1591036290.423000, 1591036290.424000, 1591036295.388000, 1591036295.388000, 1591036373.518000
