read_start,read_end,cpu_start,cpu_end,write_start,write_end
1591034876.071000, 1591034971.696000, 1591034971.696000, 1591034977.553000, 1591034977.553000, 1591034978.764000
1591034978.775000, 1591034979.915000, 1591034979.915000, 1591034985.273000, 1591034985.273000, 1591035093.086000
1591035093.101000, 1591035095.145000, 1591035095.145000, 1591035101.649000, 1591035101.649000, 1591035142.094000
