read_start,read_end,cpu_start,cpu_end,write_start,write_end
1591036689.232000, 1591036797.716000, 1591036797.716000, 1591036803.106000, 1591036803.106000, 1591036804.344000
1591036804.355000, 1591036805.344000, 1591036805.344000, 1591036810.508000, 1591036810.508000, 1591036920.137000
1591036920.150000, 1591036921.377000, 1591036921.377000, 1591036926.544000, 1591036926.544000, 1591037023.820000
