read_start,read_end,cpu_start,cpu_end,write_start,write_end
1591031899.057000, 1591031962.452000, 1591031962.452000, 1591031967.327000, 1591031967.327000, 1591031968.486000
1591031968.496000, 1591031969.434000, 1591031969.434000, 1591031974.749000, 1591031974.749000, 1591031975.984000
1591031975.994000, 1591031976.989000, 1591031976.989000, 1591031981.781000, 1591031981.781000, 1591032025.312000
