read_start,read_end,cpu_start,cpu_end,write_start,write_end
1591031899.057000, 1591031958.770000, 1591031958.770000, 1591031963.874000, 1591031963.874000, 1591031965.021000
1591031965.031000, 1591031966.043000, 1591031966.043000, 1591031970.750000, 1591031970.750000, 1591031971.939000
1591031971.948000, 1591031972.875000, 1591031972.875000, 1591031977.606000, 1591031977.606000, 1591031979.480000
