read_start,read_end,cpu_start,cpu_end,write_start,write_end
1591035454.632000, 1591035551.934000, 1591035551.934000, 1591035557.488000, 1591035557.488000, 1591035558.726000
1591035558.737000, 1591035559.718000, 1591035559.718000, 1591035564.877000, 1591035564.877000, 1591035567.977000
1591035567.990000, 1591035568.930000, 1591035568.930000, 1591035573.296000, 1591035573.296000, 1591035689.293000
