read_start,read_end,cpu_start,cpu_end,write_start,write_end
1591045130.364000, 1591045298.373000, 1591045298.373000, 1591045304.521000, 1591045304.521000, 1591045475.663000
1591045475.680000, 1591045477.479000, 1591045477.479000, 1591045482.487000, 1591045482.487000, 1591045613.309000
1591045613.390000, 1591045615.251000, 1591045615.251000, 1591045620.460000, 1591045620.460000, 1591045710.407000
