read_start,read_end,cpu_start,cpu_end,write_start,write_end
1591034320.410000, 1591034410.933000, 1591034410.933000, 1591034416.067000, 1591034416.067000, 1591034417.210000
1591034417.220000, 1591034418.329000, 1591034418.329000, 1591034423.416000, 1591034423.416000, 1591034517.233000
1591034517.247000, 1591034518.296000, 1591034518.296000, 1591034522.643000, 1591034522.643000, 1591034563.177000
