read_start,read_end,cpu_start,cpu_end,write_start,write_end
1591041740.181000, 1591041888.840000, 1591041888.840000, 1591041894.586000, 1591041894.586000, 1591042013.042000
1591042013.055000, 1591042014.878000, 1591042014.878000, 1591042020.531000, 1591042020.531000, 1591042164.811000
1591042164.899000, 1591042165.954000, 1591042165.954000, 1591042170.485000, 1591042170.485000, 1591042233.403000
