read_start,read_end,cpu_start,cpu_end,write_start,write_end
1591032796.492000, 1591032870.698000, 1591032870.698000, 1591032875.814000, 1591032875.814000, 1591032877.078000
1591032877.088000, 1591032878.053000, 1591032878.053000, 1591032883.061000, 1591032883.061000, 1591032929.084000
1591032929.096000, 1591032930.132000, 1591032930.132000, 1591032934.516000, 1591032934.516000, 1591032972.750000
