read_start,read_end,cpu_start,cpu_end,write_start,write_end
1591036689.222000, 1591036797.649000, 1591036797.650000, 1591036803.181000, 1591036803.181000, 1591036804.419000
1591036804.430000, 1591036805.462000, 1591036805.462000, 1591036810.458000, 1591036810.458000, 1591036919.691000
1591036919.705000, 1591036921.002000, 1591036921.002000, 1591036925.786000, 1591036925.786000, 1591037023.246000
