read_start,read_end,cpu_start,cpu_end,write_start,write_end
1591038028.923000, 1591038149.265000, 1591038149.265000, 1591038154.770000, 1591038154.770000, 1591038155.989000
1591038156.001000, 1591038157.167000, 1591038157.167000, 1591038162.214000, 1591038162.214000, 1591038286.467000
1591038286.482000, 1591038287.459000, 1591038287.459000, 1591038292.187000, 1591038292.187000, 1591038404.743000
