read_start,read_end,cpu_start,cpu_end,write_start,write_end
1591038028.921000, 1591038148.278000, 1591038148.278000, 1591038153.748000, 1591038153.748000, 1591038154.924000
1591038154.935000, 1591038156.083000, 1591038156.083000, 1591038161.161000, 1591038161.161000, 1591038281.729000
1591038281.744000, 1591038282.933000, 1591038282.933000, 1591038288.194000, 1591038288.194000, 1591038401.480000
