read_start,read_end,cpu_start,cpu_end,write_start,write_end
1591040191.324000, 1591040327.272000, 1591040327.272000, 1591040332.909000, 1591040332.909000, 1591040334.190000
1591040334.201000, 1591040335.389000, 1591040335.389000, 1591040340.384000, 1591040340.384000, 1591040504.162000
1591040504.178000, 1591040505.743000, 1591040505.743000, 1591040511.217000, 1591040511.217000, 1591040629.851000
