read_start,read_end,cpu_start,cpu_end,write_start,write_end
1591042553.252000, 1591042703.633000, 1591042703.633000, 1591042709.234000, 1591042709.234000, 1591042710.582000
1591042710.594000, 1591042711.753000, 1591042711.753000, 1591042716.834000, 1591042716.834000, 1591042885.657000
1591042885.672000, 1591042886.656000, 1591042886.656000, 1591042891.371000, 1591042891.371000, 1591043012.054000
