read_start,read_end,cpu_start,cpu_end,write_start,write_end
1591031106.238000, 1591031157.876000, 1591031157.876000, 1591031162.789000, 1591031162.789000, 1591031163.975000
1591031163.987000, 1591031164.978000, 1591031164.978000, 1591031169.777000, 1591031169.777000, 1591031170.962000
1591031170.973000, 1591031171.959000, 1591031171.959000, 1591031176.689000, 1591031176.689000, 1591031179.551000
