read_start,read_end,cpu_start,cpu_end,write_start,write_end
1591040191.327000, 1591040329.485000, 1591040329.485000, 1591040335.296000, 1591040335.296000, 1591040441.089000
1591040441.104000, 1591040443.021000, 1591040443.021000, 1591040448.918000, 1591040448.918000, 1591040584.288000
1591040584.393000, 1591040585.699000, 1591040585.699000, 1591040590.563000, 1591040590.563000, 1591040639.878000
