read_start,read_end,cpu_start,cpu_end,write_start,write_end
1591028271.491000, 1591028282.459000, 1591028282.459000, 1591028286.820000, 1591028286.820000, 1591028287.861000
1591028287.870000, 1591028288.794000, 1591028288.794000, 1591028293.156000, 1591028293.156000, 1591028294.190000
1591028294.199000, 1591028295.109000, 1591028295.109000, 1591028299.468000, 1591028299.468000, 1591028300.442000
