read_start,read_end,cpu_start,cpu_end,write_start,write_end
1591033789.911000, 1591033873.412000, 1591033873.412000, 1591033878.673000, 1591033878.673000, 1591033879.988000
1591033880.000000, 1591033881.029000, 1591033881.029000, 1591033886.211000, 1591033886.211000, 1591033937.576000
1591033937.589000, 1591033938.601000, 1591033938.601000, 1591033943.122000, 1591033943.122000, 1591034004.970000
