read_start,read_end,cpu_start,cpu_end,write_start,write_end
1591039452.305000, 1591039579.508000, 1591039579.508000, 1591039584.955000, 1591039584.955000, 1591039586.158000
1591039586.168000, 1591039587.328000, 1591039587.328000, 1591039592.788000, 1591039592.788000, 1591039732.314000
1591039732.328000, 1591039733.475000, 1591039733.475000, 1591039738.012000, 1591039738.012000, 1591039856.696000
