read_start,read_end,cpu_start,cpu_end,write_start,write_end
1591041740.178000, 1591041886.505000, 1591041886.505000, 1591041892.149000, 1591041892.149000, 1591041893.421000
1591041893.433000, 1591041894.619000, 1591041894.619000, 1591041900.083000, 1591041900.083000, 1591042080.982000
1591042080.997000, 1591042082.494000, 1591042082.494000, 1591042088.043000, 1591042088.043000, 1591042217.218000
