read_start,read_end,cpu_start,cpu_end,write_start,write_end
1591040191.324000, 1591040329.723000, 1591040329.723000, 1591040335.605000, 1591040335.605000, 1591040452.416000
1591040452.432000, 1591040454.163000, 1591040454.163000, 1591040459.462000, 1591040459.462000, 1591040592.763000
1591040592.846000, 1591040594.010000, 1591040594.010000, 1591040598.773000, 1591040598.773000, 1591040641.051000
