read_start,read_end,cpu_start,cpu_end,write_start,write_end
1591036059.893000, 1591036164.388000, 1591036164.388000, 1591036169.888000, 1591036169.888000, 1591036171.130000
1591036171.144000, 1591036172.332000, 1591036172.332000, 1591036177.701000, 1591036177.701000, 1591036286.995000
1591036287.008000, 1591036288.018000, 1591036288.018000, 1591036292.542000, 1591036292.542000, 1591036371.504000
