read_start,read_end,cpu_start,cpu_end,write_start,write_end
1591031106.238000, 1591031158.942000, 1591031158.942000, 1591031163.900000, 1591031163.900000, 1591031165.020000
1591031165.029000, 1591031165.966000, 1591031165.966000, 1591031171.195000, 1591031171.195000, 1591031172.437000
1591031172.446000, 1591031173.415000, 1591031173.415000, 1591031178.140000, 1591031178.140000, 1591031185.258000
