read_start,read_end,cpu_start,cpu_end,write_start,write_end
1591040956.198000, 1591041099.468000, 1591041099.468000, 1591041105.201000, 1591041105.201000, 1591041231.712000
1591041231.725000, 1591041232.795000, 1591041232.795000, 1591041237.592000, 1591041237.592000, 1591041368.959000
1591041368.977000, 1591041369.989000, 1591041369.989000, 1591041374.699000, 1591041374.699000, 1591041423.652000
