read_start,read_end,cpu_start,cpu_end,write_start,write_end
1591033283.200000, 1591033363.089000, 1591033363.089000, 1591033368.522000, 1591033368.522000, 1591033369.623000
1591033369.633000, 1591033370.760000, 1591033370.760000, 1591033375.836000, 1591033375.836000, 1591033449.865000
1591033449.880000, 1591033450.825000, 1591033450.825000, 1591033455.434000, 1591033455.434000, 1591033479.707000
