read_start,read_end,cpu_start,cpu_end,write_start,write_end
1591036689.238000, 1591036800.950000, 1591036800.950000, 1591036806.588000, 1591036806.588000, 1591036849.080000
1591036849.095000, 1591036850.049000, 1591036850.049000, 1591036854.444000, 1591036854.444000, 1591036956.366000
1591036956.383000, 1591036957.366000, 1591036957.366000, 1591036961.839000, 1591036961.839000, 1591037032.036000
