read_start,read_end,cpu_start,cpu_end,write_start,write_end
1591034320.410000, 1591034407.815000, 1591034407.815000, 1591034413.283000, 1591034413.283000, 1591034414.436000
1591034414.447000, 1591034415.578000, 1591034415.578000, 1591034420.923000, 1591034420.923000, 1591034451.842000
1591034451.857000, 1591034452.815000, 1591034452.815000, 1591034457.476000, 1591034457.476000, 1591034542.269000
