read_start,read_end,cpu_start,cpu_end,write_start,write_end
1591043389.073000, 1591043548.431000, 1591043548.431000, 1591043554.869000, 1591043554.869000, 1591043740.644000
1591043740.659000, 1591043742.602000, 1591043742.602000, 1591043747.773000, 1591043747.773000, 1591043883.676000
1591043883.768000, 1591043885.652000, 1591043885.652000, 1591043890.556000, 1591043890.556000, 1591043930.635000
