read_start,read_end,cpu_start,cpu_end,write_start,write_end
1591044247.018000, 1591044400.070000, 1591044400.070000, 1591044405.091000, 1591044405.091000, 1591044406.180000
1591044406.190000, 1591044407.159000, 1591044407.159000, 1591044412.346000, 1591044412.346000, 1591044413.738000
1591044413.750000, 1591044414.935000, 1591044414.935000, 1591044420.301000, 1591044420.301000, 1591044616.130000
