read_start,read_end,cpu_start,cpu_end,write_start,write_end
1591041740.177000, 1591041889.134000, 1591041889.134000, 1591041895.133000, 1591041895.133000, 1591042039.351000
1591042039.364000, 1591042041.193000, 1591042041.193000, 1591042047.263000, 1591042047.263000, 1591042185.500000
1591042185.594000, 1591042186.737000, 1591042186.737000, 1591042191.479000, 1591042191.479000, 1591042236.295000
