read_start,read_end,cpu_start,cpu_end,write_start,write_end
1591034320.410000, 1591034407.133000, 1591034407.133000, 1591034412.351000, 1591034412.351000, 1591034413.497000
1591034413.507000, 1591034414.521000, 1591034414.521000, 1591034419.317000, 1591034419.317000, 1591034420.619000
1591034420.629000, 1591034421.591000, 1591034421.591000, 1591034426.216000, 1591034426.216000, 1591034531.026000
