read_start,read_end,cpu_start,cpu_end,write_start,write_end
1591041740.177000, 1591041881.942000, 1591041881.942000, 1591041886.710000, 1591041886.710000, 1591041887.878000
1591041887.888000, 1591041888.881000, 1591041888.881000, 1591041894.558000, 1591041894.558000, 1591042010.647000
1591042010.663000, 1591042011.628000, 1591042011.628000, 1591042016.222000, 1591042016.222000, 1591042161.471000
