read_start,read_end,cpu_start,cpu_end,write_start,write_end
1591042553.265000, 1591042696.860000, 1591042696.860000, 1591042701.690000, 1591042701.690000, 1591042702.886000
1591042702.896000, 1591042703.852000, 1591042703.852000, 1591042709.147000, 1591042709.147000, 1591042710.491000
1591042710.502000, 1591042711.572000, 1591042711.572000, 1591042716.494000, 1591042716.494000, 1591042885.692000
