read_start,read_end,cpu_start,cpu_end,write_start,write_end
1591045130.355000, 1591045289.616000, 1591045289.616000, 1591045294.700000, 1591045294.700000, 1591045295.835000
1591045295.845000, 1591045296.930000, 1591045296.930000, 1591045302.836000, 1591045302.836000, 1591045429.391000
1591045429.404000, 1591045431.000000, 1591045431.000000, 1591045436.184000, 1591045436.184000, 1591045580.770000
