read_start,read_end,cpu_start,cpu_end,write_start,write_end
1591043389.057000, 1591043545.874000, 1591043545.874000, 1591043551.565000, 1591043551.565000, 1591043553.460000
1591043553.471000, 1591043554.458000, 1591043554.458000, 1591043559.243000, 1591043559.243000, 1591043751.896000
1591043751.910000, 1591043753.149000, 1591043753.149000, 1591043758.641000, 1591043758.641000, 1591043899.438000
