read_start,read_end,cpu_start,cpu_end,write_start,write_end
1591033789.914000, 1591033873.315000, 1591033873.315000, 1591033878.499000, 1591033878.499000, 1591033879.813000
1591033879.825000, 1591033880.858000, 1591033880.858000, 1591033886.246000, 1591033886.246000, 1591033937.502000
1591033937.518000, 1591033938.592000, 1591033938.592000, 1591033943.339000, 1591033943.339000, 1591034005.104000
