read_start,read_end,cpu_start,cpu_end,write_start,write_end
1591038028.936000, 1591038151.427000, 1591038151.427000, 1591038157.346000, 1591038157.346000, 1591038237.986000
1591038237.999000, 1591038239.060000, 1591038239.060000, 1591038243.509000, 1591038243.509000, 1591038356.800000
1591038356.814000, 1591038357.795000, 1591038357.795000, 1591038362.271000, 1591038362.271000, 1591038413.857000
