read_start,read_end,cpu_start,cpu_end,write_start,write_end
1591032334.234000, 1591032402.202000, 1591032402.202000, 1591032407.077000, 1591032407.077000, 1591032408.272000
1591032408.283000, 1591032409.266000, 1591032409.266000, 1591032414.373000, 1591032414.373000, 1591032416.154000
1591032416.163000, 1591032417.128000, 1591032417.128000, 1591032421.870000, 1591032421.870000, 1591032486.581000
