read_start,read_end,cpu_start,cpu_end,write_start,write_end
1591040191.335000, 1591040327.336000, 1591040327.336000, 1591040333.241000, 1591040333.241000, 1591040334.524000
1591040334.536000, 1591040335.554000, 1591040335.554000, 1591040340.490000, 1591040340.490000, 1591040504.163000
1591040504.178000, 1591040505.173000, 1591040505.173000, 1591040509.930000, 1591040509.930000, 1591040629.420000
