read_start,read_end,cpu_start,cpu_end,write_start,write_end
1591045130.358000, 1591045293.131000, 1591045293.131000, 1591045298.434000, 1591045298.434000, 1591045299.831000
1591045299.842000, 1591045301.081000, 1591045301.081000, 1591045306.626000, 1591045306.626000, 1591045499.336000
1591045499.356000, 1591045500.343000, 1591045500.344000, 1591045505.043000, 1591045505.043000, 1591045634.905000
