read_start,read_end,cpu_start,cpu_end,write_start,write_end
1591040191.324000, 1591040326.700000, 1591040326.700000, 1591040332.336000, 1591040332.336000, 1591040333.638000
1591040333.650000, 1591040334.816000, 1591040334.816000, 1591040339.856000, 1591040339.856000, 1591040503.183000
1591040503.198000, 1591040504.149000, 1591040504.149000, 1591040508.926000, 1591040508.926000, 1591040628.835000
