read_start,read_end,cpu_start,cpu_end,write_start,write_end
1591040956.206000, 1591041097.050000, 1591041097.051000, 1591041102.915000, 1591041102.915000, 1591041104.531000
1591041104.543000, 1591041105.670000, 1591041105.670000, 1591041110.464000, 1591041110.464000, 1591041275.721000
1591041275.734000, 1591041276.708000, 1591041276.708000, 1591041281.340000, 1591041281.340000, 1591041403.853000
