read_start,read_end,cpu_start,cpu_end,write_start,write_end
1591041740.177000, 1591041888.589000, 1591041888.589000, 1591041894.320000, 1591041894.320000, 1591041991.358000
1591041991.374000, 1591041992.390000, 1591041992.390000, 1591041996.902000, 1591041996.902000, 1591042143.263000
1591042143.286000, 1591042144.294000, 1591042144.294000, 1591042148.766000, 1591042148.766000, 1591042229.087000
