read_start,read_end,cpu_start,cpu_end,write_start,write_end
1591039452.295000, 1591039583.511000, 1591039583.511000, 1591039589.100000, 1591039589.100000, 1591039590.408000
1591039590.419000, 1591039591.554000, 1591039591.554000, 1591039596.857000, 1591039596.857000, 1591039742.594000
1591039742.607000, 1591039744.167000, 1591039744.167000, 1591039749.170000, 1591039749.170000, 1591039864.797000
