read_start,read_end,cpu_start,cpu_end,write_start,write_end
1591037345.542000, 1591037457.063000, 1591037457.063000, 1591037461.783000, 1591037461.783000, 1591037463.082000
1591037463.092000, 1591037464.089000, 1591037464.089000, 1591037469.568000, 1591037469.568000, 1591037536.903000
1591037536.917000, 1591037537.892000, 1591037537.892000, 1591037542.349000, 1591037542.349000, 1591037659.629000
