read_start,read_end,cpu_start,cpu_end,write_start,write_end
1591045130.336000, 1591045300.615000, 1591045300.615000, 1591045306.377000, 1591045306.377000, 1591045498.209000
1591045498.225000, 1591045499.501000, 1591045499.501000, 1591045505.195000, 1591045505.195000, 1591045635.114000
1591045635.149000, 1591045636.134000, 1591045636.134000, 1591045641.089000, 1591045641.089000, 1591045719.507000
