read_start,read_end,cpu_start,cpu_end,write_start,write_end
1591038727.877000, 1591038847.802000, 1591038847.802000, 1591038852.863000, 1591038852.863000, 1591038853.978000
1591038853.988000, 1591038855.126000, 1591038855.126000, 1591038860.641000, 1591038860.641000, 1591038885.055000
1591038885.069000, 1591038886.080000, 1591038886.081000, 1591038890.669000, 1591038890.669000, 1591039023.954000
