read_start,read_end,cpu_start,cpu_end,write_start,write_end
1591036689.226000, 1591036799.367000, 1591036799.367000, 1591036804.769000, 1591036804.769000, 1591036806.000000
1591036806.013000, 1591036807.052000, 1591036807.052000, 1591036812.003000, 1591036812.003000, 1591036926.628000
1591036926.667000, 1591036927.651000, 1591036927.651000, 1591036932.900000, 1591036932.900000, 1591037028.221000
