read_start,read_end,cpu_start,cpu_end,write_start,write_end
1591045130.359000, 1591045288.703000, 1591045288.703000, 1591045293.487000, 1591045293.487000, 1591045294.643000
1591045294.653000, 1591045295.637000, 1591045295.637000, 1591045300.814000, 1591045300.814000, 1591045304.674000
1591045304.688000, 1591045305.832000, 1591045305.832000, 1591045310.373000, 1591045310.373000, 1591045503.019000
