read_start,read_end,cpu_start,cpu_end,write_start,write_end
1591036059.893000, 1591036161.339000, 1591036161.339000, 1591036166.432000, 1591036166.432000, 1591036167.560000
1591036167.570000, 1591036168.666000, 1591036168.666000, 1591036174.119000, 1591036174.119000, 1591036245.709000
1591036245.725000, 1591036246.831000, 1591036246.832000, 1591036251.417000, 1591036251.417000, 1591036340.360000
