read_start,read_end,cpu_start,cpu_end,write_start,write_end
1591036689.237000, 1591036786.077000, 1591036786.077000, 1591036790.948000, 1591036790.948000, 1591036792.629000
1591036792.639000, 1591036793.729000, 1591036793.729000, 1591036798.677000, 1591036798.677000, 1591036799.908000
1591036799.918000, 1591036800.861000, 1591036800.861000, 1591036806.086000, 1591036806.086000, 1591036810.349000
