read_start,read_end,cpu_start,cpu_end,write_start,write_end
1591038727.878000, 1591038853.907000, 1591038853.907000, 1591038859.974000, 1591038859.974000, 1591038861.562000
1591038861.574000, 1591038862.706000, 1591038862.706000, 1591038867.607000, 1591038867.607000, 1591039016.565000
1591039016.579000, 1591039017.736000, 1591039017.736000, 1591039023.020000, 1591039023.020000, 1591039132.588000
