read_start,read_end,cpu_start,cpu_end,write_start,write_end
1591037345.554000, 1591037459.499000, 1591037459.499000, 1591037464.750000, 1591037464.750000, 1591037465.937000
1591037465.947000, 1591037466.928000, 1591037466.928000, 1591037472.362000, 1591037472.362000, 1591037591.396000
1591037591.410000, 1591037592.630000, 1591037592.630000, 1591037597.532000, 1591037597.532000, 1591037705.188000
