read_start,read_end,cpu_start,cpu_end,write_start,write_end
1591038727.874000, 1591038853.350000, 1591038853.350000, 1591038859.096000, 1591038859.096000, 1591038860.332000
1591038860.344000, 1591038861.506000, 1591038861.506000, 1591038866.575000, 1591038866.575000, 1591039015.209000
1591039015.225000, 1591039016.401000, 1591039016.401000, 1591039021.248000, 1591039021.248000, 1591039131.956000
