read_start,read_end,cpu_start,cpu_end,write_start,write_end
1591045130.337000, 1591045288.288000, 1591045288.288000, 1591045293.543000, 1591045293.543000, 1591045294.733000
1591045294.744000, 1591045295.865000, 1591045295.865000, 1591045301.535000, 1591045301.535000, 1591045361.076000
1591045361.141000, 1591045362.172000, 1591045362.172000, 1591045366.794000, 1591045366.794000, 1591045527.183000
