read_start,read_end,cpu_start,cpu_end,write_start,write_end
1591042553.256000, 1591042697.483000, 1591042697.483000, 1591042702.297000, 1591042702.297000, 1591042703.446000
1591042703.456000, 1591042704.396000, 1591042704.396000, 1591042709.566000, 1591042709.566000, 1591042710.834000
1591042710.845000, 1591042711.841000, 1591042711.841000, 1591042716.875000, 1591042716.875000, 1591042885.878000
