read_start,read_end,cpu_start,cpu_end,write_start,write_end
1591037345.559000, 1591037462.106000, 1591037462.106000, 1591037467.894000, 1591037467.894000, 1591037469.713000
1591037469.724000, 1591037470.852000, 1591037470.852000, 1591037475.798000, 1591037475.798000, 1591037611.732000
1591037611.746000, 1591037612.757000, 1591037612.757000, 1591037617.511000, 1591037617.511000, 1591037715.181000
