read_start,read_end,cpu_start,cpu_end,write_start,write_end
1591037345.546000, 1591037458.926000, 1591037458.926000, 1591037464.267000, 1591037464.267000, 1591037465.430000
1591037465.440000, 1591037466.577000, 1591037466.577000, 1591037472.422000, 1591037472.422000, 1591037591.820000
1591037591.833000, 1591037593.703000, 1591037593.703000, 1591037598.247000, 1591037598.247000, 1591037705.456000
