read_start,read_end,cpu_start,cpu_end,write_start,write_end
1591029993.813000, 1591030030.967000, 1591030030.967000, 1591030036.175000, 1591030036.175000, 1591030037.374000
1591030037.384000, 1591030038.465000, 1591030038.465000, 1591030043.285000, 1591030043.285000, 1591030044.640000
1591030044.650000, 1591030045.708000, 1591030045.708000, 1591030050.543000, 1591030050.543000, 1591030051.807000
