read_start,read_end,cpu_start,cpu_end,write_start,write_end
1591030727.820000, 1591030775.338000, 1591030775.339000, 1591030780.314000, 1591030780.314000, 1591030781.541000
1591030781.553000, 1591030782.549000, 1591030782.549000, 1591030787.274000, 1591030787.274000, 1591030788.499000
1591030788.511000, 1591030789.486000, 1591030789.486000, 1591030794.211000, 1591030794.211000, 1591030797.036000
