read_start,read_end,cpu_start,cpu_end,write_start,write_end
1591043389.071000, 1591043546.552000, 1591043546.552000, 1591043552.384000, 1591043552.384000, 1591043638.064000
1591043638.078000, 1591043639.014000, 1591043639.014000, 1591043643.461000, 1591043643.461000, 1591043794.317000
1591043794.330000, 1591043795.314000, 1591043795.314000, 1591043799.807000, 1591043799.807000, 1591043911.524000
