read_start,read_end,cpu_start,cpu_end,write_start,write_end
1591038028.920000, 1591038140.039000, 1591038140.039000, 1591038144.891000, 1591038144.891000, 1591038145.926000
1591038145.935000, 1591038146.909000, 1591038146.910000, 1591038151.610000, 1591038151.610000, 1591038152.999000
1591038153.009000, 1591038154.124000, 1591038154.124000, 1591038159.651000, 1591038159.651000, 1591038272.291000
