read_start,read_end,cpu_start,cpu_end,write_start,write_end
1591038727.874000, 1591038849.030000, 1591038849.030000, 1591038854.235000, 1591038854.235000, 1591038855.360000
1591038855.370000, 1591038856.508000, 1591038856.508000, 1591038862.029000, 1591038862.029000, 1591038966.890000
1591038966.905000, 1591038967.923000, 1591038967.923000, 1591038972.603000, 1591038972.603000, 1591039093.919000
