read_start,read_end,cpu_start,cpu_end,write_start,write_end
1591043389.054000, 1591043547.896000, 1591043547.896000, 1591043553.959000, 1591043553.959000, 1591043724.761000
1591043724.777000, 1591043726.162000, 1591043726.162000, 1591043731.374000, 1591043731.374000, 1591043869.805000
1591043869.859000, 1591043871.018000, 1591043871.018000, 1591043875.718000, 1591043875.718000, 1591043929.681000
