read_start,read_end,cpu_start,cpu_end,write_start,write_end
1591039452.296000, 1591039583.415000, 1591039583.416000, 1591039589.077000, 1591039589.077000, 1591039590.369000
1591039590.381000, 1591039591.376000, 1591039591.376000, 1591039596.618000, 1591039596.618000, 1591039742.284000
1591039742.298000, 1591039743.279000, 1591039743.279000, 1591039747.986000, 1591039747.986000, 1591039864.436000
