read_start,read_end,cpu_start,cpu_end,write_start,write_end
1591030357.163000, 1591030399.738000, 1591030399.738000, 1591030404.527000, 1591030404.527000, 1591030405.724000
1591030405.734000, 1591030406.689000, 1591030406.689000, 1591030411.383000, 1591030411.383000, 1591030412.540000
1591030412.550000, 1591030413.513000, 1591030413.513000, 1591030418.237000, 1591030418.237000, 1591030420.916000
