read_start,read_end,cpu_start,cpu_end,write_start,write_end
1591041740.178000, 1591041885.485000, 1591041885.485000, 1591041890.831000, 1591041890.831000, 1591041892.059000
1591041892.070000, 1591041893.189000, 1591041893.189000, 1591041898.689000, 1591041898.689000, 1591042079.891000
1591042079.905000, 1591042080.981000, 1591042080.981000, 1591042085.867000, 1591042085.867000, 1591042216.104000
