read_start,read_end,cpu_start,cpu_end,write_start,write_end
1591040191.324000, 1591040328.352000, 1591040328.352000, 1591040334.484000, 1591040334.484000, 1591040379.626000
1591040379.640000, 1591040380.612000, 1591040380.612000, 1591040385.201000, 1591040385.201000, 1591040525.325000
1591040525.340000, 1591040526.332000, 1591040526.332000, 1591040530.956000, 1591040530.956000, 1591040632.836000
