read_start,read_end,cpu_start,cpu_end,write_start,write_end
1591043389.073000, 1591043546.461000, 1591043546.461000, 1591043552.295000, 1591043552.295000, 1591043629.673000
1591043629.690000, 1591043631.642000, 1591043631.642000, 1591043636.631000, 1591043636.631000, 1591043788.222000
1591043788.324000, 1591043790.218000, 1591043790.218000, 1591043795.190000, 1591043795.190000, 1591043910.083000
