read_start,read_end,cpu_start,cpu_end,write_start,write_end
1591044247.021000, 1591044408.327000, 1591044408.327000, 1591044414.236000, 1591044414.236000, 1591044417.315000
1591044417.331000, 1591044418.851000, 1591044418.851000, 1591044423.434000, 1591044423.434000, 1591044616.813000
1591044616.889000, 1591044617.872000, 1591044617.872000, 1591044623.032000, 1591044623.032000, 1591044753.227000
