read_start,read_end,cpu_start,cpu_end,write_start,write_end
1591045130.337000, 1591045297.008000, 1591045297.009000, 1591045302.822000, 1591045302.822000, 1591045428.894000
1591045428.908000, 1591045430.129000, 1591045430.129000, 1591045434.751000, 1591045434.751000, 1591045579.544000
1591045579.578000, 1591045581.085000, 1591045581.085000, 1591045585.739000, 1591045585.739000, 1591045687.539000
