read_start,read_end,cpu_start,cpu_end,write_start,write_end
1591029637.086000, 1591029669.009000, 1591029669.009000, 1591029673.613000, 1591029673.613000, 1591029674.757000
1591029674.768000, 1591029675.864000, 1591029675.864000, 1591029680.470000, 1591029680.470000, 1591029681.652000
1591029681.662000, 1591029682.616000, 1591029682.617000, 1591029687.700000, 1591029687.700000, 1591029688.987000
