read_start,read_end,cpu_start,cpu_end,write_start,write_end
1591036689.222000, 1591036799.844000, 1591036799.844000, 1591036805.192000, 1591036805.192000, 1591036806.408000
1591036806.420000, 1591036807.484000, 1591036807.485000, 1591036812.320000, 1591036812.320000, 1591036927.750000
1591036927.763000, 1591036929.053000, 1591036929.053000, 1591036933.804000, 1591036933.804000, 1591037028.772000
