read_start,read_end,cpu_start,cpu_end,write_start,write_end
1591038028.929000, 1591038151.192000, 1591038151.192000, 1591038156.920000, 1591038156.920000, 1591038225.827000
1591038225.840000, 1591038226.773000, 1591038226.773000, 1591038231.367000, 1591038231.367000, 1591038345.727000
1591038345.741000, 1591038346.733000, 1591038346.733000, 1591038351.317000, 1591038351.317000, 1591038413.048000
