read_start,read_end,cpu_start,cpu_end,write_start,write_end
1591035454.627000, 1591035555.604000, 1591035555.604000, 1591035560.922000, 1591035560.922000, 1591035562.166000
1591035562.179000, 1591035563.339000, 1591035563.339000, 1591035568.606000, 1591035568.606000, 1591035682.923000
1591035682.936000, 1591035684.235000, 1591035684.235000, 1591035688.949000, 1591035688.949000, 1591035746.261000
