read_start,read_end,cpu_start,cpu_end,write_start,write_end
1591040191.335000, 1591040320.675000, 1591040320.675000, 1591040325.670000, 1591040325.670000, 1591040327.616000
1591040327.626000, 1591040328.596000, 1591040328.596000, 1591040334.786000, 1591040334.786000, 1591040404.673000
1591040404.689000, 1591040406.568000, 1591040406.568000, 1591040411.636000, 1591040411.636000, 1591040550.983000
