read_start,read_end,cpu_start,cpu_end,write_start,write_end
1591034320.410000, 1591034406.204000, 1591034406.204000, 1591034411.376000, 1591034411.376000, 1591034412.498000
1591034412.509000, 1591034413.538000, 1591034413.538000, 1591034418.451000, 1591034418.451000, 1591034419.703000
1591034419.712000, 1591034420.686000, 1591034420.686000, 1591034425.406000, 1591034425.406000, 1591034529.091000
