read_start,read_end,cpu_start,cpu_end,write_start,write_end
1591035454.617000, 1591035553.799000, 1591035553.799000, 1591035559.267000, 1591035559.267000, 1591035560.608000
1591035560.620000, 1591035561.645000, 1591035561.645000, 1591035567.122000, 1591035567.122000, 1591035662.700000
1591035662.713000, 1591035663.748000, 1591035663.748000, 1591035668.587000, 1591035668.587000, 1591035740.333000
