read_start,read_end,cpu_start,cpu_end,write_start,write_end
1591031494.145000, 1591031551.169000, 1591031551.169000, 1591031555.917000, 1591031555.917000, 1591031557.059000
1591031557.069000, 1591031558.107000, 1591031558.107000, 1591031562.938000, 1591031562.938000, 1591031564.245000
1591031564.255000, 1591031565.358000, 1591031565.359000, 1591031570.399000, 1591031570.399000, 1591031584.026000
