read_start,read_end,cpu_start,cpu_end,write_start,write_end
1591042553.265000, 1591042707.792000, 1591042707.792000, 1591042713.575000, 1591042713.575000, 1591042874.519000
1591042874.533000, 1591042875.640000, 1591042875.640000, 1591042880.301000, 1591042880.301000, 1591043001.025000
1591043001.053000, 1591043002.214000, 1591043002.214000, 1591043006.935000, 1591043006.935000, 1591043071.570000
