read_start,read_end,cpu_start,cpu_end,write_start,write_end
1591042553.248000, 1591042705.243000, 1591042705.243000, 1591042711.220000, 1591042711.220000, 1591042770.948000
1591042770.978000, 1591042772.094000, 1591042772.094000, 1591042776.791000, 1591042776.791000, 1591042913.909000
1591042913.934000, 1591042914.927000, 1591042914.927000, 1591042919.561000, 1591042919.561000, 1591043026.798000
