read_start,read_end,cpu_start,cpu_end,write_start,write_end
1591029286.534000, 1591029313.157000, 1591029313.157000, 1591029317.765000, 1591029317.765000, 1591029318.929000
1591029318.941000, 1591029319.909000, 1591029319.909000, 1591029324.536000, 1591029324.536000, 1591029325.697000
1591029325.707000, 1591029326.652000, 1591029326.652000, 1591029331.255000, 1591029331.255000, 1591029332.397000
