read_start,read_end,cpu_start,cpu_end,write_start,write_end
1591041740.178000, 1591041889.165000, 1591041889.165000, 1591041895.039000, 1591041895.039000, 1591042036.336000
1591042036.350000, 1591042037.358000, 1591042037.359000, 1591042042.211000, 1591042042.211000, 1591042181.693000
1591042181.713000, 1591042182.672000, 1591042182.672000, 1591042187.400000, 1591042187.400000, 1591042235.872000
