read_start,read_end,cpu_start,cpu_end,write_start,write_end
1591041740.177000, 1591041888.753000, 1591041888.753000, 1591041894.826000, 1591041894.826000, 1591042026.376000
1591042026.391000, 1591042027.368000, 1591042027.368000, 1591042031.827000, 1591042031.827000, 1591042173.167000
1591042173.181000, 1591042174.193000, 1591042174.193000, 1591042178.691000, 1591042178.691000, 1591042234.708000
