read_start,read_end,cpu_start,cpu_end,write_start,write_end
1591031106.238000, 1591031158.014000, 1591031158.014000, 1591031163.149000, 1591031163.149000, 1591031164.292000
1591031164.302000, 1591031165.297000, 1591031165.297000, 1591031170.040000, 1591031170.040000, 1591031171.285000
1591031171.294000, 1591031172.406000, 1591031172.406000, 1591031177.603000, 1591031177.603000, 1591031184.027000
