read_start,read_end,cpu_start,cpu_end,write_start,write_end
1591032334.234000, 1591032400.606000, 1591032400.606000, 1591032405.389000, 1591032405.389000, 1591032406.566000
1591032406.577000, 1591032407.585000, 1591032407.586000, 1591032412.706000, 1591032412.706000, 1591032413.932000
1591032413.943000, 1591032414.948000, 1591032414.948000, 1591032419.759000, 1591032419.759000, 1591032480.465000
