read_start,read_end,cpu_start,cpu_end,write_start,write_end
1591042553.256000, 1591042697.668000, 1591042697.668000, 1591042702.642000, 1591042702.642000, 1591042703.864000
1591042703.875000, 1591042704.950000, 1591042704.950000, 1591042710.232000, 1591042710.232000, 1591042711.534000
1591042711.546000, 1591042712.529000, 1591042712.529000, 1591042717.485000, 1591042717.485000, 1591042886.062000
