read_start,read_end,cpu_start,cpu_end,write_start,write_end
1591029637.086000, 1591029669.023000, 1591029669.023000, 1591029674.000000, 1591029674.000000, 1591029675.139000
1591029675.149000, 1591029676.171000, 1591029676.171000, 1591029680.885000, 1591029680.885000, 1591029682.187000
1591029682.196000, 1591029683.301000, 1591029683.301000, 1591029688.050000, 1591029688.050000, 1591029689.226000
