read_start,read_end,cpu_start,cpu_end,write_start,write_end
1591040191.326000, 1591040322.783000, 1591040322.784000, 1591040327.721000, 1591040327.721000, 1591040328.954000
1591040328.964000, 1591040330.113000, 1591040330.113000, 1591040335.765000, 1591040335.765000, 1591040457.162000
1591040457.175000, 1591040458.128000, 1591040458.128000, 1591040462.773000, 1591040462.773000, 1591040594.913000
