read_start,read_end,cpu_start,cpu_end,write_start,write_end
1591043389.056000, 1591043545.199000, 1591043545.199000, 1591043550.988000, 1591043550.988000, 1591043552.318000
1591043552.333000, 1591043553.499000, 1591043553.499000, 1591043558.415000, 1591043558.415000, 1591043751.646000
1591043751.664000, 1591043752.762000, 1591043752.762000, 1591043758.016000, 1591043758.016000, 1591043899.092000
