read_start,read_end,cpu_start,cpu_end,write_start,write_end
1591031494.143000, 1591031550.011000, 1591031550.012000, 1591031555.320000, 1591031555.320000, 1591031556.442000
1591031556.453000, 1591031557.448000, 1591031557.448000, 1591031562.204000, 1591031562.204000, 1591031563.484000
1591031563.495000, 1591031564.612000, 1591031564.612000, 1591031569.646000, 1591031569.646000, 1591031572.547000
