read_start,read_end,cpu_start,cpu_end,write_start,write_end
1591040191.324000, 1591040320.787000, 1591040320.787000, 1591040325.570000, 1591040325.570000, 1591040327.601000
1591040327.611000, 1591040328.589000, 1591040328.590000, 1591040334.203000, 1591040334.203000, 1591040337.854000
1591040337.867000, 1591040338.815000, 1591040338.815000, 1591040343.455000, 1591040343.455000, 1591040505.324000
