read_start,read_end,cpu_start,cpu_end,write_start,write_end
1591036689.231000, 1591036800.693000, 1591036800.693000, 1591036806.347000, 1591036806.347000, 1591036824.935000
1591036824.950000, 1591036826.037000, 1591036826.037000, 1591036830.442000, 1591036830.442000, 1591036938.019000
1591036938.032000, 1591036939.059000, 1591036939.059000, 1591036943.579000, 1591036943.579000, 1591037030.856000
