read_start,read_end,cpu_start,cpu_end,write_start,write_end
1591044247.004000, 1591044412.221000, 1591044412.221000, 1591044418.207000, 1591044418.207000, 1591044611.082000
1591044611.096000, 1591044612.154000, 1591044612.154000, 1591044616.833000, 1591044616.833000, 1591044746.858000
1591044746.885000, 1591044748.613000, 1591044748.613000, 1591044754.269000, 1591044754.269000, 1591044813.253000
