read_start,read_end,cpu_start,cpu_end,write_start,write_end
1591040956.193000, 1591041095.437000, 1591041095.437000, 1591041100.957000, 1591041100.957000, 1591041102.181000
1591041102.193000, 1591041103.350000, 1591041103.350000, 1591041108.491000, 1591041108.491000, 1591041271.903000
1591041271.918000, 1591041272.954000, 1591041272.954000, 1591041277.696000, 1591041277.696000, 1591041399.986000
