read_start,read_end,cpu_start,cpu_end,write_start,write_end
1591034320.410000, 1591034406.952000, 1591034406.952000, 1591034412.103000, 1591034412.103000, 1591034413.332000
1591034413.343000, 1591034414.324000, 1591034414.325000, 1591034419.699000, 1591034419.699000, 1591034420.990000
1591034421.000000, 1591034421.975000, 1591034421.975000, 1591034426.789000, 1591034426.789000, 1591034531.678000
