read_start,read_end,cpu_start,cpu_end,write_start,write_end
1591033789.910000, 1591033875.094000, 1591033875.094000, 1591033880.370000, 1591033880.370000, 1591033881.498000
1591033881.507000, 1591033882.645000, 1591033882.645000, 1591033887.775000, 1591033887.775000, 1591033978.736000
1591033978.749000, 1591033979.678000, 1591033979.678000, 1591033984.261000, 1591033984.261000, 1591034009.704000
