read_start,read_end,cpu_start,cpu_end,write_start,write_end
1591042553.268000, 1591042703.333000, 1591042703.334000, 1591042708.639000, 1591042708.639000, 1591042709.897000
1591042709.907000, 1591042711.041000, 1591042711.041000, 1591042716.200000, 1591042716.200000, 1591042885.251000
1591042885.275000, 1591042886.491000, 1591042886.492000, 1591042891.040000, 1591042891.040000, 1591043011.795000
