read_start,read_end,cpu_start,cpu_end,write_start,write_end
1591037345.542000, 1591037461.981000, 1591037461.981000, 1591037467.726000, 1591037467.726000, 1591037469.289000
1591037469.301000, 1591037470.455000, 1591037470.455000, 1591037475.494000, 1591037475.494000, 1591037611.148000
1591037611.162000, 1591037612.300000, 1591037612.300000, 1591037617.617000, 1591037617.617000, 1591037715.197000
