read_start,read_end,cpu_start,cpu_end,write_start,write_end
1591040956.185000, 1591041098.035000, 1591041098.035000, 1591041104.015000, 1591041104.015000, 1591041176.694000
1591041176.710000, 1591041177.918000, 1591041177.918000, 1591041182.554000, 1591041182.554000, 1591041319.392000
1591041319.423000, 1591041320.881000, 1591041320.881000, 1591041326.294000, 1591041326.294000, 1591041414.231000
