read_start,read_end,cpu_start,cpu_end,write_start,write_end
1591044247.004000, 1591044411.826000, 1591044411.826000, 1591044417.697000, 1591044417.697000, 1591044606.058000
1591044606.071000, 1591044607.806000, 1591044607.806000, 1591044613.933000, 1591044613.933000, 1591044744.676000
1591044744.772000, 1591044746.085000, 1591044746.085000, 1591044751.179000, 1591044751.179000, 1591044812.706000
