read_start,read_end,cpu_start,cpu_end,write_start,write_end
1591031899.057000, 1591031961.396000, 1591031961.397000, 1591031966.182000, 1591031966.182000, 1591031967.379000
1591031967.391000, 1591031968.387000, 1591031968.387000, 1591031973.309000, 1591031973.309000, 1591031974.532000
1591031974.543000, 1591031975.544000, 1591031975.544000, 1591031980.397000, 1591031980.397000, 1591032020.053000
