read_start,read_end,cpu_start,cpu_end,write_start,write_end
1591044247.004000, 1591044411.610000, 1591044411.611000, 1591044417.811000, 1591044417.811000, 1591044607.651000
1591044607.665000, 1591044608.685000, 1591044608.685000, 1591044613.548000, 1591044613.548000, 1591044744.326000
1591044744.350000, 1591044745.451000, 1591044745.451000, 1591044750.196000, 1591044750.196000, 1591044812.532000
