read_start,read_end,cpu_start,cpu_end,write_start,write_end
1591038028.920000, 1591038150.435000, 1591038150.435000, 1591038156.000000, 1591038156.000000, 1591038159.553000
1591038159.567000, 1591038160.577000, 1591038160.577000, 1591038165.766000, 1591038165.766000, 1591038293.678000
1591038293.693000, 1591038295.652000, 1591038295.652000, 1591038301.940000, 1591038301.940000, 1591038408.164000
