read_start,read_end,cpu_start,cpu_end,write_start,write_end
1591035454.621000, 1591035554.621000, 1591035554.622000, 1591035560.034000, 1591035560.034000, 1591035561.257000
1591035561.269000, 1591035562.446000, 1591035562.446000, 1591035567.838000, 1591035567.838000, 1591035674.749000
1591035674.762000, 1591035675.783000, 1591035675.783000, 1591035680.621000, 1591035680.621000, 1591035744.769000
