read_start,read_end,cpu_start,cpu_end,write_start,write_end
1591036689.222000, 1591036800.977000, 1591036800.977000, 1591036806.382000, 1591036806.382000, 1591036832.982000
1591036832.997000, 1591036833.964000, 1591036833.964000, 1591036838.497000, 1591036838.497000, 1591036943.750000
1591036943.764000, 1591036944.836000, 1591036944.836000, 1591036949.315000, 1591036949.315000, 1591037031.360000
