read_start,read_end,cpu_start,cpu_end,write_start,write_end
1591037345.542000, 1591037458.903000, 1591037458.903000, 1591037464.030000, 1591037464.030000, 1591037465.187000
1591037465.197000, 1591037466.261000, 1591037466.261000, 1591037471.780000, 1591037471.780000, 1591037584.193000
1591037584.208000, 1591037586.240000, 1591037586.240000, 1591037591.395000, 1591037591.395000, 1591037699.993000
