read_start,read_end,cpu_start,cpu_end,write_start,write_end
1591040191.327000, 1591040323.103000, 1591040323.103000, 1591040327.821000, 1591040327.821000, 1591040328.941000
1591040328.951000, 1591040329.942000, 1591040329.942000, 1591040335.647000, 1591040335.647000, 1591040453.918000
1591040453.932000, 1591040455.092000, 1591040455.092000, 1591040460.130000, 1591040460.130000, 1591040593.228000
