read_start,read_end,cpu_start,cpu_end,write_start,write_end
1591042553.272000, 1591042707.657000, 1591042707.657000, 1591042713.568000, 1591042713.568000, 1591042874.250000
1591042874.264000, 1591042875.253000, 1591042875.253000, 1591042879.814000, 1591042879.814000, 1591043000.656000
1591043000.671000, 1591043001.640000, 1591043001.640000, 1591043006.239000, 1591043006.239000, 1591043071.415000
