read_start,read_end,cpu_start,cpu_end,write_start,write_end
1591043389.055000, 1591043546.294000, 1591043546.294000, 1591043552.362000, 1591043552.362000, 1591043635.966000
1591043635.979000, 1591043637.930000, 1591043637.930000, 1591043643.695000, 1591043643.695000, 1591043794.223000
1591043794.317000, 1591043795.719000, 1591043795.719000, 1591043800.260000, 1591043800.260000, 1591043911.642000
