read_start,read_end,cpu_start,cpu_end,write_start,write_end
1591034320.410000, 1591034407.594000, 1591034407.594000, 1591034412.599000, 1591034412.599000, 1591034413.858000
1591034413.869000, 1591034414.890000, 1591034414.890000, 1591034420.408000, 1591034420.408000, 1591034422.810000
1591034422.822000, 1591034423.835000, 1591034423.835000, 1591034428.355000, 1591034428.355000, 1591034532.142000
