read_start,read_end,cpu_start,cpu_end,write_start,write_end
1591038028.919000, 1591038150.112000, 1591038150.112000, 1591038155.858000, 1591038155.858000, 1591038158.140000
1591038158.154000, 1591038159.120000, 1591038159.120000, 1591038163.966000, 1591038163.966000, 1591038290.886000
1591038290.913000, 1591038292.474000, 1591038292.474000, 1591038298.578000, 1591038298.578000, 1591038407.323000
