read_start,read_end,cpu_start,cpu_end,write_start,write_end
1591032796.492000, 1591032869.869000, 1591032869.869000, 1591032874.809000, 1591032874.809000, 1591032875.993000
1591032876.004000, 1591032877.146000, 1591032877.146000, 1591032882.202000, 1591032882.202000, 1591032899.608000
1591032899.623000, 1591032900.592000, 1591032900.592000, 1591032905.159000, 1591032905.159000, 1591032970.839000
