read_start,read_end,cpu_start,cpu_end,write_start,write_end
1591038727.889000, 1591038853.924000, 1591038853.924000, 1591038859.510000, 1591038859.510000, 1591038860.769000
1591038860.782000, 1591038861.783000, 1591038861.783000, 1591038866.589000, 1591038866.589000, 1591039015.162000
1591039015.178000, 1591039016.192000, 1591039016.192000, 1591039021.023000, 1591039021.023000, 1591039131.848000
