read_start,read_end,cpu_start,cpu_end,write_start,write_end
1591045130.358000, 1591045300.516000, 1591045300.516000, 1591045306.279000, 1591045306.279000, 1591045497.675000
1591045497.689000, 1591045498.746000, 1591045498.746000, 1591045503.969000, 1591045503.969000, 1591045633.493000
1591045633.506000, 1591045635.079000, 1591045635.079000, 1591045641.456000, 1591045641.456000, 1591045719.651000
