read_start,read_end,cpu_start,cpu_end,write_start,write_end
1591038727.879000, 1591038852.607000, 1591038852.607000, 1591038857.993000, 1591038857.993000, 1591038859.235000
1591038859.245000, 1591038860.229000, 1591038860.229000, 1591038865.178000, 1591038865.178000, 1591039009.542000
1591039009.555000, 1591039010.813000, 1591039010.813000, 1591039015.729000, 1591039015.729000, 1591039128.508000
