read_start,read_end,cpu_start,cpu_end,write_start,write_end
1591029637.086000, 1591029669.011000, 1591029669.011000, 1591029673.619000, 1591029673.619000, 1591029674.791000
1591029674.802000, 1591029675.757000, 1591029675.757000, 1591029680.368000, 1591029680.368000, 1591029681.510000
1591029681.521000, 1591029682.469000, 1591029682.469000, 1591029687.215000, 1591029687.215000, 1591029688.372000
