read_start,read_end,cpu_start,cpu_end,write_start,write_end
1591041740.186000, 1591041879.073000, 1591041879.074000, 1591041884.015000, 1591041884.015000, 1591041885.886000
1591041885.895000, 1591041886.844000, 1591041886.844000, 1591041892.338000, 1591041892.338000, 1591041893.614000
1591041893.626000, 1591041894.656000, 1591041894.656000, 1591041899.568000, 1591041899.568000, 1591042080.571000
