read_start,read_end,cpu_start,cpu_end,write_start,write_end
1591035454.617000, 1591035553.386000, 1591035553.386000, 1591035559.109000, 1591035559.109000, 1591035560.262000
1591035560.273000, 1591035561.304000, 1591035561.304000, 1591035566.412000, 1591035566.412000, 1591035645.397000
1591035645.412000, 1591035647.467000, 1591035647.467000, 1591035652.658000, 1591035652.658000, 1591035731.365000
