read_start,read_end,cpu_start,cpu_end,write_start,write_end
1591044247.004000, 1591044403.722000, 1591044403.722000, 1591044408.768000, 1591044408.768000, 1591044409.893000
1591044409.904000, 1591044410.871000, 1591044410.871000, 1591044416.541000, 1591044416.541000, 1591044582.707000
1591044582.721000, 1591044583.729000, 1591044583.729000, 1591044588.378000, 1591044588.378000, 1591044728.193000
