read_start,read_end,cpu_start,cpu_end,write_start,write_end
1591039452.303000, 1591039582.202000, 1591039582.202000, 1591039587.657000, 1591039587.657000, 1591039588.907000
1591039588.918000, 1591039589.921000, 1591039589.921000, 1591039594.866000, 1591039594.866000, 1591039740.824000
1591039740.837000, 1591039741.808000, 1591039741.808000, 1591039746.506000, 1591039746.506000, 1591039863.393000
