read_start,read_end,cpu_start,cpu_end,write_start,write_end
1591045130.340000, 1591045300.920000, 1591045300.920000, 1591045306.961000, 1591045306.961000, 1591045500.530000
1591045500.541000, 1591045501.546000, 1591045501.546000, 1591045506.304000, 1591045506.304000, 1591045636.168000
1591045636.182000, 1591045637.447000, 1591045637.447000, 1591045642.538000, 1591045642.538000, 1591045719.892000
