read_start,read_end,cpu_start,cpu_end,write_start,write_end
1591043389.061000, 1591043538.720000, 1591043538.720000, 1591043543.530000, 1591043543.530000, 1591043544.658000
1591043544.668000, 1591043545.752000, 1591043545.752000, 1591043551.288000, 1591043551.288000, 1591043552.681000
1591043552.693000, 1591043553.723000, 1591043553.723000, 1591043558.626000, 1591043558.626000, 1591043751.737000
