read_start,read_end,cpu_start,cpu_end,write_start,write_end
1591033283.207000, 1591033359.698000, 1591033359.698000, 1591033365.062000, 1591033365.062000, 1591033366.197000
1591033366.208000, 1591033367.342000, 1591033367.342000, 1591033372.544000, 1591033372.544000, 1591033373.895000
1591033373.907000, 1591033374.883000, 1591033374.883000, 1591033379.703000, 1591033379.703000, 1591033468.613000
