read_start,read_end,cpu_start,cpu_end,write_start,write_end
1591036059.894000, 1591036154.888000, 1591036154.888000, 1591036159.380000, 1591036159.380000, 1591036161.116000
1591036161.126000, 1591036162.054000, 1591036162.054000, 1591036166.926000, 1591036166.926000, 1591036168.149000
1591036168.159000, 1591036169.149000, 1591036169.149000, 1591036174.787000, 1591036174.787000, 1591036256.167000
