read_start,read_end,cpu_start,cpu_end,write_start,write_end
1591028603.842000, 1591028620.030000, 1591028620.031000, 1591028624.391000, 1591028624.391000, 1591028625.476000
1591028625.485000, 1591028626.424000, 1591028626.424000, 1591028630.968000, 1591028630.968000, 1591028632.080000
1591028632.089000, 1591028633.021000, 1591028633.021000, 1591028637.595000, 1591028637.595000, 1591028638.710000
