read_start,read_end,cpu_start,cpu_end,write_start,write_end
1591031899.056000, 1591031960.153000, 1591031960.153000, 1591031965.098000, 1591031965.098000, 1591031966.361000
1591031966.375000, 1591031967.348000, 1591031967.348000, 1591031972.339000, 1591031972.339000, 1591031973.517000
1591031973.529000, 1591031974.533000, 1591031974.533000, 1591031979.846000, 1591031979.846000, 1591032011.189000
