read_start,read_end,cpu_start,cpu_end,write_start,write_end
1591032334.234000, 1591032402.082000, 1591032402.082000, 1591032407.108000, 1591032407.108000, 1591032408.332000
1591032408.341000, 1591032409.360000, 1591032409.360000, 1591032414.218000, 1591032414.218000, 1591032416.066000
1591032416.075000, 1591032417.163000, 1591032417.163000, 1591032421.899000, 1591032421.899000, 1591032486.622000
