read_start,read_end,cpu_start,cpu_end,write_start,write_end
1591044247.008000, 1591044408.081000, 1591044408.081000, 1591044413.772000, 1591044413.772000, 1591044415.559000
1591044415.569000, 1591044416.689000, 1591044416.689000, 1591044421.496000, 1591044421.496000, 1591044616.481000
1591044616.494000, 1591044617.457000, 1591044617.457000, 1591044622.105000, 1591044622.105000, 1591044752.724000
