read_start,read_end,cpu_start,cpu_end,write_start,write_end
1591029286.534000, 1591029313.083000, 1591029313.083000, 1591029318.092000, 1591029318.092000, 1591029319.255000
1591029319.265000, 1591029320.361000, 1591029320.361000, 1591029324.985000, 1591029324.985000, 1591029326.118000
1591029326.128000, 1591029327.093000, 1591029327.093000, 1591029331.661000, 1591029331.661000, 1591029332.792000
