read_start,read_end,cpu_start,cpu_end,write_start,write_end
1591031106.238000, 1591031157.298000, 1591031157.298000, 1591031162.339000, 1591031162.339000, 1591031163.511000
1591031163.523000, 1591031164.506000, 1591031164.506000, 1591031169.289000, 1591031169.289000, 1591031170.478000
1591031170.489000, 1591031171.490000, 1591031171.490000, 1591031176.235000, 1591031176.235000, 1591031177.833000
