read_start,read_end,cpu_start,cpu_end,write_start,write_end
1591037345.550000, 1591037460.759000, 1591037460.759000, 1591037466.131000, 1591037466.131000, 1591037467.321000
1591037467.332000, 1591037468.342000, 1591037468.342000, 1591037473.645000, 1591037473.645000, 1591037602.773000
1591037602.786000, 1591037604.090000, 1591037604.090000, 1591037608.999000, 1591037608.999000, 1591037711.467000
