read_start,read_end,cpu_start,cpu_end,write_start,write_end
1591036689.222000, 1591036799.500000, 1591036799.500000, 1591036804.880000, 1591036804.880000, 1591036806.198000
1591036806.211000, 1591036807.255000, 1591036807.255000, 1591036812.192000, 1591036812.192000, 1591036927.340000
1591036927.354000, 1591036928.563000, 1591036928.563000, 1591036933.710000, 1591036933.710000, 1591037028.690000
