read_start,read_end,cpu_start,cpu_end,write_start,write_end
1591036059.894000, 1591036162.324000, 1591036162.325000, 1591036167.669000, 1591036167.669000, 1591036168.834000
1591036168.844000, 1591036169.948000, 1591036169.948000, 1591036175.390000, 1591036175.390000, 1591036264.444000
1591036264.459000, 1591036265.403000, 1591036265.403000, 1591036269.977000, 1591036269.977000, 1591036356.066000
