read_start,read_end,cpu_start,cpu_end,write_start,write_end
1591035454.622000, 1591035548.394000, 1591035548.394000, 1591035553.123000, 1591035553.123000, 1591035555.039000
1591035555.049000, 1591035556.052000, 1591035556.052000, 1591035561.387000, 1591035561.387000, 1591035562.629000
1591035562.639000, 1591035563.614000, 1591035563.614000, 1591035568.843000, 1591035568.843000, 1591035684.051000
