read_start,read_end,cpu_start,cpu_end,write_start,write_end
1591033789.910000, 1591033870.785000, 1591033870.785000, 1591033875.675000, 1591033875.675000, 1591033876.885000
1591033876.895000, 1591033877.877000, 1591033877.878000, 1591033883.129000, 1591033883.129000, 1591033884.272000
1591033884.281000, 1591033885.256000, 1591033885.256000, 1591033890.471000, 1591033890.471000, 1591033990.666000
