read_start,read_end,cpu_start,cpu_end,write_start,write_end
1591042553.271000, 1591042707.287000, 1591042707.288000, 1591042713.094000, 1591042713.094000, 1591042867.344000
1591042867.360000, 1591042868.401000, 1591042868.401000, 1591042872.760000, 1591042872.760000, 1591042994.420000
1591042994.443000, 1591042995.856000, 1591042995.856000, 1591043000.735000, 1591043000.735000, 1591043070.229000
