read_start,read_end,cpu_start,cpu_end,write_start,write_end
1591033789.922000, 1591033870.718000, 1591033870.718000, 1591033875.911000, 1591033875.911000, 1591033877.104000
1591033877.113000, 1591033878.110000, 1591033878.110000, 1591033882.877000, 1591033882.877000, 1591033884.114000
1591033884.124000, 1591033885.084000, 1591033885.084000, 1591033889.768000, 1591033889.768000, 1591033989.977000
