read_start,read_end,cpu_start,cpu_end,write_start,write_end
1591037345.544000, 1591037459.735000, 1591037459.735000, 1591037465.044000, 1591037465.044000, 1591037466.248000
1591037466.259000, 1591037467.381000, 1591037467.381000, 1591037473.156000, 1591037473.156000, 1591037598.955000
1591037599.006000, 1591037600.559000, 1591037600.559000, 1591037605.187000, 1591037605.187000, 1591037709.725000
