read_start,read_end,cpu_start,cpu_end,write_start,write_end
1591031899.057000, 1591031961.058000, 1591031961.058000, 1591031965.828000, 1591031965.828000, 1591031967.017000
1591031967.029000, 1591031968.024000, 1591031968.024000, 1591031972.943000, 1591031972.943000, 1591031974.162000
1591031974.175000, 1591031975.174000, 1591031975.174000, 1591031980.059000, 1591031980.059000, 1591032015.512000
