read_start,read_end,cpu_start,cpu_end,write_start,write_end
1591032334.234000, 1591032403.077000, 1591032403.077000, 1591032408.530000, 1591032408.530000, 1591032409.614000
1591032409.622000, 1591032410.589000, 1591032410.589000, 1591032415.331000, 1591032415.331000, 1591032419.102000
1591032419.115000, 1591032420.035000, 1591032420.035000, 1591032424.514000, 1591032424.514000, 1591032487.436000
