read_start,read_end,cpu_start,cpu_end,write_start,write_end
1591036059.895000, 1591036158.077000, 1591036158.077000, 1591036162.700000, 1591036162.700000, 1591036163.792000
1591036163.801000, 1591036164.746000, 1591036164.746000, 1591036170.452000, 1591036170.452000, 1591036172.289000
1591036172.302000, 1591036173.455000, 1591036173.455000, 1591036178.884000, 1591036178.884000, 1591036291.935000
