read_start,read_end,cpu_start,cpu_end,write_start,write_end
1591041740.187000, 1591041882.208000, 1591041882.209000, 1591041887.267000, 1591041887.267000, 1591041888.426000
1591041888.436000, 1591041889.430000, 1591041889.430000, 1591041895.125000, 1591041895.125000, 1591042039.150000
1591042039.163000, 1591042040.110000, 1591042040.110000, 1591042044.695000, 1591042044.695000, 1591042183.752000
