read_start,read_end,cpu_start,cpu_end,write_start,write_end
1591038028.928000, 1591038151.091000, 1591038151.091000, 1591038156.404000, 1591038156.404000, 1591038171.783000
1591038171.798000, 1591038172.925000, 1591038172.925000, 1591038177.329000, 1591038177.329000, 1591038299.894000
1591038299.908000, 1591038301.112000, 1591038301.112000, 1591038306.052000, 1591038306.052000, 1591038408.824000
