read_start,read_end,cpu_start,cpu_end,write_start,write_end
1591040191.324000, 1591040325.610000, 1591040325.610000, 1591040331.200000, 1591040331.200000, 1591040332.441000
1591040332.453000, 1591040333.599000, 1591040333.599000, 1591040338.808000, 1591040338.808000, 1591040499.809000
1591040499.824000, 1591040500.810000, 1591040500.810000, 1591040505.523000, 1591040505.523000, 1591040625.609000
