read_start,read_end,cpu_start,cpu_end,write_start,write_end
1591036689.222000, 1591036800.486000, 1591036800.486000, 1591036805.858000, 1591036805.858000, 1591036808.639000
1591036808.651000, 1591036809.647000, 1591036809.647000, 1591036814.417000, 1591036814.417000, 1591036931.459000
1591036931.473000, 1591036932.463000, 1591036932.463000, 1591036937.607000, 1591036937.607000, 1591037030.045000
