read_start,read_end,cpu_start,cpu_end,write_start,write_end
1591044247.022000, 1591044402.809000, 1591044402.809000, 1591044408.055000, 1591044408.055000, 1591044409.169000
1591044409.179000, 1591044410.282000, 1591044410.282000, 1591044415.930000, 1591044415.930000, 1591044560.727000
1591044560.743000, 1591044561.767000, 1591044561.767000, 1591044566.291000, 1591044566.291000, 1591044713.549000
