read_start,read_end,cpu_start,cpu_end,write_start,write_end
1591039452.296000, 1591039579.059000, 1591039579.059000, 1591039584.223000, 1591039584.223000, 1591039585.546000
1591039585.557000, 1591039586.710000, 1591039586.710000, 1591039592.295000, 1591039592.295000, 1591039727.545000
1591039727.560000, 1591039728.797000, 1591039728.797000, 1591039733.652000, 1591039733.652000, 1591039853.848000
