read_start,read_end,cpu_start,cpu_end,write_start,write_end
1591032334.235000, 1591032401.356000, 1591032401.356000, 1591032406.675000, 1591032406.675000, 1591032407.895000
1591032407.905000, 1591032408.936000, 1591032408.936000, 1591032413.950000, 1591032413.950000, 1591032415.489000
1591032415.499000, 1591032416.566000, 1591032416.566000, 1591032421.655000, 1591032421.655000, 1591032486.310000
