read_start,read_end,cpu_start,cpu_end,write_start,write_end
1591033789.918000, 1591033873.437000, 1591033873.437000, 1591033878.654000, 1591033878.654000, 1591033880.004000
1591033880.016000, 1591033881.041000, 1591033881.041000, 1591033886.234000, 1591033886.234000, 1591033938.179000
1591033938.192000, 1591033939.130000, 1591033939.130000, 1591033943.881000, 1591033943.881000, 1591034005.249000
