read_start,read_end,cpu_start,cpu_end,write_start,write_end
1591040956.196000, 1591041098.813000, 1591041098.813000, 1591041105.143000, 1591041105.143000, 1591041229.921000
1591041229.935000, 1591041230.905000, 1591041230.905000, 1591041235.663000, 1591041235.663000, 1591041367.282000
1591041367.299000, 1591041368.968000, 1591041368.968000, 1591041374.167000, 1591041374.167000, 1591041423.559000
