read_start,read_end,cpu_start,cpu_end,write_start,write_end
1606741521.004000, 1606741632.398000, 1606741632.398000, 1606741638.031000, 1606741638.031000, 1606741756.194000
1606741756.208000, 1606741757.312000, 1606741757.312000, 1606741762.148000, 1606741762.148000, 1606741879.653000
1606741879.671000, 1606741880.890000, 1606741880.890000, 1606741885.654000, 1606741885.654000, 1606741998.807000
