read_start,read_end,cpu_start,cpu_end,write_start,write_end
1606737948.203000, 1606738010.540000, 1606738010.540000, 1606738015.687000, 1606738015.687000, 1606738079.951000
1606738079.965000, 1606738081.114000, 1606738081.114000, 1606738085.846000, 1606738085.846000, 1606738149.280000
1606738149.295000, 1606738150.275000, 1606738150.275000, 1606738155.008000, 1606738155.008000, 1606738214.582000
