read_start,read_end,cpu_start,cpu_end,write_start,write_end
1606737682.582000, 1606737739.355000, 1606737739.355000, 1606737744.461000, 1606737744.461000, 1606737803.930000
1606737803.944000, 1606737805.063000, 1606737805.063000, 1606737810.311000, 1606737810.311000, 1606737868.748000
1606737868.764000, 1606737869.794000, 1606737869.794000, 1606737874.576000, 1606737874.576000, 1606737927.919000
