read_start,read_end,cpu_start,cpu_end,write_start,write_end
1606745005.483000, 1606745143.885000, 1606745143.885000, 1606745148.977000, 1606745148.977000, 1606745223.461000
1606745223.477000, 1606745224.424000, 1606745224.424000, 1606745229.316000, 1606745229.316000, 1606745401.139000
1606745401.153000, 1606745402.260000, 1606745402.260000, 1606745407.167000, 1606745407.167000, 1606745578.892000
