read_start,read_end,cpu_start,cpu_end,write_start,write_end
1606744373.732000, 1606744511.163000, 1606744511.163000, 1606744516.532000, 1606744516.532000, 1606744617.191000
1606744617.206000, 1606744618.806000, 1606744618.806000, 1606744623.532000, 1606744623.532000, 1606744809.307000
1606744809.382000, 1606744811.207000, 1606744811.207000, 1606744816.821000, 1606744816.821000, 1606744938.061000
