read_start,read_end,cpu_start,cpu_end,write_start,write_end
1606737439.213000, 1606737490.572000, 1606737490.572000, 1606737495.295000, 1606737495.295000, 1606737547.025000
1606737547.044000, 1606737547.987000, 1606737547.987000, 1606737552.726000, 1606737552.726000, 1606737597.368000
1606737597.384000, 1606737598.324000, 1606737598.324000, 1606737602.686000, 1606737602.686000, 1606737614.275000
