read_start,read_end,cpu_start,cpu_end,write_start,write_end
1606741520.986000, 1606741630.957000, 1606741630.957000, 1606741636.756000, 1606741636.756000, 1606741755.100000
1606741755.115000, 1606741756.146000, 1606741756.146000, 1606741761.025000, 1606741761.025000, 1606741878.374000
1606741878.390000, 1606741879.566000, 1606741879.566000, 1606741884.810000, 1606741884.810000, 1606741998.355000
