read_start,read_end,cpu_start,cpu_end,write_start,write_end
1606744373.744000, 1606744499.856000, 1606744499.856000, 1606744504.717000, 1606744504.717000, 1606744608.296000
1606744608.313000, 1606744609.383000, 1606744609.383000, 1606744614.067000, 1606744614.067000, 1606744716.022000
1606744716.041000, 1606744717.074000, 1606744717.074000, 1606744721.864000, 1606744721.864000, 1606744901.037000
