read_start,read_end,cpu_start,cpu_end,write_start,write_end
1606742589.138000, 1606742712.105000, 1606742712.105000, 1606742717.617000, 1606742717.617000, 1606742921.767000
1606742921.782000, 1606742922.866000, 1606742922.866000, 1606742927.329000, 1606742927.329000, 1606743043.480000
1606743043.494000, 1606743044.441000, 1606743044.441000, 1606743049.023000, 1606743049.023000, 1606743114.301000
