read_start,read_end,cpu_start,cpu_end,write_start,write_end
1606746355.288000, 1606746501.138000, 1606746501.138000, 1606746506.111000, 1606746506.111000, 1606746595.472000
1606746595.485000, 1606746596.567000, 1606746596.567000, 1606746601.859000, 1606746601.859000, 1606746770.653000
1606746770.669000, 1606746772.444000, 1606746772.444000, 1606746777.534000, 1606746777.534000, 1606746940.442000
