read_start,read_end,cpu_start,cpu_end,write_start,write_end
1606743756.902000, 1606743880.311000, 1606743880.311000, 1606743885.405000, 1606743885.405000, 1606743985.894000
1606743985.910000, 1606743986.985000, 1606743986.985000, 1606743991.817000, 1606743991.817000, 1606744114.751000
1606744114.792000, 1606744115.958000, 1606744115.958000, 1606744120.869000, 1606744120.869000, 1606744230.683000
