read_start,read_end,cpu_start,cpu_end,write_start,write_end
1606746355.279000, 1606746510.823000, 1606746510.823000, 1606746516.145000, 1606746516.145000, 1606746676.673000
1606746676.704000, 1606746679.006000, 1606746679.006000, 1606746684.152000, 1606746684.152000, 1606746871.860000
1606746871.969000, 1606746873.333000, 1606746873.333000, 1606746877.898000, 1606746877.898000, 1606747022.381000
