read_start,read_end,cpu_start,cpu_end,write_start,write_end
1606741034.347000, 1606741138.386000, 1606741138.386000, 1606741143.422000, 1606741143.422000, 1606741252.203000
1606741252.218000, 1606741253.262000, 1606741253.262000, 1606741258.065000, 1606741258.065000, 1606741364.597000
1606741364.611000, 1606741366.620000, 1606741366.620000, 1606741373.722000, 1606741373.722000, 1606741480.120000
