read_start,read_end,cpu_start,cpu_end,write_start,write_end
1606737682.583000, 1606737739.123000, 1606737739.123000, 1606737744.415000, 1606737744.415000, 1606737803.531000
1606737803.544000, 1606737804.557000, 1606737804.557000, 1606737809.295000, 1606737809.295000, 1606737867.356000
1606737867.370000, 1606737868.313000, 1606737868.313000, 1606737873.607000, 1606737873.607000, 1606737926.770000
