read_start,read_end,cpu_start,cpu_end,write_start,write_end
1606745005.465000, 1606745146.500000, 1606745146.500000, 1606745151.617000, 1606745151.617000, 1606745226.458000
1606745226.473000, 1606745227.630000, 1606745227.630000, 1606745232.443000, 1606745232.443000, 1606745401.561000
1606745401.575000, 1606745402.632000, 1606745402.632000, 1606745407.550000, 1606745407.550000, 1606745579.104000
