read_start,read_end,cpu_start,cpu_end,write_start,write_end
1606741521.000000, 1606741630.426000, 1606741630.426000, 1606741635.823000, 1606741635.823000, 1606741754.274000
1606741754.289000, 1606741755.346000, 1606741755.346000, 1606741760.437000, 1606741760.437000, 1606741877.642000
1606741877.658000, 1606741878.750000, 1606741878.750000, 1606741883.666000, 1606741883.666000, 1606741994.921000
