read_start,read_end,cpu_start,cpu_end,write_start,write_end
1606745668.044000, 1606745807.260000, 1606745807.260000, 1606745812.331000, 1606745812.331000, 1606745898.281000
1606745898.295000, 1606745899.508000, 1606745899.508000, 1606745904.473000, 1606745904.473000, 1606746069.592000
1606746069.607000, 1606746070.728000, 1606746070.728000, 1606746075.643000, 1606746075.643000, 1606746233.507000
