read_start,read_end,cpu_start,cpu_end,write_start,write_end
1606748363.260000, 1606748541.540000, 1606748541.540000, 1606748547.468000, 1606748547.468000, 1606748753.046000
1606748753.570000, 1606748755.046000, 1606748755.046000, 1606748760.731000, 1606748760.731000, 1606748915.784000
1606748915.825000, 1606748916.939000, 1606748916.939000, 1606748921.457000, 1606748921.457000, 1606749067.857000
