read_start,read_end,cpu_start,cpu_end,write_start,write_end
1606739295.512000, 1606739376.905000, 1606739376.905000, 1606739381.936000, 1606739381.936000, 1606739467.107000
1606739467.121000, 1606739468.125000, 1606739468.125000, 1606739472.590000, 1606739472.590000, 1606739535.630000
1606739535.645000, 1606739536.736000, 1606739536.736000, 1606739541.159000, 1606739541.159000, 1606739610.397000
