read_start,read_end,cpu_start,cpu_end,write_start,write_end
1606748363.261000, 1606748540.018000, 1606748540.018000, 1606748544.886000, 1606748544.886000, 1606748753.015000
1606748754.257000, 1606748757.379000, 1606748757.379000, 1606748763.499000, 1606748763.499000, 1606748958.676000
1606748958.894000, 1606748960.848000, 1606748960.848000, 1606748965.830000, 1606748965.830000, 1606749091.598000
