read_start,read_end,cpu_start,cpu_end,write_start,write_end
1606740112.308000, 1606740208.073000, 1606740208.073000, 1606740213.201000, 1606740213.201000, 1606740318.380000
1606740318.403000, 1606740319.492000, 1606740319.492000, 1606740324.584000, 1606740324.584000, 1606740427.208000
1606740427.223000, 1606740428.834000, 1606740428.834000, 1606740435.377000, 1606740435.377000, 1606740523.633000
