read_start,read_end,cpu_start,cpu_end,write_start,write_end
1606747067.537000, 1606747227.369000, 1606747227.369000, 1606747232.573000, 1606747232.573000, 1606747397.469000
1606747397.487000, 1606747398.784000, 1606747398.784000, 1606747403.790000, 1606747403.790000, 1606747543.046000
1606747543.091000, 1606747544.373000, 1606747544.373000, 1606747549.268000, 1606747549.268000, 1606747623.639000
