read_start,read_end,cpu_start,cpu_end,write_start,write_end
1606742040.976000, 1606742154.032000, 1606742154.032000, 1606742159.086000, 1606742159.086000, 1606742271.390000
1606742271.403000, 1606742272.344000, 1606742272.344000, 1606742276.768000, 1606742276.768000, 1606742387.500000
1606742387.512000, 1606742388.499000, 1606742388.499000, 1606742393.174000, 1606742393.174000, 1606742511.792000
