read_start,read_end,cpu_start,cpu_end,write_start,write_end
1606736540.168000, 1606736566.753000, 1606736566.753000, 1606736571.354000, 1606736571.354000, 1606736601.200000
1606736601.213000, 1606736602.168000, 1606736602.168000, 1606736606.761000, 1606736606.761000, 1606736636.238000
1606736636.252000, 1606736637.330000, 1606736637.330000, 1606736641.815000, 1606736641.815000, 1606736668.329000
