read_start,read_end,cpu_start,cpu_end,write_start,write_end
1606743156.554000, 1606743280.492000, 1606743280.492000, 1606743285.932000, 1606743285.932000, 1606743379.868000
1606743379.882000, 1606743380.863000, 1606743380.863000, 1606743385.798000, 1606743385.798000, 1606743487.251000
1606743487.287000, 1606743488.719000, 1606743488.719000, 1606743494.239000, 1606743494.239000, 1606743670.616000
