read_start,read_end,cpu_start,cpu_end,write_start,write_end
1606742040.972000, 1606742157.519000, 1606742157.519000, 1606742163.035000, 1606742163.035000, 1606742284.454000
1606742284.468000, 1606742285.579000, 1606742285.579000, 1606742290.731000, 1606742290.731000, 1606742413.979000
1606742413.993000, 1606742415.444000, 1606742415.444000, 1606742420.514000, 1606742420.514000, 1606742540.473000
