read_start,read_end,cpu_start,cpu_end,write_start,write_end
1606741520.986000, 1606741632.821000, 1606741632.821000, 1606741638.136000, 1606741638.136000, 1606741756.346000
1606741756.360000, 1606741757.385000, 1606741757.385000, 1606741762.317000, 1606741762.317000, 1606741879.878000
1606741879.895000, 1606741881.536000, 1606741881.536000, 1606741887.175000, 1606741887.175000, 1606741999.625000
