read_start,read_end,cpu_start,cpu_end,write_start,write_end
1606737213.642000, 1606737261.011000, 1606737261.011000, 1606737266.173000, 1606737266.173000, 1606737314.423000
1606737314.438000, 1606737315.442000, 1606737315.442000, 1606737320.674000, 1606737320.674000, 1606737367.511000
1606737367.524000, 1606737368.632000, 1606737368.632000, 1606737373.402000, 1606737373.402000, 1606737418.622000
