read_start,read_end,cpu_start,cpu_end,write_start,write_end
1606740112.308000, 1606740206.388000, 1606740206.388000, 1606740211.638000, 1606740211.638000, 1606740316.218000
1606740316.234000, 1606740317.192000, 1606740317.192000, 1606740322.487000, 1606740322.487000, 1606740425.291000
1606740425.306000, 1606740426.321000, 1606740426.321000, 1606740431.323000, 1606740431.323000, 1606740521.208000
