read_start,read_end,cpu_start,cpu_end,write_start,write_end
1606738573.440000, 1606738646.329000, 1606738646.329000, 1606738651.425000, 1606738651.425000, 1606738726.816000
1606738726.832000, 1606738727.933000, 1606738727.933000, 1606738732.914000, 1606738732.914000, 1606738810.514000
1606738810.524000, 1606738811.656000, 1606738811.656000, 1606738816.368000, 1606738816.368000, 1606738883.409000
