read_start,read_end,cpu_start,cpu_end,write_start,write_end
1606737013.037000, 1606737055.474000, 1606737055.474000, 1606737060.091000, 1606737060.091000, 1606737108.323000
1606737108.337000, 1606737109.390000, 1606737109.390000, 1606737114.118000, 1606737114.118000, 1606737154.999000
1606737155.019000, 1606737155.970000, 1606737155.970000, 1606737160.699000, 1606737160.699000, 1606737205.588000
