read_start,read_end,cpu_start,cpu_end,write_start,write_end
1606743756.922000, 1606743891.235000, 1606743891.235000, 1606743896.615000, 1606743896.615000, 1606744111.755000
1606744111.769000, 1606744113.649000, 1606744113.649000, 1606744120.186000, 1606744120.186000, 1606744230.886000
1606744230.994000, 1606744232.169000, 1606744232.169000, 1606744237.105000, 1606744237.105000, 1606744329.778000
