read_start,read_end,cpu_start,cpu_end,write_start,write_end
1606745668.044000, 1606745811.060000, 1606745811.060000, 1606745816.070000, 1606745816.070000, 1606745898.574000
1606745898.593000, 1606745899.592000, 1606745899.592000, 1606745904.497000, 1606745904.497000, 1606746069.598000
1606746069.612000, 1606746070.756000, 1606746070.756000, 1606746075.740000, 1606746075.740000, 1606746232.733000
