read_start,read_end,cpu_start,cpu_end,write_start,write_end
1606738247.734000, 1606738315.215000, 1606738315.215000, 1606738319.931000, 1606738319.931000, 1606738388.881000
1606738388.897000, 1606738389.896000, 1606738389.896000, 1606738394.923000, 1606738394.923000, 1606738464.059000
1606738464.074000, 1606738465.161000, 1606738465.161000, 1606738469.681000, 1606738469.681000, 1606738522.843000
