read_start,read_end,cpu_start,cpu_end,write_start,write_end
1606742589.128000, 1606742706.847000, 1606742706.847000, 1606742712.023000, 1606742712.023000, 1606742800.006000
1606742800.023000, 1606742801.095000, 1606742801.095000, 1606742805.746000, 1606742805.746000, 1606742926.941000
1606742926.956000, 1606742927.979000, 1606742927.979000, 1606742932.984000, 1606742932.984000, 1606743049.818000
