read_start,read_end,cpu_start,cpu_end,write_start,write_end
1606741034.343000, 1606741137.362000, 1606741137.362000, 1606741142.689000, 1606741142.689000, 1606741251.046000
1606741251.059000, 1606741252.035000, 1606741252.035000, 1606741257.026000, 1606741257.026000, 1606741361.604000
1606741361.618000, 1606741362.655000, 1606741362.655000, 1606741367.375000, 1606741367.375000, 1606741474.283000
