read_start,read_end,cpu_start,cpu_end,write_start,write_end
1606748363.260000, 1606748541.992000, 1606748541.992000, 1606748548.848000, 1606748548.848000, 1606748753.087000
1606748753.602000, 1606748755.139000, 1606748755.139000, 1606748760.844000, 1606748760.844000, 1606748919.759000
1606748919.808000, 1606748920.898000, 1606748920.898000, 1606748925.336000, 1606748925.336000, 1606749069.713000
