read_start,read_end,cpu_start,cpu_end,write_start,write_end
1606742589.128000, 1606742712.943000, 1606742712.943000, 1606742717.931000, 1606742717.931000, 1606742921.749000
1606742921.764000, 1606742923.147000, 1606742923.147000, 1606742928.692000, 1606742928.692000, 1606743043.693000
1606743043.741000, 1606743045.005000, 1606743045.005000, 1606743049.730000, 1606743049.730000, 1606743113.769000
