read_start,read_end,cpu_start,cpu_end,write_start,write_end
1606742589.127000, 1606742711.487000, 1606742711.487000, 1606742717.177000, 1606742717.177000, 1606742915.376000
1606742915.392000, 1606742917.230000, 1606742917.230000, 1606742922.269000, 1606742922.269000, 1606743040.968000
1606743041.052000, 1606743042.165000, 1606743042.165000, 1606743046.826000, 1606743046.826000, 1606743112.058000
