read_start,read_end,cpu_start,cpu_end,write_start,write_end
1606737439.213000, 1606737490.932000, 1606737490.932000, 1606737495.666000, 1606737495.666000, 1606737548.694000
1606737548.707000, 1606737549.644000, 1606737549.644000, 1606737554.954000, 1606737554.954000, 1606737608.176000
1606737608.191000, 1606737609.278000, 1606737609.278000, 1606737614.322000, 1606737614.322000, 1606737662.751000
