read_start,read_end,cpu_start,cpu_end,write_start,write_end
1606740112.309000, 1606740204.715000, 1606740204.715000, 1606740209.798000, 1606740209.798000, 1606740307.287000
1606740307.301000, 1606740308.248000, 1606740308.248000, 1606740312.668000, 1606740312.668000, 1606740402.880000
1606740402.890000, 1606740403.810000, 1606740403.810000, 1606740408.280000, 1606740408.280000, 1606740493.901000
