read_start,read_end,cpu_start,cpu_end,write_start,write_end
1606742589.127000, 1606742711.772000, 1606742711.772000, 1606742717.108000, 1606742717.108000, 1606742824.863000
1606742824.881000, 1606742826.557000, 1606742826.557000, 1606742831.605000, 1606742831.605000, 1606743015.840000
1606743015.919000, 1606743017.657000, 1606743017.657000, 1606743022.736000, 1606743022.736000, 1606743111.914000
