read_start,read_end,cpu_start,cpu_end,write_start,write_end
1606743156.548000, 1606743282.394000, 1606743282.394000, 1606743287.830000, 1606743287.830000, 1606743382.604000
1606743382.617000, 1606743383.727000, 1606743383.727000, 1606743388.559000, 1606743388.559000, 1606743591.600000
1606743591.614000, 1606743592.661000, 1606743592.661000, 1606743597.493000, 1606743597.493000, 1606743702.339000
