read_start,read_end,cpu_start,cpu_end,write_start,write_end
1606747640.093000, 1606747808.423000, 1606747808.423000, 1606747813.172000, 1606747813.172000, 1606748021.461000
1606748021.508000, 1606748024.729000, 1606748024.729000, 1606748032.032000, 1606748032.032000, 1606748222.403000
1606748222.467000, 1606748224.278000, 1606748224.278000, 1606748229.590000, 1606748229.590000, 1606748345.620000
