read_start,read_end,cpu_start,cpu_end,write_start,write_end
1606748363.260000, 1606748542.139000, 1606748542.139000, 1606748548.053000, 1606748548.053000, 1606748753.043000
1606748754.308000, 1606748757.291000, 1606748757.291000, 1606748763.271000, 1606748763.271000, 1606748958.396000
1606748958.657000, 1606748960.730000, 1606748960.730000, 1606748966.870000, 1606748966.870000, 1606749091.887000
