read_start,read_end,cpu_start,cpu_end,write_start,write_end
1606739693.262000, 1606739782.991000, 1606739782.991000, 1606739788.074000, 1606739788.074000, 1606739880.172000
1606739880.187000, 1606739881.352000, 1606739881.352000, 1606739886.669000, 1606739886.669000, 1606739980.556000
1606739980.571000, 1606739981.763000, 1606739981.763000, 1606739986.455000, 1606739986.455000, 1606740069.432000
