read_start,read_end,cpu_start,cpu_end,write_start,write_end
1606736428.499000, 1606736449.761000, 1606736449.761000, 1606736454.774000, 1606736454.774000, 1606736478.873000
1606736478.886000, 1606736480.016000, 1606736480.016000, 1606736484.544000, 1606736484.544000, 1606736506.656000
1606736506.671000, 1606736507.606000, 1606736507.606000, 1606736512.476000, 1606736512.476000, 1606736536.325000
