read_start,read_end,cpu_start,cpu_end,write_start,write_end
1606747640.093000, 1606747814.478000, 1606747814.478000, 1606747820.008000, 1606747820.008000, 1606748021.657000
1606748022.218000, 1606748024.415000, 1606748024.415000, 1606748030.088000, 1606748030.088000, 1606748203.265000
1606748203.282000, 1606748205.163000, 1606748205.163000, 1606748209.948000, 1606748209.948000, 1606748334.790000
