read_start,read_end,cpu_start,cpu_end,write_start,write_end
1606737013.037000, 1606737055.604000, 1606737055.604000, 1606737060.829000, 1606737060.829000, 1606737102.607000
1606737102.621000, 1606737103.732000, 1606737103.732000, 1606737108.456000, 1606737108.456000, 1606737153.964000
1606737153.980000, 1606737155.026000, 1606737155.026000, 1606737159.861000, 1606737159.861000, 1606737205.243000
