read_start,read_end,cpu_start,cpu_end,write_start,write_end
1606740112.323000, 1606740207.222000, 1606740207.222000, 1606740212.516000, 1606740212.516000, 1606740317.474000
1606740317.493000, 1606740318.596000, 1606740318.596000, 1606740323.383000, 1606740323.383000, 1606740426.367000
1606740426.381000, 1606740427.338000, 1606740427.338000, 1606740432.091000, 1606740432.091000, 1606740521.813000
