read_start,read_end,cpu_start,cpu_end,write_start,write_end
1606742589.144000, 1606742710.845000, 1606742710.845000, 1606742716.195000, 1606742716.195000, 1606742810.396000
1606742810.409000, 1606742811.367000, 1606742811.367000, 1606742815.986000, 1606742815.986000, 1606742939.846000
1606742939.863000, 1606742940.931000, 1606742940.931000, 1606742945.509000, 1606742945.509000, 1606743080.370000
