read_start,read_end,cpu_start,cpu_end,write_start,write_end
1606740112.321000, 1606740204.210000, 1606740204.210000, 1606740209.359000, 1606740209.359000, 1606740301.033000
1606740301.049000, 1606740301.995000, 1606740301.995000, 1606740306.403000, 1606740306.403000, 1606740398.291000
1606740398.307000, 1606740399.245000, 1606740399.245000, 1606740403.717000, 1606740403.717000, 1606740490.053000
