read_start,read_end,cpu_start,cpu_end,write_start,write_end
1606747640.093000, 1606747813.369000, 1606747813.369000, 1606747818.652000, 1606747818.652000, 1606748021.704000
1606748022.205000, 1606748025.651000, 1606748025.651000, 1606748031.795000, 1606748031.795000, 1606748221.691000
1606748221.796000, 1606748222.966000, 1606748222.966000, 1606748228.275000, 1606748228.275000, 1606748344.716000
