read_start,read_end,cpu_start,cpu_end,write_start,write_end
1606747640.093000, 1606747813.955000, 1606747813.955000, 1606747819.507000, 1606747819.507000, 1606748021.690000
1606748022.472000, 1606748025.769000, 1606748025.769000, 1606748033.412000, 1606748033.412000, 1606748224.158000
1606748224.384000, 1606748226.219000, 1606748226.219000, 1606748231.267000, 1606748231.267000, 1606748346.244000
