read_start,read_end,cpu_start,cpu_end,write_start,write_end
1606743756.928000, 1606743889.588000, 1606743889.588000, 1606743894.945000, 1606743894.945000, 1606743994.317000
1606743994.329000, 1606743995.278000, 1606743995.278000, 1606744000.013000, 1606744000.013000, 1606744196.903000
1606744196.919000, 1606744197.871000, 1606744197.871000, 1606744202.298000, 1606744202.298000, 1606744326.853000
