read_start,read_end,cpu_start,cpu_end,write_start,write_end
1606748363.261000, 1606748535.206000, 1606748535.206000, 1606748540.161000, 1606748540.161000, 1606748752.975000
1606748753.743000, 1606748755.693000, 1606748755.693000, 1606748761.396000, 1606748761.396000, 1606748937.107000
1606748937.191000, 1606748939.154000, 1606748939.154000, 1606748945.107000, 1606748945.107000, 1606749078.823000
