read_start,read_end,cpu_start,cpu_end,write_start,write_end
1606742589.129000, 1606742702.915000, 1606742702.915000, 1606742707.400000, 1606742707.400000, 1606742796.278000
1606742796.294000, 1606742797.235000, 1606742797.235000, 1606742801.870000, 1606742801.870000, 1606742926.658000
1606742926.711000, 1606742927.756000, 1606742927.756000, 1606742932.398000, 1606742932.398000, 1606743049.962000
