read_start,read_end,cpu_start,cpu_end,write_start,write_end
1606739693.264000, 1606739780.308000, 1606739780.308000, 1606739785.752000, 1606739785.752000, 1606739877.479000
1606739877.494000, 1606739878.604000, 1606739878.604000, 1606739883.811000, 1606739883.811000, 1606739976.813000
1606739976.826000, 1606739977.841000, 1606739977.841000, 1606739982.589000, 1606739982.589000, 1606740065.347000
