read_start,read_end,cpu_start,cpu_end,write_start,write_end
1606746355.301000, 1606746503.990000, 1606746503.990000, 1606746509.205000, 1606746509.205000, 1606746595.667000
1606746595.681000, 1606746596.624000, 1606746596.624000, 1606746601.488000, 1606746601.488000, 1606746768.723000
1606746768.738000, 1606746769.748000, 1606746769.748000, 1606746774.814000, 1606746774.814000, 1606746872.247000
