read_start,read_end,cpu_start,cpu_end,write_start,write_end
1606738573.439000, 1606738647.952000, 1606738647.952000, 1606738652.816000, 1606738652.816000, 1606738726.934000
1606738726.949000, 1606738728.050000, 1606738728.050000, 1606738733.116000, 1606738733.116000, 1606738810.574000
1606738810.589000, 1606738811.702000, 1606738811.702000, 1606738816.969000, 1606738816.969000, 1606738883.900000
