read_start,read_end,cpu_start,cpu_end,write_start,write_end
1606740564.872000, 1606740665.310000, 1606740665.310000, 1606740670.694000, 1606740670.694000, 1606740774.517000
1606740774.535000, 1606740775.588000, 1606740775.588000, 1606740780.741000, 1606740780.741000, 1606740890.413000
1606740890.432000, 1606740891.404000, 1606740891.404000, 1606740896.147000, 1606740896.147000, 1606740991.700000
