read_start,read_end,cpu_start,cpu_end,write_start,write_end
1606737213.642000, 1606737261.184000, 1606737261.184000, 1606737265.931000, 1606737265.931000, 1606737314.223000
1606737314.236000, 1606737315.367000, 1606737315.367000, 1606737320.488000, 1606737320.488000, 1606737367.224000
1606737367.238000, 1606737368.353000, 1606737368.353000, 1606737373.123000, 1606737373.123000, 1606737418.263000
