read_start,read_end,cpu_start,cpu_end,write_start,write_end
1606739295.503000, 1606739376.143000, 1606739376.143000, 1606739381.233000, 1606739381.233000, 1606739460.975000
1606739460.991000, 1606739462.099000, 1606739462.099000, 1606739466.499000, 1606739466.499000, 1606739529.315000
1606739529.330000, 1606739530.277000, 1606739530.277000, 1606739534.685000, 1606739534.685000, 1606739597.369000
