read_start,read_end,cpu_start,cpu_end,write_start,write_end
1606745005.459000, 1606745149.533000, 1606745149.533000, 1606745155.074000, 1606745155.074000, 1606745327.105000
1606745327.125000, 1606745328.434000, 1606745328.434000, 1606745333.227000, 1606745333.227000, 1606745489.709000
1606745489.765000, 1606745490.980000, 1606745490.980000, 1606745495.914000, 1606745495.914000, 1606745623.171000
