read_start,read_end,cpu_start,cpu_end,write_start,write_end
1606745005.462000, 1606745149.333000, 1606745149.333000, 1606745154.762000, 1606745154.762000, 1606745327.137000
1606745327.155000, 1606745328.686000, 1606745328.686000, 1606745334.311000, 1606745334.311000, 1606745487.136000
1606745487.213000, 1606745488.516000, 1606745488.516000, 1606745493.726000, 1606745493.726000, 1606745618.026000
