read_start,read_end,cpu_start,cpu_end,write_start,write_end
1606743156.566000, 1606743278.876000, 1606743278.876000, 1606743283.827000, 1606743283.827000, 1606743373.636000
1606743373.652000, 1606743374.596000, 1606743374.596000, 1606743379.011000, 1606743379.011000, 1606743480.006000
1606743480.023000, 1606743480.947000, 1606743480.947000, 1606743485.633000, 1606743485.633000, 1606743609.754000
