read_start,read_end,cpu_start,cpu_end,write_start,write_end
1606748363.261000, 1606748533.053000, 1606748533.053000, 1606748538.222000, 1606748538.222000, 1606748752.918000
1606748753.088000, 1606748754.876000, 1606748754.876000, 1606748760.680000, 1606748760.680000, 1606748913.920000
1606748913.964000, 1606748915.913000, 1606748915.913000, 1606748921.636000, 1606748921.636000, 1606749067.956000
