read_start,read_end,cpu_start,cpu_end,write_start,write_end
1606747640.093000, 1606747812.921000, 1606747812.921000, 1606747818.023000, 1606747818.023000, 1606748021.654000
1606748021.714000, 1606748024.161000, 1606748024.161000, 1606748030.158000, 1606748030.158000, 1606748205.233000
1606748205.260000, 1606748206.648000, 1606748206.648000, 1606748212.081000, 1606748212.081000, 1606748335.747000
