read_start,read_end,cpu_start,cpu_end,write_start,write_end
1606744373.746000, 1606744509.144000, 1606744509.144000, 1606744514.186000, 1606744514.186000, 1606744614.665000
1606744614.682000, 1606744615.787000, 1606744615.787000, 1606744620.572000, 1606744620.572000, 1606744801.510000
1606744801.525000, 1606744802.608000, 1606744802.608000, 1606744807.118000, 1606744807.118000, 1606744917.657000
