read_start,read_end,cpu_start,cpu_end,write_start,write_end
1606741034.343000, 1606741140.931000, 1606741140.931000, 1606741146.056000, 1606741146.056000, 1606741255.387000
1606741255.402000, 1606741256.386000, 1606741256.386000, 1606741261.298000, 1606741261.298000, 1606741369.527000
1606741369.543000, 1606741371.008000, 1606741371.008000, 1606741377.300000, 1606741377.300000, 1606741479.128000
