read_start,read_end,cpu_start,cpu_end,write_start,write_end
1606741520.996000, 1606741628.764000, 1606741628.764000, 1606741634.303000, 1606741634.303000, 1606741748.448000
1606741748.461000, 1606741749.404000, 1606741749.404000, 1606741754.281000, 1606741754.281000, 1606741851.833000
1606741851.848000, 1606741853.673000, 1606741853.673000, 1606741858.664000, 1606741858.664000, 1606741966.734000
