read_start,read_end,cpu_start,cpu_end,write_start,write_end
1606745005.459000, 1606745141.222000, 1606745141.222000, 1606745145.863000, 1606745145.863000, 1606745221.830000
1606745221.843000, 1606745222.813000, 1606745222.813000, 1606745227.778000, 1606745227.778000, 1606745332.445000
1606745332.458000, 1606745333.899000, 1606745333.899000, 1606745339.293000, 1606745339.293000, 1606745503.469000
