read_start,read_end,cpu_start,cpu_end,write_start,write_end
1606745005.459000, 1606745144.976000, 1606745144.976000, 1606745150.242000, 1606745150.242000, 1606745225.067000
1606745225.087000, 1606745226.201000, 1606745226.201000, 1606745231.107000, 1606745231.107000, 1606745402.555000
1606745402.571000, 1606745403.682000, 1606745403.682000, 1606745408.541000, 1606745408.541000, 1606745588.560000
