read_start,read_end,cpu_start,cpu_end,write_start,write_end
1606743756.921000, 1606743890.961000, 1606743890.961000, 1606743896.577000, 1606743896.577000, 1606744111.551000
1606744111.566000, 1606744113.323000, 1606744113.323000, 1606744120.151000, 1606744120.151000, 1606744230.977000
1606744231.074000, 1606744232.323000, 1606744232.323000, 1606744237.375000, 1606744237.375000, 1606744329.950000
