read_start,read_end,cpu_start,cpu_end,write_start,write_end
1606740112.316000, 1606740206.002000, 1606740206.002000, 1606740211.411000, 1606740211.411000, 1606740315.569000
1606740315.581000, 1606740316.527000, 1606740316.527000, 1606740321.452000, 1606740321.452000, 1606740421.618000
1606740421.633000, 1606740422.552000, 1606740422.552000, 1606740427.194000, 1606740427.194000, 1606740513.279000
