read_start,read_end,cpu_start,cpu_end,write_start,write_end
1606742040.990000, 1606742156.453000, 1606742156.453000, 1606742162.281000, 1606742162.281000, 1606742283.360000
1606742283.376000, 1606742284.358000, 1606742284.358000, 1606742289.235000, 1606742289.235000, 1606742412.004000
1606742412.020000, 1606742413.099000, 1606742413.099000, 1606742417.896000, 1606742417.896000, 1606742539.388000
