read_start,read_end,cpu_start,cpu_end,write_start,write_end
1606743756.915000, 1606743889.901000, 1606743889.901000, 1606743895.367000, 1606743895.367000, 1606743994.918000
1606743994.932000, 1606743996.032000, 1606743996.032000, 1606744000.715000, 1606744000.715000, 1606744200.383000
1606744200.397000, 1606744201.337000, 1606744201.337000, 1606744205.931000, 1606744205.931000, 1606744327.132000
