read_start,read_end,cpu_start,cpu_end,write_start,write_end
1606747067.517000, 1606747218.931000, 1606747218.931000, 1606747224.187000, 1606747224.187000, 1606747303.113000
1606747303.132000, 1606747305.052000, 1606747305.052000, 1606747310.531000, 1606747310.531000, 1606747445.264000
1606747445.340000, 1606747446.375000, 1606747446.375000, 1606747451.003000, 1606747451.003000, 1606747578.542000
