read_start,read_end,cpu_start,cpu_end,write_start,write_end
1606742589.130000, 1606742712.454000, 1606742712.454000, 1606742717.543000, 1606742717.543000, 1606742921.806000
1606742921.820000, 1606742923.220000, 1606742923.220000, 1606742928.885000, 1606742928.885000, 1606743044.553000
1606743044.616000, 1606743045.607000, 1606743045.607000, 1606743050.258000, 1606743050.258000, 1606743114.231000
