read_start,read_end,cpu_start,cpu_end,write_start,write_end
1606748363.261000, 1606748525.564000, 1606748525.564000, 1606748531.971000, 1606748531.971000, 1606748751.916000
1606748752.003000, 1606748753.368000, 1606748753.368000, 1606748759.510000, 1606748759.510000, 1606748856.186000
1606748856.228000, 1606748857.630000, 1606748857.630000, 1606748862.788000, 1606748862.788000, 1606749022.259000
