read_start,read_end,cpu_start,cpu_end,write_start,write_end
1606740564.872000, 1606740665.987000, 1606740665.987000, 1606740670.861000, 1606740670.861000, 1606740774.599000
1606740774.613000, 1606740775.736000, 1606740775.736000, 1606740780.615000, 1606740780.615000, 1606740890.182000
1606740890.196000, 1606740891.339000, 1606740891.339000, 1606740896.756000, 1606740896.756000, 1606740993.341000
