read_start,read_end,cpu_start,cpu_end,write_start,write_end
1606737682.582000, 1606737737.094000, 1606737737.094000, 1606737741.980000, 1606737741.980000, 1606737788.855000
1606737788.871000, 1606737789.963000, 1606737789.963000, 1606737794.324000, 1606737794.324000, 1606737809.976000
1606737809.996000, 1606737811.067000, 1606737811.067000, 1606737815.851000, 1606737815.851000, 1606737869.486000
