read_start,read_end,cpu_start,cpu_end,write_start,write_end
1606744373.742000, 1606744498.604000, 1606744498.604000, 1606744503.401000, 1606744503.401000, 1606744608.875000
1606744608.888000, 1606744609.817000, 1606744609.817000, 1606744614.656000, 1606744614.656000, 1606744715.942000
1606744715.957000, 1606744716.902000, 1606744716.902000, 1606744721.815000, 1606744721.815000, 1606744901.320000
