read_start,read_end,cpu_start,cpu_end,write_start,write_end
1606747067.531000, 1606747227.120000, 1606747227.120000, 1606747232.570000, 1606747232.570000, 1606747398.025000
1606747398.040000, 1606747399.015000, 1606747399.015000, 1606747403.927000, 1606747403.927000, 1606747543.544000
1606747543.557000, 1606747544.611000, 1606747544.611000, 1606747549.339000, 1606747549.339000, 1606747623.640000
