read_start,read_end,cpu_start,cpu_end,write_start,write_end
1606737439.213000, 1606737490.745000, 1606737490.745000, 1606737495.947000, 1606737495.947000, 1606737549.515000
1606737549.528000, 1606737550.647000, 1606737550.647000, 1606737555.384000, 1606737555.384000, 1606737608.228000
1606737608.246000, 1606737609.242000, 1606737609.242000, 1606737614.009000, 1606737614.009000, 1606737661.751000
