read_start,read_end,cpu_start,cpu_end,write_start,write_end
1606746355.284000, 1606746507.225000, 1606746507.225000, 1606746512.525000, 1606746512.525000, 1606746598.751000
1606746598.769000, 1606746599.809000, 1606746599.809000, 1606746604.795000, 1606746604.795000, 1606746770.697000
1606746770.725000, 1606746772.498000, 1606746772.498000, 1606746777.609000, 1606746777.609000, 1606746941.002000
