read_start,read_end,cpu_start,cpu_end,write_start,write_end
1606738247.735000, 1606738315.664000, 1606738315.664000, 1606738320.598000, 1606738320.598000, 1606738390.399000
1606738390.413000, 1606738391.568000, 1606738391.568000, 1606738396.296000, 1606738396.296000, 1606738468.422000
1606738468.438000, 1606738469.422000, 1606738469.422000, 1606738474.158000, 1606738474.158000, 1606738535.888000
