read_start,read_end,cpu_start,cpu_end,write_start,write_end
1606743156.545000, 1606743280.235000, 1606743280.235000, 1606743285.595000, 1606743285.595000, 1606743379.234000
1606743379.247000, 1606743380.229000, 1606743380.229000, 1606743385.422000, 1606743385.422000, 1606743486.069000
1606743486.090000, 1606743487.673000, 1606743487.673000, 1606743492.794000, 1606743492.794000, 1606743676.539000
