read_start,read_end,cpu_start,cpu_end,write_start,write_end
1606737948.202000, 1606738010.698000, 1606738010.698000, 1606738015.452000, 1606738015.452000, 1606738079.783000
1606738079.797000, 1606738080.931000, 1606738080.931000, 1606738086.240000, 1606738086.240000, 1606738149.831000
1606738149.845000, 1606738150.823000, 1606738150.823000, 1606738155.599000, 1606738155.599000, 1606738215.145000
