read_start,read_end,cpu_start,cpu_end,write_start,write_end
1606744373.732000, 1606744512.402000, 1606744512.402000, 1606744517.850000, 1606744517.850000, 1606744713.234000
1606744713.251000, 1606744714.469000, 1606744714.469000, 1606744719.474000, 1606744719.474000, 1606744819.435000
1606744819.480000, 1606744820.734000, 1606744820.734000, 1606744825.635000, 1606744825.635000, 1606744961.217000
