read_start,read_end,cpu_start,cpu_end,write_start,write_end
1606736321.758000, 1606736339.480000, 1606736339.480000, 1606736344.068000, 1606736344.068000, 1606736369.900000
1606736369.915000, 1606736371.057000, 1606736371.057000, 1606736376.073000, 1606736376.073000, 1606736400.282000
1606736400.298000, 1606736401.335000, 1606736401.335000, 1606736405.899000, 1606736405.899000, 1606736424.197000
