read_start,read_end,cpu_start,cpu_end,write_start,write_end
1606741034.361000, 1606741139.792000, 1606741139.792000, 1606741144.907000, 1606741144.907000, 1606741254.559000
1606741254.574000, 1606741255.555000, 1606741255.555000, 1606741260.323000, 1606741260.323000, 1606741368.248000
1606741368.283000, 1606741369.235000, 1606741369.235000, 1606741373.959000, 1606741373.959000, 1606741475.577000
