read_start,read_end,cpu_start,cpu_end,write_start,write_end
1606743156.545000, 1606743284.255000, 1606743284.255000, 1606743289.690000, 1606743289.690000, 1606743478.760000
1606743478.774000, 1606743479.945000, 1606743479.945000, 1606743485.761000, 1606743485.761000, 1606743611.471000
1606743611.513000, 1606743612.532000, 1606743612.532000, 1606743617.280000, 1606743617.280000, 1606743710.070000
