read_start,read_end,cpu_start,cpu_end,write_start,write_end
1606748363.261000, 1606748543.109000, 1606748543.109000, 1606748549.263000, 1606748549.263000, 1606748753.046000
1606748754.344000, 1606748756.792000, 1606748756.792000, 1606748762.587000, 1606748762.587000, 1606748955.195000
1606748955.356000, 1606748956.934000, 1606748956.934000, 1606748963.889000, 1606748963.889000, 1606749090.311000
