read_start,read_end,cpu_start,cpu_end,write_start,write_end
1606748363.260000, 1606748525.287000, 1606748525.287000, 1606748529.911000, 1606748529.911000, 1606748649.322000
1606748649.424000, 1606748651.106000, 1606748651.106000, 1606748656.851000, 1606748656.851000, 1606748756.350000
1606748756.583000, 1606748758.667000, 1606748758.667000, 1606748764.031000, 1606748764.031000, 1606748959.054000
