read_start,read_end,cpu_start,cpu_end,write_start,write_end
1606747067.517000, 1606747218.122000, 1606747218.122000, 1606747223.364000, 1606747223.364000, 1606747303.062000
1606747303.081000, 1606747304.222000, 1606747304.222000, 1606747309.114000, 1606747309.114000, 1606747494.282000
1606747494.297000, 1606747495.351000, 1606747495.351000, 1606747500.058000, 1606747500.058000, 1606747612.954000
