read_start,read_end,cpu_start,cpu_end,write_start,write_end
1606744373.732000, 1606744510.639000, 1606744510.639000, 1606744515.745000, 1606744515.745000, 1606744616.233000
1606744616.248000, 1606744617.236000, 1606744617.236000, 1606744622.141000, 1606744622.141000, 1606744808.307000
1606744808.320000, 1606744809.379000, 1606744809.379000, 1606744814.397000, 1606744814.397000, 1606744920.258000
