read_start,read_end,cpu_start,cpu_end,write_start,write_end
1606741520.992000, 1606741630.291000, 1606741630.291000, 1606741635.687000, 1606741635.687000, 1606741754.124000
1606741754.140000, 1606741755.292000, 1606741755.292000, 1606741760.537000, 1606741760.537000, 1606741877.777000
1606741877.792000, 1606741878.985000, 1606741878.985000, 1606741884.998000, 1606741884.998000, 1606741995.367000
