read_start,read_end,cpu_start,cpu_end,write_start,write_end
1606736831.909000, 1606736869.104000, 1606736869.104000, 1606736874.320000, 1606736874.320000, 1606736914.496000
1606736914.510000, 1606736915.599000, 1606736915.599000, 1606736920.320000, 1606736920.320000, 1606736960.403000
1606736960.417000, 1606736961.377000, 1606736961.377000, 1606736966.113000, 1606736966.113000, 1606737005.750000
