read_start,read_end,cpu_start,cpu_end,write_start,write_end
1606739693.261000, 1606739779.491000, 1606739779.491000, 1606739784.660000, 1606739784.660000, 1606739875.740000
1606739875.753000, 1606739876.833000, 1606739876.833000, 1606739881.868000, 1606739881.868000, 1606739971.914000
1606739971.927000, 1606739972.879000, 1606739972.879000, 1606739977.791000, 1606739977.791000, 1606740056.691000
