read_start,read_end,cpu_start,cpu_end,write_start,write_end
1606748363.260000, 1606748528.721000, 1606748528.721000, 1606748533.781000, 1606748533.781000, 1606748752.552000
1606748752.625000, 1606748753.822000, 1606748753.822000, 1606748759.476000, 1606748759.476000, 1606748854.692000
1606748854.710000, 1606748856.057000, 1606748856.057000, 1606748861.425000, 1606748861.425000, 1606749021.235000
