read_start,read_end,cpu_start,cpu_end,write_start,write_end
1606738921.111000, 1606738996.989000, 1606738996.989000, 1606739001.966000, 1606739001.966000, 1606739081.169000
1606739081.183000, 1606739082.124000, 1606739082.124000, 1606739086.923000, 1606739086.923000, 1606739163.713000
1606739163.729000, 1606739164.660000, 1606739164.660000, 1606739169.062000, 1606739169.062000, 1606739233.217000
