read_start,read_end,cpu_start,cpu_end,write_start,write_end
1606743156.560000, 1606743283.941000, 1606743283.941000, 1606743289.468000, 1606743289.468000, 1606743478.242000
1606743478.258000, 1606743479.399000, 1606743479.399000, 1606743484.076000, 1606743484.076000, 1606743608.515000
1606743608.550000, 1606743609.489000, 1606743609.489000, 1606743614.012000, 1606743614.012000, 1606743711.029000
