read_start,read_end,cpu_start,cpu_end,write_start,write_end
1606736672.595000, 1606736704.427000, 1606736704.427000, 1606736709.665000, 1606736709.665000, 1606736744.745000
1606736744.759000, 1606736745.867000, 1606736745.867000, 1606736750.469000, 1606736750.469000, 1606736785.746000
1606736785.761000, 1606736786.731000, 1606736786.731000, 1606736791.331000, 1606736791.331000, 1606736826.122000
