read_start,read_end,cpu_start,cpu_end,write_start,write_end
1606743756.916000, 1606743889.060000, 1606743889.060000, 1606743894.588000, 1606743894.588000, 1606743993.650000
1606743993.663000, 1606743994.704000, 1606743994.704000, 1606743999.599000, 1606743999.599000, 1606744128.554000
1606744128.569000, 1606744130.209000, 1606744130.209000, 1606744135.289000, 1606744135.289000, 1606744316.047000
