read_start,read_end,cpu_start,cpu_end,write_start,write_end
1606739295.503000, 1606739380.662000, 1606739380.662000, 1606739385.836000, 1606739385.836000, 1606739474.823000
1606739474.838000, 1606739475.853000, 1606739475.853000, 1606739480.706000, 1606739480.706000, 1606739568.790000
1606739568.801000, 1606739570.030000, 1606739570.030000, 1606739575.820000, 1606739575.820000, 1606739654.831000
