read_start,read_end,cpu_start,cpu_end,write_start,write_end
1606748363.261000, 1606748528.438000, 1606748528.438000, 1606748534.350000, 1606748534.350000, 1606748752.783000
1606748752.874000, 1606748754.416000, 1606748754.416000, 1606748760.574000, 1606748760.574000, 1606748909.700000
1606748909.723000, 1606748910.774000, 1606748910.774000, 1606748915.474000, 1606748915.474000, 1606749063.236000
