read_start,read_end,cpu_start,cpu_end,write_start,write_end
1606742589.141000, 1606742712.421000, 1606742712.421000, 1606742717.572000, 1606742717.572000, 1606742921.717000
1606742921.730000, 1606742922.672000, 1606742922.672000, 1606742927.135000, 1606742927.135000, 1606743042.092000
1606743042.106000, 1606743043.040000, 1606743043.040000, 1606743047.632000, 1606743047.632000, 1606743113.861000
