read_start,read_end,cpu_start,cpu_end,write_start,write_end
1606744373.738000, 1606744511.180000, 1606744511.180000, 1606744516.718000, 1606744516.718000, 1606744617.655000
1606744617.679000, 1606744619.865000, 1606744619.865000, 1606744626.805000, 1606744626.805000, 1606744826.153000
1606744826.276000, 1606744827.733000, 1606744827.733000, 1606744832.264000, 1606744832.264000, 1606744960.706000
