read_start,read_end,cpu_start,cpu_end,write_start,write_end
1606744373.732000, 1606744506.233000, 1606744506.233000, 1606744511.093000, 1606744511.093000, 1606744610.444000
1606744610.458000, 1606744611.541000, 1606744611.541000, 1606744616.297000, 1606744616.297000, 1606744718.447000
1606744718.459000, 1606744719.801000, 1606744719.801000, 1606744724.529000, 1606744724.529000, 1606744913.575000
