read_start,read_end,cpu_start,cpu_end,write_start,write_end
1606737213.642000, 1606737260.993000, 1606737260.993000, 1606737266.153000, 1606737266.153000, 1606737314.615000
1606737314.629000, 1606737315.786000, 1606737315.786000, 1606737320.525000, 1606737320.525000, 1606737367.295000
1606737367.309000, 1606737368.285000, 1606737368.285000, 1606737373.485000, 1606737373.485000, 1606737418.818000
