read_start,read_end,cpu_start,cpu_end,write_start,write_end
1606737013.037000, 1606737055.587000, 1606737055.587000, 1606737060.327000, 1606737060.327000, 1606737102.445000
1606737102.461000, 1606737103.538000, 1606737103.538000, 1606737108.389000, 1606737108.389000, 1606737154.085000
1606737154.098000, 1606737155.203000, 1606737155.203000, 1606737159.936000, 1606737159.936000, 1606737205.243000
