read_start,read_end,cpu_start,cpu_end,write_start,write_end
1606747640.092000, 1606747815.179000, 1606747815.179000, 1606747820.546000, 1606747820.546000, 1606748021.710000
1606748021.998000, 1606748025.290000, 1606748025.290000, 1606748033.227000, 1606748033.227000, 1606748224.071000
1606748224.321000, 1606748225.855000, 1606748225.855000, 1606748231.164000, 1606748231.164000, 1606748346.219000
