read_start,read_end,cpu_start,cpu_end,write_start,write_end
1606741520.998000, 1606741632.471000, 1606741632.471000, 1606741638.095000, 1606741638.095000, 1606741756.267000
1606741756.280000, 1606741757.292000, 1606741757.292000, 1606741762.330000, 1606741762.330000, 1606741879.702000
1606741879.724000, 1606741881.258000, 1606741881.258000, 1606741886.495000, 1606741886.495000, 1606742000.396000
