read_start,read_end,cpu_start,cpu_end,write_start,write_end
1606746355.279000, 1606746500.011000, 1606746500.011000, 1606746504.874000, 1606746504.874000, 1606746594.862000
1606746594.876000, 1606746595.880000, 1606746595.880000, 1606746600.877000, 1606746600.877000, 1606746769.600000
1606746769.614000, 1606746770.628000, 1606746770.628000, 1606746775.712000, 1606746775.712000, 1606746879.421000
