read_start,read_end,cpu_start,cpu_end,write_start,write_end
1606737439.213000, 1606737490.499000, 1606737490.499000, 1606737495.217000, 1606737495.217000, 1606737610.363000
1606737610.377000, 1606737611.436000, 1606737611.436000, 1606737616.148000, 1606737616.148000, 1606737663.135000
1606737663.150000, 1606737664.254000, 1606737664.254000, 1606737668.603000, 1606737668.603000, 1606737675.590000
