read_start,read_end,cpu_start,cpu_end,write_start,write_end
1606747067.522000, 1606747216.521000, 1606747216.521000, 1606747221.443000, 1606747221.443000, 1606747302.593000
1606747302.608000, 1606747303.668000, 1606747303.668000, 1606747308.632000, 1606747308.632000, 1606747407.491000
1606747407.505000, 1606747408.487000, 1606747408.487000, 1606747413.226000, 1606747413.226000, 1606747562.835000
