read_start,read_end,cpu_start,cpu_end,write_start,write_end
1606745005.463000, 1606745149.132000, 1606745149.132000, 1606745154.551000, 1606745154.551000, 1606745326.981000
1606745327.002000, 1606745328.523000, 1606745328.523000, 1606745334.079000, 1606745334.079000, 1606745488.453000
1606745488.517000, 1606745490.006000, 1606745490.006000, 1606745495.188000, 1606745495.188000, 1606745619.151000
