read_start,read_end,cpu_start,cpu_end,write_start,write_end
1606744373.732000, 1606744509.101000, 1606744509.101000, 1606744514.043000, 1606744514.043000, 1606744614.665000
1606744614.684000, 1606744615.662000, 1606744615.662000, 1606744620.540000, 1606744620.540000, 1606744744.664000
1606744744.679000, 1606744745.665000, 1606744745.665000, 1606744750.076000, 1606744750.076000, 1606744915.432000
