read_start,read_end,cpu_start,cpu_end,write_start,write_end
1606747640.092000, 1606747805.723000, 1606747805.723000, 1606747810.642000, 1606747810.642000, 1606748020.372000
1606748020.401000, 1606748021.936000, 1606748021.936000, 1606748028.453000, 1606748028.453000, 1606748124.122000
1606748124.180000, 1606748125.820000, 1606748125.820000, 1606748131.514000, 1606748131.514000, 1606748282.414000
