read_start,read_end,cpu_start,cpu_end,write_start,write_end
1606738573.445000, 1606738645.890000, 1606738645.890000, 1606738651.288000, 1606738651.288000, 1606738726.767000
1606738726.782000, 1606738727.925000, 1606738727.925000, 1606738732.724000, 1606738732.724000, 1606738810.283000
1606738810.297000, 1606738811.306000, 1606738811.306000, 1606738816.583000, 1606738816.583000, 1606738883.757000
