read_start,read_end,cpu_start,cpu_end,write_start,write_end
1606737682.582000, 1606737739.243000, 1606737739.243000, 1606737744.262000, 1606737744.262000, 1606737803.598000
1606737803.614000, 1606737804.739000, 1606737804.739000, 1606737809.470000, 1606737809.470000, 1606737868.142000
1606737868.159000, 1606737869.141000, 1606737869.141000, 1606737873.882000, 1606737873.882000, 1606737926.839000
