read_start,read_end,cpu_start,cpu_end,write_start,write_end
1606748363.260000, 1606748503.379000, 1606748503.379000, 1606748507.855000, 1606748507.855000, 1606748557.772000
1606748557.833000, 1606748559.638000, 1606748559.638000, 1606748564.626000, 1606748564.626000, 1606748753.148000
1606748753.805000, 1606748756.404000, 1606748756.404000, 1606748762.549000, 1606748762.549000, 1606748955.155000
