read_start,read_end,cpu_start,cpu_end,write_start,write_end
1606748363.261000, 1606748540.600000, 1606748540.600000, 1606748545.520000, 1606748545.520000, 1606748753.008000
1606748754.224000, 1606748756.890000, 1606748756.890000, 1606748762.885000, 1606748762.885000, 1606748957.247000
1606748957.424000, 1606748959.341000, 1606748959.341000, 1606748964.837000, 1606748964.837000, 1606749091.071000
