read_start,read_end,cpu_start,cpu_end,write_start,write_end
1606737948.202000, 1606738011.541000, 1606738011.541000, 1606738016.840000, 1606738016.840000, 1606738080.251000
1606738080.270000, 1606738081.270000, 1606738081.270000, 1606738086.000000, 1606738086.000000, 1606738149.484000
1606738149.499000, 1606738150.478000, 1606738150.478000, 1606738155.726000, 1606738155.726000, 1606738215.114000
