read_start,read_end,cpu_start,cpu_end,write_start,write_end
1606746355.306000, 1606746510.419000, 1606746510.419000, 1606746515.958000, 1606746515.958000, 1606746676.573000
1606746676.589000, 1606746678.909000, 1606746678.909000, 1606746684.089000, 1606746684.089000, 1606746865.715000
1606746865.808000, 1606746867.060000, 1606746867.060000, 1606746871.899000, 1606746871.899000, 1606747016.533000
