read_start,read_end,cpu_start,cpu_end,write_start,write_end
1606745668.044000, 1606745809.551000, 1606745809.551000, 1606745814.762000, 1606745814.762000, 1606745898.388000
1606745898.403000, 1606745899.419000, 1606745899.419000, 1606745904.317000, 1606745904.317000, 1606746068.001000
1606746068.014000, 1606746069.396000, 1606746069.396000, 1606746074.470000, 1606746074.470000, 1606746228.160000
