read_start,read_end,cpu_start,cpu_end,write_start,write_end
1606742589.137000, 1606742710.562000, 1606742710.562000, 1606742716.208000, 1606742716.208000, 1606742810.496000
1606742810.508000, 1606742811.486000, 1606742811.486000, 1606742816.255000, 1606742816.255000, 1606742940.668000
1606742940.682000, 1606742942.076000, 1606742942.076000, 1606742947.098000, 1606742947.098000, 1606743090.822000
