read_start,read_end,cpu_start,cpu_end,write_start,write_end
1606748363.260000, 1606748534.056000, 1606748534.056000, 1606748538.840000, 1606748538.840000, 1606748752.946000
1606748753.815000, 1606748756.721000, 1606748756.721000, 1606748763.893000, 1606748763.893000, 1606748958.985000
1606748959.234000, 1606748961.428000, 1606748961.428000, 1606748967.089000, 1606748967.089000, 1606749091.933000
