read_start,read_end,cpu_start,cpu_end,write_start,write_end
1606737682.582000, 1606737740.652000, 1606737740.652000, 1606737745.622000, 1606737745.622000, 1606737804.138000
1606737804.156000, 1606737805.119000, 1606737805.119000, 1606737809.849000, 1606737809.849000, 1606737868.479000
1606737868.489000, 1606737869.592000, 1606737869.592000, 1606737874.330000, 1606737874.330000, 1606737927.878000
