read_start,read_end,cpu_start,cpu_end,write_start,write_end
1606747067.524000, 1606747226.348000, 1606747226.348000, 1606747231.747000, 1606747231.747000, 1606747377.462000
1606747377.481000, 1606747378.831000, 1606747378.831000, 1606747383.257000, 1606747383.257000, 1606747524.428000
1606747524.505000, 1606747526.172000, 1606747526.172000, 1606747531.709000, 1606747531.709000, 1606747620.875000
