read_start,read_end,cpu_start,cpu_end,write_start,write_end
1606737213.641000, 1606737261.184000, 1606737261.184000, 1606737265.909000, 1606737265.909000, 1606737314.032000
1606737314.046000, 1606737315.011000, 1606737315.011000, 1606737319.790000, 1606737319.790000, 1606737364.048000
1606737364.063000, 1606737365.006000, 1606737365.006000, 1606737369.604000, 1606737369.604000, 1606737401.166000
