read_start,read_end,cpu_start,cpu_end,write_start,write_end
1606743156.546000, 1606743284.229000, 1606743284.229000, 1606743289.810000, 1606743289.810000, 1606743479.014000
1606743479.029000, 1606743480.364000, 1606743480.364000, 1606743486.625000, 1606743486.625000, 1606743612.263000
1606743612.335000, 1606743613.316000, 1606743613.316000, 1606743618.051000, 1606743618.051000, 1606743711.070000
