read_start,read_end,cpu_start,cpu_end,write_start,write_end
1606738921.106000, 1606738999.390000, 1606738999.390000, 1606739004.722000, 1606739004.722000, 1606739085.361000
1606739085.375000, 1606739086.405000, 1606739086.405000, 1606739091.752000, 1606739091.752000, 1606739175.797000
1606739175.810000, 1606739176.916000, 1606739176.916000, 1606739182.094000, 1606739182.094000, 1606739257.307000
