read_start,read_end,cpu_start,cpu_end,write_start,write_end
1606745668.044000, 1606745815.770000, 1606745815.770000, 1606745820.803000, 1606745820.803000, 1606745973.871000
1606745973.906000, 1606745974.854000, 1606745974.854000, 1606745980.016000, 1606745980.016000, 1606746075.073000
1606746075.088000, 1606746076.651000, 1606746076.651000, 1606746081.564000, 1606746081.564000, 1606746256.418000
