read_start,read_end,cpu_start,cpu_end,write_start,write_end
1606740112.309000, 1606740207.555000, 1606740207.555000, 1606740213.166000, 1606740213.166000, 1606740318.271000
1606740318.285000, 1606740319.424000, 1606740319.424000, 1606740324.172000, 1606740324.172000, 1606740426.909000
1606740426.923000, 1606740428.195000, 1606740428.195000, 1606740434.175000, 1606740434.175000, 1606740523.466000
