read_start,read_end,cpu_start,cpu_end,write_start,write_end
1606741520.986000, 1606741629.096000, 1606741629.096000, 1606741634.657000, 1606741634.657000, 1606741751.251000
1606741751.266000, 1606741752.355000, 1606741752.355000, 1606741757.491000, 1606741757.491000, 1606741869.340000
1606741869.353000, 1606741870.391000, 1606741870.391000, 1606741875.388000, 1606741875.388000, 1606741978.593000
