read_start,read_end,cpu_start,cpu_end,write_start,write_end
1606742589.141000, 1606742712.626000, 1606742712.626000, 1606742717.908000, 1606742717.908000, 1606742921.728000
1606742921.743000, 1606742922.900000, 1606742922.900000, 1606742928.358000, 1606742928.358000, 1606743043.868000
1606743043.902000, 1606743044.917000, 1606743044.917000, 1606743049.616000, 1606743049.616000, 1606743113.973000
