read_start,read_end,cpu_start,cpu_end,write_start,write_end
1606737013.037000, 1606737055.478000, 1606737055.478000, 1606737060.194000, 1606737060.194000, 1606737102.316000
1606737102.334000, 1606737103.351000, 1606737103.351000, 1606737108.511000, 1606737108.511000, 1606737154.096000
1606737154.109000, 1606737155.223000, 1606737155.223000, 1606737159.951000, 1606737159.951000, 1606737205.073000
