read_start,read_end,cpu_start,cpu_end,write_start,write_end
1606738247.734000, 1606738314.907000, 1606738314.907000, 1606738320.273000, 1606738320.273000, 1606738389.823000
1606738389.836000, 1606738390.969000, 1606738390.969000, 1606738395.749000, 1606738395.749000, 1606738467.294000
1606738467.310000, 1606738468.351000, 1606738468.351000, 1606738473.290000, 1606738473.290000, 1606738534.782000
