read_start,read_end,cpu_start,cpu_end,write_start,write_end
1606740564.872000, 1606740665.395000, 1606740665.395000, 1606740670.571000, 1606740670.571000, 1606740774.444000
1606740774.458000, 1606740775.532000, 1606740775.532000, 1606740780.487000, 1606740780.487000, 1606740890.195000
1606740890.214000, 1606740891.310000, 1606740891.310000, 1606740896.355000, 1606740896.355000, 1606740991.941000
