read_start,read_end,cpu_start,cpu_end,write_start,write_end
1606736236.265000, 1606736248.400000, 1606736248.400000, 1606736253.187000, 1606736253.187000, 1606736269.752000
1606736269.768000, 1606736270.951000, 1606736270.951000, 1606736275.308000, 1606736275.308000, 1606736291.859000
1606736291.875000, 1606736292.849000, 1606736292.849000, 1606736297.197000, 1606736297.197000, 1606736313.727000
