read_start,read_end,cpu_start,cpu_end,write_start,write_end
1606739693.267000, 1606739778.505000, 1606739778.505000, 1606739783.350000, 1606739783.350000, 1606740076.515000
1606740076.530000, 1606740077.488000, 1606740077.488000, 1606740081.830000, 1606740081.830000, 1606740088.691000
1606740088.705000, 1606740089.646000, 1606740089.646000, 1606740093.987000, 1606740093.987000, 1606740100.779000
