read_start,read_end,cpu_start,cpu_end,write_start,write_end
1606741034.343000, 1606741139.069000, 1606741139.069000, 1606741144.411000, 1606741144.411000, 1606741253.857000
1606741253.871000, 1606741254.833000, 1606741254.833000, 1606741259.883000, 1606741259.883000, 1606741367.477000
1606741367.490000, 1606741368.579000, 1606741368.579000, 1606741373.439000, 1606741373.439000, 1606741475.709000
