read_start,read_end,cpu_start,cpu_end,write_start,write_end
1606745668.063000, 1606745817.828000, 1606745817.828000, 1606745822.935000, 1606745822.935000, 1606745976.892000
1606745977.022000, 1606745978.947000, 1606745978.947000, 1606745983.763000, 1606745983.763000, 1606746143.876000
1606746143.964000, 1606746145.204000, 1606746145.204000, 1606746149.924000, 1606746149.924000, 1606746306.562000
