read_start,read_end,cpu_start,cpu_end,write_start,write_end
1606748363.261000, 1606748541.779000, 1606748541.779000, 1606748546.788000, 1606748546.788000, 1606748753.013000
1606748754.229000, 1606748756.895000, 1606748756.895000, 1606748762.781000, 1606748762.781000, 1606748956.727000
1606748956.896000, 1606748958.687000, 1606748958.687000, 1606748964.596000, 1606748964.596000, 1606749090.891000
