read_start,read_end,cpu_start,cpu_end,write_start,write_end
1606737682.584000, 1606737739.210000, 1606737739.210000, 1606737744.562000, 1606737744.562000, 1606737803.942000
1606737803.956000, 1606737805.054000, 1606737805.054000, 1606737810.079000, 1606737810.079000, 1606737868.762000
1606737868.776000, 1606737869.880000, 1606737869.880000, 1606737874.621000, 1606737874.621000, 1606737927.744000
