read_start,read_end,cpu_start,cpu_end,write_start,write_end
1606748363.261000, 1606748543.775000, 1606748543.775000, 1606748550.218000, 1606748550.218000, 1606748753.049000
1606748754.320000, 1606748757.462000, 1606748757.462000, 1606748763.545000, 1606748763.545000, 1606748958.753000
1606748959.021000, 1606748961.224000, 1606748961.224000, 1606748966.462000, 1606748966.462000, 1606749091.790000
