read_start,read_end,cpu_start,cpu_end,write_start,write_end
1606745005.466000, 1606745149.232000, 1606745149.232000, 1606745154.635000, 1606745154.635000, 1606745327.189000
1606745327.209000, 1606745328.609000, 1606745328.609000, 1606745334.010000, 1606745334.010000, 1606745490.168000
1606745490.238000, 1606745491.498000, 1606745491.498000, 1606745496.372000, 1606745496.372000, 1606745623.036000
