read_start,read_end,cpu_start,cpu_end,write_start,write_end
1606745005.460000, 1606745149.510000, 1606745149.510000, 1606745155.012000, 1606745155.012000, 1606745327.662000
1606745327.680000, 1606745329.170000, 1606745329.170000, 1606745334.616000, 1606745334.616000, 1606745487.430000
1606745487.537000, 1606745488.831000, 1606745488.831000, 1606745494.203000, 1606745494.203000, 1606745618.001000
