read_start,read_end,cpu_start,cpu_end,write_start,write_end
1606747640.093000, 1606747816.522000, 1606747816.522000, 1606747822.231000, 1606747822.231000, 1606748021.711000
1606748022.302000, 1606748024.926000, 1606748024.926000, 1606748030.655000, 1606748030.655000, 1606748214.237000
1606748214.282000, 1606748215.836000, 1606748215.836000, 1606748221.060000, 1606748221.060000, 1606748339.527000
