read_start,read_end,cpu_start,cpu_end,write_start,write_end
1606745668.044000, 1606745815.701000, 1606745815.701000, 1606745821.163000, 1606745821.163000, 1606745974.811000
1606745974.825000, 1606745976.056000, 1606745976.056000, 1606745981.047000, 1606745981.047000, 1606746080.101000
1606746080.157000, 1606746081.928000, 1606746081.928000, 1606746086.824000, 1606746086.824000, 1606746249.921000
