read_start,read_end,cpu_start,cpu_end,write_start,write_end
1606738247.735000, 1606738315.399000, 1606738315.399000, 1606738320.324000, 1606738320.324000, 1606738390.073000
1606738390.086000, 1606738391.219000, 1606738391.219000, 1606738395.966000, 1606738395.966000, 1606738467.818000
1606738467.833000, 1606738468.815000, 1606738468.815000, 1606738473.984000, 1606738473.984000, 1606738536.062000
