read_start,read_end,cpu_start,cpu_end,write_start,write_end
1606742040.970000, 1606742156.297000, 1606742156.297000, 1606742161.377000, 1606742161.377000, 1606742281.316000
1606742281.329000, 1606742282.274000, 1606742282.274000, 1606742287.378000, 1606742287.378000, 1606742408.642000
1606742408.657000, 1606742409.591000, 1606742409.591000, 1606742414.401000, 1606742414.401000, 1606742534.727000
