read_start,read_end,cpu_start,cpu_end,write_start,write_end
1606742040.989000, 1606742158.311000, 1606742158.311000, 1606742163.690000, 1606742163.690000, 1606742286.125000
1606742286.139000, 1606742287.233000, 1606742287.233000, 1606742292.007000, 1606742292.007000, 1606742422.977000
1606742422.991000, 1606742424.026000, 1606742424.026000, 1606742428.482000, 1606742428.482000, 1606742545.692000
