read_start,read_end,cpu_start,cpu_end,write_start,write_end
1606745668.061000, 1606745812.232000, 1606745812.232000, 1606745817.127000, 1606745817.127000, 1606745899.081000
1606745899.095000, 1606745900.420000, 1606745900.420000, 1606745905.505000, 1606745905.505000, 1606746074.808000
1606746074.870000, 1606746076.146000, 1606746076.146000, 1606746081.233000, 1606746081.233000, 1606746251.122000
