read_start,read_end,cpu_start,cpu_end,write_start,write_end
1608323441.232000, 1608323473.043000, 1608323473.043000, 1608323477.690000, 1608323477.690000, 1608323478.917000
1608323478.928000, 1608323479.936000, 1608323479.936000, 1608323484.803000, 1608323484.803000, 1608323486.123000
1608323486.134000, 1608323487.133000, 1608323487.133000, 1608323491.749000, 1608323491.749000, 1608323493.032000
