read_start,read_end,cpu_start,cpu_end,write_start,write_end
1608323441.232000, 1608323473.018000, 1608323473.018000, 1608323478.210000, 1608323478.210000, 1608323479.401000
1608323479.412000, 1608323480.511000, 1608323480.511000, 1608323485.146000, 1608323485.146000, 1608323486.385000
1608323486.396000, 1608323487.375000, 1608323487.375000, 1608323492.457000, 1608323492.457000, 1608323493.741000
