read_start,read_end,cpu_start,cpu_end,write_start,write_end
1608338088.681000, 1608338161.826000, 1608338161.826000, 1608338166.846000, 1608338166.846000, 1608338168.159000
1608338168.173000, 1608338169.210000, 1608338169.210000, 1608338174.301000, 1608338174.301000, 1608338179.442000
1608338179.455000, 1608338180.444000, 1608338180.444000, 1608338185.395000, 1608338185.395000, 1608338262.590000
