read_start,read_end,cpu_start,cpu_end,write_start,write_end
1608325362.664000, 1608325528.026000, 1608325528.026000, 1608325533.503000, 1608325533.503000, 1608325734.112000
1608325734.146000, 1608325735.956000, 1608325735.956000, 1608325741.136000, 1608325741.136000, 1608325879.687000
1608325879.702000, 1608325880.708000, 1608325880.708000, 1608325885.342000, 1608325885.342000, 1608325955.316000
