read_start,read_end,cpu_start,cpu_end,write_start,write_end
1608338275.962000, 1608338355.275000, 1608338355.275000, 1608338360.611000, 1608338360.611000, 1608338361.756000
1608338361.767000, 1608338362.855000, 1608338362.855000, 1608338368.011000, 1608338368.011000, 1608338426.536000
1608338426.550000, 1608338427.504000, 1608338427.504000, 1608338432.011000, 1608338432.011000, 1608338472.848000
