read_start,read_end,cpu_start,cpu_end,write_start,write_end
1608337593.171000, 1608337643.366000, 1608337643.366000, 1608337648.063000, 1608337648.063000, 1608337649.188000
1608337649.199000, 1608337650.170000, 1608337650.170000, 1608337655.116000, 1608337655.116000, 1608337656.178000
1608337656.187000, 1608337657.150000, 1608337657.150000, 1608337662.072000, 1608337662.072000, 1608337663.199000
