read_start,read_end,cpu_start,cpu_end,write_start,write_end
1608338275.970000, 1608338351.581000, 1608338351.581000, 1608338356.356000, 1608338356.356000, 1608338357.579000
1608338357.589000, 1608338358.653000, 1608338358.653000, 1608338363.471000, 1608338363.471000, 1608338364.726000
1608338364.736000, 1608338365.701000, 1608338365.701000, 1608338370.359000, 1608338370.359000, 1608338455.674000
