read_start,read_end,cpu_start,cpu_end,write_start,write_end
1608338088.674000, 1608338157.895000, 1608338157.895000, 1608338162.645000, 1608338162.645000, 1608338163.861000
1608338163.871000, 1608338164.872000, 1608338164.872000, 1608338170.047000, 1608338170.047000, 1608338171.155000
1608338171.164000, 1608338172.148000, 1608338172.148000, 1608338177.243000, 1608338177.243000, 1608338240.355000
