read_start,read_end,cpu_start,cpu_end,write_start,write_end
1608324216.850000, 1608324319.239000, 1608324319.239000, 1608324323.911000, 1608324323.911000, 1608324325.626000
1608324325.636000, 1608324326.592000, 1608324326.592000, 1608324331.986000, 1608324331.986000, 1608324333.335000
1608324333.349000, 1608324334.418000, 1608324334.418000, 1608324339.927000, 1608324339.927000, 1608324492.331000
