read_start,read_end,cpu_start,cpu_end,write_start,write_end
1608337593.175000, 1608337644.358000, 1608337644.358000, 1608337649.102000, 1608337649.102000, 1608337650.262000
1608337650.274000, 1608337651.241000, 1608337651.241000, 1608337656.603000, 1608337656.603000, 1608337657.876000
1608337657.887000, 1608337658.914000, 1608337658.914000, 1608337663.767000, 1608337663.767000, 1608337665.607000
