read_start,read_end,cpu_start,cpu_end,write_start,write_end
1608338088.675000, 1608338161.226000, 1608338161.226000, 1608338166.379000, 1608338166.379000, 1608338167.562000
1608338167.574000, 1608338168.758000, 1608338168.758000, 1608338173.857000, 1608338173.857000, 1608338176.195000
1608338176.211000, 1608338177.199000, 1608338177.199000, 1608338181.986000, 1608338181.986000, 1608338260.970000
