read_start,read_end,cpu_start,cpu_end,write_start,write_end
1608337443.467000, 1608337486.013000, 1608337486.013000, 1608337491.124000, 1608337491.124000, 1608337492.547000
1608337492.559000, 1608337493.682000, 1608337493.682000, 1608337498.757000, 1608337498.757000, 1608337500.066000
1608337500.077000, 1608337501.011000, 1608337501.011000, 1608337505.612000, 1608337505.612000, 1608337506.809000
