read_start,read_end,cpu_start,cpu_end,write_start,write_end
1608337924.569000, 1608337992.182000, 1608337992.182000, 1608337997.112000, 1608337997.112000, 1608337998.306000
1608337998.318000, 1608337999.466000, 1608337999.466000, 1608338004.608000, 1608338004.608000, 1608338005.930000
1608338005.941000, 1608338006.942000, 1608338006.942000, 1608338011.800000, 1608338011.800000, 1608338074.719000
