read_start,read_end,cpu_start,cpu_end,write_start,write_end
1608337443.467000, 1608337486.012000, 1608337486.012000, 1608337490.809000, 1608337490.809000, 1608337492.068000
1608337492.079000, 1608337493.084000, 1608337493.084000, 1608337498.164000, 1608337498.164000, 1608337499.523000
1608337499.535000, 1608337500.673000, 1608337500.673000, 1608337505.490000, 1608337505.490000, 1608337506.756000
