read_start,read_end,cpu_start,cpu_end,write_start,write_end
1608337787.818000, 1608337850.118000, 1608337850.118000, 1608337855.483000, 1608337855.483000, 1608337856.654000
1608337856.665000, 1608337857.689000, 1608337857.689000, 1608337862.432000, 1608337862.432000, 1608337863.773000
1608337863.785000, 1608337864.908000, 1608337864.908000, 1608337869.765000, 1608337869.765000, 1608337912.465000
