read_start,read_end,cpu_start,cpu_end,write_start,write_end
1608323846.490000, 1608323929.730000, 1608323929.730000, 1608323934.873000, 1608323934.873000, 1608323936.133000
1608323936.148000, 1608323937.187000, 1608323937.187000, 1608323942.511000, 1608323942.511000, 1608323943.791000
1608323943.803000, 1608323944.809000, 1608323944.809000, 1608323949.842000, 1608323949.842000, 1608324067.774000
