read_start,read_end,cpu_start,cpu_end,write_start,write_end
1608325362.657000, 1608325508.644000, 1608325508.644000, 1608325513.579000, 1608325513.579000, 1608325514.676000
1608325514.685000, 1608325515.739000, 1608325515.739000, 1608325520.391000, 1608325520.391000, 1608325521.563000
1608325521.573000, 1608325522.526000, 1608325522.526000, 1608325527.614000, 1608325527.614000, 1608325559.892000
