read_start,read_end,cpu_start,cpu_end,write_start,write_end
1608324216.853000, 1608324322.987000, 1608324322.987000, 1608324327.978000, 1608324327.978000, 1608324329.292000
1608324329.303000, 1608324330.329000, 1608324330.329000, 1608324335.919000, 1608324335.919000, 1608324413.437000
1608324413.452000, 1608324414.429000, 1608324414.429000, 1608324419.315000, 1608324419.315000, 1608324545.090000
