read_start,read_end,cpu_start,cpu_end,write_start,write_end
1608324216.858000, 1608324326.732000, 1608324326.732000, 1608324332.005000, 1608324332.005000, 1608324333.259000
1608324333.272000, 1608324334.443000, 1608324334.443000, 1608324340.038000, 1608324340.038000, 1608324493.035000
1608324493.052000, 1608324494.908000, 1608324494.908000, 1608324501.544000, 1608324501.544000, 1608324598.105000
