read_start,read_end,cpu_start,cpu_end,write_start,write_end
1608325362.634000, 1608325528.798000, 1608325528.798000, 1608325534.240000, 1608325534.240000, 1608325734.139000
1608325734.179000, 1608325735.955000, 1608325735.955000, 1608325741.517000, 1608325741.517000, 1608325883.843000
1608325883.857000, 1608325884.892000, 1608325884.892000, 1608325889.578000, 1608325889.578000, 1608325959.250000
