read_start,read_end,cpu_start,cpu_end,write_start,write_end
1608324735.173000, 1608324874.264000, 1608324874.264000, 1608324880.032000, 1608324880.032000, 1608325037.876000
1608325037.892000, 1608325039.783000, 1608325039.783000, 1608325045.763000, 1608325045.763000, 1608325185.300000
1608325185.388000, 1608325186.729000, 1608325186.729000, 1608325191.701000, 1608325191.701000, 1608325225.575000
