read_start,read_end,cpu_start,cpu_end,write_start,write_end
1608324735.198000, 1608324868.332000, 1608324868.332000, 1608324873.527000, 1608324873.527000, 1608324874.814000
1608324874.824000, 1608324875.952000, 1608324875.952000, 1608324882.033000, 1608324882.033000, 1608325061.653000
1608325061.669000, 1608325063.110000, 1608325063.110000, 1608325067.573000, 1608325067.573000, 1608325200.147000
