read_start,read_end,cpu_start,cpu_end,write_start,write_end
1608337593.174000, 1608337645.137000, 1608337645.137000, 1608337650.088000, 1608337650.088000, 1608337651.278000
1608337651.289000, 1608337652.423000, 1608337652.423000, 1608337657.217000, 1608337657.217000, 1608337658.452000
1608337658.463000, 1608337659.448000, 1608337659.448000, 1608337664.253000, 1608337664.253000, 1608337667.203000
