read_start,read_end,cpu_start,cpu_end,write_start,write_end
1608324216.840000, 1608324327.064000, 1608324327.064000, 1608324332.569000, 1608324332.569000, 1608324333.921000
1608324333.936000, 1608324334.992000, 1608324334.992000, 1608324340.262000, 1608324340.262000, 1608324494.801000
1608324494.816000, 1608324495.837000, 1608324495.837000, 1608324500.822000, 1608324500.822000, 1608324597.544000
