read_start,read_end,cpu_start,cpu_end,write_start,write_end
1608337443.471000, 1608337485.979000, 1608337485.979000, 1608337490.729000, 1608337490.729000, 1608337492.001000
1608337492.013000, 1608337493.018000, 1608337493.018000, 1608337497.784000, 1608337497.784000, 1608337499.040000
1608337499.053000, 1608337500.024000, 1608337500.024000, 1608337504.802000, 1608337504.802000, 1608337506.001000
