read_start,read_end,cpu_start,cpu_end,write_start,write_end
1608337924.562000, 1608337992.594000, 1608337992.594000, 1608337997.441000, 1608337997.441000, 1608337998.721000
1608337998.734000, 1608337999.773000, 1608337999.773000, 1608338004.910000, 1608338004.910000, 1608338006.428000
1608338006.439000, 1608338007.438000, 1608338007.438000, 1608338012.297000, 1608338012.297000, 1608338076.677000
