read_start,read_end,cpu_start,cpu_end,write_start,write_end
1608338088.675000, 1608338162.049000, 1608338162.049000, 1608338167.304000, 1608338167.304000, 1608338168.540000
1608338168.553000, 1608338169.591000, 1608338169.591000, 1608338174.355000, 1608338174.355000, 1608338180.826000
1608338180.840000, 1608338181.944000, 1608338181.944000, 1608338186.471000, 1608338186.471000, 1608338262.723000
