read_start,read_end,cpu_start,cpu_end,write_start,write_end
1608323441.232000, 1608323473.079000, 1608323473.079000, 1608323477.728000, 1608323477.728000, 1608323478.964000
1608323478.975000, 1608323479.958000, 1608323479.958000, 1608323484.984000, 1608323484.984000, 1608323486.316000
1608323486.327000, 1608323487.433000, 1608323487.433000, 1608323492.160000, 1608323492.160000, 1608323493.423000
