read_start,read_end,cpu_start,cpu_end,write_start,write_end
1608323619.579000, 1608323676.668000, 1608323676.668000, 1608323681.430000, 1608323681.430000, 1608323682.651000
1608323682.664000, 1608323683.677000, 1608323683.677000, 1608323688.687000, 1608323688.687000, 1608323689.953000
1608323689.965000, 1608323690.959000, 1608323690.959000, 1608323696.152000, 1608323696.152000, 1608323712.133000
