read_start,read_end,cpu_start,cpu_end,write_start,write_end
1608337593.177000, 1608337645.124000, 1608337645.124000, 1608337649.895000, 1608337649.895000, 1608337651.130000
1608337651.143000, 1608337652.139000, 1608337652.139000, 1608337657.378000, 1608337657.378000, 1608337658.684000
1608337658.695000, 1608337659.750000, 1608337659.750000, 1608337664.657000, 1608337664.657000, 1608337669.143000
