read_start,read_end,cpu_start,cpu_end,write_start,write_end
1608323441.236000, 1608323473.128000, 1608323473.128000, 1608323478.324000, 1608323478.324000, 1608323479.546000
1608323479.556000, 1608323480.650000, 1608323480.650000, 1608323485.285000, 1608323485.285000, 1608323486.518000
1608323486.528000, 1608323487.504000, 1608323487.504000, 1608323492.230000, 1608323492.230000, 1608323493.494000
