read_start,read_end,cpu_start,cpu_end,write_start,write_end
1608337443.464000, 1608337486.011000, 1608337486.011000, 1608337490.797000, 1608337490.797000, 1608337492.076000
1608337492.087000, 1608337493.091000, 1608337493.091000, 1608337497.847000, 1608337497.847000, 1608337499.124000
1608337499.136000, 1608337500.147000, 1608337500.147000, 1608337505.071000, 1608337505.071000, 1608337506.412000
