read_start,read_end,cpu_start,cpu_end,write_start,write_end
1608324216.858000, 1608324324.986000, 1608324324.986000, 1608324330.619000, 1608324330.619000, 1608324331.907000
1608324331.918000, 1608324333.048000, 1608324333.048000, 1608324338.207000, 1608324338.207000, 1608324469.867000
1608324469.883000, 1608324471.939000, 1608324471.939000, 1608324478.167000, 1608324478.167000, 1608324586.387000
