read_start,read_end,cpu_start,cpu_end,write_start,write_end
1608325362.659000, 1608325525.089000, 1608325525.089000, 1608325531.166000, 1608325531.166000, 1608325733.469000
1608325733.484000, 1608325735.022000, 1608325735.022000, 1608325740.242000, 1608325740.242000, 1608325837.361000
1608325837.383000, 1608325838.384000, 1608325838.384000, 1608325842.794000, 1608325842.794000, 1608325930.531000
