read_start,read_end,cpu_start,cpu_end,write_start,write_end
1608325362.632000, 1608325528.499000, 1608325528.499000, 1608325533.960000, 1608325533.960000, 1608325734.141000
1608325734.197000, 1608325735.966000, 1608325735.966000, 1608325741.561000, 1608325741.561000, 1608325883.998000
1608325884.012000, 1608325885.039000, 1608325885.039000, 1608325889.826000, 1608325889.826000, 1608325959.311000
