read_start,read_end,cpu_start,cpu_end,write_start,write_end
1608338088.666000, 1608338162.369000, 1608338162.369000, 1608338167.326000, 1608338167.326000, 1608338168.639000
1608338168.654000, 1608338169.677000, 1608338169.677000, 1608338174.763000, 1608338174.763000, 1608338195.404000
1608338195.420000, 1608338196.534000, 1608338196.534000, 1608338201.039000, 1608338201.039000, 1608338263.906000
