read_start,read_end,cpu_start,cpu_end,write_start,write_end
1608323619.575000, 1608323675.263000, 1608323675.263000, 1608323680.587000, 1608323680.587000, 1608323681.764000
1608323681.776000, 1608323682.892000, 1608323682.892000, 1608323688.007000, 1608323688.007000, 1608323689.346000
1608323689.358000, 1608323690.443000, 1608323690.443000, 1608323695.327000, 1608323695.327000, 1608323698.116000
