read_start,read_end,cpu_start,cpu_end,write_start,write_end
1608338088.668000, 1608338161.586000, 1608338161.586000, 1608338166.509000, 1608338166.509000, 1608338167.799000
1608338167.813000, 1608338168.874000, 1608338168.874000, 1608338173.967000, 1608338173.967000, 1608338176.736000
1608338176.751000, 1608338177.706000, 1608338177.706000, 1608338182.480000, 1608338182.480000, 1608338261.547000
