read_start,read_end,cpu_start,cpu_end,write_start,write_end
1608337787.819000, 1608337850.194000, 1608337850.194000, 1608337855.035000, 1608337855.035000, 1608337856.329000
1608337856.345000, 1608337857.360000, 1608337857.360000, 1608337862.262000, 1608337862.262000, 1608337863.530000
1608337863.543000, 1608337864.537000, 1608337864.537000, 1608337869.429000, 1608337869.429000, 1608337909.034000
