read_start,read_end,cpu_start,cpu_end,write_start,write_end
1608323846.497000, 1608323927.991000, 1608323927.991000, 1608323933.342000, 1608323933.342000, 1608323934.475000
1608323934.485000, 1608323935.590000, 1608323935.590000, 1608323941.001000, 1608323941.001000, 1608323942.168000
1608323942.178000, 1608323943.149000, 1608323943.149000, 1608323947.973000, 1608323947.973000, 1608324066.888000
