read_start,read_end,cpu_start,cpu_end,write_start,write_end
1608325362.636000, 1608325527.281000, 1608325527.281000, 1608325532.805000, 1608325532.805000, 1608325734.105000
1608325734.151000, 1608325735.845000, 1608325735.845000, 1608325741.449000, 1608325741.449000, 1608325883.414000
1608325883.426000, 1608325884.459000, 1608325884.459000, 1608325889.119000, 1608325889.119000, 1608325959.075000
