read_start,read_end,cpu_start,cpu_end,write_start,write_end
1608337379.043000, 1608337416.264000, 1608337416.264000, 1608337421.003000, 1608337421.003000, 1608337422.228000
1608337422.239000, 1608337423.223000, 1608337423.223000, 1608337428.288000, 1608337428.288000, 1608337429.644000
1608337429.655000, 1608337430.761000, 1608337430.761000, 1608337435.505000, 1608337435.505000, 1608337436.733000
