read_start,read_end,cpu_start,cpu_end,write_start,write_end
1608337787.829000, 1608337849.885000, 1608337849.885000, 1608337854.710000, 1608337854.710000, 1608337855.965000
1608337855.977000, 1608337857.000000, 1608337857.000000, 1608337861.907000, 1608337861.907000, 1608337863.184000
1608337863.197000, 1608337864.197000, 1608337864.197000, 1608337869.125000, 1608337869.125000, 1608337902.175000
