read_start,read_end,cpu_start,cpu_end,write_start,write_end
1608324735.188000, 1608324871.019000, 1608324871.019000, 1608324876.642000, 1608324876.642000, 1608324877.976000
1608324877.991000, 1608324879.172000, 1608324879.172000, 1608324884.576000, 1608324884.576000, 1608325069.743000
1608325069.759000, 1608325071.422000, 1608325071.422000, 1608325076.610000, 1608325076.610000, 1608325208.081000
