read_start,read_end,cpu_start,cpu_end,write_start,write_end
1608337787.824000, 1608337849.876000, 1608337849.876000, 1608337855.190000, 1608337855.190000, 1608337856.460000
1608337856.473000, 1608337857.563000, 1608337857.563000, 1608337862.442000, 1608337862.442000, 1608337863.836000
1608337863.848000, 1608337864.883000, 1608337864.883000, 1608337869.588000, 1608337869.588000, 1608337910.895000
