read_start,read_end,cpu_start,cpu_end,write_start,write_end
1608338275.978000, 1608338351.312000, 1608338351.312000, 1608338356.382000, 1608338356.382000, 1608338357.597000
1608338357.606000, 1608338358.603000, 1608338358.603000, 1608338363.355000, 1608338363.355000, 1608338364.592000
1608338364.602000, 1608338365.553000, 1608338365.553000, 1608338370.250000, 1608338370.250000, 1608338455.025000
