read_start,read_end,cpu_start,cpu_end,write_start,write_end
1608338275.980000, 1608338352.934000, 1608338352.934000, 1608338357.825000, 1608338357.825000, 1608338359.175000
1608338359.185000, 1608338360.184000, 1608338360.184000, 1608338365.458000, 1608338365.458000, 1608338366.727000
1608338366.737000, 1608338367.717000, 1608338367.717000, 1608338372.548000, 1608338372.548000, 1608338462.607000
