read_start,read_end,cpu_start,cpu_end,write_start,write_end
1608337924.563000, 1608337990.645000, 1608337990.645000, 1608337995.372000, 1608337995.372000, 1608337996.566000
1608337996.576000, 1608337997.553000, 1608337997.553000, 1608338002.790000, 1608338002.790000, 1608338004.110000
1608338004.121000, 1608338005.173000, 1608338005.173000, 1608338010.088000, 1608338010.088000, 1608338056.308000
