read_start,read_end,cpu_start,cpu_end,write_start,write_end
1608337787.826000, 1608337848.283000, 1608337848.283000, 1608337853.124000, 1608337853.124000, 1608337854.396000
1608337854.408000, 1608337855.398000, 1608337855.398000, 1608337860.775000, 1608337860.775000, 1608337861.970000
1608337861.981000, 1608337863.098000, 1608337863.098000, 1608337868.129000, 1608337868.129000, 1608337870.508000
