read_start,read_end,cpu_start,cpu_end,write_start,write_end
1608325362.629000, 1608325525.671000, 1608325525.671000, 1608325531.449000, 1608325531.449000, 1608325733.602000
1608325733.617000, 1608325735.210000, 1608325735.210000, 1608325740.863000, 1608325740.863000, 1608325869.241000
1608325869.256000, 1608325870.226000, 1608325870.226000, 1608325874.724000, 1608325874.724000, 1608325947.328000
