read_start,read_end,cpu_start,cpu_end,write_start,write_end
1608337593.172000, 1608337644.334000, 1608337644.334000, 1608337649.675000, 1608337649.675000, 1608337650.878000
1608337650.890000, 1608337651.917000, 1608337651.917000, 1608337656.684000, 1608337656.684000, 1608337657.994000
1608337658.006000, 1608337659.139000, 1608337659.139000, 1608337664.002000, 1608337664.002000, 1608337666.125000
