read_start,read_end,cpu_start,cpu_end,write_start,write_end
1608337924.558000, 1608337990.623000, 1608337990.623000, 1608337995.895000, 1608337995.895000, 1608337997.100000
1608337997.109000, 1608337998.220000, 1608337998.220000, 1608338003.427000, 1608338003.427000, 1608338004.749000
1608338004.761000, 1608338005.875000, 1608338005.875000, 1608338010.840000, 1608338010.840000, 1608338067.000000
