read_start,read_end,cpu_start,cpu_end,write_start,write_end
1608337443.472000, 1608337486.019000, 1608337486.019000, 1608337491.265000, 1608337491.265000, 1608337492.560000
1608337492.570000, 1608337493.704000, 1608337493.704000, 1608337498.437000, 1608337498.437000, 1608337499.699000
1608337499.710000, 1608337500.688000, 1608337500.688000, 1608337505.801000, 1608337505.801000, 1608337507.122000
