read_start,read_end,cpu_start,cpu_end,write_start,write_end
1608337443.469000, 1608337486.017000, 1608337486.017000, 1608337491.172000, 1608337491.172000, 1608337492.409000
1608337492.421000, 1608337493.546000, 1608337493.546000, 1608337498.527000, 1608337498.527000, 1608337499.875000
1608337499.886000, 1608337501.006000, 1608337501.006000, 1608337505.742000, 1608337505.742000, 1608337506.954000
