read_start,read_end,cpu_start,cpu_end,write_start,write_end
1608337593.167000, 1608337646.517000, 1608337646.517000, 1608337651.688000, 1608337651.688000, 1608337652.837000
1608337652.847000, 1608337653.893000, 1608337653.893000, 1608337658.644000, 1608337658.644000, 1608337659.864000
1608337659.874000, 1608337660.959000, 1608337660.959000, 1608337666.151000, 1608337666.151000, 1608337672.119000
