read_start,read_end,cpu_start,cpu_end,write_start,write_end
1608337787.826000, 1608337848.977000, 1608337848.977000, 1608337854.262000, 1608337854.262000, 1608337855.530000
1608337855.543000, 1608337856.685000, 1608337856.685000, 1608337861.663000, 1608337861.663000, 1608337862.939000
1608337862.952000, 1608337863.968000, 1608337863.968000, 1608337869.306000, 1608337869.306000, 1608337906.850000
