read_start,read_end,cpu_start,cpu_end,write_start,write_end
1608323846.500000, 1608323929.591000, 1608323929.591000, 1608323934.568000, 1608323934.568000, 1608323935.776000
1608323935.790000, 1608323936.808000, 1608323936.808000, 1608323942.158000, 1608323942.158000, 1608323943.393000
1608323943.406000, 1608323944.422000, 1608323944.422000, 1608323949.184000, 1608323949.184000, 1608324067.566000
