read_start,read_end,cpu_start,cpu_end,write_start,write_end
1608324216.839000, 1608324327.176000, 1608324327.176000, 1608324332.953000, 1608324332.953000, 1608324334.222000
1608324334.238000, 1608324335.413000, 1608324335.413000, 1608324340.612000, 1608324340.612000, 1608324496.451000
1608324496.465000, 1608324497.425000, 1608324497.425000, 1608324502.556000, 1608324502.556000, 1608324598.651000
