read_start,read_end,cpu_start,cpu_end,write_start,write_end
1608337593.178000, 1608337644.313000, 1608337644.313000, 1608337649.635000, 1608337649.635000, 1608337650.933000
1608337650.945000, 1608337652.077000, 1608337652.077000, 1608337656.893000, 1608337656.893000, 1608337658.112000
1608337658.124000, 1608337659.103000, 1608337659.103000, 1608337663.985000, 1608337663.985000, 1608337666.160000
