read_start,read_end,cpu_start,cpu_end,write_start,write_end
1608325362.637000, 1608325526.844000, 1608325526.844000, 1608325532.718000, 1608325532.718000, 1608325733.991000
1608325734.008000, 1608325735.608000, 1608325735.608000, 1608325741.239000, 1608325741.239000, 1608325881.196000
1608325881.212000, 1608325882.188000, 1608325882.188000, 1608325887.189000, 1608325887.189000, 1608325957.596000
