read_start,read_end,cpu_start,cpu_end,write_start,write_end
1608337924.560000, 1608337991.128000, 1608337991.128000, 1608337996.198000, 1608337996.198000, 1608337997.349000
1608337997.361000, 1608337998.491000, 1608337998.491000, 1608338003.673000, 1608338003.673000, 1608338004.936000
1608338004.951000, 1608338005.945000, 1608338005.945000, 1608338010.913000, 1608338010.913000, 1608338067.899000
