read_start,read_end,cpu_start,cpu_end,write_start,write_end
1608324735.192000, 1608324873.333000, 1608324873.333000, 1608324879.213000, 1608324879.213000, 1608325014.316000
1608325014.332000, 1608325015.858000, 1608325015.858000, 1608325020.690000, 1608325020.690000, 1608325165.875000
1608325165.933000, 1608325167.389000, 1608325167.389000, 1608325172.145000, 1608325172.145000, 1608325223.113000
