read_start,read_end,cpu_start,cpu_end,write_start,write_end
1608338275.966000, 1608338353.472000, 1608338353.472000, 1608338358.493000, 1608338358.493000, 1608338359.795000
1608338359.808000, 1608338360.866000, 1608338360.866000, 1608338365.912000, 1608338365.912000, 1608338367.392000
1608338367.402000, 1608338368.489000, 1608338368.489000, 1608338373.272000, 1608338373.272000, 1608338463.144000
