read_start,read_end,cpu_start,cpu_end,write_start,write_end
1608337787.821000, 1608337850.369000, 1608337850.369000, 1608337855.259000, 1608337855.259000, 1608337856.557000
1608337856.569000, 1608337857.563000, 1608337857.563000, 1608337862.869000, 1608337862.869000, 1608337864.216000
1608337864.227000, 1608337865.338000, 1608337865.338000, 1608337870.164000, 1608337870.164000, 1608337913.853000
