read_start,read_end,cpu_start,cpu_end,write_start,write_end
1608338088.665000, 1608338162.898000, 1608338162.898000, 1608338168.046000, 1608338168.046000, 1608338169.170000
1608338169.181000, 1608338170.296000, 1608338170.296000, 1608338175.372000, 1608338175.372000, 1608338215.168000
1608338215.183000, 1608338216.168000, 1608338216.168000, 1608338220.926000, 1608338220.926000, 1608338265.276000
