read_start,read_end,cpu_start,cpu_end,write_start,write_end
1608337379.042000, 1608337416.174000, 1608337416.174000, 1608337421.362000, 1608337421.362000, 1608337422.523000
1608337422.534000, 1608337423.551000, 1608337423.551000, 1608337428.178000, 1608337428.178000, 1608337429.533000
1608337429.544000, 1608337430.666000, 1608337430.666000, 1608337435.412000, 1608337435.412000, 1608337436.649000
