read_start,read_end,cpu_start,cpu_end,write_start,write_end
1608337924.557000, 1608337993.782000, 1608337993.782000, 1608337998.741000, 1608337998.741000, 1608337999.946000
1608337999.957000, 1608338001.043000, 1608338001.043000, 1608338005.784000, 1608338005.784000, 1608338008.916000
1608338008.927000, 1608338009.957000, 1608338009.957000, 1608338014.844000, 1608338014.844000, 1608338077.873000
