read_start,read_end,cpu_start,cpu_end,write_start,write_end
1608337924.572000, 1608337992.104000, 1608337992.104000, 1608337997.206000, 1608337997.206000, 1608337998.406000
1608337998.418000, 1608337999.577000, 1608337999.577000, 1608338004.720000, 1608338004.720000, 1608338006.121000
1608338006.133000, 1608338007.177000, 1608338007.177000, 1608338012.187000, 1608338012.187000, 1608338076.348000
