read_start,read_end,cpu_start,cpu_end,write_start,write_end
1608337379.047000, 1608337416.268000, 1608337416.268000, 1608337421.009000, 1608337421.009000, 1608337422.244000
1608337422.255000, 1608337423.242000, 1608337423.242000, 1608337427.976000, 1608337427.976000, 1608337429.203000
1608337429.218000, 1608337430.231000, 1608337430.231000, 1608337435.213000, 1608337435.213000, 1608337436.573000
