read_start,read_end,cpu_start,cpu_end,write_start,write_end
1608323846.488000, 1608323931.655000, 1608323931.655000, 1608323937.071000, 1608323937.071000, 1608323938.188000
1608323938.199000, 1608323939.203000, 1608323939.203000, 1608323944.412000, 1608323944.412000, 1608324049.366000
1608324049.381000, 1608324050.784000, 1608324050.784000, 1608324055.716000, 1608324055.716000, 1608324084.106000
