read_start,read_end,cpu_start,cpu_end,write_start,write_end
1608324735.187000, 1608324871.421000, 1608324871.421000, 1608324876.987000, 1608324876.987000, 1608324878.355000
1608324878.368000, 1608324879.369000, 1608324879.369000, 1608324884.385000, 1608324884.385000, 1608325069.516000
1608325069.532000, 1608325070.905000, 1608325070.905000, 1608325076.550000, 1608325076.550000, 1608325208.060000
