read_start,read_end,cpu_start,cpu_end,write_start,write_end
1608325362.652000, 1608325519.682000, 1608325519.682000, 1608325525.349000, 1608325525.349000, 1608325526.690000
1608325526.703000, 1608325528.115000, 1608325528.115000, 1608325534.147000, 1608325534.147000, 1608325734.143000
1608325734.220000, 1608325736.003000, 1608325736.003000, 1608325741.178000, 1608325741.178000, 1608325880.386000
