read_start,read_end,cpu_start,cpu_end,write_start,write_end
1608337924.557000, 1608337992.143000, 1608337992.143000, 1608337997.323000, 1608337997.323000, 1608337998.590000
1608337998.603000, 1608337999.622000, 1608337999.622000, 1608338004.766000, 1608338004.766000, 1608338006.188000
1608338006.199000, 1608338007.292000, 1608338007.292000, 1608338012.059000, 1608338012.059000, 1608338075.911000
