read_start,read_end,cpu_start,cpu_end,write_start,write_end
1608337924.557000, 1608337991.924000, 1608337991.924000, 1608337997.247000, 1608337997.247000, 1608337998.567000
1608337998.578000, 1608337999.685000, 1608337999.685000, 1608338004.702000, 1608338004.702000, 1608338006.277000
1608338006.289000, 1608338007.418000, 1608338007.418000, 1608338012.313000, 1608338012.313000, 1608338076.626000
