read_start,read_end,cpu_start,cpu_end,write_start,write_end
1608338088.670000, 1608338161.403000, 1608338161.403000, 1608338166.293000, 1608338166.293000, 1608338167.572000
1608338167.586000, 1608338168.722000, 1608338168.722000, 1608338173.465000, 1608338173.465000, 1608338175.023000
1608338175.033000, 1608338176.150000, 1608338176.150000, 1608338181.048000, 1608338181.048000, 1608338259.160000
