read_start,read_end,cpu_start,cpu_end,write_start,write_end
1608325362.637000, 1608325519.010000, 1608325519.010000, 1608325524.246000, 1608325524.246000, 1608325525.724000
1608325525.736000, 1608325526.842000, 1608325526.842000, 1608325532.339000, 1608325532.339000, 1608325733.944000
1608325733.962000, 1608325735.759000, 1608325735.759000, 1608325741.126000, 1608325741.126000, 1608325879.256000
