read_start,read_end,cpu_start,cpu_end,write_start,write_end
1608337514.807000, 1608337562.178000, 1608337562.178000, 1608337567.353000, 1608337567.353000, 1608337568.587000
1608337568.599000, 1608337569.742000, 1608337569.742000, 1608337574.989000, 1608337574.989000, 1608337576.346000
1608337576.357000, 1608337577.305000, 1608337577.305000, 1608337582.057000, 1608337582.057000, 1608337583.833000
