read_start,read_end,cpu_start,cpu_end,write_start,write_end
1608337514.810000, 1608337562.302000, 1608337562.302000, 1608337567.074000, 1608337567.074000, 1608337568.357000
1608337568.369000, 1608337569.391000, 1608337569.391000, 1608337574.128000, 1608337574.128000, 1608337575.382000
1608337575.397000, 1608337576.398000, 1608337576.398000, 1608337581.160000, 1608337581.160000, 1608337582.345000
