read_start,read_end,cpu_start,cpu_end,write_start,write_end
1608338275.964000, 1608338354.510000, 1608338354.510000, 1608338359.902000, 1608338359.902000, 1608338361.080000
1608338361.092000, 1608338362.216000, 1608338362.216000, 1608338367.394000, 1608338367.394000, 1608338410.601000
1608338410.616000, 1608338411.579000, 1608338411.579000, 1608338416.150000, 1608338416.150000, 1608338471.425000
