read_start,read_end,cpu_start,cpu_end,write_start,write_end
1608325362.625000, 1608325515.530000, 1608325515.530000, 1608325520.450000, 1608325520.450000, 1608325521.651000
1608325521.661000, 1608325522.633000, 1608325522.633000, 1608325527.929000, 1608325527.929000, 1608325589.133000
1608325589.150000, 1608325590.132000, 1608325590.132000, 1608325594.631000, 1608325594.631000, 1608325735.838000
