read_start,read_end,cpu_start,cpu_end,write_start,write_end
1608323619.580000, 1608323675.966000, 1608323675.966000, 1608323681.060000, 1608323681.060000, 1608323682.234000
1608323682.245000, 1608323683.374000, 1608323683.374000, 1608323688.399000, 1608323688.399000, 1608323689.675000
1608323689.687000, 1608323690.669000, 1608323690.669000, 1608323695.740000, 1608323695.740000, 1608323706.248000
