read_start,read_end,cpu_start,cpu_end,write_start,write_end
1608325362.618000, 1608325508.131000, 1608325508.131000, 1608325513.269000, 1608325513.269000, 1608325514.402000
1608325514.413000, 1608325515.494000, 1608325515.494000, 1608325520.658000, 1608325520.658000, 1608325521.989000
1608325522.000000, 1608325523.045000, 1608325523.045000, 1608325528.323000, 1608325528.323000, 1608325671.507000
