read_start,read_end,cpu_start,cpu_end,write_start,write_end
1608323619.583000, 1608323676.671000, 1608323676.671000, 1608323681.659000, 1608323681.659000, 1608323682.961000
1608323682.974000, 1608323683.971000, 1608323683.971000, 1608323689.280000, 1608323689.280000, 1608323690.540000
1608323690.550000, 1608323691.623000, 1608323691.623000, 1608323696.648000, 1608323696.648000, 1608323715.260000
