read_start,read_end,cpu_start,cpu_end,write_start,write_end
1608323846.495000, 1608323929.640000, 1608323929.640000, 1608323934.713000, 1608323934.713000, 1608323935.947000
1608323935.961000, 1608323936.988000, 1608323936.988000, 1608323942.324000, 1608323942.324000, 1608323943.586000
1608323943.600000, 1608323944.615000, 1608323944.615000, 1608323949.315000, 1608323949.315000, 1608324067.698000
