read_start,read_end,cpu_start,cpu_end,write_start,write_end
1608323619.571000, 1608323678.175000, 1608323678.175000, 1608323683.552000, 1608323683.552000, 1608323684.637000
1608323684.647000, 1608323685.752000, 1608323685.752000, 1608323690.813000, 1608323690.813000, 1608323691.979000
1608323691.988000, 1608323692.933000, 1608323692.933000, 1608323698.104000, 1608323698.104000, 1608323717.288000
