read_start,read_end,cpu_start,cpu_end,write_start,write_end
1608337514.806000, 1608337562.596000, 1608337562.596000, 1608337567.675000, 1608337567.675000, 1608337569.082000
1608337569.093000, 1608337570.185000, 1608337570.185000, 1608337574.921000, 1608337574.921000, 1608337576.175000
1608337576.187000, 1608337577.289000, 1608337577.289000, 1608337582.047000, 1608337582.047000, 1608337584.011000
