read_start,read_end,cpu_start,cpu_end,write_start,write_end
1608337379.045000, 1608337416.268000, 1608337416.268000, 1608337421.010000, 1608337421.010000, 1608337422.209000
1608337422.221000, 1608337423.207000, 1608337423.207000, 1608337427.946000, 1608337427.946000, 1608337429.138000
1608337429.150000, 1608337430.116000, 1608337430.116000, 1608337434.879000, 1608337434.879000, 1608337436.088000
