read_start,read_end,cpu_start,cpu_end,write_start,write_end
1608337443.464000, 1608337486.019000, 1608337486.019000, 1608337491.230000, 1608337491.230000, 1608337492.476000
1608337492.486000, 1608337493.628000, 1608337493.628000, 1608337498.360000, 1608337498.360000, 1608337499.623000
1608337499.636000, 1608337500.664000, 1608337500.664000, 1608337505.553000, 1608337505.553000, 1608337506.946000
