read_start,read_end,cpu_start,cpu_end,write_start,write_end
1608325362.627000, 1608325527.609000, 1608325527.609000, 1608325533.506000, 1608325533.506000, 1608325734.110000
1608325734.141000, 1608325735.724000, 1608325735.724000, 1608325741.343000, 1608325741.343000, 1608325882.436000
1608325882.449000, 1608325883.439000, 1608325883.439000, 1608325888.365000, 1608325888.365000, 1608325958.640000
