read_start,read_end,cpu_start,cpu_end,write_start,write_end
1608337514.816000, 1608337562.409000, 1608337562.409000, 1608337567.362000, 1608337567.362000, 1608337568.632000
1608337568.642000, 1608337569.663000, 1608337569.663000, 1608337574.420000, 1608337574.420000, 1608337575.827000
1608337575.838000, 1608337576.965000, 1608337576.965000, 1608337581.700000, 1608337581.700000, 1608337583.067000
