read_start,read_end,cpu_start,cpu_end,write_start,write_end
1608337787.822000, 1608337849.158000, 1608337849.158000, 1608337853.941000, 1608337853.941000, 1608337855.178000
1608337855.190000, 1608337856.187000, 1608337856.187000, 1608337861.180000, 1608337861.180000, 1608337862.407000
1608337862.420000, 1608337863.508000, 1608337863.508000, 1608337868.370000, 1608337868.370000, 1608337871.463000
