read_start,read_end,cpu_start,cpu_end,write_start,write_end
1608324735.182000, 1608324870.010000, 1608324870.010000, 1608324875.675000, 1608324875.675000, 1608324877.013000
1608324877.027000, 1608324878.161000, 1608324878.161000, 1608324883.257000, 1608324883.257000, 1608325067.607000
1608325067.622000, 1608325069.005000, 1608325069.005000, 1608325074.606000, 1608325074.606000, 1608325207.121000
