read_start,read_end,cpu_start,cpu_end,write_start,write_end
1608325362.656000, 1608325525.200000, 1608325525.200000, 1608325530.769000, 1608325530.769000, 1608325733.787000
1608325733.804000, 1608325735.516000, 1608325735.516000, 1608325740.719000, 1608325740.719000, 1608325862.681000
1608325862.694000, 1608325863.707000, 1608325863.707000, 1608325868.167000, 1608325868.167000, 1608325944.542000
