read_start,read_end,cpu_start,cpu_end,write_start,write_end
1608338275.969000, 1608338354.327000, 1608338354.327000, 1608338359.595000, 1608338359.595000, 1608338360.884000
1608338360.896000, 1608338361.917000, 1608338361.917000, 1608338367.206000, 1608338367.206000, 1608338401.327000
1608338401.343000, 1608338402.445000, 1608338402.445000, 1608338406.960000, 1608338406.960000, 1608338470.062000
