read_start,read_end,cpu_start,cpu_end,write_start,write_end
1608337924.566000, 1608337990.653000, 1608337990.653000, 1608337995.631000, 1608337995.631000, 1608337996.837000
1608337996.848000, 1608337997.826000, 1608337997.826000, 1608338003.017000, 1608338003.017000, 1608338004.258000
1608338004.269000, 1608338005.288000, 1608338005.288000, 1608338010.386000, 1608338010.386000, 1608338061.451000
