read_start,read_end,cpu_start,cpu_end,write_start,write_end
1608323294.975000, 1608323300.851000, 1608323300.851000, 1608323305.588000, 1608323305.588000, 1608323306.584000
1608323306.594000, 1608323307.668000, 1608323307.668000, 1608323312.028000, 1608323312.028000, 1608323313.015000
1608323313.024000, 1608323313.930000, 1608323313.930000, 1608323318.292000, 1608323318.292000, 1608323319.279000
