read_start,read_end,cpu_start,cpu_end,write_start,write_end
1608325362.629000, 1608325515.547000, 1608325515.547000, 1608325520.504000, 1608325520.504000, 1608325521.692000
1608325521.703000, 1608325522.838000, 1608325522.838000, 1608325528.148000, 1608325528.148000, 1608325619.514000
1608325619.532000, 1608325620.512000, 1608325620.512000, 1608325625.014000, 1608325625.014000, 1608325736.501000
