read_start,read_end,cpu_start,cpu_end,write_start,write_end
1608337379.051000, 1608337416.288000, 1608337416.288000, 1608337421.523000, 1608337421.523000, 1608337422.713000
1608337422.723000, 1608337423.838000, 1608337423.838000, 1608337428.574000, 1608337428.574000, 1608337429.782000
1608337429.794000, 1608337430.812000, 1608337430.812000, 1608337435.621000, 1608337435.621000, 1608337436.945000
