read_start,read_end,cpu_start,cpu_end,write_start,write_end
1608337514.815000, 1608337562.463000, 1608337562.463000, 1608337567.229000, 1608337567.229000, 1608337568.501000
1608337568.513000, 1608337569.565000, 1608337569.565000, 1608337574.608000, 1608337574.608000, 1608337576.033000
1608337576.044000, 1608337577.118000, 1608337577.118000, 1608337582.068000, 1608337582.068000, 1608337584.263000
