read_start,read_end,cpu_start,cpu_end,write_start,write_end
1608325362.619000, 1608325527.936000, 1608325527.936000, 1608325533.546000, 1608325533.546000, 1608325734.108000
1608325734.140000, 1608325735.917000, 1608325735.917000, 1608325741.510000, 1608325741.510000, 1608325883.745000
1608325883.759000, 1608325884.776000, 1608325884.776000, 1608325889.562000, 1608325889.562000, 1608325959.228000
