read_start,read_end,cpu_start,cpu_end,write_start,write_end
1608323846.502000, 1608323930.411000, 1608323930.411000, 1608323935.530000, 1608323935.530000, 1608323936.843000
1608323936.856000, 1608323937.889000, 1608323937.889000, 1608323943.135000, 1608323943.135000, 1608323980.069000
1608323980.084000, 1608323981.096000, 1608323981.096000, 1608323985.521000, 1608323985.521000, 1608324073.087000
