read_start,read_end,cpu_start,cpu_end,write_start,write_end
1608325362.641000, 1608325528.215000, 1608325528.215000, 1608325533.676000, 1608325533.676000, 1608325734.111000
1608325734.146000, 1608325735.956000, 1608325735.956000, 1608325741.139000, 1608325741.139000, 1608325879.616000
1608325879.633000, 1608325880.678000, 1608325880.678000, 1608325885.664000, 1608325885.664000, 1608325955.832000
