read_start,read_end,cpu_start,cpu_end,write_start,write_end
1608337787.827000, 1608337849.332000, 1608337849.332000, 1608337854.616000, 1608337854.616000, 1608337855.907000
1608337855.920000, 1608337857.063000, 1608337857.063000, 1608337862.403000, 1608337862.403000, 1608337863.791000
1608337863.803000, 1608337864.878000, 1608337864.878000, 1608337869.819000, 1608337869.819000, 1608337912.729000
