read_start,read_end,cpu_start,cpu_end,write_start,write_end
1608324735.174000, 1608324864.868000, 1608324864.868000, 1608324869.887000, 1608324869.887000, 1608324871.008000
1608324871.018000, 1608324872.021000, 1608324872.021000, 1608324878.079000, 1608324878.079000, 1608324911.484000
1608324911.499000, 1608324912.438000, 1608324912.438000, 1608324916.938000, 1608324916.938000, 1608325083.047000
