read_start,read_end,cpu_start,cpu_end,write_start,write_end
1608325362.649000, 1608325494.800000, 1608325494.800000, 1608325499.669000, 1608325499.669000, 1608325501.437000
1608325501.447000, 1608325502.359000, 1608325502.359000, 1608325506.802000, 1608325506.802000, 1608325507.801000
1608325507.811000, 1608325508.719000, 1608325508.719000, 1608325513.252000, 1608325513.252000, 1608325514.379000
