read_start,read_end,cpu_start,cpu_end,write_start,write_end
1608337379.049000, 1608337416.273000, 1608337416.273000, 1608337421.465000, 1608337421.465000, 1608337422.707000
1608337422.718000, 1608337423.818000, 1608337423.818000, 1608337428.773000, 1608337428.773000, 1608337430.064000
1608337430.074000, 1608337431.158000, 1608337431.158000, 1608337435.900000, 1608337435.900000, 1608337437.072000
