read_start,read_end,cpu_start,cpu_end,write_start,write_end
1608324216.843000, 1608324327.508000, 1608324327.508000, 1608324333.243000, 1608324333.243000, 1608324334.618000
1608324334.631000, 1608324335.677000, 1608324335.677000, 1608324341.132000, 1608324341.132000, 1608324498.792000
1608324498.811000, 1608324500.216000, 1608324500.216000, 1608324506.246000, 1608324506.246000, 1608324599.798000
