read_start,read_end,cpu_start,cpu_end,write_start,write_end
1608337514.813000, 1608337562.319000, 1608337562.319000, 1608337567.104000, 1608337567.104000, 1608337568.389000
1608337568.402000, 1608337569.438000, 1608337569.438000, 1608337574.665000, 1608337574.665000, 1608337576.079000
1608337576.090000, 1608337577.226000, 1608337577.226000, 1608337581.959000, 1608337581.959000, 1608337583.680000
