read_start,read_end,cpu_start,cpu_end,write_start,write_end
1608338088.670000, 1608338160.156000, 1608338160.156000, 1608338165.466000, 1608338165.466000, 1608338166.585000
1608338166.597000, 1608338167.618000, 1608338167.618000, 1608338172.399000, 1608338172.399000, 1608338173.702000
1608338173.712000, 1608338174.722000, 1608338174.722000, 1608338179.346000, 1608338179.346000, 1608338253.128000
