read_start,read_end,cpu_start,cpu_end,write_start,write_end
1606761358.637000, 1606761534.362000, 1606761534.362000, 1606761539.411000, 1606761539.411000, 1606761745.178000
1606761745.221000, 1606761747.617000, 1606761747.617000, 1606761754.234000, 1606761754.234000, 1606761947.585000
1606761947.653000, 1606761949.212000, 1606761949.212000, 1606761954.540000, 1606761954.540000, 1606762073.585000
