read_start,read_end,cpu_start,cpu_end,write_start,write_end
1606758631.565000, 1606758776.777000, 1606758776.777000, 1606758782.071000, 1606758782.071000, 1606758863.477000
1606758863.491000, 1606758864.463000, 1606758864.463000, 1606758869.239000, 1606758869.239000, 1606759037.434000
1606759037.456000, 1606759039.100000, 1606759039.100000, 1606759043.975000, 1606759043.975000, 1606759200.712000
