read_start,read_end,cpu_start,cpu_end,write_start,write_end
1606761358.637000, 1606761538.926000, 1606761538.926000, 1606761544.453000, 1606761544.453000, 1606761745.140000
1606761745.464000, 1606761748.975000, 1606761748.975000, 1606761756.330000, 1606761756.330000, 1606761950.624000
1606761950.865000, 1606761952.757000, 1606761952.757000, 1606761957.764000, 1606761957.764000, 1606762074.702000
