read_start,read_end,cpu_start,cpu_end,write_start,write_end
1606760022.635000, 1606760178.948000, 1606760178.948000, 1606760184.233000, 1606760184.233000, 1606760282.813000
1606760282.835000, 1606760284.538000, 1606760284.538000, 1606760290.074000, 1606760290.074000, 1606760454.661000
1606760454.916000, 1606760456.719000, 1606760456.719000, 1606760462.203000, 1606760462.203000, 1606760630.284000
