read_start,read_end,cpu_start,cpu_end,write_start,write_end
1606760022.632000, 1606760178.108000, 1606760178.108000, 1606760183.204000, 1606760183.204000, 1606760282.287000
1606760282.302000, 1606760283.907000, 1606760283.907000, 1606760289.514000, 1606760289.514000, 1606760451.166000
1606760451.234000, 1606760452.911000, 1606760452.911000, 1606760457.988000, 1606760457.988000, 1606760631.697000
