read_start,read_end,cpu_start,cpu_end,write_start,write_end
1606760752.092000, 1606760914.179000, 1606760914.179000, 1606760919.509000, 1606760919.509000, 1606761001.972000
1606761001.987000, 1606761003.719000, 1606761003.719000, 1606761008.758000, 1606761008.758000, 1606761143.047000
1606761143.156000, 1606761144.848000, 1606761144.848000, 1606761149.992000, 1606761149.992000, 1606761309.767000
