read_start,read_end,cpu_start,cpu_end,write_start,write_end
1606751862.403000, 1606751938.177000, 1606751938.177000, 1606751942.990000, 1606751942.990000, 1606752013.201000
1606752013.216000, 1606752014.187000, 1606752014.187000, 1606752018.589000, 1606752018.589000, 1606752048.339000
1606752048.354000, 1606752049.314000, 1606752049.314000, 1606752053.748000, 1606752053.748000, 1606752121.349000
