read_start,read_end,cpu_start,cpu_end,write_start,write_end
1606751862.397000, 1606751939.219000, 1606751939.219000, 1606751944.614000, 1606751944.614000, 1606752025.517000
1606752025.533000, 1606752026.655000, 1606752026.655000, 1606752031.834000, 1606752031.834000, 1606752110.414000
1606752110.443000, 1606752111.549000, 1606752111.549000, 1606752116.101000, 1606752116.101000, 1606752169.288000
