read_start,read_end,cpu_start,cpu_end,write_start,write_end
1606760752.127000, 1606760909.935000, 1606760909.935000, 1606760915.027000, 1606760915.027000, 1606760997.409000
1606760997.442000, 1606760999.233000, 1606760999.233000, 1606761004.680000, 1606761004.680000, 1606761122.500000
1606761122.569000, 1606761124.078000, 1606761124.078000, 1606761129.028000, 1606761129.028000, 1606761304.699000
