read_start,read_end,cpu_start,cpu_end,write_start,write_end
1606761358.637000, 1606761537.366000, 1606761537.366000, 1606761542.636000, 1606761542.636000, 1606761745.171000
1606761745.539000, 1606761748.953000, 1606761748.953000, 1606761755.149000, 1606761755.149000, 1606761949.696000
1606761949.828000, 1606761950.906000, 1606761950.906000, 1606761956.101000, 1606761956.101000, 1606762074.325000
