read_start,read_end,cpu_start,cpu_end,write_start,write_end
1606760752.112000, 1606760908.790000, 1606760908.790000, 1606760913.854000, 1606760913.854000, 1606760997.343000
1606760997.357000, 1606760999.091000, 1606760999.091000, 1606761004.441000, 1606761004.441000, 1606761120.387000
1606761120.445000, 1606761121.939000, 1606761121.939000, 1606761127.667000, 1606761127.667000, 1606761304.148000
