read_start,read_end,cpu_start,cpu_end,write_start,write_end
1606758631.549000, 1606758780.800000, 1606758780.800000, 1606758785.844000, 1606758785.844000, 1606758940.867000
1606758940.887000, 1606758942.171000, 1606758942.171000, 1606758947.166000, 1606758947.166000, 1606759116.043000
1606759116.096000, 1606759117.936000, 1606759117.936000, 1606759123.027000, 1606759123.027000, 1606759269.477000
