read_start,read_end,cpu_start,cpu_end,write_start,write_end
1606750601.467000, 1606750655.690000, 1606750655.690000, 1606750660.858000, 1606750660.858000, 1606750789.081000
1606750789.095000, 1606750790.060000, 1606750790.060000, 1606750794.818000, 1606750794.818000, 1606750847.932000
1606750847.946000, 1606750849.016000, 1606750849.016000, 1606750853.364000, 1606750853.364000, 1606750860.165000
