read_start,read_end,cpu_start,cpu_end,write_start,write_end
1606757336.313000, 1606757472.834000, 1606757472.834000, 1606757478.337000, 1606757478.337000, 1606757561.596000
1606757561.616000, 1606757562.697000, 1606757562.697000, 1606757567.372000, 1606757567.372000, 1606757736.725000
1606757736.742000, 1606757737.764000, 1606757737.764000, 1606757742.540000, 1606757742.540000, 1606757865.157000
