read_start,read_end,cpu_start,cpu_end,write_start,write_end
1606753514.339000, 1606753614.962000, 1606753614.962000, 1606753620.048000, 1606753620.048000, 1606753725.722000
1606753725.736000, 1606753726.908000, 1606753726.908000, 1606753731.906000, 1606753731.906000, 1606753840.224000
1606753840.241000, 1606753841.618000, 1606753841.618000, 1606753847.802000, 1606753847.802000, 1606753950.510000
