read_start,read_end,cpu_start,cpu_end,write_start,write_end
1606758631.563000, 1606758781.279000, 1606758781.279000, 1606758786.549000, 1606758786.549000, 1606758941.268000
1606758941.292000, 1606758942.852000, 1606758942.852000, 1606758947.868000, 1606758947.868000, 1606759115.905000
1606759116.014000, 1606759117.918000, 1606759117.918000, 1606759123.026000, 1606759123.026000, 1606759268.972000
