read_start,read_end,cpu_start,cpu_end,write_start,write_end
1606755017.143000, 1606755132.437000, 1606755132.437000, 1606755137.543000, 1606755137.543000, 1606755248.358000
1606755248.375000, 1606755249.487000, 1606755249.487000, 1606755254.314000, 1606755254.314000, 1606755381.027000
1606755381.040000, 1606755381.975000, 1606755381.975000, 1606755386.455000, 1606755386.455000, 1606755498.147000
