read_start,read_end,cpu_start,cpu_end,write_start,write_end
1606754495.870000, 1606754605.805000, 1606754605.805000, 1606754611.377000, 1606754611.377000, 1606754727.138000
1606754727.152000, 1606754728.263000, 1606754728.263000, 1606754733.068000, 1606754733.068000, 1606754854.683000
1606754854.700000, 1606754855.702000, 1606754855.702000, 1606754860.872000, 1606754860.872000, 1606754974.032000
