read_start,read_end,cpu_start,cpu_end,write_start,write_end
1606760022.650000, 1606760168.859000, 1606760168.859000, 1606760173.816000, 1606760173.816000, 1606760279.489000
1606760279.506000, 1606760280.981000, 1606760280.981000, 1606760286.889000, 1606760286.889000, 1606760439.421000
1606760439.486000, 1606760440.950000, 1606760440.950000, 1606760446.021000, 1606760446.021000, 1606760553.715000
