read_start,read_end,cpu_start,cpu_end,write_start,write_end
1606753514.339000, 1606753612.305000, 1606753612.305000, 1606753617.360000, 1606753617.360000, 1606753720.847000
1606753720.861000, 1606753721.792000, 1606753721.792000, 1606753726.760000, 1606753726.760000, 1606753825.052000
1606753825.066000, 1606753826.350000, 1606753826.350000, 1606753831.610000, 1606753831.610000, 1606753923.599000
