read_start,read_end,cpu_start,cpu_end,write_start,write_end
1606749470.349000, 1606749496.948000, 1606749496.948000, 1606749501.937000, 1606749501.937000, 1606749531.751000
1606749531.765000, 1606749532.776000, 1606749532.776000, 1606749537.219000, 1606749537.219000, 1606749566.653000
1606749566.669000, 1606749567.746000, 1606749567.746000, 1606749572.348000, 1606749572.348000, 1606749597.951000
