read_start,read_end,cpu_start,cpu_end,write_start,write_end
1606753990.289000, 1606754093.831000, 1606754093.831000, 1606754098.954000, 1606754098.954000, 1606754212.007000
1606754212.020000, 1606754213.050000, 1606754213.050000, 1606754217.867000, 1606754217.867000, 1606754326.468000
1606754326.484000, 1606754328.428000, 1606754328.428000, 1606754333.799000, 1606754333.799000, 1606754446.399000
