read_start,read_end,cpu_start,cpu_end,write_start,write_end
1606751171.226000, 1606751240.431000, 1606751240.431000, 1606751245.142000, 1606751245.142000, 1606751314.262000
1606751314.284000, 1606751315.251000, 1606751315.251000, 1606751319.967000, 1606751319.967000, 1606751393.418000
1606751393.442000, 1606751394.376000, 1606751394.376000, 1606751399.126000, 1606751399.126000, 1606751475.143000
