read_start,read_end,cpu_start,cpu_end,write_start,write_end
1606761358.636000, 1606761536.592000, 1606761536.592000, 1606761541.711000, 1606761541.711000, 1606761745.091000
1606761745.115000, 1606761746.314000, 1606761746.314000, 1606761751.978000, 1606761751.978000, 1606761885.337000
1606761885.353000, 1606761886.350000, 1606761886.350000, 1606761890.723000, 1606761890.723000, 1606762038.474000
