read_start,read_end,cpu_start,cpu_end,write_start,write_end
1606756124.859000, 1606756250.701000, 1606756250.701000, 1606756256.109000, 1606756256.109000, 1606756352.879000
1606756352.893000, 1606756353.965000, 1606756353.965000, 1606756358.577000, 1606756358.577000, 1606756484.552000
1606756484.569000, 1606756486.040000, 1606756486.040000, 1606756490.998000, 1606756490.998000, 1606756657.648000
