read_start,read_end,cpu_start,cpu_end,write_start,write_end
1606752234.906000, 1606752317.034000, 1606752317.034000, 1606752322.175000, 1606752322.175000, 1606752412.625000
1606752412.640000, 1606752413.721000, 1606752413.721000, 1606752418.936000, 1606752418.936000, 1606752510.524000
1606752510.542000, 1606752511.613000, 1606752511.613000, 1606752516.221000, 1606752516.221000, 1606752597.733000
