read_start,read_end,cpu_start,cpu_end,write_start,write_end
1606753990.296000, 1606754089.155000, 1606754089.155000, 1606754094.299000, 1606754094.299000, 1606754458.784000
1606754458.804000, 1606754459.884000, 1606754459.884000, 1606754464.223000, 1606754464.223000, 1606754471.515000
1606754471.529000, 1606754472.516000, 1606754472.516000, 1606754476.863000, 1606754476.863000, 1606754483.848000
