read_start,read_end,cpu_start,cpu_end,write_start,write_end
1606757970.651000, 1606758102.971000, 1606758102.971000, 1606758107.501000, 1606758107.501000, 1606758201.156000
1606758201.172000, 1606758202.125000, 1606758202.125000, 1606758207.239000, 1606758207.239000, 1606758315.268000
1606758315.289000, 1606758316.257000, 1606758316.257000, 1606758320.980000, 1606758320.980000, 1606758481.542000
