read_start,read_end,cpu_start,cpu_end,write_start,write_end
1606760752.092000, 1606760916.555000, 1606760916.555000, 1606760921.937000, 1606760921.937000, 1606761064.304000
1606761064.319000, 1606761066.100000, 1606761066.100000, 1606761072.029000, 1606761072.029000, 1606761233.879000
1606761233.979000, 1606761235.257000, 1606761235.257000, 1606761240.066000, 1606761240.066000, 1606761328.050000
