read_start,read_end,cpu_start,cpu_end,write_start,write_end
1606760752.126000, 1606760915.866000, 1606760915.866000, 1606760921.103000, 1606760921.103000, 1606761057.239000
1606761057.253000, 1606761058.254000, 1606761058.254000, 1606761062.895000, 1606761062.895000, 1606761176.006000
1606761176.023000, 1606761177.067000, 1606761177.067000, 1606761181.546000, 1606761181.546000, 1606761317.407000
