read_start,read_end,cpu_start,cpu_end,write_start,write_end
1606755017.149000, 1606755132.152000, 1606755132.152000, 1606755137.689000, 1606755137.689000, 1606755248.437000
1606755248.452000, 1606755249.536000, 1606755249.536000, 1606755254.247000, 1606755254.247000, 1606755378.431000
1606755378.446000, 1606755379.385000, 1606755379.385000, 1606755383.765000, 1606755383.765000, 1606755497.667000
