read_start,read_end,cpu_start,cpu_end,write_start,write_end
1606754495.857000, 1606754605.840000, 1606754605.840000, 1606754610.825000, 1606754610.825000, 1606754726.437000
1606754726.450000, 1606754727.587000, 1606754727.587000, 1606754732.704000, 1606754732.704000, 1606754853.948000
1606754853.963000, 1606754855.062000, 1606754855.062000, 1606754860.474000, 1606754860.474000, 1606754974.599000
