read_start,read_end,cpu_start,cpu_end,write_start,write_end
1606760752.121000, 1606760909.886000, 1606760909.886000, 1606760914.945000, 1606760914.945000, 1606760997.422000
1606760997.442000, 1606760999.435000, 1606760999.435000, 1606761004.885000, 1606761004.885000, 1606761117.839000
1606761117.921000, 1606761119.130000, 1606761119.130000, 1606761123.936000, 1606761123.936000, 1606761302.262000
