read_start,read_end,cpu_start,cpu_end,write_start,write_end
1606760022.639000, 1606760172.065000, 1606760172.065000, 1606760177.141000, 1606760177.141000, 1606760280.582000
1606760280.597000, 1606760281.704000, 1606760281.704000, 1606760287.164000, 1606760287.164000, 1606760440.368000
1606760440.382000, 1606760441.345000, 1606760441.345000, 1606760446.070000, 1606760446.070000, 1606760553.153000
