read_start,read_end,cpu_start,cpu_end,write_start,write_end
1606753067.275000, 1606753160.915000, 1606753160.915000, 1606753166.466000, 1606753166.466000, 1606753266.237000
1606753266.250000, 1606753267.392000, 1606753267.392000, 1606753272.520000, 1606753272.520000, 1606753374.974000
1606753374.988000, 1606753376.241000, 1606753376.241000, 1606753381.331000, 1606753381.331000, 1606753472.793000
