read_start,read_end,cpu_start,cpu_end,write_start,write_end
1606761358.637000, 1606761539.218000, 1606761539.218000, 1606761544.589000, 1606761544.589000, 1606761745.131000
1606761745.502000, 1606761748.769000, 1606761748.769000, 1606761755.575000, 1606761755.575000, 1606761950.184000
1606761950.361000, 1606761951.798000, 1606761951.798000, 1606761956.932000, 1606761956.932000, 1606762074.570000
