read_start,read_end,cpu_start,cpu_end,write_start,write_end
1606757970.673000, 1606758113.917000, 1606758113.917000, 1606758119.126000, 1606758119.126000, 1606758311.234000
1606758311.247000, 1606758312.336000, 1606758312.336000, 1606758317.323000, 1606758317.323000, 1606758413.019000
1606758413.078000, 1606758414.100000, 1606758414.100000, 1606758418.692000, 1606758418.692000, 1606758584.368000
