read_start,read_end,cpu_start,cpu_end,write_start,write_end
1606756723.013000, 1606756855.939000, 1606756855.939000, 1606756861.640000, 1606756861.640000, 1606757041.887000
1606757041.902000, 1606757043.374000, 1606757043.374000, 1606757049.077000, 1606757049.077000, 1606757163.909000
1606757163.999000, 1606757165.251000, 1606757165.251000, 1606757169.728000, 1606757169.728000, 1606757289.463000
