read_start,read_end,cpu_start,cpu_end,write_start,write_end
1606753067.267000, 1606753163.072000, 1606753163.072000, 1606753168.497000, 1606753168.497000, 1606753267.091000
1606753267.104000, 1606753268.092000, 1606753268.092000, 1606753273.124000, 1606753273.124000, 1606753375.301000
1606753375.320000, 1606753376.722000, 1606753376.722000, 1606753382.830000, 1606753382.830000, 1606753474.243000
