read_start,read_end,cpu_start,cpu_end,write_start,write_end
1606751511.387000, 1606751585.921000, 1606751585.921000, 1606751591.318000, 1606751591.318000, 1606751666.545000
1606751666.562000, 1606751667.512000, 1606751667.512000, 1606751672.235000, 1606751672.235000, 1606751750.270000
1606751750.285000, 1606751751.420000, 1606751751.420000, 1606751756.249000, 1606751756.249000, 1606751825.251000
