read_start,read_end,cpu_start,cpu_end,write_start,write_end
1606761358.637000, 1606761537.300000, 1606761537.300000, 1606761543.429000, 1606761543.429000, 1606761745.130000
1606761745.301000, 1606761748.062000, 1606761748.062000, 1606761755.425000, 1606761755.425000, 1606761950.056000
1606761950.183000, 1606761951.552000, 1606761951.552000, 1606761957.054000, 1606761957.054000, 1606762074.583000
