read_start,read_end,cpu_start,cpu_end,write_start,write_end
1606750867.921000, 1606750927.498000, 1606750927.498000, 1606750932.614000, 1606750932.614000, 1606751004.898000
1606751004.912000, 1606751005.905000, 1606751005.905000, 1606751010.498000, 1606751010.498000, 1606751075.777000
1606751075.791000, 1606751076.897000, 1606751076.897000, 1606751081.654000, 1606751081.654000, 1606751150.000000
