read_start,read_end,cpu_start,cpu_end,write_start,write_end
1606750867.916000, 1606750929.316000, 1606750929.316000, 1606750934.614000, 1606750934.614000, 1606751000.163000
1606751000.178000, 1606751001.240000, 1606751001.240000, 1606751006.232000, 1606751006.232000, 1606751075.000000
1606751075.014000, 1606751076.124000, 1606751076.124000, 1606751080.940000, 1606751080.940000, 1606751149.630000
