read_start,read_end,cpu_start,cpu_end,write_start,write_end
1606754495.857000, 1606754599.934000, 1606754599.934000, 1606754604.650000, 1606754604.650000, 1606754711.075000
1606754711.088000, 1606754712.043000, 1606754712.043000, 1606754716.560000, 1606754716.560000, 1606754824.546000
1606754824.560000, 1606754825.588000, 1606754825.588000, 1606754830.002000, 1606754830.002000, 1606754941.074000
