read_start,read_end,cpu_start,cpu_end,write_start,write_end
1606757970.664000, 1606758105.857000, 1606758105.857000, 1606758110.816000, 1606758110.816000, 1606758202.057000
1606758202.071000, 1606758203.133000, 1606758203.133000, 1606758207.765000, 1606758207.765000, 1606758315.129000
1606758315.144000, 1606758316.685000, 1606758316.685000, 1606758321.765000, 1606758321.765000, 1606758486.449000
