read_start,read_end,cpu_start,cpu_end,write_start,write_end
1606756723.010000, 1606756853.235000, 1606756853.235000, 1606756858.757000, 1606756858.757000, 1606756951.009000
1606756951.024000, 1606756951.984000, 1606756951.984000, 1606756956.737000, 1606756956.737000, 1606757050.080000
1606757050.094000, 1606757051.250000, 1606757051.250000, 1606757055.803000, 1606757055.803000, 1606757218.312000
