read_start,read_end,cpu_start,cpu_end,write_start,write_end
1606759314.194000, 1606759465.037000, 1606759465.037000, 1606759470.738000, 1606759470.738000, 1606759543.739000
1606759543.756000, 1606759545.099000, 1606759545.099000, 1606759550.372000, 1606759550.372000, 1606759730.703000
1606759730.747000, 1606759732.606000, 1606759732.606000, 1606759738.100000, 1606759738.100000, 1606759923.840000
