read_start,read_end,cpu_start,cpu_end,write_start,write_end
1606757970.660000, 1606758107.785000, 1606758107.785000, 1606758112.722000, 1606758112.722000, 1606758203.058000
1606758203.072000, 1606758204.039000, 1606758204.039000, 1606758208.836000, 1606758208.836000, 1606758316.482000
1606758316.498000, 1606758317.534000, 1606758317.534000, 1606758322.323000, 1606758322.323000, 1606758486.894000
