read_start,read_end,cpu_start,cpu_end,write_start,write_end
1606755017.137000, 1606755134.193000, 1606755134.193000, 1606755139.239000, 1606755139.239000, 1606755311.940000
1606755311.955000, 1606755313.444000, 1606755313.444000, 1606755318.114000, 1606755318.114000, 1606755432.257000
1606755432.328000, 1606755434.339000, 1606755434.339000, 1606755439.439000, 1606755439.439000, 1606755509.308000
