read_start,read_end,cpu_start,cpu_end,write_start,write_end
1606761358.637000, 1606761530.107000, 1606761530.107000, 1606761535.025000, 1606761535.025000, 1606761743.089000
1606761743.173000, 1606761744.420000, 1606761744.420000, 1606761751.046000, 1606761751.046000, 1606761825.405000
1606761825.462000, 1606761827.226000, 1606761827.226000, 1606761831.765000, 1606761831.765000, 1606761990.309000
