read_start,read_end,cpu_start,cpu_end,write_start,write_end
1606753514.342000, 1606753613.591000, 1606753613.591000, 1606753618.707000, 1606753618.707000, 1606753724.604000
1606753724.617000, 1606753725.728000, 1606753725.728000, 1606753731.192000, 1606753731.192000, 1606753839.951000
1606753839.970000, 1606753841.322000, 1606753841.322000, 1606753846.790000, 1606753846.790000, 1606753949.958000
