read_start,read_end,cpu_start,cpu_end,write_start,write_end
1606750140.081000, 1606750187.601000, 1606750187.601000, 1606750192.632000, 1606750192.632000, 1606750240.325000
1606750240.340000, 1606750241.357000, 1606750241.357000, 1606750246.129000, 1606750246.129000, 1606750292.644000
1606750292.658000, 1606750293.589000, 1606750293.589000, 1606750298.391000, 1606750298.391000, 1606750345.456000
