read_start,read_end,cpu_start,cpu_end,write_start,write_end
1606755551.821000, 1606755669.146000, 1606755669.146000, 1606755674.015000, 1606755674.015000, 1606755773.674000
1606755773.687000, 1606755774.750000, 1606755774.750000, 1606755779.333000, 1606755779.333000, 1606755909.333000
1606755909.346000, 1606755910.836000, 1606755910.836000, 1606755915.404000, 1606755915.404000, 1606756041.366000
