read_start,read_end,cpu_start,cpu_end,write_start,write_end
1606756722.997000, 1606756855.631000, 1606756855.631000, 1606756861.407000, 1606756861.407000, 1606757034.462000
1606757034.479000, 1606757035.565000, 1606757035.565000, 1606757040.316000, 1606757040.316000, 1606757155.537000
1606757155.564000, 1606757156.534000, 1606757156.534000, 1606757161.245000, 1606757161.245000, 1606757283.984000
