read_start,read_end,cpu_start,cpu_end,write_start,write_end
1606760022.662000, 1606760183.395000, 1606760183.395000, 1606760188.504000, 1606760188.504000, 1606760354.294000
1606760354.326000, 1606760356.213000, 1606760356.213000, 1606760361.800000, 1606760361.800000, 1606760573.806000
1606760573.941000, 1606760575.939000, 1606760575.939000, 1606760580.948000, 1606760580.948000, 1606760706.377000
