read_start,read_end,cpu_start,cpu_end,write_start,write_end
1606755551.834000, 1606755673.535000, 1606755673.535000, 1606755678.625000, 1606755678.625000, 1606755787.749000
1606755787.763000, 1606755788.719000, 1606755788.719000, 1606755793.212000, 1606755793.212000, 1606755940.522000
1606755940.538000, 1606755941.541000, 1606755941.541000, 1606755945.922000, 1606755945.922000, 1606756059.812000
