read_start,read_end,cpu_start,cpu_end,write_start,write_end
1606755017.137000, 1606755132.762000, 1606755132.762000, 1606755138.015000, 1606755138.015000, 1606755248.885000
1606755248.901000, 1606755249.941000, 1606755249.941000, 1606755254.725000, 1606755254.725000, 1606755385.159000
1606755385.175000, 1606755386.126000, 1606755386.126000, 1606755390.517000, 1606755390.517000, 1606755498.428000
