read_start,read_end,cpu_start,cpu_end,write_start,write_end
1606756722.988000, 1606756856.104000, 1606756856.104000, 1606756861.530000, 1606756861.530000, 1606757039.016000
1606757039.034000, 1606757040.889000, 1606757040.889000, 1606757045.622000, 1606757045.622000, 1606757170.000000
1606757170.092000, 1606757171.663000, 1606757171.663000, 1606757176.659000, 1606757176.659000, 1606757293.481000
