read_start,read_end,cpu_start,cpu_end,write_start,write_end
1606761358.636000, 1606761534.763000, 1606761534.763000, 1606761540.052000, 1606761540.052000, 1606761745.040000
1606761745.125000, 1606761746.566000, 1606761746.566000, 1606761752.296000, 1606761752.296000, 1606761903.034000
1606761903.050000, 1606761904.112000, 1606761904.112000, 1606761908.484000, 1606761908.484000, 1606762050.386000
