read_start,read_end,cpu_start,cpu_end,write_start,write_end
1606751511.387000, 1606751585.218000, 1606751585.218000, 1606751590.103000, 1606751590.103000, 1606751666.260000
1606751666.276000, 1606751667.280000, 1606751667.280000, 1606751672.183000, 1606751672.183000, 1606751750.188000
1606751750.202000, 1606751751.214000, 1606751751.214000, 1606751756.054000, 1606751756.054000, 1606751825.079000
