read_start,read_end,cpu_start,cpu_end,write_start,write_end
1606749941.008000, 1606749983.503000, 1606749983.503000, 1606749988.710000, 1606749988.710000, 1606750030.819000
1606750030.833000, 1606750031.941000, 1606750031.941000, 1606750037.111000, 1606750037.111000, 1606750082.105000
1606750082.119000, 1606750083.209000, 1606750083.209000, 1606750087.958000, 1606750087.958000, 1606750132.494000
