read_start,read_end,cpu_start,cpu_end,write_start,write_end
1606758631.572000, 1606758779.756000, 1606758779.756000, 1606758785.074000, 1606758785.074000, 1606758936.964000
1606758937.012000, 1606758938.284000, 1606758938.284000, 1606758943.100000, 1606758943.100000, 1606759046.565000
1606759046.614000, 1606759047.762000, 1606759047.762000, 1606759052.302000, 1606759052.302000, 1606759206.189000
