read_start,read_end,cpu_start,cpu_end,write_start,write_end
1606750601.466000, 1606750657.873000, 1606750657.873000, 1606750662.794000, 1606750662.794000, 1606750723.072000
1606750723.085000, 1606750724.202000, 1606750724.202000, 1606750729.338000, 1606750729.338000, 1606750787.955000
1606750787.968000, 1606750789.073000, 1606750789.073000, 1606750793.824000, 1606750793.824000, 1606750847.066000
