read_start,read_end,cpu_start,cpu_end,write_start,write_end
1606760752.092000, 1606760905.604000, 1606760905.604000, 1606760910.641000, 1606760910.641000, 1606760996.798000
1606760996.814000, 1606760998.037000, 1606760998.037000, 1606761003.123000, 1606761003.123000, 1606761109.963000
1606761109.977000, 1606761111.244000, 1606761111.244000, 1606761115.994000, 1606761115.994000, 1606761296.933000
