read_start,read_end,cpu_start,cpu_end,write_start,write_end
1606753067.275000, 1606753162.255000, 1606753162.255000, 1606753167.586000, 1606753167.586000, 1606753266.761000
1606753266.775000, 1606753267.901000, 1606753267.901000, 1606753272.945000, 1606753272.945000, 1606753375.158000
1606753375.171000, 1606753376.416000, 1606753376.416000, 1606753382.220000, 1606753382.220000, 1606753473.777000
