read_start,read_end,cpu_start,cpu_end,write_start,write_end
1606751171.232000, 1606751236.847000, 1606751236.847000, 1606751241.984000, 1606751241.984000, 1606751309.270000
1606751309.287000, 1606751310.372000, 1606751310.372000, 1606751315.188000, 1606751315.188000, 1606751363.425000
1606751363.439000, 1606751364.411000, 1606751364.411000, 1606751368.832000, 1606751368.832000, 1606751428.997000
