read_start,read_end,cpu_start,cpu_end,write_start,write_end
1606759314.195000, 1606759463.151000, 1606759463.151000, 1606759468.205000, 1606759468.205000, 1606759541.684000
1606759541.706000, 1606759542.832000, 1606759542.832000, 1606759547.787000, 1606759547.787000, 1606759727.512000
1606759727.539000, 1606759729.066000, 1606759729.066000, 1606759734.473000, 1606759734.473000, 1606759891.090000
