read_start,read_end,cpu_start,cpu_end,write_start,write_end
1606755017.137000, 1606755128.121000, 1606755128.121000, 1606755133.460000, 1606755133.460000, 1606755238.131000
1606755238.144000, 1606755239.219000, 1606755239.219000, 1606755244.192000, 1606755244.192000, 1606755354.209000
1606755354.222000, 1606755355.860000, 1606755355.860000, 1606755360.543000, 1606755360.543000, 1606755487.355000
