read_start,read_end,cpu_start,cpu_end,write_start,write_end
1606754495.863000, 1606754605.555000, 1606754605.555000, 1606754611.182000, 1606754611.182000, 1606754727.020000
1606754727.034000, 1606754728.011000, 1606754728.011000, 1606754733.115000, 1606754733.115000, 1606754854.826000
1606754854.840000, 1606754855.850000, 1606754855.850000, 1606754860.994000, 1606754860.994000, 1606754973.541000
