read_start,read_end,cpu_start,cpu_end,write_start,write_end
1606759314.220000, 1606759468.797000, 1606759468.797000, 1606759474.188000, 1606759474.188000, 1606759635.432000
1606759635.448000, 1606759637.363000, 1606759637.363000, 1606759642.720000, 1606759642.720000, 1606759823.821000
1606759823.965000, 1606759825.350000, 1606759825.350000, 1606759829.855000, 1606759829.855000, 1606759970.276000
