read_start,read_end,cpu_start,cpu_end,write_start,write_end
1606757970.651000, 1606758114.613000, 1606758114.613000, 1606758120.018000, 1606758120.018000, 1606758313.711000
1606758313.729000, 1606758315.081000, 1606758315.081000, 1606758320.101000, 1606758320.101000, 1606758448.493000
1606758448.546000, 1606758449.740000, 1606758449.740000, 1606758454.552000, 1606758454.552000, 1606758587.330000
