read_start,read_end,cpu_start,cpu_end,write_start,write_end
1606752646.829000, 1606752730.865000, 1606752730.865000, 1606752735.489000, 1606752735.489000, 1606753031.631000
1606753031.647000, 1606753032.570000, 1606753032.570000, 1606753036.908000, 1606753036.908000, 1606753043.753000
1606753043.767000, 1606753044.697000, 1606753044.697000, 1606753049.035000, 1606753049.035000, 1606753055.831000
