read_start,read_end,cpu_start,cpu_end,write_start,write_end
1606757970.652000, 1606758108.979000, 1606758108.979000, 1606758114.301000, 1606758114.301000, 1606758205.531000
1606758205.546000, 1606758206.663000, 1606758206.663000, 1606758211.665000, 1606758211.665000, 1606758323.180000
1606758323.194000, 1606758324.274000, 1606758324.274000, 1606758329.081000, 1606758329.081000, 1606758491.937000
