read_start,read_end,cpu_start,cpu_end,write_start,write_end
1606750867.923000, 1606750928.875000, 1606750928.875000, 1606750934.216000, 1606750934.216000, 1606750999.456000
1606750999.470000, 1606751000.473000, 1606751000.473000, 1606751005.547000, 1606751005.547000, 1606751150.583000
1606751150.596000, 1606751151.695000, 1606751151.695000, 1606751156.033000, 1606751156.033000, 1606751162.825000
