read_start,read_end,cpu_start,cpu_end,write_start,write_end
1606756124.862000, 1606756246.927000, 1606756246.927000, 1606756252.006000, 1606756252.006000, 1606756344.336000
1606756344.348000, 1606756345.315000, 1606756345.315000, 1606756350.071000, 1606756350.071000, 1606756480.473000
1606756480.491000, 1606756481.692000, 1606756481.692000, 1606756486.592000, 1606756486.592000, 1606756594.131000
