read_start,read_end,cpu_start,cpu_end,write_start,write_end
1606752234.903000, 1606752319.495000, 1606752319.495000, 1606752324.600000, 1606752324.600000, 1606752415.564000
1606752415.580000, 1606752416.693000, 1606752416.693000, 1606752421.535000, 1606752421.535000, 1606752515.828000
1606752515.843000, 1606752516.824000, 1606752516.824000, 1606752521.657000, 1606752521.657000, 1606752607.120000
