read_start,read_end,cpu_start,cpu_end,write_start,write_end
1606759314.220000, 1606759468.184000, 1606759468.184000, 1606759473.810000, 1606759473.810000, 1606759634.995000
1606759635.013000, 1606759637.032000, 1606759637.032000, 1606759641.994000, 1606759641.994000, 1606759811.003000
1606759811.172000, 1606759812.846000, 1606759812.846000, 1606759817.662000, 1606759817.662000, 1606759973.061000
