read_start,read_end,cpu_start,cpu_end,write_start,write_end
1606750867.912000, 1606750931.324000, 1606750931.324000, 1606750936.168000, 1606750936.168000, 1606751000.895000
1606751000.908000, 1606751002.036000, 1606751002.036000, 1606751006.808000, 1606751006.808000, 1606751075.284000
1606751075.299000, 1606751076.297000, 1606751076.297000, 1606751081.095000, 1606751081.095000, 1606751149.857000
