read_start,read_end,cpu_start,cpu_end,write_start,write_end
1606755551.817000, 1606755673.632000, 1606755673.632000, 1606755679.206000, 1606755679.206000, 1606755896.351000
1606755896.364000, 1606755897.312000, 1606755897.312000, 1606755901.968000, 1606755901.968000, 1606756032.435000
1606756032.448000, 1606756033.395000, 1606756033.395000, 1606756037.986000, 1606756037.986000, 1606756079.282000
