read_start,read_end,cpu_start,cpu_end,write_start,write_end
1606757970.662000, 1606758114.508000, 1606758114.508000, 1606758119.942000, 1606758119.942000, 1606758313.657000
1606758313.672000, 1606758314.806000, 1606758314.806000, 1606758319.777000, 1606758319.777000, 1606758441.961000
1606758442.013000, 1606758443.049000, 1606758443.049000, 1606758447.703000, 1606758447.703000, 1606758587.051000
