read_start,read_end,cpu_start,cpu_end,write_start,write_end
1606761358.637000, 1606761529.366000, 1606761529.366000, 1606761534.171000, 1606761534.171000, 1606761708.429000
1606761708.445000, 1606761709.536000, 1606761709.536000, 1606761714.299000, 1606761714.299000, 1606761749.294000
1606761749.311000, 1606761750.638000, 1606761750.638000, 1606761756.680000, 1606761756.680000, 1606761950.766000
