read_start,read_end,cpu_start,cpu_end,write_start,write_end
1606760752.120000, 1606760917.200000, 1606760917.200000, 1606760922.471000, 1606760922.471000, 1606761066.393000
1606761066.414000, 1606761067.776000, 1606761067.776000, 1606761072.328000, 1606761072.328000, 1606761233.337000
1606761233.397000, 1606761234.534000, 1606761234.534000, 1606761239.073000, 1606761239.073000, 1606761327.893000
