read_start,read_end,cpu_start,cpu_end,write_start,write_end
1606755551.827000, 1606755674.358000, 1606755674.358000, 1606755679.919000, 1606755679.919000, 1606755897.571000
1606755897.586000, 1606755898.771000, 1606755898.771000, 1606755903.379000, 1606755903.379000, 1606756030.877000
1606756030.915000, 1606756032.787000, 1606756032.787000, 1606756037.905000, 1606756037.905000, 1606756080.452000
