read_start,read_end,cpu_start,cpu_end,write_start,write_end
1606751511.395000, 1606751583.984000, 1606751583.984000, 1606751588.921000, 1606751588.921000, 1606751665.343000
1606751665.358000, 1606751666.348000, 1606751666.348000, 1606751671.688000, 1606751671.688000, 1606751750.031000
1606751750.047000, 1606751751.062000, 1606751751.062000, 1606751755.791000, 1606751755.791000, 1606751824.971000
