read_start,read_end,cpu_start,cpu_end,write_start,write_end
1606751171.226000, 1606751239.129000, 1606751239.129000, 1606751244.324000, 1606751244.324000, 1606751314.017000
1606751314.033000, 1606751315.167000, 1606751315.167000, 1606751320.071000, 1606751320.071000, 1606751393.509000
1606751393.522000, 1606751394.496000, 1606751394.496000, 1606751399.310000, 1606751399.310000, 1606751475.235000
