read_start,read_end,cpu_start,cpu_end,write_start,write_end
1606755017.137000, 1606755125.115000, 1606755125.115000, 1606755129.677000, 1606755129.677000, 1606755515.118000
1606755515.130000, 1606755516.807000, 1606755516.807000, 1606755521.150000, 1606755521.150000, 1606755527.978000
1606755527.992000, 1606755528.964000, 1606755528.964000, 1606755533.305000, 1606755533.305000, 1606755540.115000
