read_start,read_end,cpu_start,cpu_end,write_start,write_end
1606758631.549000, 1606758780.960000, 1606758780.960000, 1606758786.374000, 1606758786.374000, 1606758941.122000
1606758941.145000, 1606758942.737000, 1606758942.737000, 1606758947.536000, 1606758947.536000, 1606759116.034000
1606759116.177000, 1606759118.130000, 1606759118.130000, 1606759123.240000, 1606759123.240000, 1606759269.202000
