read_start,read_end,cpu_start,cpu_end,write_start,write_end
1606757970.667000, 1606758114.416000, 1606758114.416000, 1606758119.584000, 1606758119.584000, 1606758312.771000
1606758312.786000, 1606758314.206000, 1606758314.206000, 1606758319.356000, 1606758319.356000, 1606758434.983000
1606758435.032000, 1606758436.082000, 1606758436.082000, 1606758440.572000, 1606758440.572000, 1606758586.699000
