read_start,read_end,cpu_start,cpu_end,write_start,write_end
1606757336.300000, 1606757466.813000, 1606757466.813000, 1606757471.856000, 1606757471.856000, 1606757552.676000
1606757552.689000, 1606757553.745000, 1606757553.745000, 1606757558.451000, 1606757558.451000, 1606757657.906000
1606757657.919000, 1606757658.892000, 1606757658.892000, 1606757663.940000, 1606757663.940000, 1606757838.127000
