read_start,read_end,cpu_start,cpu_end,write_start,write_end
1606757970.651000, 1606758108.347000, 1606758108.347000, 1606758113.308000, 1606758113.308000, 1606758203.144000
1606758203.161000, 1606758204.109000, 1606758204.109000, 1606758208.915000, 1606758208.915000, 1606758317.158000
1606758317.173000, 1606758318.493000, 1606758318.493000, 1606758323.361000, 1606758323.361000, 1606758487.365000
