read_start,read_end,cpu_start,cpu_end,write_start,write_end
1606755551.819000, 1606755667.891000, 1606755667.891000, 1606755672.820000, 1606755672.820000, 1606755771.274000
1606755771.287000, 1606755772.229000, 1606755772.229000, 1606755776.991000, 1606755776.991000, 1606755905.299000
1606755905.312000, 1606755906.744000, 1606755906.744000, 1606755912.181000, 1606755912.181000, 1606756044.425000
