read_start,read_end,cpu_start,cpu_end,write_start,write_end
1606760022.636000, 1606760181.294000, 1606760181.294000, 1606760186.362000, 1606760186.362000, 1606760284.414000
1606760284.450000, 1606760285.758000, 1606760285.758000, 1606760290.948000, 1606760290.948000, 1606760455.216000
1606760455.442000, 1606760457.405000, 1606760457.405000, 1606760462.880000, 1606760462.880000, 1606760629.590000
