read_start,read_end,cpu_start,cpu_end,write_start,write_end
1606757970.662000, 1606758112.900000, 1606758112.900000, 1606758118.504000, 1606758118.504000, 1606758210.114000
1606758210.130000, 1606758211.445000, 1606758211.445000, 1606758216.182000, 1606758216.182000, 1606758406.015000
1606758406.063000, 1606758407.542000, 1606758407.542000, 1606758413.390000, 1606758413.390000, 1606758573.427000
