read_start,read_end,cpu_start,cpu_end,write_start,write_end
1606759314.218000, 1606759465.323000, 1606759465.323000, 1606759471.062000, 1606759471.062000, 1606759543.825000
1606759543.845000, 1606759544.937000, 1606759544.937000, 1606759549.667000, 1606759549.667000, 1606759729.656000
1606759729.672000, 1606759730.830000, 1606759730.830000, 1606759735.739000, 1606759735.739000, 1606759894.888000
