read_start,read_end,cpu_start,cpu_end,write_start,write_end
1606755551.817000, 1606755667.858000, 1606755667.858000, 1606755673.187000, 1606755673.187000, 1606755770.773000
1606755770.791000, 1606755771.906000, 1606755771.906000, 1606755776.909000, 1606755776.909000, 1606755905.181000
1606755905.194000, 1606755906.398000, 1606755906.398000, 1606755910.814000, 1606755910.814000, 1606756037.786000
