read_start,read_end,cpu_start,cpu_end,write_start,write_end
1606759314.196000, 1606759467.998000, 1606759467.998000, 1606759473.410000, 1606759473.410000, 1606759632.277000
1606759632.290000, 1606759634.407000, 1606759634.407000, 1606759640.585000, 1606759640.585000, 1606759817.866000
1606759817.976000, 1606759819.393000, 1606759819.393000, 1606759824.268000, 1606759824.268000, 1606759971.906000
