read_start,read_end,cpu_start,cpu_end,write_start,write_end
1606753990.302000, 1606754094.477000, 1606754094.477000, 1606754099.739000, 1606754099.739000, 1606754213.152000
1606754213.166000, 1606754214.231000, 1606754214.231000, 1606754219.163000, 1606754219.163000, 1606754328.611000
1606754328.624000, 1606754329.577000, 1606754329.577000, 1606754334.468000, 1606754334.468000, 1606754444.978000
