read_start,read_end,cpu_start,cpu_end,write_start,write_end
1606761358.637000, 1606761535.085000, 1606761535.085000, 1606761540.391000, 1606761540.391000, 1606761745.042000
1606761745.130000, 1606761747.630000, 1606761747.630000, 1606761754.152000, 1606761754.152000, 1606761947.209000
1606761947.270000, 1606761948.286000, 1606761948.286000, 1606761953.445000, 1606761953.445000, 1606762072.863000
