read_start,read_end,cpu_start,cpu_end,write_start,write_end
1606760022.656000, 1606760183.041000, 1606760183.041000, 1606760188.461000, 1606760188.461000, 1606760354.154000
1606760354.166000, 1606760356.084000, 1606760356.084000, 1606760362.758000, 1606760362.758000, 1606760550.774000
1606760550.977000, 1606760552.353000, 1606760552.353000, 1606760557.540000, 1606760557.540000, 1606760704.534000
