read_start,read_end,cpu_start,cpu_end,write_start,write_end
1606753990.306000, 1606754096.406000, 1606754096.406000, 1606754101.882000, 1606754101.882000, 1606754216.699000
1606754216.714000, 1606754217.783000, 1606754217.783000, 1606754222.516000, 1606754222.516000, 1606754333.679000
1606754333.693000, 1606754334.633000, 1606754334.633000, 1606754339.358000, 1606754339.358000, 1606754450.188000
