read_start,read_end,cpu_start,cpu_end,write_start,write_end
1606749359.588000, 1606749380.926000, 1606749380.926000, 1606749385.680000, 1606749385.680000, 1606749409.584000
1606749409.597000, 1606749410.674000, 1606749410.674000, 1606749415.241000, 1606749415.241000, 1606749438.683000
1606749438.698000, 1606749439.742000, 1606749439.742000, 1606749444.116000, 1606749444.116000, 1606749467.306000
