read_start,read_end,cpu_start,cpu_end,write_start,write_end
1606755551.823000, 1606755672.371000, 1606755672.371000, 1606755678.010000, 1606755678.010000, 1606755783.991000
1606755784.005000, 1606755785.322000, 1606755785.322000, 1606755790.841000, 1606755790.841000, 1606755929.734000
1606755929.771000, 1606755931.365000, 1606755931.365000, 1606755936.178000, 1606755936.178000, 1606756055.444000
