read_start,read_end,cpu_start,cpu_end,write_start,write_end
1606756124.855000, 1606756251.106000, 1606756251.106000, 1606756256.248000, 1606756256.248000, 1606756354.257000
1606756354.272000, 1606756355.284000, 1606756355.284000, 1606756359.937000, 1606756359.937000, 1606756490.112000
1606756490.122000, 1606756491.285000, 1606756491.285000, 1606756495.755000, 1606756495.755000, 1606756666.532000
