read_start,read_end,cpu_start,cpu_end,write_start,write_end
1606756723.010000, 1606756855.478000, 1606756855.478000, 1606756861.125000, 1606756861.125000, 1606757026.666000
1606757026.719000, 1606757028.368000, 1606757028.368000, 1606757032.876000, 1606757032.876000, 1606757159.229000
1606757159.348000, 1606757160.948000, 1606757160.948000, 1606757165.553000, 1606757165.553000, 1606757280.702000
