read_start,read_end,cpu_start,cpu_end,write_start,write_end
1606757970.652000, 1606758111.287000, 1606758111.287000, 1606758116.779000, 1606758116.779000, 1606758208.390000
1606758208.404000, 1606758209.648000, 1606758209.648000, 1606758214.809000, 1606758214.809000, 1606758405.218000
1606758405.243000, 1606758406.330000, 1606758406.330000, 1606758411.452000, 1606758411.452000, 1606758543.364000
