read_start,read_end,cpu_start,cpu_end,write_start,write_end
1606754495.860000, 1606754604.900000, 1606754604.900000, 1606754609.877000, 1606754609.877000, 1606754724.003000
1606754724.017000, 1606754725.115000, 1606754725.115000, 1606754730.224000, 1606754730.224000, 1606754848.269000
1606754848.287000, 1606754849.307000, 1606754849.307000, 1606754853.832000, 1606754853.832000, 1606754959.570000
