read_start,read_end,cpu_start,cpu_end,write_start,write_end
1606752646.826000, 1606752734.060000, 1606752734.060000, 1606752739.534000, 1606752739.534000, 1606752833.288000
1606752833.303000, 1606752834.367000, 1606752834.367000, 1606752839.355000, 1606752839.355000, 1606752934.984000
1606752934.998000, 1606752936.057000, 1606752936.057000, 1606752940.634000, 1606752940.634000, 1606753021.990000
