read_start,read_end,cpu_start,cpu_end,write_start,write_end
1606760752.115000, 1606760917.687000, 1606760917.687000, 1606760923.085000, 1606760923.085000, 1606761096.048000
1606761096.061000, 1606761097.180000, 1606761097.180000, 1606761101.745000, 1606761101.745000, 1606761269.609000
1606761269.625000, 1606761270.641000, 1606761270.641000, 1606761275.057000, 1606761275.057000, 1606761331.660000
