read_start,read_end,cpu_start,cpu_end,write_start,write_end
1606761358.636000, 1606761537.828000, 1606761537.828000, 1606761543.464000, 1606761543.464000, 1606761745.135000
1606761745.874000, 1606761748.690000, 1606761748.690000, 1606761755.143000, 1606761755.143000, 1606761949.625000
1606761949.760000, 1606761951.185000, 1606761951.185000, 1606761956.091000, 1606761956.091000, 1606762074.294000
