read_start,read_end,cpu_start,cpu_end,write_start,write_end
1606752646.826000, 1606752734.769000, 1606752734.769000, 1606752739.658000, 1606752739.658000, 1606752833.304000
1606752833.321000, 1606752834.410000, 1606752834.410000, 1606752839.241000, 1606752839.241000, 1606752934.773000
1606752934.788000, 1606752935.844000, 1606752935.844000, 1606752940.765000, 1606752940.765000, 1606753022.758000
