read_start,read_end,cpu_start,cpu_end,write_start,write_end
1606760022.632000, 1606760178.633000, 1606760178.633000, 1606760183.417000, 1606760183.417000, 1606760282.487000
1606760282.543000, 1606760284.217000, 1606760284.217000, 1606760289.735000, 1606760289.735000, 1606760454.394000
1606760454.510000, 1606760456.340000, 1606760456.340000, 1606760461.146000, 1606760461.146000, 1606760633.987000
