read_start,read_end,cpu_start,cpu_end,write_start,write_end
1606749602.088000, 1606749633.994000, 1606749633.994000, 1606749638.622000, 1606749638.622000, 1606749675.346000
1606749675.360000, 1606749676.318000, 1606749676.318000, 1606749680.901000, 1606749680.901000, 1606749715.306000
1606749715.322000, 1606749716.291000, 1606749716.291000, 1606749720.892000, 1606749720.892000, 1606749755.971000
