read_start,read_end,cpu_start,cpu_end,write_start,write_end
1606761358.637000, 1606761533.482000, 1606761533.482000, 1606761538.501000, 1606761538.501000, 1606761744.825000
1606761744.840000, 1606761747.012000, 1606761747.012000, 1606761752.774000, 1606761752.774000, 1606761923.840000
1606761923.878000, 1606761924.964000, 1606761924.964000, 1606761929.637000, 1606761929.637000, 1606762062.249000
