read_start,read_end,cpu_start,cpu_end,write_start,write_end
1606751171.226000, 1606751238.288000, 1606751238.288000, 1606751243.653000, 1606751243.653000, 1606751313.588000
1606751313.603000, 1606751314.719000, 1606751314.719000, 1606751319.649000, 1606751319.649000, 1606751393.134000
1606751393.147000, 1606751394.118000, 1606751394.118000, 1606751398.935000, 1606751398.935000, 1606751475.095000
