read_start,read_end,cpu_start,cpu_end,write_start,write_end
1606754495.853000, 1606754604.668000, 1606754604.668000, 1606754609.660000, 1606754609.660000, 1606754723.218000
1606754723.231000, 1606754724.186000, 1606754724.186000, 1606754729.309000, 1606754729.309000, 1606754844.203000
1606754844.248000, 1606754846.257000, 1606754846.257000, 1606754851.637000, 1606754851.637000, 1606754970.909000
