read_start,read_end,cpu_start,cpu_end,write_start,write_end
1606753514.339000, 1606753613.964000, 1606753613.964000, 1606753619.375000, 1606753619.375000, 1606753725.381000
1606753725.397000, 1606753726.395000, 1606753726.395000, 1606753731.231000, 1606753731.231000, 1606753839.803000
1606753839.814000, 1606753840.875000, 1606753840.875000, 1606753845.698000, 1606753845.698000, 1606753949.919000
