read_start,read_end,cpu_start,cpu_end,write_start,write_end
1606760752.127000, 1606760915.697000, 1606760915.697000, 1606760921.131000, 1606760921.131000, 1606761058.512000
1606761058.526000, 1606761060.372000, 1606761060.372000, 1606761065.762000, 1606761065.762000, 1606761182.442000
1606761182.547000, 1606761184.280000, 1606761184.280000, 1606761189.369000, 1606761189.369000, 1606761318.919000
