read_start,read_end,cpu_start,cpu_end,write_start,write_end
1606754495.853000, 1606754607.178000, 1606754607.178000, 1606754612.134000, 1606754612.134000, 1606754727.944000
1606754727.957000, 1606754729.087000, 1606754729.087000, 1606754734.100000, 1606754734.100000, 1606754855.720000
1606754855.735000, 1606754857.072000, 1606754857.072000, 1606754862.370000, 1606754862.370000, 1606754974.688000
