read_start,read_end,cpu_start,cpu_end,write_start,write_end
1606750140.082000, 1606750187.700000, 1606750187.700000, 1606750192.848000, 1606750192.848000, 1606750240.529000
1606750240.545000, 1606750241.526000, 1606750241.526000, 1606750246.747000, 1606750246.747000, 1606750293.606000
1606750293.619000, 1606750294.672000, 1606750294.672000, 1606750299.724000, 1606750299.724000, 1606750348.579000
