read_start,read_end,cpu_start,cpu_end,write_start,write_end
1606760752.114000, 1606760917.401000, 1606760917.401000, 1606760922.805000, 1606760922.805000, 1606761091.968000
1606761091.984000, 1606761093.425000, 1606761093.425000, 1606761098.181000, 1606761098.181000, 1606761255.220000
1606761255.274000, 1606761257.057000, 1606761257.057000, 1606761262.133000, 1606761262.133000, 1606761330.606000
