read_start,read_end,cpu_start,cpu_end,write_start,write_end
1606752234.903000, 1606752320.081000, 1606752320.081000, 1606752325.085000, 1606752325.085000, 1606752415.615000
1606752415.630000, 1606752416.717000, 1606752416.717000, 1606752421.488000, 1606752421.488000, 1606752515.751000
1606752515.765000, 1606752516.722000, 1606752516.722000, 1606752521.389000, 1606752521.389000, 1606752606.839000
