read_start,read_end,cpu_start,cpu_end,write_start,write_end
1606760022.663000, 1606760179.488000, 1606760179.488000, 1606760184.813000, 1606760184.813000, 1606760283.179000
1606760283.223000, 1606760284.821000, 1606760284.821000, 1606760289.776000, 1606760289.776000, 1606760455.152000
1606760455.484000, 1606760457.427000, 1606760457.427000, 1606760462.501000, 1606760462.501000, 1606760629.002000
