read_start,read_end,cpu_start,cpu_end,write_start,write_end
1606751511.393000, 1606751583.442000, 1606751583.442000, 1606751588.683000, 1606751588.683000, 1606751664.772000
1606751664.786000, 1606751665.889000, 1606751665.889000, 1606751670.908000, 1606751670.908000, 1606751748.105000
1606751748.118000, 1606751749.074000, 1606751749.074000, 1606751754.271000, 1606751754.271000, 1606751822.279000
