read_start,read_end,cpu_start,cpu_end,write_start,write_end
1606751171.226000, 1606751238.072000, 1606751238.072000, 1606751242.845000, 1606751242.845000, 1606751312.814000
1606751312.827000, 1606751313.787000, 1606751313.787000, 1606751318.795000, 1606751318.795000, 1606751391.502000
1606751391.517000, 1606751392.465000, 1606751392.465000, 1606751397.310000, 1606751397.310000, 1606751472.792000
