read_start,read_end,cpu_start,cpu_end,write_start,write_end
1606760022.643000, 1606760183.579000, 1606760183.579000, 1606760189.031000, 1606760189.031000, 1606760354.177000
1606760354.190000, 1606760355.774000, 1606760355.774000, 1606760360.697000, 1606760360.697000, 1606760548.861000
1606760548.952000, 1606760550.316000, 1606760550.316000, 1606760555.981000, 1606760555.981000, 1606760704.343000
