read_start,read_end,cpu_start,cpu_end,write_start,write_end
1606760752.123000, 1606760911.966000, 1606760911.966000, 1606760917.226000, 1606760917.226000, 1606760998.257000
1606760998.318000, 1606761000.322000, 1606761000.322000, 1606761005.362000, 1606761005.362000, 1606761123.621000
1606761123.760000, 1606761125.182000, 1606761125.182000, 1606761129.717000, 1606761129.717000, 1606761304.885000
