read_start,read_end,cpu_start,cpu_end,write_start,write_end
1606751511.387000, 1606751584.282000, 1606751584.282000, 1606751589.089000, 1606751589.089000, 1606751665.511000
1606751665.527000, 1606751666.550000, 1606751666.550000, 1606751671.523000, 1606751671.523000, 1606751749.681000
1606751749.694000, 1606751750.680000, 1606751750.680000, 1606751755.546000, 1606751755.546000, 1606751824.633000
