read_start,read_end,cpu_start,cpu_end,write_start,write_end
1606750140.081000, 1606750187.554000, 1606750187.554000, 1606750192.123000, 1606750192.123000, 1606750238.528000
1606750238.544000, 1606750239.502000, 1606750239.502000, 1606750244.696000, 1606750244.696000, 1606750299.119000
1606750299.137000, 1606750300.091000, 1606750300.091000, 1606750304.554000, 1606750304.554000, 1606750349.304000
