read_start,read_end,cpu_start,cpu_end,write_start,write_end
1606753514.343000, 1606753612.966000, 1606753612.966000, 1606753618.099000, 1606753618.099000, 1606753723.232000
1606753723.245000, 1606753724.308000, 1606753724.308000, 1606753729.502000, 1606753729.502000, 1606753836.397000
1606753836.410000, 1606753837.596000, 1606753837.596000, 1606753842.724000, 1606753842.724000, 1606753943.042000
