read_start,read_end,cpu_start,cpu_end,write_start,write_end
1606756124.855000, 1606756252.427000, 1606756252.427000, 1606756257.842000, 1606756257.842000, 1606756470.258000
1606756470.272000, 1606756471.477000, 1606756471.477000, 1606756476.527000, 1606756476.527000, 1606756584.835000
1606756584.900000, 1606756586.559000, 1606756586.559000, 1606756591.767000, 1606756591.767000, 1606756672.633000
