read_start,read_end,cpu_start,cpu_end,write_start,write_end
1606755017.147000, 1606755134.009000, 1606755134.009000, 1606755139.279000, 1606755139.279000, 1606755312.734000
1606755312.747000, 1606755314.143000, 1606755314.143000, 1606755319.837000, 1606755319.837000, 1606755438.318000
1606755438.372000, 1606755439.417000, 1606755439.417000, 1606755444.056000, 1606755444.056000, 1606755509.762000
