read_start,read_end,cpu_start,cpu_end,write_start,write_end
1606755017.137000, 1606755134.448000, 1606755134.448000, 1606755139.924000, 1606755139.924000, 1606755320.746000
1606755320.783000, 1606755321.879000, 1606755321.879000, 1606755326.510000, 1606755326.510000, 1606755443.363000
1606755443.399000, 1606755444.467000, 1606755444.467000, 1606755449.040000, 1606755449.040000, 1606755510.210000
