read_start,read_end,cpu_start,cpu_end,write_start,write_end
1606750601.466000, 1606750658.082000, 1606750658.082000, 1606750662.849000, 1606750662.849000, 1606750723.186000
1606750723.200000, 1606750724.317000, 1606750724.317000, 1606750729.583000, 1606750729.583000, 1606750788.346000
1606750788.360000, 1606750789.318000, 1606750789.318000, 1606750794.046000, 1606750794.046000, 1606750847.619000
