read_start,read_end,cpu_start,cpu_end,write_start,write_end
1606757336.298000, 1606757474.129000, 1606757474.129000, 1606757479.695000, 1606757479.695000, 1606757654.394000
1606757654.424000, 1606757655.655000, 1606757655.655000, 1606757660.829000, 1606757660.829000, 1606757750.457000
1606757750.476000, 1606757751.689000, 1606757751.689000, 1606757756.427000, 1606757756.427000, 1606757923.918000
