read_start,read_end,cpu_start,cpu_end,write_start,write_end
1606753067.267000, 1606753158.649000, 1606753158.649000, 1606753164.037000, 1606753164.037000, 1606753255.665000
1606753255.681000, 1606753256.763000, 1606753256.763000, 1606753261.217000, 1606753261.217000, 1606753326.173000
1606753326.189000, 1606753327.128000, 1606753327.128000, 1606753331.601000, 1606753331.601000, 1606753420.252000
