read_start,read_end,cpu_start,cpu_end,write_start,write_end
1606761358.636000, 1606761535.785000, 1606761535.785000, 1606761541.259000, 1606761541.259000, 1606761745.106000
1606761745.642000, 1606761748.776000, 1606761748.776000, 1606761755.466000, 1606761755.466000, 1606761950.051000
1606761950.210000, 1606761951.702000, 1606761951.702000, 1606761957.043000, 1606761957.043000, 1606762074.588000
