read_start,read_end,cpu_start,cpu_end,write_start,write_end
1606757970.652000, 1606758113.653000, 1606758113.653000, 1606758119.118000, 1606758119.118000, 1606758311.169000
1606758311.184000, 1606758312.316000, 1606758312.316000, 1606758317.433000, 1606758317.433000, 1606758414.929000
1606758414.966000, 1606758416.574000, 1606758416.574000, 1606758421.866000, 1606758421.866000, 1606758586.253000
