read_start,read_end,cpu_start,cpu_end,write_start,write_end
1606750140.080000, 1606750187.536000, 1606750187.536000, 1606750192.549000, 1606750192.549000, 1606750240.652000
1606750240.666000, 1606750241.809000, 1606750241.809000, 1606750246.553000, 1606750246.553000, 1606750293.401000
1606750293.417000, 1606750294.392000, 1606750294.392000, 1606750299.607000, 1606750299.607000, 1606750348.373000
