read_start,read_end,cpu_start,cpu_end,write_start,write_end
1606758631.553000, 1606758780.065000, 1606758780.065000, 1606758785.442000, 1606758785.442000, 1606758939.536000
1606758939.552000, 1606758940.724000, 1606758940.724000, 1606758945.750000, 1606758945.750000, 1606759115.975000
1606759116.029000, 1606759117.950000, 1606759117.950000, 1606759123.032000, 1606759123.032000, 1606759268.986000
