read_start,read_end,cpu_start,cpu_end,write_start,write_end
1606759314.195000, 1606759467.433000, 1606759467.433000, 1606759472.934000, 1606759472.934000, 1606759632.546000
1606759632.589000, 1606759634.502000, 1606759634.502000, 1606759640.132000, 1606759640.132000, 1606759832.604000
1606759832.698000, 1606759834.249000, 1606759834.249000, 1606759839.219000, 1606759839.219000, 1606759973.441000
