read_start,read_end,cpu_start,cpu_end,write_start,write_end
1606756124.877000, 1606756252.822000, 1606756252.822000, 1606756257.765000, 1606756257.765000, 1606756464.863000
1606756464.878000, 1606756465.800000, 1606756465.800000, 1606756470.195000, 1606756470.195000, 1606756576.178000
1606756576.193000, 1606756577.253000, 1606756577.253000, 1606756581.769000, 1606756581.769000, 1606756672.234000
