read_start,read_end,cpu_start,cpu_end,write_start,write_end
1606757336.296000, 1606757472.483000, 1606757472.483000, 1606757478.021000, 1606757478.021000, 1606757561.375000
1606757561.401000, 1606757562.570000, 1606757562.570000, 1606757567.418000, 1606757567.418000, 1606757736.134000
1606757736.163000, 1606757737.149000, 1606757737.149000, 1606757742.031000, 1606757742.031000, 1606757853.945000
