read_start,read_end,cpu_start,cpu_end,write_start,write_end
1606753514.339000, 1606753615.211000, 1606753615.211000, 1606753620.313000, 1606753620.313000, 1606753725.889000
1606753725.911000, 1606753726.963000, 1606753726.963000, 1606753731.956000, 1606753731.956000, 1606753840.284000
1606753840.307000, 1606753841.454000, 1606753841.454000, 1606753846.259000, 1606753846.259000, 1606753949.442000
