read_start,read_end,cpu_start,cpu_end,write_start,write_end
1606755551.835000, 1606755673.734000, 1606755673.734000, 1606755679.421000, 1606755679.421000, 1606755897.218000
1606755897.231000, 1606755899.086000, 1606755899.086000, 1606755904.513000, 1606755904.513000, 1606756037.506000
1606756037.595000, 1606756038.833000, 1606756038.833000, 1606756043.320000, 1606756043.320000, 1606756079.078000
