read_start,read_end,cpu_start,cpu_end,write_start,write_end
1606758631.550000, 1606758778.650000, 1606758778.650000, 1606758784.202000, 1606758784.202000, 1606758865.060000
1606758865.075000, 1606758866.202000, 1606758866.202000, 1606758871.087000, 1606758871.087000, 1606759037.171000
1606759037.222000, 1606759039.067000, 1606759039.067000, 1606759045.144000, 1606759045.144000, 1606759211.441000
