read_start,read_end,cpu_start,cpu_end,write_start,write_end
1606753514.339000, 1606753615.422000, 1606753615.422000, 1606753620.498000, 1606753620.498000, 1606753725.942000
1606753725.959000, 1606753727.069000, 1606753727.069000, 1606753732.036000, 1606753732.036000, 1606753840.366000
1606753840.385000, 1606753842.079000, 1606753842.079000, 1606753847.534000, 1606753847.534000, 1606753950.667000
