read_start,read_end,cpu_start,cpu_end,write_start,write_end
1606758631.555000, 1606758781.250000, 1606758781.250000, 1606758786.457000, 1606758786.457000, 1606758941.066000
1606758941.093000, 1606758942.613000, 1606758942.613000, 1606758947.661000, 1606758947.661000, 1606759115.788000
1606759115.860000, 1606759117.615000, 1606759117.615000, 1606759122.658000, 1606759122.658000, 1606759269.482000
