read_start,read_end,cpu_start,cpu_end,write_start,write_end
1606753514.353000, 1606753613.797000, 1606753613.797000, 1606753618.956000, 1606753618.956000, 1606753725.048000
1606753725.061000, 1606753726.246000, 1606753726.246000, 1606753731.322000, 1606753731.322000, 1606753839.890000
1606753839.905000, 1606753840.999000, 1606753840.999000, 1606753846.134000, 1606753846.134000, 1606753949.548000
