read_start,read_end,cpu_start,cpu_end,write_start,write_end
1606756124.878000, 1606756244.360000, 1606756244.360000, 1606756249.237000, 1606756249.237000, 1606756343.662000
1606756343.676000, 1606756344.798000, 1606756344.798000, 1606756349.473000, 1606756349.473000, 1606756479.387000
1606756479.409000, 1606756480.687000, 1606756480.687000, 1606756485.884000, 1606756485.884000, 1606756596.767000
