read_start,read_end,cpu_start,cpu_end,write_start,write_end
1606753067.267000, 1606753161.355000, 1606753161.355000, 1606753166.276000, 1606753166.276000, 1606753265.929000
1606753265.943000, 1606753266.932000, 1606753266.932000, 1606753272.095000, 1606753272.095000, 1606753374.350000
1606753374.363000, 1606753375.333000, 1606753375.333000, 1606753380.397000, 1606753380.397000, 1606753472.498000
