{
    "workflow_execution": {
        "tasks": [
            {
                "color": "",
                "compute": {
                    "end": 36.65806451612957,
                    "start": 32.25806451612957
                },
                "execution_host": {
                    "cores": 32,
                    "flop_rate": 1000000000.0,
                    "hostname": "host01",
                    "memory": 268000000000.0
                },
                "failed": -1.0,
                "num_cores_allocated": 1,
                "read": [
                    {
                        "end": 32.25806451612957,
                        "id": "file_0_0",
                        "start": 1.1084536082474228e-18
                    }
                ],
                "task_id": "task_0_0",
                "terminated": -1.0,
                "whole_task": {
                    "end": 39.77527149834072,
                    "start": 1.1084536082474228e-18
                },
                "write": [
                    {
                        "end": 39.77527149834072,
                        "id": "file_0_1",
                        "start": 36.65806451612957
                    }
                ]
            },
            {
                "color": "",
                "compute": {
                    "end": 47.29247848088598,
                    "start": 42.892478480885984
                },
                "execution_host": {
                    "cores": 32,
                    "flop_rate": 1000000000.0,
                    "hostname": "host01",
                    "memory": 268000000000.0
                },
                "failed": -1.0,
                "num_cores_allocated": 1,
                "read": [
                    {
                        "end": 42.892478480885984,
                        "id": "file_0_1",
                        "start": 39.77527149834072
                    }
                ],
                "task_id": "task_0_1",
                "terminated": -1.0,
                "whole_task": {
                    "end": 50.40968546342585,
                    "start": 39.77527149834072
                },
                "write": [
                    {
                        "end": 50.40968546342585,
                        "id": "file_0_2",
                        "start": 47.29247848088598
                    }
                ]
            },
            {
                "color": "",
                "compute": {
                    "end": 57.926892445971646,
                    "start": 53.52689244597165
                },
                "execution_host": {
                    "cores": 32,
                    "flop_rate": 1000000000.0,
                    "hostname": "host01",
                    "memory": 268000000000.0
                },
                "failed": -1.0,
                "num_cores_allocated": 1,
                "read": [
                    {
                        "end": 53.52689244597165,
                        "id": "file_0_2",
                        "start": 50.40968546342585
                    }
                ],
                "task_id": "task_0_2",
                "terminated": -1.0,
                "whole_task": {
                    "end": 61.044099428512055,
                    "start": 50.40968546342585
                },
                "write": [
                    {
                        "end": 61.044099428512055,
                        "id": "file_0_3",
                        "start": 57.926892445971646
                    }
                ]
            },
            {
                "color": "",
                "compute": {
                    "end": 36.65806451612957,
                    "start": 32.25806451612957
                },
                "execution_host": {
                    "cores": 32,
                    "flop_rate": 1000000000.0,
                    "hostname": "host01",
                    "memory": 268000000000.0
                },
                "failed": -1.0,
                "num_cores_allocated": 1,
                "read": [
                    {
                        "end": 32.25806451612957,
                        "id": "file_1_0",
                        "start": 5.542268041237114e-18
                    }
                ],
                "task_id": "task_1_0",
                "terminated": -1.0,
                "whole_task": {
                    "end": 39.77527149834072,
                    "start": 5.542268041237114e-18
                },
                "write": [
                    {
                        "end": 39.77527149834072,
                        "id": "file_1_1",
                        "start": 36.65806451612957
                    }
                ]
            },
            {
                "color": "",
                "compute": {
                    "end": 47.29247848088598,
                    "start": 42.892478480885984
                },
                "execution_host": {
                    "cores": 32,
                    "flop_rate": 1000000000.0,
                    "hostname": "host01",
                    "memory": 268000000000.0
                },
                "failed": -1.0,
                "num_cores_allocated": 1,
                "read": [
                    {
                        "end": 42.892478480885984,
                        "id": "file_1_1",
                        "start": 39.77527149834072
                    }
                ],
                "task_id": "task_1_1",
                "terminated": -1.0,
                "whole_task": {
                    "end": 50.40968546342585,
                    "start": 39.77527149834072
                },
                "write": [
                    {
                        "end": 50.40968546342585,
                        "id": "file_1_2",
                        "start": 47.29247848088598
                    }
                ]
            },
            {
                "color": "",
                "compute": {
                    "end": 57.926892445971646,
                    "start": 53.52689244597165
                },
                "execution_host": {
                    "cores": 32,
                    "flop_rate": 1000000000.0,
                    "hostname": "host01",
                    "memory": 268000000000.0
                },
                "failed": -1.0,
                "num_cores_allocated": 1,
                "read": [
                    {
                        "end": 53.52689244597165,
                        "id": "file_1_2",
                        "start": 50.40968546342585
                    }
                ],
                "task_id": "task_1_2",
                "terminated": -1.0,
                "whole_task": {
                    "end": 61.044099428512055,
                    "start": 50.40968546342585
                },
                "write": [
                    {
                        "end": 61.044099428512055,
                        "id": "file_1_3",
                        "start": 57.926892445971646
                    }
                ]
            },
            {
                "color": "",
                "compute": {
                    "end": 36.65806451612957,
                    "start": 32.25806451612957
                },
                "execution_host": {
                    "cores": 32,
                    "flop_rate": 1000000000.0,
                    "hostname": "host01",
                    "memory": 268000000000.0
                },
                "failed": -1.0,
                "num_cores_allocated": 1,
                "read": [
                    {
                        "end": 32.25806451612957,
                        "id": "file_2_0",
                        "start": 9.976082474226805e-18
                    }
                ],
                "task_id": "task_2_0",
                "terminated": -1.0,