{
    "workflow_execution": {
        "tasks": [
            {
                "color": "",
                "compute": {
                    "end": 23.75483870967968,
                    "start": 19.354838709679683
                },
                "execution_host": {
                    "cores": 32,
                    "flop_rate": 1000000000.0,
                    "hostname": "host01",
                    "memory_manager_service": 268000000000.0
                },
                "failed": -1.0,
                "num_cores_allocated": 1,
                "read": [
                    {
                        "end": 19.354838709679683,
                        "id": "file_0_0",
                        "start": 1.1084536082474228e-18
                    }
                ],
                "task_id": "task_0_0",
                "terminated": -1.0,
                "whole_task": {
                    "end": 25.625162899005392,
                    "start": 1.1084536082474228e-18
                },
                "write": [
                    {
                        "end": 25.625162899005392,
                        "id": "file_0_1",
                        "start": 23.75483870967968
                    }
                ]
            },
            {
                "color": "",
                "compute": {
                    "end": 31.89548708854124,
                    "start": 27.495487088541243
                },
                "execution_host": {
                    "cores": 32,
                    "flop_rate": 1000000000.0,
                    "hostname": "host01",
                    "memory_manager_service": 268000000000.0
                },
                "failed": -1.0,
                "num_cores_allocated": 1,
                "read": [
                    {
                        "end": 27.495487088541243,
                        "id": "file_0_1",
                        "start": 25.625162899005392
                    }
                ],
                "task_id": "task_0_1",
                "terminated": -1.0,
                "whole_task": {
                    "end": 33.76581127807729,
                    "start": 25.625162899005392
                },
                "write": [
                    {
                        "end": 33.76581127807729,
                        "id": "file_0_2",
                        "start": 31.89548708854124
                    }
                ]
            },
            {
                "color": "",
                "compute": {
                    "end": 40.036135467584664,
                    "start": 35.636135467584666
                },
                "execution_host": {
                    "cores": 32,
                    "flop_rate": 1000000000.0,
                    "hostname": "host01",
                    "memory_manager_service": 268000000000.0
                },
                "failed": -1.0,
                "num_cores_allocated": 1,
                "read": [
                    {
                        "end": 35.636135467584666,
                        "id": "file_0_2",
                        "start": 33.76581127807729
                    }
                ],
                "task_id": "task_0_2",
                "terminated": -1.0,
                "whole_task": {
                    "end": 41.90645965712073,
                    "start": 33.76581127807729
                },
                "write": [
                    {
                        "end": 41.90645965712073,
                        "id": "file_0_3",
                        "start": 40.036135467584664
                    }
                ]
            },
            {
                "color": "",
                "compute": {
                    "end": 23.75483870967968,
                    "start": 19.354838709679683
                },
                "execution_host": {
                    "cores": 32,
                    "flop_rate": 1000000000.0,
                    "hostname": "host01",
                    "memory_manager_service": 268000000000.0
                },
                "failed": -1.0,
                "num_cores_allocated": 1,
                "read": [
                    {
                        "end": 19.354838709679683,
                        "id": "file_1_0",
                        "start": 5.542268041237114e-18
                    }
                ],
                "task_id": "task_1_0",
                "terminated": -1.0,
                "whole_task": {
                    "end": 25.625162899005392,
                    "start": 5.542268041237114e-18
                },
                "write": [
                    {
                        "end": 25.625162899005392,
                        "id": "file_1_1",
                        "start": 23.75483870967968
                    }
                ]
            },
            {
                "color": "",
                "compute": {
                    "end": 31.89548708854124,
                    "start": 27.495487088541243
                },
                "execution_host": {
                    "cores": 32,
                    "flop_rate": 1000000000.0,
                    "hostname": "host01",
                    "memory_manager_service": 268000000000.0
                },
                "failed": -1.0,
                "num_cores_allocated": 1,
                "read": [
                    {
                        "end": 27.495487088541243,
                        "id": "file_1_1",
                        "start": 25.625162899005392
                    }
                ],
                "task_id": "task_1_1",
                "terminated": -1.0,
                "whole_task": {
                    "end": 33.76581127807729,
                    "start": 25.625162899005392
                },
                "write": [
                    {
                        "end": 33.76581127807729,
                        "id": "file_1_2",
                        "start": 31.89548708854124
                    }
                ]
            },
            {
                "color": "",
                "compute": {
                    "end": 40.036135467584664,
                    "start": 35.636135467584666
                },
                "execution_host": {
                    "cores": 32,
                    "flop_rate": 1000000000.0,
                    "hostname": "host01",
                    "memory_manager_service": 268000000000.0
                },
                "failed": -1.0,
                "num_cores_allocated": 1,
                "read": [
                    {
                        "end": 35.636135467584666,
                        "id": "file_1_2",
                        "start": 33.76581127807729
                    }
                ],
                "task_id": "task_1_2",
                "terminated": -1.0,
                "whole_task": {
                    "end": 41.90645965712073,
                    "start": 33.76581127807729
                },
                "write": [
                    {
                        "end": 41.90645965712073,
                        "id": "file_1_3",
                        "start": 40.036135467584664
                    }
                ]
            },
            {
                "color": "",
                "compute": {
                    "end": 23.75483870967968,
                    "start": 19.354838709679683
                },
                "execution_host": {
                    "cores": 32,
                    "flop_rate": 1000000000.0,
                    "hostname": "host01",
                    "memory_manager_service": 268000000000.0
                },
                "failed": -1.0,
                "num_cores_allocated": 1,
                "read": [
                    {
                        "end": 19.354838709679683,
                        "id": "file_2_0",
                        "start": 9.976082474226805e-18
                    }
                ],