{
    "workflow_execution": {
        "tasks": [
            {
                "color": "",
                "compute": {
                    "end": 10.851612903226563,
                    "start": 6.451612903226564
                },
                "execution_host": {
                    "cores": 32,
                    "flop_rate": 1000000000.0,
                    "hostname": "host01",
                    "memory_manager_service": 268000000000.0
                },
                "failed": -1.0,
                "num_cores_allocated": 1,
                "read": [
                    {
                        "end": 6.451612903226564,
                        "id": "file_0_0",
                        "start": 1.1084536082474228e-18
                    }
                ],
                "task_id": "task_0_0",
                "terminated": -1.0,
                "whole_task": {
                    "end": 11.475054299738549,
                    "start": 1.1084536082474228e-18
                },
                "write": [
                    {
                        "end": 11.475054299738549,
                        "id": "file_0_1",
                        "start": 10.851612903226563
                    }
                ]
            },
            {
                "color": "",
                "compute": {
                    "end": 16.498495696250533,
                    "start": 12.098495696250534
                },
                "execution_host": {
                    "cores": 32,
                    "flop_rate": 1000000000.0,
                    "hostname": "host01",
                    "memory_manager_service": 268000000000.0
                },
                "failed": -1.0,
                "num_cores_allocated": 1,
                "read": [
                    {
                        "end": 12.098495696250534,
                        "id": "file_0_1",
                        "start": 11.475054299738549
                    }
                ],
                "task_id": "task_0_1",
                "terminated": -1.0,
                "whole_task": {
                    "end": 17.121937092762412,
                    "start": 11.475054299738549
                },
                "write": [
                    {
                        "end": 17.121937092762412,
                        "id": "file_0_2",
                        "start": 16.498495696250533
                    }
                ]
            },
            {
                "color": "",
                "compute": {
                    "end": 22.14537848927429,
                    "start": 17.74537848927429
                },
                "execution_host": {
                    "cores": 32,
                    "flop_rate": 1000000000.0,
                    "hostname": "host01",
                    "memory_manager_service": 268000000000.0
                },
                "failed": -1.0,
                "num_cores_allocated": 1,
                "read": [
                    {
                        "end": 17.74537848927429,
                        "id": "file_0_2",
                        "start": 17.121937092762412
                    }
                ],
                "task_id": "task_0_2",
                "terminated": -1.0,
                "whole_task": {
                    "end": 22.76881988578617,
                    "start": 17.121937092762412
                },
                "write": [
                    {
                        "end": 22.76881988578617,
                        "id": "file_0_3",
                        "start": 22.14537848927429
                    }
                ]
            }
        ]
    }
}
