{
    "workflow_execution": {
        "tasks": [
            {
                "color": "",
                "compute": {
                    "end": 17.303225806453128,
                    "start": 12.903225806453127
                },
                "execution_host": {
                    "cores": 32,
                    "flop_rate": 1000000000.0,
                    "hostname": "host01",
                    "memory_manager_service": 268000000000.0
                },
                "failed": -1.0,
                "num_cores_allocated": 1,
                "read": [
                    {
                        "end": 12.903225806453127,
                        "id": "file_0_0",
                        "start": 1.1084536082474228e-18
                    }
                ],
                "task_id": "task_0_0",
                "terminated": -1.0,
                "whole_task": {
                    "end": 18.5501085994771,
                    "start": 1.1084536082474228e-18
                },
                "write": [
                    {
                        "end": 18.5501085994771,
                        "id": "file_0_1",
                        "start": 17.303225806453128
                    }
                ]
            },
            {
                "color": "",
                "compute": {
                    "end": 24.19699139250107,
                    "start": 19.79699139250107
                },
                "execution_host": {
                    "cores": 32,
                    "flop_rate": 1000000000.0,
                    "hostname": "host01",
                    "memory_manager_service": 268000000000.0
                },
                "failed": -1.0,
                "num_cores_allocated": 1,
                "read": [
                    {
                        "end": 19.79699139250107,
                        "id": "file_0_1",
                        "start": 18.5501085994771
                    }
                ],
                "task_id": "task_0_1",
                "terminated": -1.0,
                "whole_task": {
                    "end": 25.443874185371865,
                    "start": 18.5501085994771
                },
                "write": [
                    {
                        "end": 25.443874185371865,
                        "id": "file_0_2",
                        "start": 24.19699139250107
                    }
                ]
            },
            {
                "color": "",
                "compute": {
                    "end": 31.090756978395834,
                    "start": 26.690756978395836
                },
                "execution_host": {
                    "cores": 32,
                    "flop_rate": 1000000000.0,
                    "hostname": "host01",
                    "memory_manager_service": 268000000000.0
                },
                "failed": -1.0,
                "num_cores_allocated": 1,
                "read": [
                    {
                        "end": 26.690756978395836,
                        "id": "file_0_2",
                        "start": 25.443874185371865
                    }
                ],
                "task_id": "task_0_2",
                "terminated": -1.0,
                "whole_task": {
                    "end": 32.33763977141975,
                    "start": 25.443874185371865
                },
                "write": [
                    {
                        "end": 32.33763977141975,
                        "id": "file_0_3",
                        "start": 31.090756978395834
                    }
                ]
            },
            {
                "color": "",
                "compute": {
                    "end": 17.303225806453128,
                    "start": 12.903225806453127
                },
                "execution_host": {
                    "cores": 32,
                    "flop_rate": 1000000000.0,
                    "hostname": "host01",
                    "memory_manager_service": 268000000000.0
                },
                "failed": -1.0,
                "num_cores_allocated": 1,
                "read": [
                    {
                        "end": 12.903225806453127,
                        "id": "file_1_0",
                        "start": 5.542268041237114e-18
                    }
                ],
                "task_id": "task_1_0",
                "terminated": -1.0,
                "whole_task": {
                    "end": 18.5501085994771,
                    "start": 5.542268041237114e-18
                },
                "write": [
                    {
                        "end": 18.5501085994771,
                        "id": "file_1_1",
                        "start": 17.303225806453128
                    }
                ]
            },
            {
                "color": "",
                "compute": {
                    "end": 24.19699139250107,
                    "start": 19.79699139250107
                },
                "execution_host": {
                    "cores": 32,
                    "flop_rate": 1000000000.0,
                    "hostname": "host01",
                    "memory_manager_service": 268000000000.0
                },
                "failed": -1.0,
                "num_cores_allocated": 1,
                "read": [
                    {
                        "end": 19.79699139250107,
                        "id": "file_1_1",
                        "start": 18.5501085994771
                    }
                ],
                "task_id": "task_1_1",
                "terminated": -1.0,
                "whole_task": {
                    "end": 25.443874185371865,
                    "start": 18.5501085994771
                },
                "write": [
                    {
                        "end": 25.443874185371865,
                        "id": "file_1_2",
                        "start": 24.19699139250107
                    }
                ]
            },
            {
                "color": "",
                "compute": {
                    "end": 31.090756978395834,
                    "start": 26.690756978395836
                },
                "execution_host": {
                    "cores": 32,
                    "flop_rate": 1000000000.0,
                    "hostname": "host01",
                    "memory_manager_service": 268000000000.0
                },
                "failed": -1.0,
                "num_cores_allocated": 1,
                "read": [
                    {
                        "end": 26.690756978395836,
                        "id": "file_1_2",
                        "start": 25.443874185371865
                    }
                ],
                "task_id": "task_1_2",
                "terminated": -1.0,
                "whole_task": {
                    "end": 32.33763977141975,
                    "start": 25.443874185371865
                },
                "write": [
                    {
                        "end": 32.33763977141975,
                        "id": "file_1_3",
                        "start": 31.090756978395834
                    }
                ]
            }
        ]
    }
}
