read_start,read_end,cpu_start,cpu_end,write_start,write_end
1606734822.837000, 1606734988.247000, 1606734988.247000, 1606734993.842000, 1606734993.842000, 1606735164.492000
1606735164.507000, 1606735165.527000, 1606735165.527000, 1606735170.427000, 1606735170.427000, 1606735336.744000
1606735336.761000, 1606735337.822000, 1606735337.822000, 1606735342.680000, 1606735342.680000, 1606735392.914000
