read_start,read_end,cpu_start,cpu_end,write_start,write_end
1606727077.981000, 1606727173.251000, 1606727173.251000, 1606727178.261000, 1606727178.261000, 1606727280.952000
1606727280.968000, 1606727282.109000, 1606727282.109000, 1606727286.953000, 1606727286.953000, 1606727391.452000
1606727391.471000, 1606727393.249000, 1606727393.249000, 1606727399.862000, 1606727399.862000, 1606727487.905000
