read_start,read_end,cpu_start,cpu_end,write_start,write_end
1606732043.841000, 1606732184.381000, 1606732184.381000, 1606732189.706000, 1606732189.706000, 1606732284.623000
1606732284.637000, 1606732285.663000, 1606732285.663000, 1606732290.504000, 1606732290.504000, 1606732488.885000
1606732488.901000, 1606732489.925000, 1606732489.925000, 1606732494.696000, 1606732494.696000, 1606732604.062000
