read_start,read_end,cpu_start,cpu_end,write_start,write_end
1606726648.747000, 1606726734.624000, 1606726734.624000, 1606726739.585000, 1606726739.585000, 1606727042.127000
1606727042.143000, 1606727043.088000, 1606727043.088000, 1606727047.430000, 1606727047.430000, 1606727054.222000
1606727054.237000, 1606727055.191000, 1606727055.191000, 1606727059.530000, 1606727059.530000, 1606727066.330000
