read_start,read_end,cpu_start,cpu_end,write_start,write_end
1606723609.022000, 1606723640.927000, 1606723640.927000, 1606723646.140000, 1606723646.140000, 1606723681.292000
1606723681.305000, 1606723682.409000, 1606723682.409000, 1606723687.498000, 1606723687.498000, 1606723721.735000
1606723721.749000, 1606723722.813000, 1606723722.813000, 1606723727.418000, 1606723727.418000, 1606723756.821000
