read_start,read_end,cpu_start,cpu_end,write_start,write_end
1606726648.755000, 1606726736.658000, 1606726736.658000, 1606726742.023000, 1606726742.023000, 1606726833.992000
1606726834.006000, 1606726835.035000, 1606726835.035000, 1606726840.008000, 1606726840.008000, 1606726932.194000
1606726932.210000, 1606726933.948000, 1606726933.948000, 1606726939.496000, 1606726939.496000, 1606727037.246000
