read_start,read_end,cpu_start,cpu_end,write_start,write_end
1606728012.681000, 1606728118.637000, 1606728118.637000, 1606728124.079000, 1606728124.079000, 1606728239.220000
1606728239.237000, 1606728240.316000, 1606728240.316000, 1606728245.326000, 1606728245.326000, 1606728356.311000
1606728356.328000, 1606728357.385000, 1606728357.385000, 1606728362.124000, 1606728362.124000, 1606728471.585000
