read_start,read_end,cpu_start,cpu_end,write_start,write_end
1606726245.273000, 1606726327.746000, 1606726327.746000, 1606726332.620000, 1606726332.620000, 1606726419.951000
1606726419.969000, 1606726420.932000, 1606726420.932000, 1606726426.089000, 1606726426.089000, 1606726513.200000
1606726513.219000, 1606726514.174000, 1606726514.174000, 1606726519.078000, 1606726519.078000, 1606726605.845000
