read_start,read_end,cpu_start,cpu_end,write_start,write_end
1606724616.582000, 1606724673.887000, 1606724673.887000, 1606724679.027000, 1606724679.027000, 1606724740.274000
1606724740.291000, 1606724741.260000, 1606724741.260000, 1606724745.986000, 1606724745.986000, 1606724806.681000
1606724806.695000, 1606724807.842000, 1606724807.842000, 1606724812.803000, 1606724812.803000, 1606724870.815000
