read_start,read_end,cpu_start,cpu_end,write_start,write_end
1606725862.597000, 1606725942.035000, 1606725942.035000, 1606725947.449000, 1606725947.449000, 1606726035.048000
1606726035.062000, 1606726036.076000, 1606726036.076000, 1606726040.912000, 1606726040.912000, 1606726123.750000
1606726123.763000, 1606726124.897000, 1606726124.897000, 1606726129.714000, 1606726129.714000, 1606726208.868000
