read_start,read_end,cpu_start,cpu_end,write_start,write_end
1606724143.146000, 1606724190.217000, 1606724190.217000, 1606724195.438000, 1606724195.438000, 1606724242.974000
1606724242.992000, 1606724244.107000, 1606724244.107000, 1606724249.251000, 1606724249.251000, 1606724351.258000
1606724351.272000, 1606724352.345000, 1606724352.345000, 1606724356.685000, 1606724356.685000, 1606724363.721000
