read_start,read_end,cpu_start,cpu_end,write_start,write_end
1606733401.060000, 1606733556.320000, 1606733556.320000, 1606733561.498000, 1606733561.498000, 1606733728.441000
1606733728.467000, 1606733730.153000, 1606733730.153000, 1606733735.650000, 1606733735.650000, 1606733910.458000
1606733910.553000, 1606733911.943000, 1606733911.943000, 1606733917.229000, 1606733917.229000, 1606734053.617000
