read_start,read_end,cpu_start,cpu_end,write_start,write_end
1606734822.821000, 1606734976.979000, 1606734976.979000, 1606734981.634000, 1606734981.634000, 1606735054.746000
1606735054.762000, 1606735056.417000, 1606735056.417000, 1606735062.335000, 1606735062.335000, 1606735175.085000
1606735175.168000, 1606735176.637000, 1606735176.637000, 1606735181.481000, 1606735181.481000, 1606735361.854000
