read_start,read_end,cpu_start,cpu_end,write_start,write_end
1606725507.201000, 1606725579.118000, 1606725579.118000, 1606725584.191000, 1606725584.191000, 1606725662.150000
1606725662.164000, 1606725663.248000, 1606725663.248000, 1606725668.146000, 1606725668.146000, 1606725747.737000
1606725747.753000, 1606725748.777000, 1606725748.777000, 1606725753.610000, 1606725753.610000, 1606725821.045000
