read_start,read_end,cpu_start,cpu_end,write_start,write_end
1606724616.582000, 1606724675.193000, 1606724675.193000, 1606724679.924000, 1606724679.924000, 1606724740.642000
1606724740.657000, 1606724741.705000, 1606724741.705000, 1606724746.486000, 1606724746.486000, 1606724806.975000
1606724806.991000, 1606724808.124000, 1606724808.124000, 1606724813.361000, 1606724813.361000, 1606724871.003000
