read_start,read_end,cpu_start,cpu_end,write_start,write_end
1606732043.842000, 1606732176.463000, 1606732176.463000, 1606732181.128000, 1606732181.128000, 1606732671.395000
1606732671.411000, 1606732673.236000, 1606732673.236000, 1606732677.574000, 1606732677.574000, 1606732685.655000
1606732685.670000, 1606732686.656000, 1606732686.656000, 1606732690.996000, 1606732690.996000, 1606732697.791000
