read_start,read_end,cpu_start,cpu_end,write_start,write_end
1606732043.842000, 1606732185.016000, 1606732185.016000, 1606732190.722000, 1606732190.722000, 1606732286.565000
1606732286.579000, 1606732287.641000, 1606732287.641000, 1606732292.418000, 1606732292.418000, 1606732489.539000
1606732489.557000, 1606732490.714000, 1606732490.714000, 1606732495.613000, 1606732495.613000, 1606732611.888000
