read_start,read_end,cpu_start,cpu_end,write_start,write_end
1606727529.501000, 1606727627.634000, 1606727627.634000, 1606727632.820000, 1606727632.820000, 1606727740.213000
1606727740.227000, 1606727741.301000, 1606727741.301000, 1606727746.032000, 1606727746.032000, 1606727855.763000
1606727855.778000, 1606727856.707000, 1606727856.707000, 1606727861.420000, 1606727861.420000, 1606727961.314000
