read_start,read_end,cpu_start,cpu_end,write_start,write_end
1606729596.508000, 1606729718.068000, 1606729718.068000, 1606729723.562000, 1606729723.562000, 1606729819.228000
1606729819.243000, 1606729820.286000, 1606729820.286000, 1606729824.961000, 1606729824.961000, 1606730021.123000
1606730021.140000, 1606730023.024000, 1606730023.024000, 1606730028.088000, 1606730028.088000, 1606730112.914000
