read_start,read_end,cpu_start,cpu_end,write_start,write_end
1606731395.118000, 1606731532.917000, 1606731532.917000, 1606731538.459000, 1606731538.459000, 1606731668.549000
1606731668.566000, 1606731669.531000, 1606731669.531000, 1606731673.913000, 1606731673.913000, 1606731799.345000
1606731799.361000, 1606731800.861000, 1606731800.861000, 1606731806.255000, 1606731806.255000, 1606731981.586000
