read_start,read_end,cpu_start,cpu_end,write_start,write_end
1606724143.146000, 1606724190.864000, 1606724190.864000, 1606724195.640000, 1606724195.640000, 1606724243.565000
1606724243.579000, 1606724244.551000, 1606724244.551000, 1606724249.298000, 1606724249.298000, 1606724295.322000
1606724295.337000, 1606724296.313000, 1606724296.313000, 1606724301.485000, 1606724301.485000, 1606724346.940000
