read_start,read_end,cpu_start,cpu_end,write_start,write_end
1606734099.176000, 1606734256.012000, 1606734256.012000, 1606734261.477000, 1606734261.477000, 1606734336.674000
1606734336.688000, 1606734338.195000, 1606734338.195000, 1606734343.432000, 1606734343.432000, 1606734517.881000
1606734518.152000, 1606734519.638000, 1606734519.638000, 1606734525.238000, 1606734525.238000, 1606734693.814000
