read_start,read_end,cpu_start,cpu_end,write_start,write_end
1606734099.176000, 1606734252.888000, 1606734252.888000, 1606734257.780000, 1606734257.780000, 1606734334.215000
1606734334.230000, 1606734335.222000, 1606734335.222000, 1606734340.246000, 1606734340.246000, 1606734516.370000
1606734516.383000, 1606734517.796000, 1606734517.796000, 1606734522.958000, 1606734522.958000, 1606734690.286000
