read_start,read_end,cpu_start,cpu_end,write_start,write_end
1606735419.757000, 1606735602.012000, 1606735602.012000, 1606735607.112000, 1606735607.112000, 1606735815.684000
1606735816.356000, 1606735819.443000, 1606735819.443000, 1606735826.103000, 1606735826.103000, 1606736032.668000
1606736032.808000, 1606736033.909000, 1606736033.909000, 1606736038.597000, 1606736038.597000, 1606736158.854000
