read_start,read_end,cpu_start,cpu_end,write_start,write_end
1606734099.184000, 1606734254.972000, 1606734254.972000, 1606734260.240000, 1606734260.240000, 1606734335.367000
1606734335.381000, 1606734336.505000, 1606734336.505000, 1606734341.504000, 1606734341.504000, 1606734517.173000
1606734517.200000, 1606734519.055000, 1606734519.055000, 1606734524.516000, 1606734524.516000, 1606734695.240000
