read_start,read_end,cpu_start,cpu_end,write_start,write_end
1606733401.060000, 1606733554.285000, 1606733554.285000, 1606733559.873000, 1606733559.873000, 1606733724.159000
1606733724.196000, 1606733725.832000, 1606733725.832000, 1606733731.169000, 1606733731.169000, 1606733896.157000
1606733896.278000, 1606733897.754000, 1606733897.754000, 1606733902.392000, 1606733902.392000, 1606734011.902000
