read_start,read_end,cpu_start,cpu_end,write_start,write_end
1606730770.121000, 1606730901.080000, 1606730901.080000, 1606730906.422000, 1606730906.422000, 1606730998.115000
1606730998.128000, 1606730999.118000, 1606730999.118000, 1606731003.928000, 1606731003.928000, 1606731182.209000
1606731182.225000, 1606731183.230000, 1606731183.230000, 1606731187.633000, 1606731187.633000, 1606731309.848000
