read_start,read_end,cpu_start,cpu_end,write_start,write_end
1606728012.692000, 1606728118.102000, 1606728118.102000, 1606728123.672000, 1606728123.672000, 1606728238.929000
1606728238.943000, 1606728239.990000, 1606728239.990000, 1606728245.382000, 1606728245.382000, 1606728356.230000
1606728356.243000, 1606728357.287000, 1606728357.287000, 1606728362.151000, 1606728362.151000, 1606728471.111000
