read_start,read_end,cpu_start,cpu_end,write_start,write_end
1606728012.680000, 1606728117.954000, 1606728117.954000, 1606728123.396000, 1606728123.396000, 1606728238.672000
1606728238.685000, 1606728239.707000, 1606728239.707000, 1606728245.061000, 1606728245.061000, 1606728355.830000
1606728355.845000, 1606728357.186000, 1606728357.186000, 1606728362.578000, 1606728362.578000, 1606728472.050000
