read_start,read_end,cpu_start,cpu_end,write_start,write_end
1606733401.087000, 1606733546.788000, 1606733546.788000, 1606733551.601000, 1606733551.601000, 1606733647.340000
1606733647.354000, 1606733648.465000, 1606733648.465000, 1606733653.490000, 1606733653.490000, 1606733814.738000
1606733814.752000, 1606733815.778000, 1606733815.778000, 1606733820.665000, 1606733820.665000, 1606733915.181000
