read_start,read_end,cpu_start,cpu_end,write_start,write_end
1606733401.089000, 1606733532.913000, 1606733532.913000, 1606733537.788000, 1606733537.788000, 1606734059.470000
1606734059.486000, 1606734061.411000, 1606734061.411000, 1606734065.761000, 1606734065.761000, 1606734072.575000
1606734072.590000, 1606734073.590000, 1606734073.590000, 1606734077.933000, 1606734077.933000, 1606734084.730000
