read_start,read_end,cpu_start,cpu_end,write_start,write_end
1606725862.605000, 1606725940.214000, 1606725940.214000, 1606725945.091000, 1606725945.091000, 1606726033.381000
1606726033.396000, 1606726034.379000, 1606726034.379000, 1606726039.344000, 1606726039.344000, 1606726121.590000
1606726121.604000, 1606726122.554000, 1606726122.554000, 1606726127.412000, 1606726127.412000, 1606726202.211000
