read_start,read_end,cpu_start,cpu_end,write_start,write_end
1606729039.476000, 1606729156.746000, 1606729156.746000, 1606729162.147000, 1606729162.147000, 1606729284.269000
1606729284.283000, 1606729285.387000, 1606729285.387000, 1606729290.603000, 1606729290.603000, 1606729416.751000
1606729416.770000, 1606729418.363000, 1606729418.363000, 1606729423.493000, 1606729423.493000, 1606729548.901000
