read_start,read_end,cpu_start,cpu_end,write_start,write_end
1606735419.756000, 1606735600.961000, 1606735600.961000, 1606735606.107000, 1606735606.107000, 1606735815.676000
1606735816.041000, 1606735817.443000, 1606735817.443000, 1606735823.184000, 1606735823.184000, 1606735984.720000
1606735984.736000, 1606735985.700000, 1606735985.700000, 1606735990.262000, 1606735990.262000, 1606736139.712000
