read_start,read_end,cpu_start,cpu_end,write_start,write_end
1606734822.834000, 1606734986.247000, 1606734986.247000, 1606734992.067000, 1606734992.067000, 1606735141.578000
1606735141.594000, 1606735142.598000, 1606735142.598000, 1606735147.189000, 1606735147.189000, 1606735279.748000
1606735279.770000, 1606735280.797000, 1606735280.797000, 1606735285.388000, 1606735285.388000, 1606735385.592000
