read_start,read_end,cpu_start,cpu_end,write_start,write_end
1606726245.265000, 1606726326.006000, 1606726326.006000, 1606726331.346000, 1606726331.346000, 1606726417.889000
1606726417.905000, 1606726419.002000, 1606726419.002000, 1606726424.194000, 1606726424.194000, 1606726507.690000
1606726507.706000, 1606726508.809000, 1606726508.809000, 1606726513.344000, 1606726513.344000, 1606726589.801000
