read_start,read_end,cpu_start,cpu_end,write_start,write_end
1606731395.093000, 1606731532.330000, 1606731532.330000, 1606731537.836000, 1606731537.836000, 1606731624.333000
1606731624.349000, 1606731625.440000, 1606731625.440000, 1606731630.266000, 1606731630.266000, 1606731799.589000
1606731799.606000, 1606731800.647000, 1606731800.647000, 1606731805.405000, 1606731805.405000, 1606731970.932000
