read_start,read_end,cpu_start,cpu_end,write_start,write_end
1606726245.266000, 1606726329.627000, 1606726329.627000, 1606726334.453000, 1606726334.453000, 1606726422.068000
1606726422.081000, 1606726423.237000, 1606726423.237000, 1606726428.182000, 1606726428.182000, 1606726516.164000
1606726516.178000, 1606726517.191000, 1606726517.191000, 1606726522.000000, 1606726522.000000, 1606726609.813000
