read_start,read_end,cpu_start,cpu_end,write_start,write_end
1606727077.981000, 1606727171.586000, 1606727171.586000, 1606727176.705000, 1606727176.705000, 1606727279.420000
1606727279.434000, 1606727280.406000, 1606727280.406000, 1606727285.791000, 1606727285.791000, 1606727389.973000
1606727389.986000, 1606727391.206000, 1606727391.206000, 1606727396.317000, 1606727396.317000, 1606727489.090000
