read_start,read_end,cpu_start,cpu_end,write_start,write_end
1606729039.480000, 1606729154.532000, 1606729154.532000, 1606729159.962000, 1606729159.962000, 1606729279.306000
1606729279.320000, 1606729280.284000, 1606729280.284000, 1606729285.089000, 1606729285.089000, 1606729410.279000
1606729410.292000, 1606729411.278000, 1606729411.278000, 1606729416.186000, 1606729416.186000, 1606729541.354000
