read_start,read_end,cpu_start,cpu_end,write_start,write_end
1606731395.106000, 1606731534.018000, 1606731534.018000, 1606731539.283000, 1606731539.283000, 1606731718.273000
1606731718.290000, 1606731720.116000, 1606731720.116000, 1606731725.302000, 1606731725.302000, 1606731827.168000
1606731827.272000, 1606731829.027000, 1606731829.027000, 1606731834.296000, 1606731834.296000, 1606731998.042000
