read_start,read_end,cpu_start,cpu_end,write_start,write_end
1606724891.723000, 1606724953.302000, 1606724953.302000, 1606724958.025000, 1606724958.025000, 1606725021.510000
1606725021.526000, 1606725022.565000, 1606725022.565000, 1606725027.486000, 1606725027.486000, 1606725170.416000
1606725170.432000, 1606725171.529000, 1606725171.529000, 1606725175.869000, 1606725175.869000, 1606725182.674000
