read_start,read_end,cpu_start,cpu_end,write_start,write_end
1606735419.757000, 1606735583.993000, 1606735583.993000, 1606735588.570000, 1606735588.570000, 1606735639.243000
1606735639.260000, 1606735640.861000, 1606735640.861000, 1606735645.371000, 1606735645.371000, 1606735815.944000
1606735816.551000, 1606735819.335000, 1606735819.335000, 1606735825.816000, 1606735825.816000, 1606736032.042000
