read_start,read_end,cpu_start,cpu_end,write_start,write_end
1606729596.516000, 1606729715.016000, 1606729715.016000, 1606729720.562000, 1606729720.562000, 1606729809.619000
1606729809.635000, 1606729810.722000, 1606729810.722000, 1606729815.513000, 1606729815.513000, 1606729926.692000
1606729926.717000, 1606729927.829000, 1606729927.829000, 1606729932.967000, 1606729932.967000, 1606730069.295000
