read_start,read_end,cpu_start,cpu_end,write_start,write_end
1606728012.680000, 1606728118.640000, 1606728118.640000, 1606728123.987000, 1606728123.987000, 1606728239.139000
1606728239.153000, 1606728240.330000, 1606728240.330000, 1606728245.339000, 1606728245.339000, 1606728356.279000
1606728356.295000, 1606728357.755000, 1606728357.755000, 1606728363.868000, 1606728363.868000, 1606728472.038000
