read_start,read_end,cpu_start,cpu_end,write_start,write_end
1606727077.974000, 1606727172.508000, 1606727172.508000, 1606727177.739000, 1606727177.739000, 1606727280.547000
1606727280.562000, 1606727281.582000, 1606727281.582000, 1606727286.476000, 1606727286.476000, 1606727390.942000
1606727390.955000, 1606727392.301000, 1606727392.301000, 1606727397.314000, 1606727397.314000, 1606727485.862000
