read_start,read_end,cpu_start,cpu_end,write_start,write_end
1606731395.097000, 1606731528.985000, 1606731528.985000, 1606731533.961000, 1606731533.961000, 1606731619.440000
1606731619.456000, 1606731620.550000, 1606731620.550000, 1606731625.462000, 1606731625.462000, 1606731781.073000
1606731781.087000, 1606731782.054000, 1606731782.054000, 1606731786.558000, 1606731786.558000, 1606731910.203000
