read_start,read_end,cpu_start,cpu_end,write_start,write_end
1606727529.490000, 1606727630.020000, 1606727630.020000, 1606727635.426000, 1606727635.426000, 1606727743.875000
1606727743.890000, 1606727744.928000, 1606727744.928000, 1606727749.678000, 1606727749.678000, 1606727859.620000
1606727859.637000, 1606727860.783000, 1606727860.783000, 1606727866.025000, 1606727866.025000, 1606727968.187000
