read_start,read_end,cpu_start,cpu_end,write_start,write_end
1606734099.176000, 1606734256.353000, 1606734256.353000, 1606734261.712000, 1606734261.712000, 1606734337.220000
1606734337.258000, 1606734339.085000, 1606734339.085000, 1606734344.012000, 1606734344.012000, 1606734519.021000
1606734519.177000, 1606734520.563000, 1606734520.563000, 1606734526.593000, 1606734526.593000, 1606734698.290000
