read_start,read_end,cpu_start,cpu_end,write_start,write_end
1606725862.601000, 1606725939.821000, 1606725939.821000, 1606725944.981000, 1606725944.981000, 1606726032.668000
1606726032.684000, 1606726033.800000, 1606726033.800000, 1606726039.047000, 1606726039.047000, 1606726120.940000
1606726120.954000, 1606726122.013000, 1606726122.013000, 1606726127.134000, 1606726127.134000, 1606726200.819000
