read_start,read_end,cpu_start,cpu_end,write_start,write_end
1606723473.776000, 1606723500.389000, 1606723500.389000, 1606723505.011000, 1606723505.011000, 1606723534.872000
1606723534.885000, 1606723535.857000, 1606723535.857000, 1606723540.465000, 1606723540.465000, 1606723570.010000
1606723570.024000, 1606723570.976000, 1606723570.976000, 1606723575.587000, 1606723575.587000, 1606723605.308000
