read_start,read_end,cpu_start,cpu_end,write_start,write_end
1606723943.140000, 1606723985.675000, 1606723985.675000, 1606723990.420000, 1606723990.420000, 1606724033.070000
1606724033.081000, 1606724034.190000, 1606724034.190000, 1606724038.781000, 1606724038.781000, 1606724083.439000
1606724083.462000, 1606724084.585000, 1606724084.585000, 1606724089.279000, 1606724089.279000, 1606724137.395000
