read_start,read_end,cpu_start,cpu_end,write_start,write_end
1606729596.528000, 1606729716.684000, 1606729716.684000, 1606729722.107000, 1606729722.107000, 1606729814.376000
1606729814.391000, 1606729815.334000, 1606729815.334000, 1606729820.048000, 1606729820.048000, 1606729931.900000
1606729931.922000, 1606729933.030000, 1606729933.030000, 1606729937.718000, 1606729937.718000, 1606730076.307000
