read_start,read_end,cpu_start,cpu_end,write_start,write_end
1606730170.224000, 1606730294.550000, 1606730294.550000, 1606730299.734000, 1606730299.734000, 1606730411.514000
1606730411.529000, 1606730412.600000, 1606730412.600000, 1606730417.336000, 1606730417.336000, 1606730537.240000
1606730537.255000, 1606730538.932000, 1606730538.932000, 1606730544.982000, 1606730544.982000, 1606730669.245000
