read_start,read_end,cpu_start,cpu_end,write_start,write_end
1606732711.642000, 1606732856.916000, 1606732856.916000, 1606732862.209000, 1606732862.209000, 1606732951.441000
1606732951.459000, 1606732953.055000, 1606732953.055000, 1606732959.479000, 1606732959.479000, 1606733121.659000
1606733121.730000, 1606733122.825000, 1606733122.825000, 1606733127.758000, 1606733127.758000, 1606733302.533000
