read_start,read_end,cpu_start,cpu_end,write_start,write_end
1606733401.091000, 1606733553.309000, 1606733553.309000, 1606733558.603000, 1606733558.603000, 1606733650.106000
1606733650.120000, 1606733651.464000, 1606733651.464000, 1606733656.562000, 1606733656.562000, 1606733818.556000
1606733818.639000, 1606733820.222000, 1606733820.222000, 1606733824.955000, 1606733824.955000, 1606734007.004000
