read_start,read_end,cpu_start,cpu_end,write_start,write_end
1606728514.553000, 1606728624.728000, 1606728624.728000, 1606728630.072000, 1606728630.072000, 1606728748.727000
1606728748.743000, 1606728749.730000, 1606728749.730000, 1606728754.902000, 1606728754.902000, 1606728877.357000
1606728877.379000, 1606728878.440000, 1606728878.440000, 1606728883.845000, 1606728883.845000, 1606728995.257000
