read_start,read_end,cpu_start,cpu_end,write_start,write_end
1606734822.826000, 1606734983.799000, 1606734983.799000, 1606734989.568000, 1606734989.568000, 1606735058.685000
1606735058.731000, 1606735060.738000, 1606735060.738000, 1606735065.671000, 1606735065.671000, 1606735184.513000
1606735184.641000, 1606735186.308000, 1606735186.308000, 1606735192.044000, 1606735192.044000, 1606735366.691000
