read_start,read_end,cpu_start,cpu_end,write_start,write_end
1606734822.808000, 1606734983.609000, 1606734983.609000, 1606734989.055000, 1606734989.055000, 1606735058.622000
1606735058.660000, 1606735060.678000, 1606735060.678000, 1606735065.719000, 1606735065.719000, 1606735181.784000
1606735181.888000, 1606735183.243000, 1606735183.243000, 1606735188.046000, 1606735188.046000, 1606735365.561000
