read_start,read_end,cpu_start,cpu_end,write_start,write_end
1606726648.753000, 1606726738.162000, 1606726738.162000, 1606726743.469000, 1606726743.469000, 1606726836.290000
1606726836.305000, 1606726837.275000, 1606726837.275000, 1606726842.005000, 1606726842.005000, 1606726936.725000
1606726936.739000, 1606726937.960000, 1606726937.960000, 1606726943.252000, 1606726943.252000, 1606727037.144000
