read_start,read_end,cpu_start,cpu_end,write_start,write_end
1606735419.757000, 1606735598.274000, 1606735598.274000, 1606735603.735000, 1606735603.735000, 1606735815.678000
1606735816.197000, 1606735818.393000, 1606735818.393000, 1606735824.173000, 1606735824.173000, 1606736018.742000
1606736018.820000, 1606736020.675000, 1606736020.675000, 1606736025.908000, 1606736025.908000, 1606736157.377000
