read_start,read_end,cpu_start,cpu_end,write_start,write_end
1606727529.486000, 1606727627.366000, 1606727627.366000, 1606727632.806000, 1606727632.806000, 1606727739.431000
1606727739.446000, 1606727740.508000, 1606727740.508000, 1606727745.451000, 1606727745.451000, 1606727854.844000
1606727854.857000, 1606727855.839000, 1606727855.839000, 1606727860.945000, 1606727860.945000, 1606727960.331000
