read_start,read_end,cpu_start,cpu_end,write_start,write_end
1606725190.766000, 1606725256.681000, 1606725256.681000, 1606725261.854000, 1606725261.854000, 1606725331.109000
1606725331.122000, 1606725332.189000, 1606725332.189000, 1606725336.884000, 1606725336.884000, 1606725393.069000
1606725393.084000, 1606725394.170000, 1606725394.170000, 1606725398.567000, 1606725398.567000, 1606725433.136000
