read_start,read_end,cpu_start,cpu_end,write_start,write_end
1606728012.681000, 1606728115.615000, 1606728115.615000, 1606728121.119000, 1606728121.119000, 1606728233.606000
1606728233.621000, 1606728234.729000, 1606728234.729000, 1606728239.617000, 1606728239.617000, 1606728341.953000
1606728341.969000, 1606728343.676000, 1606728343.676000, 1606728348.402000, 1606728348.402000, 1606728451.871000
