read_start,read_end,cpu_start,cpu_end,write_start,write_end
1606735419.757000, 1606735592.128000, 1606735592.128000, 1606735597.077000, 1606735597.077000, 1606735815.602000
1606735815.693000, 1606735818.111000, 1606735818.111000, 1606735824.006000, 1606735824.006000, 1606736015.257000
1606736015.274000, 1606736016.987000, 1606736016.987000, 1606736023.234000, 1606736023.234000, 1606736156.456000
