read_start,read_end,cpu_start,cpu_end,write_start,write_end
1606735419.757000, 1606735584.116000, 1606735584.116000, 1606735589.016000, 1606735589.016000, 1606735678.063000
1606735678.102000, 1606735679.833000, 1606735679.833000, 1606735685.172000, 1606735685.172000, 1606735817.720000
1606735817.875000, 1606735820.192000, 1606735820.192000, 1606735826.211000, 1606735826.211000, 1606736032.762000
