read_start,read_end,cpu_start,cpu_end,write_start,write_end
1606734822.841000, 1606734986.077000, 1606734986.077000, 1606734991.827000, 1606734991.827000, 1606735107.675000
1606735107.690000, 1606735108.918000, 1606735108.918000, 1606735114.181000, 1606735114.181000, 1606735240.617000
1606735240.658000, 1606735241.789000, 1606735241.789000, 1606735246.410000, 1606735246.410000, 1606735378.432000
