read_start,read_end,cpu_start,cpu_end,write_start,write_end
1606724891.723000, 1606724953.293000, 1606724953.293000, 1606724958.015000, 1606724958.015000, 1606725021.806000
1606725021.819000, 1606725022.766000, 1606725022.766000, 1606725027.674000, 1606725027.674000, 1606725087.266000
1606725087.281000, 1606725088.231000, 1606725088.231000, 1606725092.595000, 1606725092.595000, 1606725122.794000
