read_start,read_end,cpu_start,cpu_end,write_start,write_end
1606734822.824000, 1606734987.816000, 1606734987.816000, 1606734993.241000, 1606734993.241000, 1606735162.663000
1606735162.679000, 1606735163.658000, 1606735163.658000, 1606735168.395000, 1606735168.395000, 1606735327.514000
1606735327.530000, 1606735328.542000, 1606735328.542000, 1606735332.926000, 1606735332.926000, 1606735391.847000
