read_start,read_end,cpu_start,cpu_end,write_start,write_end
1606724143.145000, 1606724190.612000, 1606724190.612000, 1606724195.676000, 1606724195.676000, 1606724243.654000
1606724243.668000, 1606724244.674000, 1606724244.674000, 1606724249.470000, 1606724249.470000, 1606724296.783000
1606724296.798000, 1606724297.777000, 1606724297.777000, 1606724302.559000, 1606724302.559000, 1606724350.679000
