read_start,read_end,cpu_start,cpu_end,write_start,write_end
1606731395.121000, 1606731534.423000, 1606731534.423000, 1606731539.703000, 1606731539.703000, 1606731718.687000
1606731718.715000, 1606731719.870000, 1606731719.870000, 1606731724.632000, 1606731724.632000, 1606731805.362000
1606731805.403000, 1606731806.719000, 1606731806.719000, 1606731811.331000, 1606731811.331000, 1606731984.401000
