read_start,read_end,cpu_start,cpu_end,write_start,write_end
1606724616.582000, 1606724673.719000, 1606724673.719000, 1606724678.513000, 1606724678.513000, 1606724740.002000
1606724740.015000, 1606724741.009000, 1606724741.009000, 1606724745.971000, 1606724745.971000, 1606724806.869000
1606724806.885000, 1606724807.902000, 1606724807.902000, 1606724812.860000, 1606724812.860000, 1606724870.966000
