read_start,read_end,cpu_start,cpu_end,write_start,write_end
1606732711.641000, 1606732853.464000, 1606732853.464000, 1606732858.343000, 1606732858.343000, 1606732947.744000
1606732947.761000, 1606732948.773000, 1606732948.773000, 1606732953.644000, 1606732953.644000, 1606733118.977000
1606733118.991000, 1606733120.207000, 1606733120.207000, 1606733125.419000, 1606733125.419000, 1606733299.350000
