read_start,read_end,cpu_start,cpu_end,write_start,write_end
1606727529.494000, 1606727629.683000, 1606727629.683000, 1606727635.064000, 1606727635.064000, 1606727743.452000
1606727743.465000, 1606727744.452000, 1606727744.452000, 1606727749.844000, 1606727749.844000, 1606727859.923000
1606727859.955000, 1606727860.962000, 1606727860.962000, 1606727865.774000, 1606727865.774000, 1606727968.307000
