read_start,read_end,cpu_start,cpu_end,write_start,write_end
1606732711.657000, 1606732857.198000, 1606732857.198000, 1606732862.681000, 1606732862.681000, 1606732952.860000
1606732952.875000, 1606732954.173000, 1606732954.173000, 1606732958.899000, 1606732958.899000, 1606733125.047000
1606733125.110000, 1606733126.647000, 1606733126.647000, 1606733131.615000, 1606733131.615000, 1606733311.418000
