read_start,read_end,cpu_start,cpu_end,write_start,write_end
1606730770.114000, 1606730900.404000, 1606730900.404000, 1606730905.653000, 1606730905.653000, 1606730997.338000
1606730997.352000, 1606730998.324000, 1606730998.324000, 1606731003.108000, 1606731003.108000, 1606731170.568000
1606731170.581000, 1606731171.533000, 1606731171.533000, 1606731176.050000, 1606731176.050000, 1606731302.478000
