read_start,read_end,cpu_start,cpu_end,write_start,write_end
1606729039.488000, 1606729155.027000, 1606729155.027000, 1606729160.556000, 1606729160.556000, 1606729279.985000
1606729280.002000, 1606729281.101000, 1606729281.101000, 1606729285.916000, 1606729285.916000, 1606729411.396000
1606729411.412000, 1606729412.910000, 1606729412.910000, 1606729419.601000, 1606729419.601000, 1606729545.937000
