read_start,read_end,cpu_start,cpu_end,write_start,write_end
1606725862.607000, 1606725939.619000, 1606725939.619000, 1606725945.026000, 1606725945.026000, 1606726033.267000
1606726033.281000, 1606726034.388000, 1606726034.388000, 1606726039.356000, 1606726039.356000, 1606726121.796000
1606726121.810000, 1606726122.783000, 1606726122.783000, 1606726127.652000, 1606726127.652000, 1606726203.769000
