read_start,read_end,cpu_start,cpu_end,write_start,write_end
1606723943.140000, 1606723985.673000, 1606723985.673000, 1606723990.852000, 1606723990.852000, 1606724033.180000
1606724033.194000, 1606724034.329000, 1606724034.329000, 1606724039.112000, 1606724039.112000, 1606724084.129000
1606724084.143000, 1606724085.114000, 1606724085.114000, 1606724089.848000, 1606724089.848000, 1606724134.939000
