read_start,read_end,cpu_start,cpu_end,write_start,write_end
1606735419.757000, 1606735583.913000, 1606735583.913000, 1606735588.764000, 1606735588.764000, 1606735615.075000
1606735615.123000, 1606735616.796000, 1606735616.796000, 1606735621.321000, 1606735621.321000, 1606735815.741000
1606735816.449000, 1606735819.654000, 1606735819.654000, 1606735825.942000, 1606735825.942000, 1606736032.364000
