read_start,read_end,cpu_start,cpu_end,write_start,write_end
1606726648.753000, 1606726735.368000, 1606726735.368000, 1606726740.646000, 1606726740.646000, 1606726826.765000
1606726826.784000, 1606726827.890000, 1606726827.890000, 1606726832.440000, 1606726832.440000, 1606726896.991000
1606726897.006000, 1606726897.963000, 1606726897.963000, 1606726902.386000, 1606726902.386000, 1606726977.488000
