read_start,read_end,cpu_start,cpu_end,write_start,write_end
1606724616.583000, 1606724672.972000, 1606724672.972000, 1606724678.249000, 1606724678.249000, 1606724739.301000
1606724739.316000, 1606724740.418000, 1606724740.418000, 1606724745.433000, 1606724745.433000, 1606724803.835000
1606724803.850000, 1606724804.789000, 1606724804.789000, 1606724809.826000, 1606724809.826000, 1606724851.819000
