read_start,read_end,cpu_start,cpu_end,write_start,write_end
1606725507.195000, 1606725578.617000, 1606725578.617000, 1606725583.917000, 1606725583.917000, 1606725660.885000
1606725660.899000, 1606725661.970000, 1606725661.970000, 1606725666.860000, 1606725666.860000, 1606725742.905000
1606725742.920000, 1606725743.862000, 1606725743.862000, 1606725748.253000, 1606725748.253000, 1606725807.459000
