read_start,read_end,cpu_start,cpu_end,write_start,write_end
1606726648.748000, 1606726735.854000, 1606726735.854000, 1606726740.877000, 1606726740.877000, 1606726830.388000
1606726830.401000, 1606726831.413000, 1606726831.413000, 1606726835.942000, 1606726835.942000, 1606726909.578000
1606726909.593000, 1606726911.143000, 1606726911.143000, 1606726916.758000, 1606726916.758000, 1606726993.373000
