read_start,read_end,cpu_start,cpu_end,write_start,write_end
1606734822.843000, 1606734987.303000, 1606734987.303000, 1606734992.809000, 1606734992.809000, 1606735158.345000
1606735158.359000, 1606735159.527000, 1606735159.527000, 1606735164.004000, 1606735164.004000, 1606735297.651000
1606735297.681000, 1606735298.935000, 1606735298.935000, 1606735303.325000, 1606735303.325000, 1606735388.568000
