read_start,read_end,cpu_start,cpu_end,write_start,write_end
1606732711.641000, 1606732858.138000, 1606732858.138000, 1606732863.588000, 1606732863.588000, 1606733031.912000
1606733031.927000, 1606733032.876000, 1606733032.876000, 1606733037.330000, 1606733037.330000, 1606733122.482000
1606733122.496000, 1606733123.850000, 1606733123.850000, 1606733128.998000, 1606733128.998000, 1606733313.328000
