read_start,read_end,cpu_start,cpu_end,write_start,write_end
1606729039.481000, 1606729149.712000, 1606729149.712000, 1606729154.283000, 1606729154.283000, 1606729265.627000
1606729265.640000, 1606729266.550000, 1606729266.550000, 1606729271.173000, 1606729271.173000, 1606729391.818000
1606729391.831000, 1606729392.757000, 1606729392.757000, 1606729397.393000, 1606729397.393000, 1606729528.157000
