read_start,read_end,cpu_start,cpu_end,write_start,write_end
1606732711.647000, 1606732847.532000, 1606732847.532000, 1606732852.349000, 1606732852.349000, 1606732946.914000
1606732946.927000, 1606732947.895000, 1606732947.895000, 1606732952.869000, 1606732952.869000, 1606733049.539000
1606733049.557000, 1606733050.660000, 1606733050.660000, 1606733055.360000, 1606733055.360000, 1606733216.980000
