read_start,read_end,cpu_start,cpu_end,write_start,write_end
1606723761.310000, 1606723798.480000, 1606723798.480000, 1606723803.675000, 1606723803.675000, 1606723844.029000
1606723844.045000, 1606723845.164000, 1606723845.164000, 1606723849.786000, 1606723849.786000, 1606723890.172000
1606723890.186000, 1606723891.237000, 1606723891.237000, 1606723895.931000, 1606723895.931000, 1606723936.315000
