read_start,read_end,cpu_start,cpu_end,write_start,write_end
1606732043.857000, 1606732180.138000, 1606732180.138000, 1606732185.154000, 1606732185.154000, 1606732279.827000
1606732279.841000, 1606732280.789000, 1606732280.789000, 1606732285.705000, 1606732285.705000, 1606732383.950000
1606732383.968000, 1606732385.144000, 1606732385.144000, 1606732390.019000, 1606732390.019000, 1606732594.215000
