read_start,read_end,cpu_start,cpu_end,write_start,write_end
1606728012.696000, 1606728118.398000, 1606728118.398000, 1606728123.906000, 1606728123.906000, 1606728239.048000
1606728239.065000, 1606728240.114000, 1606728240.114000, 1606728245.146000, 1606728245.146000, 1606728356.082000
1606728356.097000, 1606728357.409000, 1606728357.409000, 1606728363.157000, 1606728363.157000, 1606728470.678000
