read_start,read_end,cpu_start,cpu_end,write_start,write_end
1606733401.077000, 1606733553.895000, 1606733553.895000, 1606733559.343000, 1606733559.343000, 1606733651.309000
1606733651.325000, 1606733652.735000, 1606733652.735000, 1606733657.505000, 1606733657.505000, 1606733818.100000
1606733818.270000, 1606733819.528000, 1606733819.528000, 1606733824.275000, 1606733824.275000, 1606734005.409000
