read_start,read_end,cpu_start,cpu_end,write_start,write_end
1606731395.099000, 1606731534.522000, 1606731534.522000, 1606731539.818000, 1606731539.818000, 1606731718.927000
1606731718.946000, 1606731720.354000, 1606731720.354000, 1606731725.164000, 1606731725.164000, 1606731813.935000
1606731814.012000, 1606731815.821000, 1606731815.821000, 1606731820.470000, 1606731820.470000, 1606731999.779000
