read_start,read_end,cpu_start,cpu_end,write_start,write_end
1606723365.899000, 1606723387.238000, 1606723387.238000, 1606723391.817000, 1606723391.817000, 1606723416.549000
1606723416.562000, 1606723417.585000, 1606723417.585000, 1606723421.959000, 1606723421.959000, 1606723442.149000
1606723442.164000, 1606723443.235000, 1606723443.235000, 1606723447.815000, 1606723447.815000, 1606723470.730000
