read_start,read_end,cpu_start,cpu_end,write_start,write_end
1606723473.776000, 1606723500.386000, 1606723500.386000, 1606723505.011000, 1606723505.011000, 1606723534.615000
1606723534.628000, 1606723535.587000, 1606723535.587000, 1606723540.171000, 1606723540.171000, 1606723569.508000
1606723569.523000, 1606723570.462000, 1606723570.462000, 1606723575.098000, 1606723575.098000, 1606723603.839000
