read_start,read_end,cpu_start,cpu_end,write_start,write_end
1606726648.745000, 1606726735.653000, 1606726735.653000, 1606726740.891000, 1606726740.891000, 1606726830.504000
1606726830.517000, 1606726831.582000, 1606726831.582000, 1606726836.343000, 1606726836.343000, 1606726912.310000
1606726912.323000, 1606726913.366000, 1606726913.366000, 1606726917.746000, 1606726917.746000, 1606726993.904000
