read_start,read_end,cpu_start,cpu_end,write_start,write_end
1606730770.112000, 1606730903.352000, 1606730903.352000, 1606730908.926000, 1606730908.926000, 1606731097.558000
1606731097.572000, 1606731098.642000, 1606731098.642000, 1606731103.425000, 1606731103.425000, 1606731222.119000
1606731222.130000, 1606731223.687000, 1606731223.687000, 1606731229.696000, 1606731229.696000, 1606731350.453000
