read_start,read_end,cpu_start,cpu_end,write_start,write_end
1606734099.196000, 1606734259.117000, 1606734259.117000, 1606734264.513000, 1606734264.513000, 1606734426.986000
1606734427.042000, 1606734428.730000, 1606734428.730000, 1606734433.650000, 1606734433.650000, 1606734598.064000
1606734598.163000, 1606734599.539000, 1606734599.539000, 1606734604.681000, 1606734604.681000, 1606734775.300000
