read_start,read_end,cpu_start,cpu_end,write_start,write_end
1606731395.104000, 1606731533.848000, 1606731533.848000, 1606731539.369000, 1606731539.369000, 1606731718.232000
1606731718.245000, 1606731719.761000, 1606731719.761000, 1606731725.654000, 1606731725.654000, 1606731888.185000
1606731888.252000, 1606731890.093000, 1606731890.093000, 1606731894.878000, 1606731894.878000, 1606731999.556000
