read_start,read_end,cpu_start,cpu_end,write_start,write_end
1606728012.687000, 1606728115.838000, 1606728115.838000, 1606728121.178000, 1606728121.178000, 1606728234.102000
1606728234.116000, 1606728235.209000, 1606728235.209000, 1606728240.196000, 1606728240.196000, 1606728343.792000
1606728343.805000, 1606728345.065000, 1606728345.065000, 1606728350.562000, 1606728350.562000, 1606728454.434000
