read_start,read_end,cpu_start,cpu_end,write_start,write_end
1606729039.491000, 1606729156.971000, 1606729156.971000, 1606729162.313000, 1606729162.313000, 1606729286.360000
1606729286.375000, 1606729287.321000, 1606729287.321000, 1606729292.058000, 1606729292.058000, 1606729418.195000
1606729418.209000, 1606729419.338000, 1606729419.338000, 1606729424.260000, 1606729424.260000, 1606729549.368000
