read_start,read_end,cpu_start,cpu_end,write_start,write_end
1606732043.841000, 1606732186.810000, 1606732186.810000, 1606732192.200000, 1606732192.200000, 1606732376.804000
1606732376.821000, 1606732378.626000, 1606732378.626000, 1606732384.362000, 1606732384.362000, 1606732517.456000
1606732517.559000, 1606732519.550000, 1606732519.550000, 1606732524.274000, 1606732524.274000, 1606732666.128000
