read_start,read_end,cpu_start,cpu_end,write_start,write_end
1606735419.756000, 1606735601.470000, 1606735601.470000, 1606735606.435000, 1606735606.435000, 1606735815.688000
1606735816.298000, 1606735818.639000, 1606735818.639000, 1606735824.314000, 1606735824.314000, 1606736021.326000
1606736021.413000, 1606736022.671000, 1606736022.671000, 1606736028.156000, 1606736028.156000, 1606736157.756000
