read_start,read_end,cpu_start,cpu_end,write_start,write_end
1606727077.974000, 1606727171.063000, 1606727171.063000, 1606727176.216000, 1606727176.216000, 1606727278.535000
1606727278.548000, 1606727279.594000, 1606727279.594000, 1606727284.319000, 1606727284.319000, 1606727384.297000
1606727384.312000, 1606727386.312000, 1606727386.312000, 1606727391.454000, 1606727391.454000, 1606727477.292000
