read_start,read_end,cpu_start,cpu_end,write_start,write_end
1606726245.280000, 1606726329.046000, 1606726329.046000, 1606726334.237000, 1606726334.237000, 1606726421.795000
1606726421.809000, 1606726422.846000, 1606726422.846000, 1606726428.038000, 1606726428.038000, 1606726516.151000
1606726516.165000, 1606726517.120000, 1606726517.120000, 1606726521.837000, 1606726521.837000, 1606726609.637000
