read_start,read_end,cpu_start,cpu_end,write_start,write_end
1606734822.810000, 1606734977.655000, 1606734977.655000, 1606734982.347000, 1606734982.347000, 1606735054.846000
1606735054.862000, 1606735056.337000, 1606735056.337000, 1606735062.108000, 1606735062.108000, 1606735175.273000
1606735175.338000, 1606735176.976000, 1606735176.976000, 1606735181.801000, 1606735181.801000, 1606735362.423000
