read_start,read_end,cpu_start,cpu_end,write_start,write_end
1606735419.757000, 1606735602.217000, 1606735602.217000, 1606735607.157000, 1606735607.157000, 1606735815.679000
1606735816.396000, 1606735819.140000, 1606735819.140000, 1606735825.294000, 1606735825.294000, 1606736030.565000
1606736030.641000, 1606736031.806000, 1606736031.806000, 1606736036.574000, 1606736036.574000, 1606736158.738000
