read_start,read_end,cpu_start,cpu_end,write_start,write_end
1606726245.265000, 1606726329.085000, 1606726329.085000, 1606726334.019000, 1606726334.019000, 1606726421.650000
1606726421.665000, 1606726422.669000, 1606726422.669000, 1606726428.003000, 1606726428.003000, 1606726516.247000
1606726516.262000, 1606726517.413000, 1606726517.413000, 1606726522.221000, 1606726522.221000, 1606726609.848000
