read_start,read_end,cpu_start,cpu_end,write_start,write_end
1606724370.100000, 1606724421.268000, 1606724421.268000, 1606724426.608000, 1606724426.608000, 1606724484.744000
1606724484.758000, 1606724485.766000, 1606724485.766000, 1606724490.385000, 1606724490.385000, 1606724542.289000
1606724542.306000, 1606724543.402000, 1606724543.402000, 1606724548.142000, 1606724548.142000, 1606724593.380000
