read_start,read_end,cpu_start,cpu_end,write_start,write_end
1606734822.808000, 1606734987.901000, 1606734987.901000, 1606734993.373000, 1606734993.373000, 1606735165.568000
1606735165.584000, 1606735167.018000, 1606735167.018000, 1606735171.741000, 1606735171.741000, 1606735341.192000
1606735341.264000, 1606735342.503000, 1606735342.503000, 1606735347.018000, 1606735347.018000, 1606735393.253000
