read_start,read_end,cpu_start,cpu_end,write_start,write_end
1606728012.691000, 1606728117.021000, 1606728117.021000, 1606728122.425000, 1606728122.425000, 1606728237.516000
1606728237.530000, 1606728238.500000, 1606728238.500000, 1606728243.784000, 1606728243.784000, 1606728353.277000
1606728353.290000, 1606728354.600000, 1606728354.600000, 1606728361.133000, 1606728361.133000, 1606728471.217000
