read_start,read_end,cpu_start,cpu_end,write_start,write_end
1606725190.757000, 1606725257.486000, 1606725257.486000, 1606725262.843000, 1606725262.843000, 1606725334.018000
1606725334.032000, 1606725335.078000, 1606725335.078000, 1606725340.296000, 1606725340.296000, 1606725411.478000
1606725411.493000, 1606725412.621000, 1606725412.621000, 1606725417.617000, 1606725417.617000, 1606725482.682000
