read_start,read_end,cpu_start,cpu_end,write_start,write_end
1606730770.104000, 1606730902.937000, 1606730902.937000, 1606730908.503000, 1606730908.503000, 1606731092.785000
1606731092.800000, 1606731094.791000, 1606731094.791000, 1606731101.735000, 1606731101.735000, 1606731227.963000
1606731228.074000, 1606731229.491000, 1606731229.491000, 1606731234.652000, 1606731234.652000, 1606731351.517000
