read_start,read_end,cpu_start,cpu_end,write_start,write_end
1606734822.808000, 1606734988.222000, 1606734988.222000, 1606734993.989000, 1606734993.989000, 1606735164.573000
1606735164.588000, 1606735166.059000, 1606735166.059000, 1606735170.858000, 1606735170.858000, 1606735338.237000
1606735338.317000, 1606735339.536000, 1606735339.536000, 1606735344.018000, 1606735344.018000, 1606735393.042000
