read_start,read_end,cpu_start,cpu_end,write_start,write_end
1606732711.652000, 1606732844.283000, 1606732844.283000, 1606732849.156000, 1606732849.156000, 1606732945.021000
1606732945.040000, 1606732946.124000, 1606732946.124000, 1606732950.954000, 1606732950.954000, 1606733043.463000
1606733043.509000, 1606733045.234000, 1606733045.234000, 1606733050.879000, 1606733050.879000, 1606733206.711000
