read_start,read_end,cpu_start,cpu_end,write_start,write_end
1606732711.651000, 1606732856.925000, 1606732856.925000, 1606732862.250000, 1606732862.250000, 1606732951.436000
1606732951.458000, 1606732953.176000, 1606732953.176000, 1606732958.916000, 1606732958.916000, 1606733130.562000
1606733130.631000, 1606733131.893000, 1606733131.893000, 1606733136.673000, 1606733136.673000, 1606733307.201000
