read_start,read_end,cpu_start,cpu_end,write_start,write_end
1606726648.750000, 1606726738.160000, 1606726738.160000, 1606726743.468000, 1606726743.468000, 1606726836.197000
1606726836.212000, 1606726837.241000, 1606726837.241000, 1606726842.318000, 1606726842.318000, 1606726936.997000
1606726937.015000, 1606726938.155000, 1606726938.155000, 1606726942.972000, 1606726942.972000, 1606727036.782000
