read_start,read_end,cpu_start,cpu_end,write_start,write_end
1606725190.758000, 1606725256.535000, 1606725256.535000, 1606725261.538000, 1606725261.538000, 1606725330.720000
1606725330.735000, 1606725331.694000, 1606725331.694000, 1606725336.537000, 1606725336.537000, 1606725486.185000
1606725486.201000, 1606725487.121000, 1606725487.121000, 1606725491.460000, 1606725491.460000, 1606725498.276000
