read_start,read_end,cpu_start,cpu_end,write_start,write_end
1606727529.486000, 1606727627.268000, 1606727627.268000, 1606727632.652000, 1606727632.652000, 1606727739.260000
1606727739.278000, 1606727740.275000, 1606727740.275000, 1606727744.983000, 1606727744.983000, 1606727853.918000
1606727853.933000, 1606727855.474000, 1606727855.474000, 1606727860.786000, 1606727860.786000, 1606727965.828000
