read_start,read_end,cpu_start,cpu_end,write_start,write_end
1606732711.644000, 1606732861.460000, 1606732861.460000, 1606732866.860000, 1606732866.860000, 1606733042.199000
1606733042.215000, 1606733043.601000, 1606733043.601000, 1606733048.550000, 1606733048.550000, 1606733202.489000
1606733202.585000, 1606733204.368000, 1606733204.368000, 1606733209.348000, 1606733209.348000, 1606733353.722000
