read_start,read_end,cpu_start,cpu_end,write_start,write_end
1606734099.198000, 1606734260.251000, 1606734260.251000, 1606734265.667000, 1606734265.667000, 1606734430.582000
1606734430.600000, 1606734432.014000, 1606734432.014000, 1606734436.810000, 1606734436.810000, 1606734601.278000
1606734601.373000, 1606734602.765000, 1606734602.765000, 1606734607.915000, 1606734607.915000, 1606734774.344000
