read_start,read_end,cpu_start,cpu_end,write_start,write_end
1606723177.823000, 1606723190.069000, 1606723190.069000, 1606723194.443000, 1606723194.443000, 1606723208.844000
1606723208.905000, 1606723210.089000, 1606723210.089000, 1606723214.618000, 1606723214.618000, 1606723227.250000
1606723227.264000, 1606723228.269000, 1606723228.269000, 1606723232.670000, 1606723232.670000, 1606723249.992000
