read_start,read_end,cpu_start,cpu_end,write_start,write_end
1606728012.680000, 1606728109.117000, 1606728109.117000, 1606728113.592000, 1606728113.592000, 1606728477.320000
1606728477.349000, 1606728478.273000, 1606728478.273000, 1606728482.613000, 1606728482.613000, 1606728489.495000
1606728489.510000, 1606728490.499000, 1606728490.499000, 1606728494.837000, 1606728494.837000, 1606728501.931000
