read_start,read_end,cpu_start,cpu_end,write_start,write_end
1606730770.124000, 1606730901.939000, 1606730901.939000, 1606730907.540000, 1606730907.540000, 1606730999.333000
1606730999.349000, 1606731000.425000, 1606731000.425000, 1606731005.145000, 1606731005.145000, 1606731191.113000
1606731191.125000, 1606731192.834000, 1606731192.834000, 1606731199.326000, 1606731199.326000, 1606731342.120000
