read_start,read_end,cpu_start,cpu_end,write_start,write_end
1606725190.760000, 1606725257.409000, 1606725257.409000, 1606725262.507000, 1606725262.507000, 1606725333.703000
1606725333.719000, 1606725334.748000, 1606725334.748000, 1606725339.611000, 1606725339.611000, 1606725410.022000
1606725410.036000, 1606725411.092000, 1606725411.092000, 1606725416.061000, 1606725416.061000, 1606725479.459000
