read_start,read_end,cpu_start,cpu_end,write_start,write_end
1606724143.146000, 1606724190.464000, 1606724190.464000, 1606724195.200000, 1606724195.200000, 1606724249.781000
1606724249.797000, 1606724250.761000, 1606724250.761000, 1606724255.190000, 1606724255.190000, 1606724297.834000
1606724297.854000, 1606724298.862000, 1606724298.862000, 1606724303.653000, 1606724303.653000, 1606724351.215000
