read_start,read_end,cpu_start,cpu_end,write_start,write_end
1606725862.608000, 1606725940.806000, 1606725940.806000, 1606725945.931000, 1606725945.931000, 1606726034.471000
1606726034.486000, 1606726035.655000, 1606726035.655000, 1606726040.537000, 1606726040.537000, 1606726123.562000
1606726123.575000, 1606726124.590000, 1606726124.590000, 1606726129.363000, 1606726129.363000, 1606726208.538000
