read_start,read_end,cpu_start,cpu_end,write_start,write_end
1606730170.219000, 1606730296.195000, 1606730296.195000, 1606730301.602000, 1606730301.602000, 1606730415.124000
1606730415.137000, 1606730416.105000, 1606730416.105000, 1606730420.884000, 1606730420.884000, 1606730544.326000
1606730544.341000, 1606730546.026000, 1606730546.026000, 1606730550.891000, 1606730550.891000, 1606730725.124000
