read_start,read_end,cpu_start,cpu_end,write_start,write_end
1606732043.841000, 1606732183.477000, 1606732183.477000, 1606732188.656000, 1606732188.656000, 1606732283.645000
1606732283.659000, 1606732284.617000, 1606732284.617000, 1606732289.532000, 1606732289.532000, 1606732489.431000
1606732489.447000, 1606732490.567000, 1606732490.567000, 1606732495.431000, 1606732495.431000, 1606732610.555000
