read_start,read_end,cpu_start,cpu_end,write_start,write_end
1606724891.723000, 1606724954.359000, 1606724954.359000, 1606724959.568000, 1606724959.568000, 1606725024.335000
1606725024.349000, 1606725025.502000, 1606725025.502000, 1606725030.746000, 1606725030.746000, 1606725097.320000
1606725097.337000, 1606725098.344000, 1606725098.344000, 1606725103.085000, 1606725103.085000, 1606725165.324000
