read_start,read_end,cpu_start,cpu_end,write_start,write_end
1606732043.841000, 1606732180.785000, 1606732180.785000, 1606732185.646000, 1606732185.646000, 1606732279.726000
1606732279.740000, 1606732280.707000, 1606732280.707000, 1606732285.738000, 1606732285.738000, 1606732384.855000
1606732384.872000, 1606732386.606000, 1606732386.606000, 1606732392.897000, 1606732392.897000, 1606732594.494000
