read_start,read_end,cpu_start,cpu_end,write_start,write_end
1606723761.310000, 1606723798.562000, 1606723798.562000, 1606723803.284000, 1606723803.284000, 1606723843.562000
1606723843.576000, 1606723844.636000, 1606723844.636000, 1606723849.311000, 1606723849.311000, 1606723889.667000
1606723889.681000, 1606723890.816000, 1606723890.816000, 1606723895.881000, 1606723895.881000, 1606723936.432000
