read_start,read_end,cpu_start,cpu_end,write_start,write_end
1606727529.486000, 1606727631.146000, 1606727631.146000, 1606727636.155000, 1606727636.155000, 1606727744.461000
1606727744.478000, 1606727745.627000, 1606727745.627000, 1606727750.453000, 1606727750.453000, 1606727860.350000
1606727860.367000, 1606727862.021000, 1606727862.021000, 1606727867.060000, 1606727867.060000, 1606727969.187000
