read_start,read_end,cpu_start,cpu_end,write_start,write_end
1606726245.265000, 1606726330.455000, 1606726330.455000, 1606726335.405000, 1606726335.405000, 1606726422.052000
1606726422.069000, 1606726423.072000, 1606726423.072000, 1606726428.032000, 1606726428.032000, 1606726515.857000
1606726515.883000, 1606726516.886000, 1606726516.886000, 1606726521.710000, 1606726521.710000, 1606726609.395000
