read_start,read_end,cpu_start,cpu_end,write_start,write_end
1606725190.763000, 1606725258.462000, 1606725258.462000, 1606725263.363000, 1606725263.363000, 1606725334.281000
1606725334.297000, 1606725335.366000, 1606725335.366000, 1606725340.198000, 1606725340.198000, 1606725411.240000
1606725411.254000, 1606725412.378000, 1606725412.378000, 1606725417.654000, 1606725417.654000, 1606725482.606000
