read_start,read_end,cpu_start,cpu_end,write_start,write_end
1606732043.859000, 1606732184.895000, 1606732184.895000, 1606732190.306000, 1606732190.306000, 1606732285.223000
1606732285.238000, 1606732286.350000, 1606732286.350000, 1606732291.125000, 1606732291.125000, 1606732489.056000
1606732489.069000, 1606732490.113000, 1606732490.113000, 1606732494.872000, 1606732494.872000, 1606732607.957000
