read_start,read_end,cpu_start,cpu_end,write_start,write_end
1606724891.723000, 1606724953.830000, 1606724953.830000, 1606724958.733000, 1606724958.733000, 1606725023.251000
1606725023.264000, 1606725024.231000, 1606725024.231000, 1606725029.148000, 1606725029.148000, 1606725094.116000
1606725094.132000, 1606725095.147000, 1606725095.147000, 1606725100.050000, 1606725100.050000, 1606725156.833000
