read_start,read_end,cpu_start,cpu_end,write_start,write_end
1606729596.507000, 1606729715.999000, 1606729715.999000, 1606729721.380000, 1606729721.380000, 1606729812.128000
1606729812.142000, 1606729813.152000, 1606729813.152000, 1606729818.153000, 1606729818.153000, 1606729929.819000
1606729929.839000, 1606729931.248000, 1606729931.248000, 1606729936.081000, 1606729936.081000, 1606730075.630000
