read_start,read_end,cpu_start,cpu_end,write_start,write_end
1606728012.680000, 1606728119.473000, 1606728119.473000, 1606728124.767000, 1606728124.767000, 1606728239.779000
1606728239.797000, 1606728240.892000, 1606728240.892000, 1606728245.726000, 1606728245.726000, 1606728356.491000
1606728356.507000, 1606728358.153000, 1606728358.153000, 1606728364.037000, 1606728364.037000, 1606728474.042000
