read_start,read_end,cpu_start,cpu_end,write_start,write_end
1606723261.435000, 1606723278.993000, 1606723278.993000, 1606723283.564000, 1606723283.564000, 1606723308.061000
1606723308.076000, 1606723309.076000, 1606723309.076000, 1606723313.680000, 1606723313.680000, 1606723337.704000
1606723337.719000, 1606723338.700000, 1606723338.700000, 1606723343.301000, 1606723343.301000, 1606723361.341000
