read_start,read_end,cpu_start,cpu_end,write_start,write_end
1606730170.230000, 1606730295.508000, 1606730295.508000, 1606730301.127000, 1606730301.127000, 1606730414.012000
1606730414.026000, 1606730415.528000, 1606730415.528000, 1606730420.597000, 1606730420.597000, 1606730543.676000
1606730543.761000, 1606730545.368000, 1606730545.368000, 1606730550.496000, 1606730550.496000, 1606730701.764000
