read_start,read_end,cpu_start,cpu_end,write_start,write_end
1606730770.115000, 1606730903.577000, 1606730903.577000, 1606730908.921000, 1606730908.921000, 1606731097.483000
1606731097.497000, 1606731098.543000, 1606731098.543000, 1606731103.960000, 1606731103.960000, 1606731224.885000
1606731224.911000, 1606731225.878000, 1606731225.878000, 1606731230.598000, 1606731230.598000, 1606731350.487000
