read_start,read_end,cpu_start,cpu_end,write_start,write_end
1606734822.809000, 1606734987.593000, 1606734987.593000, 1606734993.314000, 1606734993.314000, 1606735164.011000
1606735164.025000, 1606735165.676000, 1606735165.676000, 1606735172.628000, 1606735172.628000, 1606735344.057000
1606735344.159000, 1606735346.051000, 1606735346.051000, 1606735351.050000, 1606735351.050000, 1606735393.495000
