read_start,read_end,cpu_start,cpu_end,write_start,write_end
1606727529.487000, 1606727628.432000, 1606727628.432000, 1606727633.662000, 1606727633.662000, 1606727741.424000
1606727741.438000, 1606727742.387000, 1606727742.387000, 1606727747.421000, 1606727747.421000, 1606727857.477000
1606727857.490000, 1606727858.460000, 1606727858.460000, 1606727863.527000, 1606727863.527000, 1606727966.078000
