read_start,read_end,cpu_start,cpu_end,write_start,write_end
1606723609.022000, 1606723640.946000, 1606723640.946000, 1606723645.590000, 1606723645.590000, 1606723679.937000
1606723679.952000, 1606723680.913000, 1606723680.913000, 1606723685.594000, 1606723685.594000, 1606723715.215000
1606723715.230000, 1606723716.155000, 1606723716.155000, 1606723720.521000, 1606723720.521000, 1606723727.543000
