read_start,read_end,cpu_start,cpu_end,write_start,write_end
1606733401.063000, 1606733555.050000, 1606733555.050000, 1606733560.679000, 1606733560.679000, 1606733727.612000
1606733727.626000, 1606733728.896000, 1606733728.896000, 1606733733.895000, 1606733733.895000, 1606733905.769000
1606733905.793000, 1606733906.805000, 1606733906.805000, 1606733911.841000, 1606733911.841000, 1606734013.971000
