read_start,read_end,cpu_start,cpu_end,write_start,write_end
1606730770.099000, 1606730903.848000, 1606730903.848000, 1606730909.453000, 1606730909.453000, 1606731098.255000
1606731098.272000, 1606731099.621000, 1606731099.621000, 1606731104.395000, 1606731104.395000, 1606731225.844000
1606731225.908000, 1606731227.781000, 1606731227.781000, 1606731232.578000, 1606731232.578000, 1606731351.316000
