read_start,read_end,cpu_start,cpu_end,write_start,write_end
1606731395.093000, 1606731534.654000, 1606731534.654000, 1606731540.056000, 1606731540.056000, 1606731719.237000
1606731719.268000, 1606731720.941000, 1606731720.941000, 1606731726.175000, 1606731726.175000, 1606731906.810000
1606731906.963000, 1606731908.038000, 1606731908.038000, 1606731912.631000, 1606731912.631000, 1606731995.448000
