read_start,read_end,cpu_start,cpu_end,write_start,write_end
1606729039.476000, 1606729154.616000, 1606729154.616000, 1606729159.655000, 1606729159.655000, 1606729278.619000
1606729278.633000, 1606729279.746000, 1606729279.746000, 1606729284.556000, 1606729284.556000, 1606729408.829000
1606729408.843000, 1606729409.903000, 1606729409.903000, 1606729414.577000, 1606729414.577000, 1606729537.925000
