read_start,read_end,cpu_start,cpu_end,write_start,write_end
1606733401.085000, 1606733553.685000, 1606733553.685000, 1606733559.028000, 1606733559.028000, 1606733650.506000
1606733650.526000, 1606733652.251000, 1606733652.251000, 1606733657.284000, 1606733657.284000, 1606733834.250000
1606733834.339000, 1606733835.986000, 1606733835.986000, 1606733840.825000, 1606733840.825000, 1606734025.850000
