read_start,read_end,cpu_start,cpu_end,write_start,write_end
1606734822.843000, 1606734986.816000, 1606734986.816000, 1606734992.349000, 1606734992.349000, 1606735155.232000
1606735155.246000, 1606735156.215000, 1606735156.215000, 1606735160.821000, 1606735160.821000, 1606735294.299000
1606735294.313000, 1606735295.336000, 1606735295.336000, 1606735299.983000, 1606735299.983000, 1606735388.111000
