read_start,read_end,cpu_start,cpu_end,write_start,write_end
1606726245.274000, 1606726326.619000, 1606726326.619000, 1606726331.645000, 1606726331.645000, 1606726418.618000
1606726418.631000, 1606726419.741000, 1606726419.741000, 1606726424.835000, 1606726424.835000, 1606726510.859000
1606726510.875000, 1606726511.865000, 1606726511.865000, 1606726516.786000, 1606726516.786000, 1606726600.891000
