read_start,read_end,cpu_start,cpu_end,write_start,write_end
1606730770.116000, 1606730903.857000, 1606730903.857000, 1606730909.021000, 1606730909.021000, 1606731097.582000
1606731097.600000, 1606731098.970000, 1606731098.970000, 1606731105.318000, 1606731105.318000, 1606731277.062000
1606731277.117000, 1606731278.212000, 1606731278.212000, 1606731282.683000, 1606731282.683000, 1606731352.704000
