read_start,read_end,cpu_start,cpu_end,write_start,write_end
1606725190.767000, 1606725257.944000, 1606725257.944000, 1606725263.160000, 1606725263.160000, 1606725334.457000
1606725334.471000, 1606725335.588000, 1606725335.588000, 1606725340.782000, 1606725340.782000, 1606725411.670000
1606725411.683000, 1606725412.822000, 1606725412.822000, 1606725417.672000, 1606725417.672000, 1606725482.669000
