read_start,read_end,cpu_start,cpu_end,write_start,write_end
1606726245.267000, 1606726324.755000, 1606726324.755000, 1606726329.502000, 1606726329.502000, 1606726613.881000
1606726613.897000, 1606726614.847000, 1606726614.847000, 1606726619.159000, 1606726619.159000, 1606726626.018000
1606726626.032000, 1606726627.111000, 1606726627.111000, 1606726631.450000, 1606726631.450000, 1606726638.202000
