read_start,read_end,cpu_start,cpu_end,write_start,write_end
1606732043.861000, 1606732185.124000, 1606732185.124000, 1606732190.372000, 1606732190.372000, 1606732285.465000
1606732285.480000, 1606732286.441000, 1606732286.441000, 1606732291.216000, 1606732291.216000, 1606732489.264000
1606732489.280000, 1606732490.456000, 1606732490.456000, 1606732495.272000, 1606732495.272000, 1606732609.027000
