read_start,read_end,cpu_start,cpu_end,write_start,write_end
1606727077.974000, 1606727172.725000, 1606727172.725000, 1606727178.209000, 1606727178.209000, 1606727281.027000
1606727281.044000, 1606727282.153000, 1606727282.153000, 1606727286.899000, 1606727286.899000, 1606727391.327000
1606727391.345000, 1606727393.217000, 1606727393.217000, 1606727399.794000, 1606727399.794000, 1606727488.023000
