read_start,read_end,cpu_start,cpu_end,write_start,write_end
1606727077.978000, 1606727168.985000, 1606727168.985000, 1606727173.888000, 1606727173.888000, 1606727263.737000
1606727263.753000, 1606727264.673000, 1606727264.673000, 1606727269.065000, 1606727269.065000, 1606727351.090000
1606727351.109000, 1606727352.057000, 1606727352.057000, 1606727356.483000, 1606727356.483000, 1606727444.942000
