read_start,read_end,cpu_start,cpu_end,write_start,write_end
1606733401.066000, 1606733550.399000, 1606733550.399000, 1606733555.237000, 1606733555.237000, 1606733647.489000
1606733647.506000, 1606733648.523000, 1606733648.523000, 1606733653.641000, 1606733653.641000, 1606733816.197000
1606733816.229000, 1606733818.051000, 1606733818.051000, 1606733823.149000, 1606733823.149000, 1606734014.261000
