read_start,read_end,cpu_start,cpu_end,write_start,write_end
1606729596.509000, 1606729718.812000, 1606729718.812000, 1606729724.166000, 1606729724.166000, 1606729918.277000
1606729918.294000, 1606729920.076000, 1606729920.076000, 1606729925.273000, 1606729925.273000, 1606730053.180000
1606730053.268000, 1606730054.706000, 1606730054.706000, 1606730059.495000, 1606730059.495000, 1606730125.407000
