read_start,read_end,cpu_start,cpu_end,write_start,write_end
1606735419.756000, 1606735601.141000, 1606735601.141000, 1606735606.251000, 1606735606.251000, 1606735815.706000
1606735816.303000, 1606735817.945000, 1606735817.945000, 1606735823.699000, 1606735823.699000, 1606736006.157000
1606736006.216000, 1606736007.342000, 1606736007.342000, 1606736011.919000, 1606736011.919000, 1606736150.585000
