read_start,read_end,cpu_start,cpu_end,write_start,write_end
1606726648.744000, 1606726737.275000, 1606726737.275000, 1606726742.473000, 1606726742.473000, 1606726835.356000
1606726835.370000, 1606726836.449000, 1606726836.449000, 1606726841.227000, 1606726841.227000, 1606726935.328000
1606726935.346000, 1606726936.431000, 1606726936.431000, 1606726941.273000, 1606726941.273000, 1606727036.465000
