read_start,read_end,cpu_start,cpu_end,write_start,write_end
1606731395.094000, 1606731533.832000, 1606731533.832000, 1606731539.357000, 1606731539.357000, 1606731718.348000
1606731718.364000, 1606731720.140000, 1606731720.140000, 1606731725.936000, 1606731725.936000, 1606731898.829000
1606731898.927000, 1606731900.053000, 1606731900.053000, 1606731905.165000, 1606731905.165000, 1606731999.648000
