read_start,read_end,cpu_start,cpu_end,write_start,write_end
1606730170.240000, 1606730296.903000, 1606730296.903000, 1606730302.360000, 1606730302.360000, 1606730420.020000
1606730420.040000, 1606730421.112000, 1606730421.112000, 1606730425.610000, 1606730425.610000, 1606730637.309000
1606730637.322000, 1606730638.295000, 1606730638.295000, 1606730642.691000, 1606730642.691000, 1606730718.907000
