read_start,read_end,cpu_start,cpu_end,write_start,write_end
1606728514.553000, 1606728620.757000, 1606728620.757000, 1606728625.560000, 1606728625.560000, 1606729002.884000
1606729002.899000, 1606729003.847000, 1606729003.847000, 1606729008.189000, 1606729008.189000, 1606729015.032000
1606729015.047000, 1606729016.027000, 1606729016.027000, 1606729020.367000, 1606729020.367000, 1606729027.170000
