read_start,read_end,cpu_start,cpu_end,write_start,write_end
1606729039.485000, 1606729154.434000, 1606729154.434000, 1606729159.503000, 1606729159.503000, 1606729278.071000
1606729278.085000, 1606729279.174000, 1606729279.174000, 1606729284.456000, 1606729284.456000, 1606729408.842000
1606729408.860000, 1606729410.218000, 1606729410.218000, 1606729416.170000, 1606729416.170000, 1606729537.774000
