read_start,read_end,cpu_start,cpu_end,write_start,write_end
1606725507.195000, 1606725580.840000, 1606725580.840000, 1606725586.155000, 1606725586.155000, 1606725664.019000
1606725664.033000, 1606725665.144000, 1606725665.144000, 1606725669.924000, 1606725669.924000, 1606725750.953000
1606725750.967000, 1606725751.960000, 1606725751.960000, 1606725756.732000, 1606725756.732000, 1606725826.343000
