read_start,read_end,cpu_start,cpu_end,write_start,write_end
1606725862.597000, 1606725942.455000, 1606725942.455000, 1606725947.643000, 1606725947.643000, 1606726035.081000
1606726035.097000, 1606726036.182000, 1606726036.182000, 1606726041.544000, 1606726041.544000, 1606726123.905000
1606726123.922000, 1606726125.028000, 1606726125.028000, 1606726129.797000, 1606726129.797000, 1606726208.905000
