read_start,read_end,cpu_start,cpu_end,write_start,write_end
1606734099.195000, 1606734254.083000, 1606734254.083000, 1606734259.196000, 1606734259.196000, 1606734334.581000
1606734334.598000, 1606734335.699000, 1606734335.699000, 1606734340.721000, 1606734340.721000, 1606734516.584000
1606734516.607000, 1606734518.783000, 1606734518.783000, 1606734524.421000, 1606734524.421000, 1606734691.850000
