read_start,read_end,cpu_start,cpu_end,write_start,write_end
1606729039.476000, 1606729157.336000, 1606729157.336000, 1606729162.432000, 1606729162.432000, 1606729288.253000
1606729288.269000, 1606729289.216000, 1606729289.216000, 1606729293.858000, 1606729293.858000, 1606729455.992000
1606729456.019000, 1606729457.006000, 1606729457.006000, 1606729461.488000, 1606729461.488000, 1606729551.728000
