read_start,read_end,cpu_start,cpu_end,write_start,write_end
1606732043.861000, 1606732179.935000, 1606732179.935000, 1606732184.757000, 1606732184.757000, 1606732279.851000
1606732279.865000, 1606732280.946000, 1606732280.946000, 1606732285.780000, 1606732285.780000, 1606732384.574000
1606732384.616000, 1606732386.264000, 1606732386.264000, 1606732391.114000, 1606732391.114000, 1606732593.130000
