read_start,read_end,cpu_start,cpu_end,write_start,write_end
1606731395.115000, 1606731529.539000, 1606731529.539000, 1606731534.462000, 1606731534.462000, 1606731620.048000
1606731620.062000, 1606731621.137000, 1606731621.137000, 1606731625.893000, 1606731625.893000, 1606731790.558000
1606731790.572000, 1606731791.581000, 1606731791.581000, 1606731796.010000, 1606731796.010000, 1606731911.139000
