read_start,read_end,cpu_start,cpu_end,write_start,write_end
1606732711.641000, 1606732857.950000, 1606732857.950000, 1606732863.299000, 1606732863.299000, 1606733025.719000
1606733025.736000, 1606733026.668000, 1606733026.668000, 1606733031.085000, 1606733031.085000, 1606733122.241000
1606733122.255000, 1606733123.579000, 1606733123.579000, 1606733129.119000, 1606733129.119000, 1606733314.272000
