read_start,read_end,cpu_start,cpu_end,write_start,write_end
1606725507.206000, 1606725580.525000, 1606725580.525000, 1606725585.956000, 1606725585.956000, 1606725663.951000
1606725663.966000, 1606725665.073000, 1606725665.073000, 1606725669.847000, 1606725669.847000, 1606725750.962000
1606725750.977000, 1606725752.094000, 1606725752.094000, 1606725756.893000, 1606725756.893000, 1606725826.455000
