read_start,read_end,cpu_start,cpu_end,write_start,write_end
1606724891.723000, 1606724955.636000, 1606724955.636000, 1606724960.880000, 1606724960.880000, 1606725024.572000
1606725024.587000, 1606725025.702000, 1606725025.702000, 1606725030.496000, 1606725030.496000, 1606725097.310000
1606725097.324000, 1606725098.305000, 1606725098.305000, 1606725103.072000, 1606725103.072000, 1606725165.441000
