read_start,read_end,cpu_start,cpu_end,write_start,write_end
1606724616.582000, 1606724673.154000, 1606724673.154000, 1606724678.464000, 1606724678.464000, 1606724740.062000
1606724740.076000, 1606724741.061000, 1606724741.061000, 1606724745.787000, 1606724745.787000, 1606724805.762000
1606724805.777000, 1606724806.859000, 1606724806.859000, 1606724811.948000, 1606724811.948000, 1606724868.250000
