read_start,read_end,cpu_start,cpu_end,write_start,write_end
1606725862.597000, 1606725940.781000, 1606725940.781000, 1606725945.664000, 1606725945.664000, 1606726034.183000
1606726034.197000, 1606726035.300000, 1606726035.300000, 1606726040.144000, 1606726040.144000, 1606726123.268000
1606726123.281000, 1606726124.349000, 1606726124.349000, 1606726129.129000, 1606726129.129000, 1606726208.449000
