read_start,read_end,cpu_start,cpu_end,write_start,write_end
1606727077.976000, 1606727166.283000, 1606727166.283000, 1606727171.002000, 1606727171.002000, 1606727493.240000
1606727493.267000, 1606727494.187000, 1606727494.187000, 1606727498.525000, 1606727498.525000, 1606727505.335000
1606727505.349000, 1606727506.325000, 1606727506.325000, 1606727510.670000, 1606727510.670000, 1606727517.468000
