read_start,read_end,cpu_start,cpu_end,write_start,write_end
1606735419.757000, 1606735591.558000, 1606735591.558000, 1606735596.533000, 1606735596.533000, 1606735815.554000
1606735815.596000, 1606735817.266000, 1606735817.266000, 1606735823.109000, 1606735823.109000, 1606735981.607000
1606735981.621000, 1606735983.253000, 1606735983.253000, 1606735988.119000, 1606735988.119000, 1606736138.874000
