read_start,read_end,cpu_start,cpu_end,write_start,write_end
1606735419.757000, 1606735598.468000, 1606735598.468000, 1606735603.533000, 1606735603.533000, 1606735815.677000
1606735815.765000, 1606735818.146000, 1606735818.146000, 1606735823.896000, 1606735823.896000, 1606736012.233000
1606736012.246000, 1606736013.266000, 1606736013.266000, 1606736017.915000, 1606736017.915000, 1606736154.008000
