read_start,read_end,cpu_start,cpu_end,write_start,write_end
1606729039.479000, 1606729138.897000, 1606729138.897000, 1606729143.857000, 1606729143.857000, 1606729557.770000
1606729557.786000, 1606729559.442000, 1606729559.442000, 1606729563.780000, 1606729563.780000, 1606729570.967000
1606729570.982000, 1606729571.948000, 1606729571.948000, 1606729576.286000, 1606729576.286000, 1606729584.551000
