read_start,read_end,cpu_start,cpu_end,write_start,write_end
1606728514.561000, 1606728623.286000, 1606728623.286000, 1606728628.497000, 1606728628.497000, 1606728745.969000
1606728745.985000, 1606728746.911000, 1606728746.911000, 1606728751.955000, 1606728751.955000, 1606728870.581000
1606728870.594000, 1606728872.005000, 1606728872.005000, 1606728877.905000, 1606728877.905000, 1606728987.391000
