read_start,read_end,cpu_start,cpu_end,write_start,write_end
1606734822.809000, 1606734982.761000, 1606734982.761000, 1606734988.221000, 1606734988.221000, 1606735058.200000
1606735058.216000, 1606735060.327000, 1606735060.327000, 1606735065.295000, 1606735065.295000, 1606735183.110000
1606735183.186000, 1606735184.767000, 1606735184.767000, 1606735189.908000, 1606735189.908000, 1606735366.333000
