read_start,read_end,cpu_start,cpu_end,write_start,write_end
1606724891.725000, 1606724954.279000, 1606724954.279000, 1606724959.042000, 1606724959.042000, 1606725023.995000
1606725024.013000, 1606725024.991000, 1606725024.991000, 1606725029.832000, 1606725029.832000, 1606725096.419000
1606725096.433000, 1606725097.414000, 1606725097.414000, 1606725102.702000, 1606725102.702000, 1606725164.636000
