read_start,read_end,cpu_start,cpu_end,write_start,write_end
1606725507.195000, 1606725581.265000, 1606725581.265000, 1606725586.297000, 1606725586.297000, 1606725664.132000
1606725664.147000, 1606725665.150000, 1606725665.150000, 1606725669.931000, 1606725669.931000, 1606725751.118000
1606725751.135000, 1606725752.189000, 1606725752.189000, 1606725757.067000, 1606725757.067000, 1606725826.427000
