read_start,read_end,cpu_start,cpu_end,write_start,write_end
1606728012.692000, 1606728117.978000, 1606728117.978000, 1606728123.514000, 1606728123.514000, 1606728238.766000
1606728238.780000, 1606728239.803000, 1606728239.803000, 1606728244.883000, 1606728244.883000, 1606728355.454000
1606728355.467000, 1606728356.550000, 1606728356.550000, 1606728361.929000, 1606728361.929000, 1606728470.781000
