read_start,read_end,cpu_start,cpu_end,write_start,write_end
1606723473.776000, 1606723500.386000, 1606723500.386000, 1606723505.372000, 1606723505.372000, 1606723535.477000
1606723535.491000, 1606723536.582000, 1606723536.582000, 1606723541.181000, 1606723541.181000, 1606723570.538000
1606723570.552000, 1606723571.472000, 1606723571.472000, 1606723576.073000, 1606723576.073000, 1606723605.368000
