read_start,read_end,cpu_start,cpu_end,write_start,write_end
1606728514.564000, 1606728626.114000, 1606728626.114000, 1606728631.479000, 1606728631.479000, 1606728750.699000
1606728750.714000, 1606728751.732000, 1606728751.732000, 1606728757.097000, 1606728757.097000, 1606728879.475000
1606728879.495000, 1606728881.384000, 1606728881.384000, 1606728887.213000, 1606728887.213000, 1606728996.737000
