read_start,read_end,cpu_start,cpu_end,write_start,write_end
1606731395.093000, 1606731522.137000, 1606731522.137000, 1606731526.779000, 1606731526.779000, 1606731617.074000
1606731617.089000, 1606731618.035000, 1606731618.035000, 1606731622.914000, 1606731622.914000, 1606731722.054000
1606731722.080000, 1606731723.178000, 1606731723.178000, 1606731728.676000, 1606731728.676000, 1606731903.327000
