read_start,read_end,cpu_start,cpu_end,write_start,write_end
1606727077.986000, 1606727171.994000, 1606727171.994000, 1606727176.923000, 1606727176.923000, 1606727279.591000
1606727279.604000, 1606727280.682000, 1606727280.682000, 1606727285.711000, 1606727285.711000, 1606727389.457000
1606727389.472000, 1606727390.496000, 1606727390.496000, 1606727395.832000, 1606727395.832000, 1606727483.642000
