read_start,read_end,cpu_start,cpu_end,write_start,write_end
1606723943.140000, 1606723985.668000, 1606723985.668000, 1606723990.876000, 1606723990.876000, 1606724033.197000
1606724033.218000, 1606724034.334000, 1606724034.334000, 1606724039.114000, 1606724039.114000, 1606724084.222000
1606724084.236000, 1606724085.248000, 1606724085.248000, 1606724090.180000, 1606724090.180000, 1606724135.295000
