read_start,read_end,cpu_start,cpu_end,write_start,write_end
1606731395.093000, 1606731533.500000, 1606731533.500000, 1606731538.904000, 1606731538.904000, 1606731718.097000
1606731718.135000, 1606731719.805000, 1606731719.805000, 1606731725.651000, 1606731725.651000, 1606731899.048000
1606731899.119000, 1606731900.470000, 1606731900.470000, 1606731905.995000, 1606731905.995000, 1606732000.067000
