read_start,read_end,cpu_start,cpu_end,write_start,write_end
1606730770.118000, 1606730901.780000, 1606730901.780000, 1606730907.142000, 1606730907.142000, 1606730998.900000
1606730998.913000, 1606731000.030000, 1606731000.030000, 1606731004.781000, 1606731004.781000, 1606731190.091000
1606731190.105000, 1606731191.159000, 1606731191.159000, 1606731195.809000, 1606731195.809000, 1606731336.033000
