read_start,read_end,cpu_start,cpu_end,write_start,write_end
1606734099.186000, 1606734259.084000, 1606734259.084000, 1606734264.368000, 1606734264.368000, 1606734429.625000
1606734429.639000, 1606734430.862000, 1606734430.862000, 1606734436.111000, 1606734436.111000, 1606734599.112000
1606734599.138000, 1606734600.159000, 1606734600.159000, 1606734605.096000, 1606734605.096000, 1606734771.853000
