read_start,read_end,cpu_start,cpu_end,write_start,write_end
1606734099.177000, 1606734244.853000, 1606734244.853000, 1606734249.833000, 1606734249.833000, 1606734333.101000
1606734333.115000, 1606734334.185000, 1606734334.185000, 1606734339.254000, 1606734339.254000, 1606734515.913000
1606734515.927000, 1606734517.000000, 1606734517.000000, 1606734522.206000, 1606734522.206000, 1606734688.062000
