read_start,read_end,cpu_start,cpu_end,write_start,write_end
1606725190.757000, 1606725260.004000, 1606725260.004000, 1606725265.225000, 1606725265.225000, 1606725334.837000
1606725334.852000, 1606725335.952000, 1606725335.952000, 1606725340.782000, 1606725340.782000, 1606725411.571000
1606725411.590000, 1606725412.592000, 1606725412.592000, 1606725417.800000, 1606725417.800000, 1606725482.767000
