read_start,read_end,cpu_start,cpu_end,write_start,write_end
1606725862.599000, 1606725939.928000, 1606725939.928000, 1606725944.797000, 1606725944.797000, 1606726032.793000
1606726032.807000, 1606726033.780000, 1606726033.780000, 1606726038.769000, 1606726038.769000, 1606726118.228000
1606726118.244000, 1606726119.203000, 1606726119.203000, 1606726123.811000, 1606726123.811000, 1606726163.864000
