read_start,read_end,cpu_start,cpu_end,write_start,write_end
1606729596.507000, 1606729718.666000, 1606729718.666000, 1606729724.277000, 1606729724.277000, 1606729921.908000
1606729921.922000, 1606729923.437000, 1606729923.437000, 1606729928.890000, 1606729928.890000, 1606730079.337000
1606730079.406000, 1606730080.404000, 1606730080.404000, 1606730084.827000, 1606730084.827000, 1606730128.985000
