{
    "workflow_execution": {
        "tasks": [
            {
                "color": "",
                "compute": {
                    "end": 36.65806451612957,
                    "start": 32.25806451612957
                },
                "execution_host": {
                    "cores": 32,
                    "flop_rate": 1000000000.0,
                    "hostname": "host01",
                    "memory": 268000000000.0
                },
                "failed": -1.0,
                "num_cores_allocated": 1,
                "read": [
                    {
                        "end": 32.25806451612957,
                        "id": "file_0_0",
                        "start": 1.1084536082474228e-18
                    }
                ],
                "task_id": "task_0_0",
                "terminated": -1.0,
                "whole_task": {
                    "end": 68.91612903225807,
                    "start": 1.1084536082474228e-18
                },
                "write": [
                    {
                        "end": 68.91612903225807,
                        "id": "file_0_1",
                        "start": 36.65806451612957
                    }
                ]
            },
            {
                "color": "",
                "compute": {
                    "end": 105.57419354838764,
                    "start": 101.17419354838763
                },
                "execution_host": {
                    "cores": 32,
                    "flop_rate": 1000000000.0,
                    "hostname": "host01",
                    "memory": 268000000000.0
                },
                "failed": -1.0,
                "num_cores_allocated": 1,
                "read": [
                    {
                        "end": 101.17419354838763,
                        "id": "file_0_1",
                        "start": 68.91612903225807
                    }
                ],
                "task_id": "task_0_1",
                "terminated": -1.0,
                "whole_task": {
                    "end": 137.83225806451614,
                    "start": 68.91612903225807
                },
                "write": [
                    {
                        "end": 137.83225806451614,
                        "id": "file_0_2",
                        "start": 105.57419354838764
                    }
                ]
            },
            {
                "color": "",
                "compute": {
                    "end": 174.4903225806457,
                    "start": 170.0903225806457
                },
                "execution_host": {
                    "cores": 32,
                    "flop_rate": 1000000000.0,
                    "hostname": "host01",
                    "memory": 268000000000.0
                },
                "failed": -1.0,
                "num_cores_allocated": 1,
                "read": [
                    {
                        "end": 170.0903225806457,
                        "id": "file_0_2",
                        "start": 137.83225806451614
                    }
                ],
                "task_id": "task_0_2",
                "terminated": -1.0,
                "whole_task": {
                    "end": 206.7483870967742,
                    "start": 137.83225806451614
                },
                "write": [
                    {
                        "end": 206.7483870967742,
                        "id": "file_0_3",
                        "start": 174.4903225806457
                    }
                ]
            },
            {
                "color": "",
                "compute": {
                    "end": 36.65806451612957,
                    "start": 32.25806451612957
                },
                "execution_host": {
                    "cores": 32,
                    "flop_rate": 1000000000.0,
                    "hostname": "host01",
                    "memory": 268000000000.0
                },
                "failed": -1.0,
                "num_cores_allocated": 1,
                "read": [
                    {
                        "end": 32.25806451612957,
                        "id": "file_1_0",
                        "start": 5.542268041237114e-18
                    }
                ],
                "task_id": "task_1_0",
                "terminated": -1.0,
                "whole_task": {
                    "end": 68.91612903225807,
                    "start": 5.542268041237114e-18
                },
                "write": [
                    {
                        "end": 68.91612903225807,
                        "id": "file_1_1",
                        "start": 36.65806451612957
                    }
                ]
            },
            {
                "color": "",
                "compute": {
                    "end": 105.57419354838764,
                    "start": 101.17419354838763
                },
                "execution_host": {
                    "cores": 32,
                    "flop_rate": 1000000000.0,
                    "hostname": "host01",
                    "memory": 268000000000.0
                },
                "failed": -1.0,
                "num_cores_allocated": 1,
                "read": [
                    {
                        "end": 101.17419354838763,
                        "id": "file_1_1",
                        "start": 68.91612903225807
                    }
                ],
                "task_id": "task_1_1",
                "terminated": -1.0,
                "whole_task": {
                    "end": 137.83225806451614,
                    "start": 68.91612903225807
                },
                "write": [
                    {
                        "end": 137.83225806451614,
                        "id": "file_1_2",
                        "start": 105.57419354838764
                    }
                ]
            },
            {
                "color": "",
                "compute": {
                    "end": 174.4903225806457,
                    "start": 170.0903225806457
                },
                "execution_host": {
                    "cores": 32,
                    "flop_rate": 1000000000.0,
                    "hostname": "host01",
                    "memory": 268000000000.0
                },
                "failed": -1.0,
                "num_cores_allocated": 1,
                "read": [
                    {
                        "end": 170.0903225806457,
                        "id": "file_1_2",
                        "start": 137.83225806451614
                    }
                ],
                "task_id": "task_1_2",
                "terminated": -1.0,
                "whole_task": {
                    "end": 206.7483870967742,
                    "start": 137.83225806451614
                },
                "write": [
                    {
                        "end": 206.7483870967742,
                        "id": "file_1_3",
                        "start": 174.4903225806457
                    }
                ]
            },
            {
                "color": "",
                "compute": {
                    "end": 36.65806451612957,
                    "start": 32.25806451612957
                },
                "execution_host": {
                    "cores": 32,
                    "flop_rate": 1000000000.0,
                    "hostname": "host01",
                    "memory": 268000000000.0
                },
                "failed": -1.0,
                "num_cores_allocated": 1,
                "read": [
                    {
                        "end": 32.25806451612957,
                        "id": "file_2_0",
                        "start": 9.976082474226805e-18
                    }
                ],
                "task_id": "task_2_0",
                "terminated": -1.0,