{
    "workflow_execution": {
        "tasks": [
            {
                "color": "",
                "compute": {
                    "end": 30.808154897381414,
                    "start": 25.807959747381414
                },
                "execution_host": {
                    "cores": 32,
                    "flop_rate": 1000000000.0,
                    "hostname": "host01",
                    "memory": 268000000000.0
                },
                "failed": -1.0,
                "num_cores_allocated": 1,
                "read": [
                    {
                        "end": 25.807959747381414,
                        "id": "file_0_0",
                        "start": 0.00019726981948412205
                    }
                ],
                "task_id": "task_0_0",
                "terminated": -1.0,
                "whole_task": {
                    "end": 56.61363388585128,
                    "start": 0.00019726981948412205
                },
                "write": [
                    {
                        "end": 56.61363388585128,
                        "id": "file_0_1",
                        "start": 30.808154897381414
                    }
                ]
            },
            {
                "color": "",
                "compute": {
                    "end": 87.42096465993251,
                    "start": 82.42076950993251
                },
                "execution_host": {
                    "cores": 32,
                    "flop_rate": 1000000000.0,
                    "hostname": "host01",
                    "memory": 268000000000.0
                },
                "failed": -1.0,
                "num_cores_allocated": 1,
                "read": [
                    {
                        "end": 82.42076950993251,
                        "id": "file_0_1",
                        "start": 56.61441872549026
                    }
                ],
                "task_id": "task_0_1",
                "terminated": -1.0,
                "whole_task": {
                    "end": 113.21526711275823,
                    "start": 56.61441872549026
                },
                "write": [
                    {
                        "end": 113.21526711275823,
                        "id": "file_0_2",
                        "start": 87.42096465993251
                    }
                ]
            },
            {
                "color": "",
                "compute": {
                    "end": 144.02334774583971,
                    "start": 139.02315259583972
                },
                "execution_host": {
                    "cores": 32,
                    "flop_rate": 1000000000.0,
                    "hostname": "host01",
                    "memory": 268000000000.0
                },
                "failed": -1.0,
                "num_cores_allocated": 1,
                "read": [
                    {
                        "end": 139.02315259583972,
                        "id": "file_0_2",
                        "start": 113.21605195239718
                    }
                ],
                "task_id": "task_0_2",
                "terminated": -1.0,
                "whole_task": {
                    "end": 169.78818845508036,
                    "start": 113.21605195239718
                },
                "write": [
                    {
                        "end": 169.78818845508036,
                        "id": "file_0_3",
                        "start": 144.02334774583971
                    }
                ]
            },
            {
                "color": "",
                "compute": {
                    "end": 30.8093902753384,
                    "start": 25.8091951253384
                },
                "execution_host": {
                    "cores": 32,
                    "flop_rate": 1000000000.0,
                    "hostname": "host01",
                    "memory": 268000000000.0
                },
                "failed": -1.0,
                "num_cores_allocated": 1,
                "read": [
                    {
                        "end": 25.8091951253384,
                        "id": "file_1_0",
                        "start": 0.0005918094584523661
                    }
                ],
                "task_id": "task_1_0",
                "terminated": -1.0,
                "whole_task": {
                    "end": 56.618117939322794,
                    "start": 0.0005918094584523661
                },
                "write": [
                    {
                        "end": 56.618117939322794,
                        "id": "file_1_1",
                        "start": 30.8093902753384
                    }
                ]
            },
            {
                "color": "",
                "compute": {
                    "end": 87.42612849342277,
                    "start": 82.42593334342277
                },
                "execution_host": {
                    "cores": 32,
                    "flop_rate": 1000000000.0,
                    "hostname": "host01",
                    "memory": 268000000000.0
                },
                "failed": -1.0,
                "num_cores_allocated": 1,
                "read": [
                    {
                        "end": 82.42593334342277,
                        "id": "file_1_1",
                        "start": 56.618902778961775
                    }
                ],
                "task_id": "task_1_1",
                "terminated": -1.0,
                "whole_task": {
                    "end": 113.23457825831254,
                    "start": 56.618902778961775
                },
                "write": [
                    {
                        "end": 113.23457825831254,
                        "id": "file_1_2",
                        "start": 87.42612849342277
                    }
                ]
            },
            {
                "color": "",
                "compute": {
                    "end": 144.0387981325366,
                    "start": 139.03860298253662
                },
                "execution_host": {
                    "cores": 32,
                    "flop_rate": 1000000000.0,
                    "hostname": "host01",
                    "memory": 268000000000.0
                },
                "failed": -1.0,
                "num_cores_allocated": 1,
                "read": [
                    {
                        "end": 139.03860298253662,
                        "id": "file_1_2",
                        "start": 113.23536309795149
                    }
                ],
                "task_id": "task_1_2",
                "terminated": -1.0,
                "whole_task": {
                    "end": 169.8325445027707,
                    "start": 113.23536309795149
                },
                "write": [
                    {
                        "end": 169.8325445027707,
                        "id": "file_1_3",
                        "start": 144.0387981325366
                    }
                ]
            },
            {
                "color": "",
                "compute": {
                    "end": 30.809836565123348,
                    "start": 25.809641415123348
                },
                "execution_host": {
                    "cores": 32,
                    "flop_rate": 1000000000.0,
                    "hostname": "host01",
                    "memory": 268000000000.0
                },
                "failed": -1.0,
                "num_cores_allocated": 1,
                "read": [
                    {
                        "end": 25.809641415123348,
                        "id": "file_2_0",
                        "start": 0.0009863490974206103
                    }
                ],
                "task_id": "task_2_0",
                "terminated": -1.0,