no_pipeline,makespan,readtime,writetime
1,23.871000051498413,7.704000234603882,3.0169999599456787
6,312.65199995040894,203.45199990272522,22.257999658584595
11,986.7080001831055,647.6210014820099,176.0230004787445
16,3447.1380004882812,1364.9700005054474,1839.0719997882843
21,7096.338999032974,2333.835999250412,4439.5849986076355
26,11221.686000585556,3551.3490002155304,7272.435999393463
31,16826.26200079918,5038.879000425339,11296.946999311447
