read_start,read_end,cpu_start,cpu_end,write_start,write_end
1608326648.632000, 1608326733.009000, 1608326733.009000, 1608326738.169000, 1608326738.169000, 1608326739.439000
1608326739.452000, 1608326740.494000, 1608326740.494000, 1608326745.749000, 1608326745.749000, 1608326807.025000
1608326807.039000, 1608326807.977000, 1608326807.977000, 1608326812.621000, 1608326812.621000, 1608326874.263000
