read_start,read_end,cpu_start,cpu_end,write_start,write_end
1608339249.065000, 1608339321.900000, 1608339321.900000, 1608339326.758000, 1608339326.758000, 1608339328.103000
1608339328.118000, 1608339329.211000, 1608339329.211000, 1608339334.296000, 1608339334.296000, 1608339337.218000
1608339337.232000, 1608339338.300000, 1608339338.300000, 1608339343.080000, 1608339343.080000, 1608339422.774000
