read_start,read_end,cpu_start,cpu_end,write_start,write_end
1608327498.874000, 1608327636.965000, 1608327636.965000, 1608327642.667000, 1608327642.667000, 1608327766.792000
1608327766.808000, 1608327768.434000, 1608327768.434000, 1608327773.127000, 1608327773.127000, 1608327913.511000
1608327913.609000, 1608327915.018000, 1608327915.018000, 1608327919.614000, 1608327919.614000, 1608327965.704000
