read_start,read_end,cpu_start,cpu_end,write_start,write_end
1608338608.469000, 1608338650.997000, 1608338650.997000, 1608338655.856000, 1608338655.856000, 1608338657.135000
1608338657.147000, 1608338658.214000, 1608338658.214000, 1608338662.972000, 1608338662.972000, 1608338664.309000
1608338664.321000, 1608338665.344000, 1608338665.344000, 1608338669.974000, 1608338669.974000, 1608338671.364000
