read_start,read_end,cpu_start,cpu_end,write_start,write_end
1608328102.992000, 1608328254.094000, 1608328254.094000, 1608328258.971000, 1608328258.971000, 1608328260.106000
1608328260.117000, 1608328261.209000, 1608328261.209000, 1608328266.108000, 1608328266.108000, 1608328267.346000
1608328267.358000, 1608328268.404000, 1608328268.404000, 1608328274.038000, 1608328274.038000, 1608328486.475000
