read_start,read_end,cpu_start,cpu_end,write_start,write_end
1608339084.923000, 1608339152.277000, 1608339152.277000, 1608339157.647000, 1608339157.647000, 1608339158.777000
1608339158.788000, 1608339159.883000, 1608339159.883000, 1608339165.254000, 1608339165.254000, 1608339167.094000
1608339167.104000, 1608339168.037000, 1608339168.037000, 1608339172.704000, 1608339172.704000, 1608339237.096000
