read_start,read_end,cpu_start,cpu_end,write_start,write_end
1608328103.009000, 1608328267.806000, 1608328267.806000, 1608328273.391000, 1608328273.391000, 1608328481.891000
1608328481.907000, 1608328482.926000, 1608328482.926000, 1608328487.703000, 1608328487.703000, 1608328631.256000
1608328631.283000, 1608328632.247000, 1608328632.247000, 1608328636.848000, 1608328636.848000, 1608328708.681000
