read_start,read_end,cpu_start,cpu_end,write_start,write_end
1608338679.674000, 1608338727.219000, 1608338727.219000, 1608338732.403000, 1608338732.403000, 1608338733.669000
1608338733.679000, 1608338734.818000, 1608338734.818000, 1608338739.597000, 1608338739.597000, 1608338740.855000
1608338740.868000, 1608338741.940000, 1608338741.940000, 1608338746.711000, 1608338746.711000, 1608338748.622000
