read_start,read_end,cpu_start,cpu_end,write_start,write_end
1608339249.061000, 1608339323.599000, 1608339323.599000, 1608339328.995000, 1608339328.995000, 1608339330.055000
1608339330.064000, 1608339331.138000, 1608339331.138000, 1608339336.106000, 1608339336.106000, 1608339383.103000
1608339383.117000, 1608339384.061000, 1608339384.061000, 1608339388.525000, 1608339388.525000, 1608339427.203000
