read_start,read_end,cpu_start,cpu_end,write_start,write_end
1608339249.071000, 1608339321.035000, 1608339321.035000, 1608339326.179000, 1608339326.179000, 1608339327.328000
1608339327.341000, 1608339328.507000, 1608339328.507000, 1608339333.634000, 1608339333.634000, 1608339334.938000
1608339334.952000, 1608339335.974000, 1608339335.974000, 1608339340.795000, 1608339340.795000, 1608339419.159000
