read_start,read_end,cpu_start,cpu_end,write_start,write_end
1608328103.011000, 1608328259.131000, 1608328259.131000, 1608328264.321000, 1608328264.321000, 1608328265.457000
1608328265.468000, 1608328266.425000, 1608328266.425000, 1608328272.022000, 1608328272.022000, 1608328460.403000
1608328460.418000, 1608328461.385000, 1608328461.385000, 1608328465.800000, 1608328465.800000, 1608328613.561000
