read_start,read_end,cpu_start,cpu_end,write_start,write_end
1608339249.062000, 1608339322.459000, 1608339322.459000, 1608339327.585000, 1608339327.585000, 1608339328.771000
1608339328.781000, 1608339329.839000, 1608339329.839000, 1608339334.689000, 1608339334.689000, 1608339341.182000
1608339341.195000, 1608339342.298000, 1608339342.298000, 1608339346.956000, 1608339346.956000, 1608339424.629000
