read_start,read_end,cpu_start,cpu_end,write_start,write_end
1608339438.306000, 1608339516.621000, 1608339516.621000, 1608339521.597000, 1608339521.597000, 1608339522.887000
1608339522.900000, 1608339523.934000, 1608339523.934000, 1608339529.177000, 1608339529.177000, 1608339532.808000
1608339532.822000, 1608339533.744000, 1608339533.744000, 1608339538.428000, 1608339538.428000, 1608339629.055000
