read_start,read_end,cpu_start,cpu_end,write_start,write_end
1608326242.547000, 1608326274.393000, 1608326274.393000, 1608326279.596000, 1608326279.596000, 1608326280.767000
1608326280.777000, 1608326281.820000, 1608326281.820000, 1608326286.536000, 1608326286.536000, 1608326287.859000
1608326287.869000, 1608326288.812000, 1608326288.812000, 1608326293.418000, 1608326293.418000, 1608326294.574000
