read_start,read_end,cpu_start,cpu_end,write_start,write_end
1608326648.613000, 1608326733.235000, 1608326733.235000, 1608326738.390000, 1608326738.390000, 1608326739.625000
1608326739.637000, 1608326740.782000, 1608326740.782000, 1608326746.024000, 1608326746.024000, 1608326815.043000
1608326815.052000, 1608326815.997000, 1608326815.997000, 1608326820.638000, 1608326820.638000, 1608326876.022000
