read_start,read_end,cpu_start,cpu_end,write_start,write_end
1608338757.615000, 1608338810.867000, 1608338810.867000, 1608338815.976000, 1608338815.976000, 1608338817.153000
1608338817.162000, 1608338818.126000, 1608338818.126000, 1608338823.002000, 1608338823.002000, 1608338824.131000
1608338824.141000, 1608338825.101000, 1608338825.101000, 1608338830.219000, 1608338830.219000, 1608338835.433000
