read_start,read_end,cpu_start,cpu_end,write_start,write_end
1608339084.919000, 1608339151.214000, 1608339151.214000, 1608339156.096000, 1608339156.096000, 1608339157.318000
1608339157.329000, 1608339158.418000, 1608339158.418000, 1608339163.234000, 1608339163.234000, 1608339164.531000
1608339164.543000, 1608339165.497000, 1608339165.497000, 1608339170.188000, 1608339170.188000, 1608339226.787000
