read_start,read_end,cpu_start,cpu_end,write_start,write_end
1608338679.670000, 1608338726.961000, 1608338726.961000, 1608338731.534000, 1608338731.534000, 1608338732.573000
1608338732.585000, 1608338733.602000, 1608338733.602000, 1608338738.217000, 1608338738.217000, 1608338739.382000
1608338739.393000, 1608338740.425000, 1608338740.425000, 1608338745.061000, 1608338745.061000, 1608338746.284000
