read_start,read_end,cpu_start,cpu_end,write_start,write_end
1608339249.064000, 1608339322.318000, 1608339322.318000, 1608339327.204000, 1608339327.204000, 1608339328.563000
1608339328.579000, 1608339329.623000, 1608339329.623000, 1608339334.973000, 1608339334.973000, 1608339347.677000
1608339347.690000, 1608339348.757000, 1608339348.757000, 1608339353.221000, 1608339353.221000, 1608339425.417000
