read_start,read_end,cpu_start,cpu_end,write_start,write_end
1608327498.880000, 1608327635.536000, 1608327635.536000, 1608327641.438000, 1608327641.438000, 1608327737.824000
1608327737.841000, 1608327738.853000, 1608327738.853000, 1608327743.533000, 1608327743.533000, 1608327887.734000
1608327887.757000, 1608327888.776000, 1608327888.776000, 1608327893.442000, 1608327893.442000, 1608327961.663000
