read_start,read_end,cpu_start,cpu_end,write_start,write_end
1608326648.625000, 1608326732.821000, 1608326732.821000, 1608326738.043000, 1608326738.043000, 1608326739.302000
1608326739.315000, 1608326740.394000, 1608326740.394000, 1608326745.687000, 1608326745.687000, 1608326805.528000
1608326805.545000, 1608326806.687000, 1608326806.687000, 1608326811.624000, 1608326811.624000, 1608326873.885000
