read_start,read_end,cpu_start,cpu_end,write_start,write_end
1608326242.551000, 1608326274.444000, 1608326274.444000, 1608326279.115000, 1608326279.115000, 1608326280.363000
1608326280.374000, 1608326281.338000, 1608326281.338000, 1608326286.419000, 1608326286.419000, 1608326287.727000
1608326287.738000, 1608326288.820000, 1608326288.820000, 1608326293.554000, 1608326293.554000, 1608326294.760000
