read_start,read_end,cpu_start,cpu_end,write_start,write_end
1608339438.297000, 1608339514.030000, 1608339514.030000, 1608339518.804000, 1608339518.804000, 1608339520.030000
1608339520.040000, 1608339521.037000, 1608339521.037000, 1608339526.375000, 1608339526.375000, 1608339527.668000
1608339527.678000, 1608339528.774000, 1608339528.774000, 1608339533.705000, 1608339533.705000, 1608339627.352000
