read_start,read_end,cpu_start,cpu_end,write_start,write_end
1608327498.894000, 1608327633.155000, 1608327633.155000, 1608327638.680000, 1608327638.680000, 1608327640.085000
1608327640.099000, 1608327641.136000, 1608327641.136000, 1608327646.209000, 1608327646.209000, 1608327802.632000
1608327802.642000, 1608327803.550000, 1608327803.550000, 1608327808.151000, 1608327808.151000, 1608327943.458000
