read_start,read_end,cpu_start,cpu_end,write_start,write_end
1608327009.376000, 1608327118.566000, 1608327118.566000, 1608327123.834000, 1608327123.834000, 1608327125.170000
1608327125.183000, 1608327126.281000, 1608327126.281000, 1608327131.457000, 1608327131.457000, 1608327261.666000
1608327261.679000, 1608327262.760000, 1608327262.760000, 1608327267.284000, 1608327267.284000, 1608327357.554000
