read_start,read_end,cpu_start,cpu_end,write_start,write_end
1608338543.638000, 1608338580.846000, 1608338580.846000, 1608338585.589000, 1608338585.589000, 1608338586.837000
1608338586.853000, 1608338587.834000, 1608338587.834000, 1608338592.567000, 1608338592.567000, 1608338593.773000
1608338593.785000, 1608338594.768000, 1608338594.768000, 1608338599.522000, 1608338599.522000, 1608338600.720000
