read_start,read_end,cpu_start,cpu_end,write_start,write_end
1608326648.633000, 1608326730.944000, 1608326730.944000, 1608326736.073000, 1608326736.073000, 1608326737.317000
1608326737.328000, 1608326738.318000, 1608326738.318000, 1608326743.648000, 1608326743.648000, 1608326745.184000
1608326745.195000, 1608326746.278000, 1608326746.278000, 1608326750.923000, 1608326750.923000, 1608326854.079000
