read_start,read_end,cpu_start,cpu_end,write_start,write_end
1608338543.640000, 1608338580.848000, 1608338580.848000, 1608338585.593000, 1608338585.593000, 1608338586.838000
1608338586.854000, 1608338587.845000, 1608338587.845000, 1608338592.576000, 1608338592.576000, 1608338593.792000
1608338593.803000, 1608338594.800000, 1608338594.800000, 1608338599.551000, 1608338599.551000, 1608338600.754000
