read_start,read_end,cpu_start,cpu_end,write_start,write_end
1608338679.667000, 1608338727.171000, 1608338727.171000, 1608338732.427000, 1608338732.427000, 1608338733.654000
1608338733.664000, 1608338734.787000, 1608338734.787000, 1608338739.567000, 1608338739.567000, 1608338740.818000
1608338740.831000, 1608338741.844000, 1608338741.844000, 1608338746.620000, 1608338746.620000, 1608338748.269000
