read_start,read_end,cpu_start,cpu_end,write_start,write_end
1608338679.676000, 1608338727.384000, 1608338727.384000, 1608338732.507000, 1608338732.507000, 1608338733.872000
1608338733.882000, 1608338734.892000, 1608338734.892000, 1608338739.500000, 1608338739.500000, 1608338740.861000
1608338740.872000, 1608338742.010000, 1608338742.010000, 1608338746.813000, 1608338746.813000, 1608338748.599000
