read_start,read_end,cpu_start,cpu_end,write_start,write_end
1608328102.977000, 1608328263.341000, 1608328263.341000, 1608328268.965000, 1608328268.965000, 1608328274.523000
1608328274.537000, 1608328275.512000, 1608328275.512000, 1608328280.025000, 1608328280.025000, 1608328490.314000
1608328490.333000, 1608328491.378000, 1608328491.378000, 1608328496.125000, 1608328496.125000, 1608328642.927000
