read_start,read_end,cpu_start,cpu_end,write_start,write_end
1608326648.618000, 1608326731.149000, 1608326731.149000, 1608326736.069000, 1608326736.069000, 1608326737.310000
1608326737.321000, 1608326738.437000, 1608326738.437000, 1608326743.476000, 1608326743.476000, 1608326745.022000
1608326745.032000, 1608326746.137000, 1608326746.137000, 1608326751.056000, 1608326751.056000, 1608326854.098000
