read_start,read_end,cpu_start,cpu_end,write_start,write_end
1608327498.899000, 1608327630.661000, 1608327630.661000, 1608327635.655000, 1608327635.655000, 1608327636.844000
1608327636.855000, 1608327637.864000, 1608327637.864000, 1608327643.341000, 1608327643.341000, 1608327778.793000
1608327778.808000, 1608327779.741000, 1608327779.741000, 1608327784.195000, 1608327784.195000, 1608327923.530000
