read_start,read_end,cpu_start,cpu_end,write_start,write_end
1608338949.144000, 1608339010.278000, 1608339010.278000, 1608339015.060000, 1608339015.060000, 1608339016.198000
1608339016.208000, 1608339017.168000, 1608339017.168000, 1608339022.271000, 1608339022.271000, 1608339023.430000
1608339023.440000, 1608339024.522000, 1608339024.522000, 1608339029.312000, 1608339029.312000, 1608339045.237000
