read_start,read_end,cpu_start,cpu_end,write_start,write_end
1608328102.972000, 1608328267.466000, 1608328267.466000, 1608328273.454000, 1608328273.454000, 1608328482.818000
1608328482.835000, 1608328484.028000, 1608328484.028000, 1608328489.063000, 1608328489.063000, 1608328633.076000
1608328633.125000, 1608328634.202000, 1608328634.202000, 1608328638.950000, 1608328638.950000, 1608328709.420000
