read_start,read_end,cpu_start,cpu_end,write_start,write_end
1608328102.994000, 1608328267.270000, 1608328267.270000, 1608328273.542000, 1608328273.542000, 1608328483.382000
1608328483.397000, 1608328484.392000, 1608328484.392000, 1608328489.249000, 1608328489.249000, 1608328633.281000
1608328633.298000, 1608328634.455000, 1608328634.455000, 1608328639.218000, 1608328639.218000, 1608328709.516000
