read_start,read_end,cpu_start,cpu_end,write_start,write_end
1608339438.305000, 1608339513.553000, 1608339513.553000, 1608339518.391000, 1608339518.391000, 1608339519.655000
1608339519.666000, 1608339520.662000, 1608339520.662000, 1608339525.917000, 1608339525.917000, 1608339527.128000
1608339527.138000, 1608339528.115000, 1608339528.115000, 1608339533.105000, 1608339533.105000, 1608339625.857000
