read_start,read_end,cpu_start,cpu_end,write_start,write_end
1608338543.635000, 1608338580.842000, 1608338580.842000, 1608338586.040000, 1608338586.040000, 1608338587.277000
1608338587.287000, 1608338588.340000, 1608338588.340000, 1608338593.125000, 1608338593.125000, 1608338594.436000
1608338594.446000, 1608338595.478000, 1608338595.478000, 1608338600.216000, 1608338600.216000, 1608338601.499000
