read_start,read_end,cpu_start,cpu_end,write_start,write_end
1608327009.381000, 1608327118.807000, 1608327118.807000, 1608327124.167000, 1608327124.167000, 1608327125.427000
1608327125.440000, 1608327126.564000, 1608327126.564000, 1608327131.883000, 1608327131.883000, 1608327266.580000
1608327266.595000, 1608327267.578000, 1608327267.578000, 1608327272.002000, 1608327272.002000, 1608327359.996000
