read_start,read_end,cpu_start,cpu_end,write_start,write_end
1608338608.470000, 1608338650.921000, 1608338650.921000, 1608338655.751000, 1608338655.751000, 1608338657.058000
1608338657.070000, 1608338658.072000, 1608338658.072000, 1608338663.176000, 1608338663.176000, 1608338664.515000
1608338664.528000, 1608338665.474000, 1608338665.474000, 1608338670.073000, 1608338670.073000, 1608338671.283000
