read_start,read_end,cpu_start,cpu_end,write_start,write_end
1608327498.874000, 1608327632.764000, 1608327632.764000, 1608327638.095000, 1608327638.095000, 1608327639.431000
1608327639.446000, 1608327640.489000, 1608327640.489000, 1608327645.604000, 1608327645.604000, 1608327800.127000
1608327800.142000, 1608327801.141000, 1608327801.141000, 1608327805.830000, 1608327805.830000, 1608327941.948000
