read_start,read_end,cpu_start,cpu_end,write_start,write_end
1608326648.613000, 1608326733.771000, 1608326733.771000, 1608326739.206000, 1608326739.206000, 1608326740.458000
1608326740.468000, 1608326741.508000, 1608326741.508000, 1608326746.686000, 1608326746.686000, 1608326829.296000
1608326829.312000, 1608326831.317000, 1608326831.317000, 1608326836.576000, 1608326836.576000, 1608326877.074000
