read_start,read_end,cpu_start,cpu_end,write_start,write_end
1608339438.294000, 1608339513.075000, 1608339513.075000, 1608339518.153000, 1608339518.153000, 1608339519.288000
1608339519.299000, 1608339520.386000, 1608339520.386000, 1608339525.628000, 1608339525.628000, 1608339526.825000
1608339526.836000, 1608339527.822000, 1608339527.822000, 1608339533.079000, 1608339533.079000, 1608339625.764000
