read_start,read_end,cpu_start,cpu_end,write_start,write_end
1608328103.005000, 1608328256.954000, 1608328256.954000, 1608328261.989000, 1608328261.989000, 1608328263.177000
1608328263.187000, 1608328264.288000, 1608328264.288000, 1608328269.631000, 1608328269.631000, 1608328362.815000
1608328362.830000, 1608328363.824000, 1608328363.824000, 1608328368.252000, 1608328368.252000, 1608328537.381000
