read_start,read_end,cpu_start,cpu_end,write_start,write_end
1608338543.636000, 1608338580.844000, 1608338580.844000, 1608338585.591000, 1608338585.591000, 1608338586.840000
1608338586.854000, 1608338587.855000, 1608338587.855000, 1608338592.592000, 1608338592.592000, 1608338593.820000
1608338593.832000, 1608338594.829000, 1608338594.829000, 1608338599.580000, 1608338599.580000, 1608338600.782000
