read_start,read_end,cpu_start,cpu_end,write_start,write_end
1608328103.000000, 1608328268.421000, 1608328268.421000, 1608328274.002000, 1608328274.002000, 1608328486.396000
1608328486.413000, 1608328487.815000, 1608328487.815000, 1608328493.865000, 1608328493.865000, 1608328640.409000
1608328640.461000, 1608328641.415000, 1608328641.415000, 1608328646.047000, 1608328646.047000, 1608328711.504000
