read_start,read_end,cpu_start,cpu_end,write_start,write_end
1608338949.150000, 1608339010.890000, 1608339010.890000, 1608339016.243000, 1608339016.243000, 1608339017.447000
1608339017.458000, 1608339018.602000, 1608339018.602000, 1608339023.886000, 1608339023.886000, 1608339025.242000
1608339025.254000, 1608339026.374000, 1608339026.374000, 1608339031.179000, 1608339031.179000, 1608339073.244000
