read_start,read_end,cpu_start,cpu_end,write_start,write_end
1608338949.134000, 1608339011.572000, 1608339011.572000, 1608339016.760000, 1608339016.760000, 1608339017.938000
1608339017.949000, 1608339019.083000, 1608339019.083000, 1608339024.077000, 1608339024.077000, 1608339025.341000
1608339025.353000, 1608339026.328000, 1608339026.328000, 1608339031.163000, 1608339031.163000, 1608339073.138000
