read_start,read_end,cpu_start,cpu_end,write_start,write_end
1608327009.384000, 1608327119.660000, 1608327119.660000, 1608327125.454000, 1608327125.454000, 1608327126.807000
1608327126.825000, 1608327127.997000, 1608327127.997000, 1608327133.013000, 1608327133.013000, 1608327273.828000
1608327273.841000, 1608327274.857000, 1608327274.857000, 1608327279.677000, 1608327279.677000, 1608327363.870000
