read_start,read_end,cpu_start,cpu_end,write_start,write_end
1608327498.885000, 1608327637.185000, 1608327637.185000, 1608327643.253000, 1608327643.253000, 1608327777.488000
1608327777.504000, 1608327778.499000, 1608327778.499000, 1608327783.185000, 1608327783.185000, 1608327922.738000
1608327922.755000, 1608327923.765000, 1608327923.765000, 1608327928.512000, 1608327928.512000, 1608327966.498000
