read_start,read_end,cpu_start,cpu_end,write_start,write_end
1608326242.550000, 1608326274.444000, 1608326274.444000, 1608326279.143000, 1608326279.143000, 1608326280.421000
1608326280.431000, 1608326281.386000, 1608326281.386000, 1608326286.032000, 1608326286.032000, 1608326287.236000
1608326287.248000, 1608326288.255000, 1608326288.255000, 1608326293.058000, 1608326293.058000, 1608326294.368000
