read_start,read_end,cpu_start,cpu_end,write_start,write_end
1608339438.301000, 1608339516.765000, 1608339516.765000, 1608339521.695000, 1608339521.695000, 1608339522.992000
1608339523.005000, 1608339524.141000, 1608339524.141000, 1608339528.903000, 1608339528.903000, 1608339530.806000
1608339530.820000, 1608339531.924000, 1608339531.924000, 1608339536.688000, 1608339536.688000, 1608339628.856000
