read_start,read_end,cpu_start,cpu_end,write_start,write_end
1608328102.974000, 1608328255.074000, 1608328255.074000, 1608328259.873000, 1608328259.873000, 1608328260.977000
1608328260.987000, 1608328261.921000, 1608328261.921000, 1608328266.852000, 1608328266.852000, 1608328268.736000
1608328268.749000, 1608328269.827000, 1608328269.827000, 1608328275.470000, 1608328275.470000, 1608328489.269000
