read_start,read_end,cpu_start,cpu_end,write_start,write_end
1608326420.681000, 1608326477.500000, 1608326477.500000, 1608326482.434000, 1608326482.434000, 1608326483.710000
1608326483.722000, 1608326484.729000, 1608326484.729000, 1608326489.585000, 1608326489.585000, 1608326490.848000
1608326490.860000, 1608326491.854000, 1608326491.854000, 1608326496.718000, 1608326496.718000, 1608326512.456000
