read_start,read_end,cpu_start,cpu_end,write_start,write_end
1608326242.548000, 1608326274.398000, 1608326274.398000, 1608326279.048000, 1608326279.048000, 1608326280.271000
1608326280.282000, 1608326281.303000, 1608326281.303000, 1608326286.155000, 1608326286.155000, 1608326287.464000
1608326287.475000, 1608326288.580000, 1608326288.580000, 1608326293.685000, 1608326293.685000, 1608326294.965000
