read_start,read_end,cpu_start,cpu_end,write_start,write_end
1608328102.984000, 1608328254.276000, 1608328254.276000, 1608328259.264000, 1608328259.264000, 1608328260.409000
1608328260.419000, 1608328261.446000, 1608328261.446000, 1608328266.426000, 1608328266.426000, 1608328267.815000
1608328267.828000, 1608328268.981000, 1608328268.981000, 1608328274.579000, 1608328274.579000, 1608328487.931000
