read_start,read_end,cpu_start,cpu_end,write_start,write_end
1608327498.894000, 1608327633.020000, 1608327633.020000, 1608327638.230000, 1608327638.230000, 1608327639.531000
1608327639.544000, 1608327640.600000, 1608327640.600000, 1608327645.683000, 1608327645.683000, 1608327800.602000
1608327800.616000, 1608327801.540000, 1608327801.540000, 1608327806.166000, 1608327806.166000, 1608327942.374000
