read_start,read_end,cpu_start,cpu_end,write_start,write_end
1608328102.993000, 1608328263.372000, 1608328263.372000, 1608328268.948000, 1608328268.948000, 1608328279.869000
1608328279.883000, 1608328280.813000, 1608328280.813000, 1608328285.336000, 1608328285.336000, 1608328490.837000
1608328490.856000, 1608328491.894000, 1608328491.894000, 1608328496.776000, 1608328496.776000, 1608328643.291000
