read_start,read_end,cpu_start,cpu_end,write_start,write_end
1608338608.473000, 1608338651.042000, 1608338651.042000, 1608338656.301000, 1608338656.301000, 1608338657.547000
1608338657.558000, 1608338658.690000, 1608338658.690000, 1608338663.422000, 1608338663.422000, 1608338664.688000
1608338664.699000, 1608338665.652000, 1608338665.652000, 1608338670.384000, 1608338670.384000, 1608338671.644000
