read_start,read_end,cpu_start,cpu_end,write_start,write_end
1608327498.900000, 1608327633.843000, 1608327633.843000, 1608327639.607000, 1608327639.607000, 1608327642.146000
1608327642.157000, 1608327643.117000, 1608327643.117000, 1608327647.877000, 1608327647.877000, 1608327807.033000
1608327807.044000, 1608327807.966000, 1608327807.966000, 1608327812.509000, 1608327812.509000, 1608327945.209000
