read_start,read_end,cpu_start,cpu_end,write_start,write_end
1608328103.013000, 1608328263.647000, 1608328263.647000, 1608328269.228000, 1608328269.228000, 1608328323.134000
1608328323.152000, 1608328324.177000, 1608328324.177000, 1608328328.579000, 1608328328.579000, 1608328507.145000
1608328507.173000, 1608328508.144000, 1608328508.144000, 1608328512.531000, 1608328512.531000, 1608328648.425000
