read_start,read_end,cpu_start,cpu_end,write_start,write_end
1608326420.678000, 1608326477.094000, 1608326477.094000, 1608326481.955000, 1608326481.955000, 1608326483.347000
1608326483.360000, 1608326484.391000, 1608326484.391000, 1608326489.296000, 1608326489.296000, 1608326490.575000
1608326490.588000, 1608326491.680000, 1608326491.680000, 1608326496.422000, 1608326496.422000, 1608326503.981000
