read_start,read_end,cpu_start,cpu_end,write_start,write_end
1608338949.139000, 1608339009.099000, 1608339009.099000, 1608339013.827000, 1608339013.827000, 1608339014.898000
1608339014.907000, 1608339015.899000, 1608339015.899000, 1608339020.718000, 1608339020.718000, 1608339021.908000
1608339021.917000, 1608339023.031000, 1608339023.031000, 1608339028.136000, 1608339028.136000, 1608339030.576000
