read_start,read_end,cpu_start,cpu_end,write_start,write_end
1608338679.665000, 1608338727.554000, 1608338727.554000, 1608338732.308000, 1608338732.308000, 1608338733.579000
1608338733.590000, 1608338734.691000, 1608338734.691000, 1608338739.326000, 1608338739.326000, 1608338740.705000
1608338740.716000, 1608338741.857000, 1608338741.857000, 1608338746.868000, 1608338746.868000, 1608338748.898000
