read_start,read_end,cpu_start,cpu_end,write_start,write_end
1608339084.916000, 1608339152.960000, 1608339152.960000, 1608339158.058000, 1608339158.058000, 1608339159.318000
1608339159.329000, 1608339160.310000, 1608339160.310000, 1608339165.294000, 1608339165.294000, 1608339166.999000
1608339167.009000, 1608339167.963000, 1608339167.963000, 1608339172.880000, 1608339172.880000, 1608339237.245000
