read_start,read_end,cpu_start,cpu_end,write_start,write_end
1608327498.893000, 1608327636.229000, 1608327636.229000, 1608327641.978000, 1608327641.978000, 1608327751.721000
1608327751.736000, 1608327752.678000, 1608327752.678000, 1608327757.085000, 1608327757.085000, 1608327900.407000
1608327900.421000, 1608327901.387000, 1608327901.387000, 1608327905.798000, 1608327905.798000, 1608327964.118000
