read_start,read_end,cpu_start,cpu_end,write_start,write_end
1608338757.624000, 1608338809.258000, 1608338809.258000, 1608338814.357000, 1608338814.357000, 1608338815.520000
1608338815.532000, 1608338816.646000, 1608338816.646000, 1608338821.494000, 1608338821.494000, 1608338822.718000
1608338822.730000, 1608338823.706000, 1608338823.706000, 1608338828.605000, 1608338828.605000, 1608338831.616000
