read_start,read_end,cpu_start,cpu_end,write_start,write_end
1608339249.068000, 1608339322.188000, 1608339322.188000, 1608339327.364000, 1608339327.364000, 1608339328.569000
1608339328.582000, 1608339329.752000, 1608339329.752000, 1608339334.707000, 1608339334.707000, 1608339340.291000
1608339340.304000, 1608339341.366000, 1608339341.366000, 1608339345.908000, 1608339345.908000, 1608339424.213000
