read_start,read_end,cpu_start,cpu_end,write_start,write_end
1608328102.988000, 1608328261.470000, 1608328261.470000, 1608328267.055000, 1608328267.055000, 1608328268.995000
1608328269.008000, 1608328270.268000, 1608328270.268000, 1608328275.903000, 1608328275.903000, 1608328489.620000
1608328489.637000, 1608328490.776000, 1608328490.776000, 1608328495.639000, 1608328495.639000, 1608328642.581000
