read_start,read_end,cpu_start,cpu_end,write_start,write_end
1608328103.005000, 1608328267.718000, 1608328267.718000, 1608328273.292000, 1608328273.292000, 1608328481.070000
1608328481.086000, 1608328482.046000, 1608328482.046000, 1608328486.701000, 1608328486.701000, 1608328629.983000
1608328629.996000, 1608328631.008000, 1608328631.008000, 1608328635.943000, 1608328635.943000, 1608328708.285000
