read_start,read_end,cpu_start,cpu_end,write_start,write_end
1608339084.923000, 1608339151.126000, 1608339151.126000, 1608339156.375000, 1608339156.375000, 1608339157.710000
1608339157.722000, 1608339158.734000, 1608339158.734000, 1608339164.015000, 1608339164.015000, 1608339165.353000
1608339165.365000, 1608339166.383000, 1608339166.383000, 1608339171.104000, 1608339171.104000, 1608339233.359000
