read_start,read_end,cpu_start,cpu_end,write_start,write_end
1608326648.625000, 1608326732.906000, 1608326732.906000, 1608326737.944000, 1608326737.944000, 1608326739.194000
1608326739.207000, 1608326740.381000, 1608326740.381000, 1608326745.940000, 1608326745.940000, 1608326812.548000
1608326812.563000, 1608326813.661000, 1608326813.661000, 1608326818.591000, 1608326818.591000, 1608326875.674000
