read_start,read_end,cpu_start,cpu_end,write_start,write_end
1608326648.616000, 1608326732.952000, 1608326732.952000, 1608326738.389000, 1608326738.389000, 1608326739.632000
1608326739.643000, 1608326740.791000, 1608326740.791000, 1608326746.031000, 1608326746.031000, 1608326814.658000
1608326814.671000, 1608326815.630000, 1608326815.630000, 1608326820.415000, 1608326820.415000, 1608326875.988000
