read_start,read_end,cpu_start,cpu_end,write_start,write_end
1608339438.295000, 1608339516.419000, 1608339516.419000, 1608339521.644000, 1608339521.644000, 1608339522.838000
1608339522.851000, 1608339524.025000, 1608339524.025000, 1608339529.228000, 1608339529.228000, 1608339540.164000
1608339540.180000, 1608339541.307000, 1608339541.307000, 1608339545.748000, 1608339545.748000, 1608339629.782000
