read_start,read_end,cpu_start,cpu_end,write_start,write_end
1608327498.878000, 1608327626.135000, 1608327626.135000, 1608327631.073000, 1608327631.073000, 1608327632.223000
1608327632.233000, 1608327633.209000, 1608327633.209000, 1608327638.306000, 1608327638.306000, 1608327639.766000
1608327639.781000, 1608327640.819000, 1608327640.819000, 1608327645.876000, 1608327645.876000, 1608327801.437000
