read_start,read_end,cpu_start,cpu_end,write_start,write_end
1608326420.675000, 1608326476.988000, 1608326476.988000, 1608326481.819000, 1608326481.819000, 1608326483.191000
1608326483.203000, 1608326484.276000, 1608326484.276000, 1608326489.194000, 1608326489.194000, 1608326490.532000
1608326490.544000, 1608326491.615000, 1608326491.615000, 1608326496.550000, 1608326496.550000, 1608326508.715000
