read_start,read_end,cpu_start,cpu_end,write_start,write_end
1608326420.669000, 1608326477.650000, 1608326477.650000, 1608326482.479000, 1608326482.479000, 1608326483.800000
1608326483.813000, 1608326484.818000, 1608326484.818000, 1608326489.674000, 1608326489.674000, 1608326490.934000
1608326490.945000, 1608326491.951000, 1608326491.951000, 1608326496.872000, 1608326496.872000, 1608326514.632000
