read_start,read_end,cpu_start,cpu_end,write_start,write_end
1608327009.364000, 1608327120.522000, 1608327120.522000, 1608327126.433000, 1608327126.433000, 1608327128.564000
1608327128.576000, 1608327129.582000, 1608327129.582000, 1608327134.550000, 1608327134.550000, 1608327276.098000
1608327276.112000, 1608327277.113000, 1608327277.113000, 1608327281.938000, 1608327281.938000, 1608327364.416000
