read_start,read_end,cpu_start,cpu_end,write_start,write_end
1608326648.622000, 1608326732.730000, 1608326732.730000, 1608326737.855000, 1608326737.855000, 1608326739.100000
1608326739.114000, 1608326740.135000, 1608326740.135000, 1608326745.166000, 1608326745.166000, 1608326785.341000
1608326785.357000, 1608326786.467000, 1608326786.467000, 1608326790.969000, 1608326790.969000, 1608326864.881000
