read_start,read_end,cpu_start,cpu_end,write_start,write_end
1608338949.146000, 1608339011.455000, 1608339011.455000, 1608339016.353000, 1608339016.353000, 1608339017.578000
1608339017.590000, 1608339018.591000, 1608339018.591000, 1608339023.610000, 1608339023.610000, 1608339024.866000
1608339024.879000, 1608339025.888000, 1608339025.888000, 1608339030.764000, 1608339030.764000, 1608339070.340000
