read_start,read_end,cpu_start,cpu_end,write_start,write_end
1608327498.868000, 1608327635.623000, 1608327635.623000, 1608327641.523000, 1608327641.523000, 1608327739.606000
1608327739.621000, 1608327741.422000, 1608327741.422000, 1608327746.282000, 1608327746.282000, 1608327890.137000
1608327890.255000, 1608327891.899000, 1608327891.899000, 1608327897.210000, 1608327897.210000, 1608327962.542000
