read_start,read_end,cpu_start,cpu_end,write_start,write_end
1608327498.865000, 1608327619.390000, 1608327619.390000, 1608327624.181000, 1608327624.181000, 1608327626.024000
1608327626.034000, 1608327627.106000, 1608327627.106000, 1608327631.745000, 1608327631.745000, 1608327632.820000
1608327632.829000, 1608327633.891000, 1608327633.891000, 1608327639.286000, 1608327639.286000, 1608327641.437000
