read_start,read_end,cpu_start,cpu_end,write_start,write_end
1608339438.292000, 1608339516.306000, 1608339516.306000, 1608339521.650000, 1608339521.650000, 1608339522.932000
1608339522.945000, 1608339524.125000, 1608339524.125000, 1608339529.347000, 1608339529.347000, 1608339553.599000
1608339553.615000, 1608339554.576000, 1608339554.576000, 1608339559.078000, 1608339559.078000, 1608339631.380000
