read_start,read_end,cpu_start,cpu_end,write_start,write_end
1608327498.899000, 1608327633.565000, 1608327633.565000, 1608327639.236000, 1608327639.236000, 1608327640.761000
1608327640.774000, 1608327641.907000, 1608327641.907000, 1608327646.807000, 1608327646.807000, 1608327804.432000
1608327804.447000, 1608327805.375000, 1608327805.375000, 1608327809.970000, 1608327809.970000, 1608327944.387000
