read_start,read_end,cpu_start,cpu_end,write_start,write_end
1608328102.983000, 1608328265.839000, 1608328265.839000, 1608328271.615000, 1608328271.615000, 1608328450.921000
1608328450.936000, 1608328452.032000, 1608328452.032000, 1608328456.487000, 1608328456.487000, 1608328606.042000
1608328606.081000, 1608328607.904000, 1608328607.904000, 1608328612.694000, 1608328612.694000, 1608328697.388000
