read_start,read_end,cpu_start,cpu_end,write_start,write_end
1608338543.634000, 1608338580.751000, 1608338580.751000, 1608338585.948000, 1608338585.948000, 1608338587.154000
1608338587.164000, 1608338588.165000, 1608338588.165000, 1608338592.769000, 1608338592.769000, 1608338594.052000
1608338594.063000, 1608338595.050000, 1608338595.050000, 1608338599.656000, 1608338599.656000, 1608338600.919000
