read_start,read_end,cpu_start,cpu_end,write_start,write_end
1608327498.895000, 1608327633.841000, 1608327633.841000, 1608327639.762000, 1608327639.762000, 1608327643.029000
1608327643.044000, 1608327644.170000, 1608327644.170000, 1608327648.800000, 1608327648.800000, 1608327808.292000
1608327808.306000, 1608327809.259000, 1608327809.259000, 1608327814.279000, 1608327814.279000, 1608327945.717000
