read_start,read_end,cpu_start,cpu_end,write_start,write_end
1608339438.307000, 1608339517.359000, 1608339517.359000, 1608339522.456000, 1608339522.456000, 1608339523.747000
1608339523.760000, 1608339524.776000, 1608339524.776000, 1608339529.987000, 1608339529.987000, 1608339587.838000
1608339587.853000, 1608339588.800000, 1608339588.800000, 1608339593.699000, 1608339593.699000, 1608339635.301000
