read_start,read_end,cpu_start,cpu_end,write_start,write_end
1608339249.076000, 1608339321.649000, 1608339321.649000, 1608339326.434000, 1608339326.434000, 1608339327.716000
1608339327.730000, 1608339328.789000, 1608339328.789000, 1608339333.851000, 1608339333.851000, 1608339335.226000
1608339335.239000, 1608339336.257000, 1608339336.257000, 1608339341.284000, 1608339341.284000, 1608339420.224000
