read_start,read_end,cpu_start,cpu_end,write_start,write_end
1608327498.863000, 1608327634.062000, 1608327634.062000, 1608327639.796000, 1608327639.796000, 1608327643.376000
1608327643.390000, 1608327644.479000, 1608327644.479000, 1608327649.215000, 1608327649.215000, 1608327808.770000
1608327808.784000, 1608327809.771000, 1608327809.771000, 1608327814.524000, 1608327814.524000, 1608327945.777000
