read_start,read_end,cpu_start,cpu_end,write_start,write_end
1608326648.627000, 1608326728.160000, 1608326728.160000, 1608326732.819000, 1608326732.819000, 1608326734.171000
1608326734.181000, 1608326735.199000, 1608326735.199000, 1608326740.523000, 1608326740.523000, 1608326741.623000
1608326741.633000, 1608326742.649000, 1608326742.649000, 1608326747.759000, 1608326747.759000, 1608326844.026000
