read_start,read_end,cpu_start,cpu_end,write_start,write_end
1608338949.138000, 1608339010.952000, 1608339010.952000, 1608339016.145000, 1608339016.145000, 1608339017.353000
1608339017.365000, 1608339018.504000, 1608339018.504000, 1608339023.742000, 1608339023.742000, 1608339025.098000
1608339025.109000, 1608339026.161000, 1608339026.161000, 1608339031.042000, 1608339031.042000, 1608339072.343000
