read_start,read_end,cpu_start,cpu_end,write_start,write_end
1608328102.992000, 1608328265.435000, 1608328265.435000, 1608328271.495000, 1608328271.495000, 1608328447.957000
1608328447.973000, 1608328448.996000, 1608328448.996000, 1608328453.679000, 1608328453.679000, 1608328603.584000
1608328603.606000, 1608328604.591000, 1608328604.591000, 1608328609.254000, 1608328609.254000, 1608328695.592000
