read_start,read_end,cpu_start,cpu_end,write_start,write_end
1608328102.972000, 1608328266.747000, 1608328266.747000, 1608328272.644000, 1608328272.644000, 1608328472.756000
1608328472.774000, 1608328473.998000, 1608328473.998000, 1608328478.527000, 1608328478.527000, 1608328623.168000
1608328623.201000, 1608328624.179000, 1608328624.179000, 1608328628.734000, 1608328628.734000, 1608328704.657000
