read_start,read_end,cpu_start,cpu_end,write_start,write_end
1608339438.291000, 1608339517.169000, 1608339517.169000, 1608339522.397000, 1608339522.397000, 1608339523.701000
1608339523.713000, 1608339524.845000, 1608339524.845000, 1608339530.052000, 1608339530.052000, 1608339589.308000
1608339589.321000, 1608339590.260000, 1608339590.260000, 1608339594.751000, 1608339594.751000, 1608339635.437000
