read_start,read_end,cpu_start,cpu_end,write_start,write_end
1608327009.388000, 1608327112.968000, 1608327112.968000, 1608327118.120000, 1608327118.120000, 1608327119.450000
1608327119.460000, 1608327120.455000, 1608327120.455000, 1608327126.410000, 1608327126.410000, 1608327128.826000
1608327128.838000, 1608327129.833000, 1608327129.833000, 1608327134.765000, 1608327134.765000, 1608327276.342000
