read_start,read_end,cpu_start,cpu_end,write_start,write_end
1608338949.133000, 1608339012.355000, 1608339012.355000, 1608339017.470000, 1608339017.470000, 1608339018.561000
1608339018.571000, 1608339019.654000, 1608339019.654000, 1608339024.640000, 1608339024.640000, 1608339026.023000
1608339026.033000, 1608339027.074000, 1608339027.074000, 1608339031.871000, 1608339031.871000, 1608339074.789000
