read_start,read_end,cpu_start,cpu_end,write_start,write_end
1608339249.070000, 1608339322.016000, 1608339322.016000, 1608339327.131000, 1608339327.131000, 1608339328.626000
1608339328.637000, 1608339329.794000, 1608339329.794000, 1608339334.750000, 1608339334.750000, 1608339340.884000
1608339340.897000, 1608339341.876000, 1608339341.876000, 1608339346.588000, 1608339346.588000, 1608339424.518000
