read_start,read_end,cpu_start,cpu_end,write_start,write_end
1608328102.981000, 1608328265.761000, 1608328265.761000, 1608328271.654000, 1608328271.654000, 1608328451.774000
1608328451.788000, 1608328453.689000, 1608328453.689000, 1608328459.851000, 1608328459.851000, 1608328608.771000
1608328608.859000, 1608328610.257000, 1608328610.257000, 1608328614.965000, 1608328614.965000, 1608328698.442000
