read_start,read_end,cpu_start,cpu_end,write_start,write_end
1608338757.619000, 1608338807.182000, 1608338807.182000, 1608338812.134000, 1608338812.134000, 1608338813.193000
1608338813.203000, 1608338814.160000, 1608338814.160000, 1608338818.897000, 1608338818.897000, 1608338819.904000
1608338819.913000, 1608338820.913000, 1608338820.913000, 1608338825.724000, 1608338825.724000, 1608338826.905000
