read_start,read_end,cpu_start,cpu_end,write_start,write_end
1608338679.671000, 1608338727.497000, 1608338727.497000, 1608338732.247000, 1608338732.247000, 1608338733.507000
1608338733.519000, 1608338734.536000, 1608338734.536000, 1608338739.314000, 1608338739.314000, 1608338740.569000
1608338740.582000, 1608338741.614000, 1608338741.614000, 1608338746.398000, 1608338746.398000, 1608338747.771000
