read_start,read_end,cpu_start,cpu_end,write_start,write_end
1608328102.999000, 1608328268.098000, 1608328268.098000, 1608328274.025000, 1608328274.025000, 1608328486.415000
1608328486.430000, 1608328487.435000, 1608328487.435000, 1608328492.444000, 1608328492.444000, 1608328638.350000
1608328638.364000, 1608328639.994000, 1608328639.994000, 1608328646.454000, 1608328646.454000, 1608328711.598000
