read_start,read_end,cpu_start,cpu_end,write_start,write_end
1608327009.364000, 1608327121.094000, 1608327121.094000, 1608327126.436000, 1608327126.436000, 1608327128.447000
1608327128.459000, 1608327129.579000, 1608327129.579000, 1608327134.737000, 1608327134.737000, 1608327276.185000
1608327276.199000, 1608327277.198000, 1608327277.198000, 1608327281.811000, 1608327281.811000, 1608327364.441000
