read_start,read_end,cpu_start,cpu_end,write_start,write_end
1608326648.631000, 1608326730.403000, 1608326730.403000, 1608326735.257000, 1608326735.257000, 1608326736.478000
1608326736.490000, 1608326737.569000, 1608326737.569000, 1608326742.724000, 1608326742.724000, 1608326744.052000
1608326744.064000, 1608326745.171000, 1608326745.171000, 1608326750.105000, 1608326750.105000, 1608326853.440000
