read_start,read_end,cpu_start,cpu_end,write_start,write_end
1608339084.925000, 1608339148.621000, 1608339148.621000, 1608339153.310000, 1608339153.310000, 1608339154.554000
1608339154.564000, 1608339155.617000, 1608339155.617000, 1608339160.420000, 1608339160.420000, 1608339161.622000
1608339161.632000, 1608339162.547000, 1608339162.547000, 1608339167.311000, 1608339167.311000, 1608339180.348000
