read_start,read_end,cpu_start,cpu_end,write_start,write_end
1608338949.136000, 1608339011.154000, 1608339011.154000, 1608339015.974000, 1608339015.974000, 1608339017.176000
1608339017.187000, 1608339018.169000, 1608339018.169000, 1608339023.202000, 1608339023.202000, 1608339024.430000
1608339024.442000, 1608339025.418000, 1608339025.418000, 1608339030.335000, 1608339030.335000, 1608339064.687000
