read_start,read_end,cpu_start,cpu_end,write_start,write_end
1608338757.626000, 1608338809.387000, 1608338809.387000, 1608338814.716000, 1608338814.716000, 1608338815.849000
1608338815.860000, 1608338816.951000, 1608338816.951000, 1608338821.763000, 1608338821.763000, 1608338822.966000
1608338822.976000, 1608338823.944000, 1608338823.944000, 1608338828.842000, 1608338828.842000, 1608338832.604000
