read_start,read_end,cpu_start,cpu_end,write_start,write_end
1608328102.998000, 1608328268.323000, 1608328268.323000, 1608328274.423000, 1608328274.423000, 1608328487.762000
1608328487.777000, 1608328488.948000, 1608328488.948000, 1608328494.167000, 1608328494.167000, 1608328640.827000
1608328640.855000, 1608328642.326000, 1608328642.326000, 1608328648.215000, 1608328648.215000, 1608328711.903000
