read_start,read_end,cpu_start,cpu_end,write_start,write_end
1608327009.386000, 1608327120.537000, 1608327120.537000, 1608327125.830000, 1608327125.830000, 1608327127.111000
1608327127.124000, 1608327128.286000, 1608327128.286000, 1608327133.512000, 1608327133.512000, 1608327275.214000
1608327275.228000, 1608327276.189000, 1608327276.189000, 1608327281.078000, 1608327281.078000, 1608327364.259000
