read_start,read_end,cpu_start,cpu_end,write_start,write_end
1608339249.061000, 1608339323.000000, 1608339323.000000, 1608339327.942000, 1608339327.942000, 1608339329.276000
1608339329.289000, 1608339330.351000, 1608339330.351000, 1608339335.117000, 1608339335.117000, 1608339354.653000
1608339354.669000, 1608339355.783000, 1608339355.783000, 1608339360.242000, 1608339360.242000, 1608339425.992000
