read_start,read_end,cpu_start,cpu_end,write_start,write_end
1608327009.375000, 1608327118.574000, 1608327118.574000, 1608327124.216000, 1608327124.216000, 1608327125.479000
1608327125.494000, 1608327126.569000, 1608327126.569000, 1608327132.150000, 1608327132.150000, 1608327268.668000
1608327268.683000, 1608327269.744000, 1608327269.744000, 1608327274.496000, 1608327274.496000, 1608327361.244000
