read_start,read_end,cpu_start,cpu_end,write_start,write_end
1608327498.870000, 1608327632.111000, 1608327632.111000, 1608327637.603000, 1608327637.603000, 1608327638.968000
1608327638.982000, 1608327640.065000, 1608327640.065000, 1608327645.302000, 1608327645.302000, 1608327798.201000
1608327798.217000, 1608327799.803000, 1608327799.803000, 1608327804.828000, 1608327804.828000, 1608327940.819000
