read_start,read_end,cpu_start,cpu_end,write_start,write_end
1608327009.370000, 1608327119.500000, 1608327119.500000, 1608327124.660000, 1608327124.660000, 1608327125.964000
1608327125.979000, 1608327127.067000, 1608327127.067000, 1608327132.392000, 1608327132.392000, 1608327270.612000
1608327270.626000, 1608327271.664000, 1608327271.664000, 1608327276.240000, 1608327276.240000, 1608327362.225000
