read_start,read_end,cpu_start,cpu_end,write_start,write_end
1608339438.291000, 1608339517.759000, 1608339517.759000, 1608339522.668000, 1608339522.668000, 1608339523.839000
1608339523.850000, 1608339524.882000, 1608339524.882000, 1608339529.713000, 1608339529.713000, 1608339573.727000
1608339573.745000, 1608339574.870000, 1608339574.870000, 1608339579.423000, 1608339579.423000, 1608339633.839000
