read_start,read_end,cpu_start,cpu_end,write_start,write_end
1608327009.374000, 1608327120.161000, 1608327120.161000, 1608327125.775000, 1608327125.775000, 1608327127.164000
1608327127.179000, 1608327128.297000, 1608327128.297000, 1608327133.274000, 1608327133.274000, 1608327274.633000
1608327274.647000, 1608327275.718000, 1608327275.718000, 1608327280.513000, 1608327280.513000, 1608327364.126000
