read_start,read_end,cpu_start,cpu_end,write_start,write_end
1608338949.133000, 1608339013.052000, 1608339013.052000, 1608339018.038000, 1608339018.038000, 1608339019.194000
1608339019.204000, 1608339020.203000, 1608339020.203000, 1608339025.132000, 1608339025.132000, 1608339026.889000
1608339026.899000, 1608339027.868000, 1608339027.868000, 1608339033.057000, 1608339033.057000, 1608339075.447000
