read_start,read_end,cpu_start,cpu_end,write_start,write_end
1608327498.875000, 1608327636.077000, 1608327636.077000, 1608327641.751000, 1608327641.751000, 1608327746.106000
1608327746.126000, 1608327747.101000, 1608327747.101000, 1608327751.614000, 1608327751.614000, 1608327895.217000
1608327895.235000, 1608327896.906000, 1608327896.906000, 1608327901.920000, 1608327901.920000, 1608327963.483000
