read_start,read_end,cpu_start,cpu_end,write_start,write_end
1608339438.299000, 1608339516.222000, 1608339516.222000, 1608339521.206000, 1608339521.206000, 1608339522.518000
1608339522.531000, 1608339523.586000, 1608339523.586000, 1608339528.769000, 1608339528.769000, 1608339530.590000
1608339530.604000, 1608339531.556000, 1608339531.556000, 1608339536.055000, 1608339536.055000, 1608339628.650000
