read_start,read_end,cpu_start,cpu_end,write_start,write_end
1608326420.672000, 1608326477.266000, 1608326477.266000, 1608326482.479000, 1608326482.479000, 1608326483.653000
1608326483.664000, 1608326484.696000, 1608326484.696000, 1608326489.505000, 1608326489.505000, 1608326490.841000
1608326490.852000, 1608326491.976000, 1608326491.976000, 1608326496.806000, 1608326496.806000, 1608326513.805000
