read_start,read_end,cpu_start,cpu_end,write_start,write_end
1608327009.372000, 1608327112.986000, 1608327112.986000, 1608327117.629000, 1608327117.629000, 1608327119.407000
1608327119.417000, 1608327120.370000, 1608327120.370000, 1608327125.649000, 1608327125.649000, 1608327127.041000
1608327127.057000, 1608327128.096000, 1608327128.096000, 1608327133.306000, 1608327133.306000, 1608327274.840000
