read_start,read_end,cpu_start,cpu_end,write_start,write_end
1608327009.383000, 1608327120.252000, 1608327120.252000, 1608327125.466000, 1608327125.466000, 1608327126.759000
1608327126.772000, 1608327127.943000, 1608327127.943000, 1608327133.158000, 1608327133.158000, 1608327274.399000
1608327274.412000, 1608327275.373000, 1608327275.373000, 1608327280.250000, 1608327280.250000, 1608327364.049000
