read_start,read_end,cpu_start,cpu_end,write_start,write_end
1608328102.998000, 1608328253.814000, 1608328253.814000, 1608328258.725000, 1608328258.725000, 1608328259.829000
1608328259.840000, 1608328260.801000, 1608328260.801000, 1608328265.660000, 1608328265.660000, 1608328266.877000
1608328266.890000, 1608328267.885000, 1608328267.885000, 1608328273.607000, 1608328273.607000, 1608328483.837000
