read_start,read_end,cpu_start,cpu_end,write_start,write_end
1608339084.923000, 1608339152.090000, 1608339152.090000, 1608339157.059000, 1608339157.059000, 1608339158.435000
1608339158.447000, 1608339159.453000, 1608339159.453000, 1608339164.460000, 1608339164.460000, 1608339165.733000
1608339165.745000, 1608339166.729000, 1608339166.729000, 1608339171.704000, 1608339171.704000, 1608339235.333000
