read_start,read_end,cpu_start,cpu_end,write_start,write_end
1608326096.313000, 1608326102.191000, 1608326102.191000, 1608326106.558000, 1608326106.558000, 1608326107.550000
1608326107.560000, 1608326108.464000, 1608326108.464000, 1608326112.845000, 1608326112.845000, 1608326113.832000
1608326113.840000, 1608326114.762000, 1608326114.762000, 1608326119.146000, 1608326119.146000, 1608326120.184000
