read_start,read_end,cpu_start,cpu_end,write_start,write_end
1608338608.472000, 1608338650.999000, 1608338650.999000, 1608338655.800000, 1608338655.800000, 1608338657.091000
1608338657.103000, 1608338658.106000, 1608338658.106000, 1608338662.843000, 1608338662.843000, 1608338664.077000
1608338664.089000, 1608338665.075000, 1608338665.075000, 1608338669.788000, 1608338669.788000, 1608338670.960000
