read_start,read_end,cpu_start,cpu_end,write_start,write_end
1608338757.621000, 1608338808.241000, 1608338808.241000, 1608338813.502000, 1608338813.502000, 1608338814.738000
1608338814.750000, 1608338815.838000, 1608338815.838000, 1608338821.116000, 1608338821.116000, 1608338822.400000
1608338822.412000, 1608338823.364000, 1608338823.364000, 1608338828.109000, 1608338828.109000, 1608338829.674000
