read_start,read_end,cpu_start,cpu_end,write_start,write_end
1608326648.629000, 1608326731.076000, 1608326731.076000, 1608326736.065000, 1608326736.065000, 1608326737.192000
1608326737.202000, 1608326738.321000, 1608326738.321000, 1608326743.642000, 1608326743.642000, 1608326745.175000
1608326745.186000, 1608326746.185000, 1608326746.185000, 1608326750.933000, 1608326750.933000, 1608326854.112000
