read_start,read_end,cpu_start,cpu_end,write_start,write_end
1608327009.375000, 1608327117.818000, 1608327117.818000, 1608327123.092000, 1608327123.092000, 1608327124.365000
1608327124.377000, 1608327125.462000, 1608327125.462000, 1608327130.770000, 1608327130.770000, 1608327252.776000
1608327252.793000, 1608327253.911000, 1608327253.911000, 1608327258.421000, 1608327258.421000, 1608327351.925000
