read_start,read_end,cpu_start,cpu_end,write_start,write_end
1608338543.634000, 1608338580.849000, 1608338580.849000, 1608338586.021000, 1608338586.021000, 1608338587.283000
1608338587.293000, 1608338588.375000, 1608338588.375000, 1608338593.113000, 1608338593.113000, 1608338594.309000
1608338594.319000, 1608338595.373000, 1608338595.373000, 1608338600.063000, 1608338600.063000, 1608338601.380000
