read_start,read_end,cpu_start,cpu_end,write_start,write_end
1608327009.381000, 1608327121.052000, 1608327121.052000, 1608327126.369000, 1608327126.369000, 1608327128.232000
1608327128.244000, 1608327129.314000, 1608327129.314000, 1608327134.402000, 1608327134.402000, 1608327276.011000
1608327276.026000, 1608327277.152000, 1608327277.152000, 1608327281.923000, 1608327281.923000, 1608327364.415000
