read_start,read_end,cpu_start,cpu_end,write_start,write_end
1608327498.893000, 1608327636.317000, 1608327636.317000, 1608327642.204000, 1608327642.204000, 1608327757.009000
1608327757.024000, 1608327757.961000, 1608327757.961000, 1608327762.360000, 1608327762.360000, 1608327904.886000
1608327904.901000, 1608327905.878000, 1608327905.878000, 1608327910.243000, 1608327910.243000, 1608327964.733000
