read_start,read_end,cpu_start,cpu_end,write_start,write_end
1608339084.931000, 1608339152.360000, 1608339152.360000, 1608339157.424000, 1608339157.424000, 1608339158.766000
1608339158.778000, 1608339159.782000, 1608339159.782000, 1608339164.748000, 1608339164.748000, 1608339166.010000
1608339166.023000, 1608339166.985000, 1608339166.985000, 1608339171.947000, 1608339171.947000, 1608339236.181000
