read_start,read_end,cpu_start,cpu_end,write_start,write_end
1608339084.929000, 1608339151.034000, 1608339151.034000, 1608339156.385000, 1608339156.385000, 1608339157.598000
1608339157.609000, 1608339158.732000, 1608339158.732000, 1608339163.740000, 1608339163.740000, 1608339165.004000
1608339165.016000, 1608339166.023000, 1608339166.023000, 1608339171.058000, 1608339171.058000, 1608339233.366000
