read_start,read_end,cpu_start,cpu_end,write_start,write_end
1608326420.665000, 1608326479.244000, 1608326479.244000, 1608326484.557000, 1608326484.557000, 1608326485.710000
1608326485.720000, 1608326486.821000, 1608326486.821000, 1608326492.079000, 1608326492.079000, 1608326493.734000
1608326493.744000, 1608326494.717000, 1608326494.717000, 1608326499.393000, 1608326499.393000, 1608326519.670000
