read_start,read_end,cpu_start,cpu_end,write_start,write_end
1608327498.863000, 1608327634.058000, 1608327634.058000, 1608327639.902000, 1608327639.902000, 1608327644.407000
1608327644.422000, 1608327645.370000, 1608327645.370000, 1608327650.049000, 1608327650.049000, 1608327809.472000
1608327809.485000, 1608327810.759000, 1608327810.759000, 1608327816.123000, 1608327816.123000, 1608327946.096000
